datetime,Is Daylight,Distance to Solar Noon,Average Temperature (Day),Average Wind Direction (Day),Relative Humidity,Average Wind Speed (Period),Average Barometric Pressure (Period),Sky Cover,day_of_year_sin,day_of_year_cos,hour_sin,hour_cos
2025-05-01 00:00:00,1.0,0.7503276568503032,78.33333333333333,-0.0016423407505083247,92.33333333333333,0.0,29.0,0.8020565262229077,0.8717063187093218,-0.4900286664290592,0.25881904510252074,0.9659258262890683
2025-05-01 03:00:00,1.0,0.24936200940772055,89.33333333333333,97.57386366501152,58.666666666666664,13.333333333333334,29.0,1.8663822502136596,0.8717063187093218,-0.4900286664290592,0.8660254037844386,0.5000000000000001
2025-05-01 06:00:00,0.0,0.46662612108306895,80.0,59.9918756504629,84.66666666666667,10.0,29.0,0.8618295210819733,0.8717063187093218,-0.4900286664290592,0.9659258262890683,-0.25881904510252063
2025-05-01 09:00:00,0.0,0.9161304811017682,78.33333333333333,29.970231003879945,89.0,5.333333333333333,29.0,1.001236404496158,0.8717063187093218,-0.4900286664290592,0.49999999999999994,-0.8660254037844387
2025-05-01 12:00:00,0.0,0.6679526030448761,78.66666666666667,30.00142164197868,86.0,4.333333333333333,29.0,0.4340011885355626,0.8717063187093218,-0.4900286664290592,-0.2588190451025208,-0.9659258262890683
2025-05-01 15:00:00,0.0,0.8356713947555275,80.0,-0.001492108877869903,89.33333333333333,0.0,29.0,0.53473100200047,0.8717063187093218,-0.4900286664290592,-0.8660254037844385,-0.5000000000000004
2025-05-01 18:00:00,0.0,0.7503024412748837,82.0,108.65137827227572,78.33333333333333,6.333333333333333,29.0,0.7004343255530286,0.8717063187093218,-0.4900286664290592,-0.9659258262890684,0.2588190451025203
2025-05-01 21:00:00,1.0,0.08765460049965801,83.66666666666667,82.46384371637272,78.33333333333333,7.333333333333333,29.0,1.0284737513851858,0.8717063187093218,-0.4900286664290592,-0.5000000000000004,0.8660254037844384
2025-05-02 00:00:00,0.0,0.7497254968027167,80.66666666666667,103.58031779996014,86.0,5.0,29.0,1.9543720672259572,0.8631421280499114,-0.5049610547215204,0.25881904510252074,0.9659258262890683
2025-05-02 03:00:00,0.0,0.8314947050394008,82.66666666666667,67.48892995671594,80.33333333333333,7.333333333333333,29.0,0.33503852478133944,0.8631421280499114,-0.5049610547215204,0.8660254037844386,0.5000000000000001
2025-05-02 06:00:00,1.0,0.33234431253887886,77.66666666666667,67.48350730403568,87.66666666666667,4.333333333333333,29.0,0.0010122892927550422,0.8631421280499114,-0.5049610547215204,0.9659258262890683,-0.25881904510252063
2025-05-02 09:00:00,0.0,0.5299009602615692,83.0,89.99036796008944,73.33333333333333,7.666666666666667,29.0,0.001462516824673466,0.8631421280499114,-0.5049610547215204,0.49999999999999994,-0.8660254037844387
2025-05-02 12:00:00,0.0,0.5828537940670738,81.33333333333333,67.48213231523037,79.33333333333333,5.666666666666667,29.0,0.16713497168782257,0.8631421280499114,-0.5049610547215204,-0.2588190451025208,-0.9659258262890683
2025-05-02 15:00:00,0.0,0.8313830123349429,85.0,97.49413690510539,70.66666666666667,10.333333333333334,29.0,0.2674485926090193,0.8631421280499114,-0.5049610547215204,-0.8660254037844385,-0.5000000000000004
2025-05-02 18:00:00,0.0,0.750875156498096,76.33333333333333,29.97491955358055,89.66666666666667,2.0,29.0,0.0016085063052236831,0.8631421280499114,-0.5049610547215204,-0.9659258262890684,0.2588190451025203
2025-05-02 21:00:00,1.0,0.15571355603388914,85.66666666666667,97.50369053465424,72.0,13.0,29.0,0.16727659843353912,0.8631421280499114,-0.5049610547215204,-0.5000000000000004,0.8660254037844384
2025-05-03 00:00:00,0.0,1.001735665192774,76.33333333333333,37.48548530721994,88.0,2.0,29.0,1.0012548739237974,0.854322169749827,-0.5197438121555155,0.25881904510252074,0.9659258262890683
2025-05-03 03:00:00,1.0,0.47951528003144606,85.66666666666667,154.50076599195972,63.0,13.0,29.0,0.43380380278677805,0.854322169749827,-0.5197438121555155,0.8660254037844386,0.5000000000000001
2025-05-03 06:00:00,1.0,0.14557423355537918,78.0,30.00193396307519,82.0,5.333333333333333,29.0,0.0016119248238865523,0.854322169749827,-0.5197438121555155,0.9659258262890683,-0.25881904510252063
2025-05-03 09:00:00,1.0,0.25071420750785295,83.66666666666667,52.54134458925453,73.0,7.333333333333333,29.0,0.1666127073503814,0.854322169749827,-0.5197438121555155,0.49999999999999994,-0.8660254037844387
2025-05-03 12:00:00,1.0,0.4502590055773845,80.66666666666667,-0.00837615339952244,89.33333333333333,0.0,29.0,1.3341654166719492,0.854322169749827,-0.5197438121555155,-0.2588190451025208,-0.9659258262890683
2025-05-03 15:00:00,0.0,0.5841431860981655,80.0,0.008100578430909257,89.33333333333333,0.0,29.0,0.43346207581948826,0.854322169749827,-0.5197438121555155,-0.8660254037844385,-0.5000000000000004
2025-05-03 18:00:00,0.0,0.7510565618167907,80.33333333333333,67.49370109796371,78.66666666666667,5.0,29.0,1.0292788153973278,0.854322169749827,-0.5197438121555155,-0.9659258262890684,0.2588190451025203
2025-05-03 21:00:00,0.0,0.7491268870795694,80.66666666666667,60.01801678611781,79.0,10.0,29.0,0.5998009541146543,0.854322169749827,-0.5197438121555155,-0.5000000000000004,0.8660254037844384
2025-05-04 00:00:00,1.0,0.4036127618657418,83.66666666666667,67.50478489805899,70.66666666666667,4.666666666666667,29.0,0.6015510708608865,0.8452490573530633,-0.5343725582809786,0.25881904510252074,0.9659258262890683
2025-05-04 03:00:00,1.0,0.4144196224351063,77.0,67.5070533249304,85.0,4.0,29.0,1.13544292138085,0.8452490573530633,-0.5343725582809786,0.8660254037844386,0.5000000000000001
2025-05-04 06:00:00,0.0,0.8337894151571187,81.33333333333333,29.99741915316309,84.33333333333333,4.333333333333333,29.0,0.8005909794964331,0.8452490573530633,-0.5343725582809786,0.9659258262890683,-0.25881904510252063
2025-05-04 09:00:00,1.0,0.11225342508743291,88.0,74.99961519400502,67.33333333333333,12.666666666666666,29.0,0.26681750785456754,0.8452490573530633,-0.5343725582809786,0.49999999999999994,-0.8660254037844387
2025-05-04 12:00:00,1.0,0.3361153201745955,81.33333333333333,29.991557980683666,71.66666666666667,2.6666666666666665,29.0,0.800586308876753,0.8452490573530633,-0.5343725582809786,-0.2588190451025208,-0.9659258262890683
2025-05-04 15:00:00,0.0,1.004003430649004,78.0,30.015321625412344,92.33333333333333,2.0,29.0,0.1679395928524644,0.8452490573530633,-0.5343725582809786,-0.8660254037844385,-0.5000000000000004
2025-05-04 18:00:00,1.0,0.10169437953789803,79.33333333333333,37.49729891705912,76.0,4.0,29.0,0.16699487312435626,0.8452490573530633,-0.5343725582809786,-0.9659258262890684,0.2588190451025203
2025-05-04 21:00:00,1.0,0.24905635906555282,84.33333333333333,67.4947140552979,71.66666666666667,3.3333333333333335,29.0,0.5004364887896043,0.8452490573530633,-0.5343725582809786,-0.5000000000000004,0.8660254037844384
2025-05-05 00:00:00,0.0,0.9993528282097647,80.0,29.98454075127363,84.0,2.3333333333333335,29.0,0.8007303684555133,0.8359254794186372,-0.548842958284719,0.25881904510252074,0.9659258262890683
2025-05-05 03:00:00,1.0,0.33478111753218287,82.33333333333333,44.98178133936897,78.33333333333333,7.333333333333333,29.0,0.2667924149747423,0.8359254794186372,-0.548842958284719,0.8660254037844386,0.5000000000000001
2025-05-05 06:00:00,1.0,0.3310552682464762,81.66666666666667,30.00572207699896,75.0,4.0,29.0,0.26857798312594683,0.8359254794186372,-0.548842958284719,0.9659258262890683,-0.25881904510252063
2025-05-05 09:00:00,1.0,0.4663489662907815,78.0,60.00496518307299,79.33333333333333,10.0,29.0,0.0012751341805484968,0.8359254794186372,-0.548842958284719,0.49999999999999994,-0.8660254037844387
2025-05-05 12:00:00,0.0,0.503039893863034,82.33333333333333,29.981564653669253,81.66666666666667,4.333333333333333,29.0,0.7012822426547408,0.8359254794186372,-0.548842958284719,-0.2588190451025208,-0.9659258262890683
2025-05-05 15:00:00,0.0,0.7527816641372768,83.0,67.50190429381803,74.0,3.6666666666666665,29.0,0.7008000768949144,0.8359254794186372,-0.548842958284719,-0.8660254037844385,-0.5000000000000004
2025-05-05 18:00:00,1.0,0.3325192899346051,84.66666666666667,110.56128193945113,72.66666666666667,10.666666666666666,29.0,0.3335933451595972,0.8359254794186372,-0.548842958284719,-0.9659258262890684,0.2588190451025203
2025-05-05 21:00:00,1.0,0.11691145943194216,79.33333333333333,30.017321428993508,87.33333333333333,1.0,29.0,0.43395159254836363,0.8359254794186372,-0.548842958284719,-0.5000000000000004,0.8660254037844384
2025-05-06 00:00:00,1.0,0.09124769135839517,82.33333333333333,74.99304744748535,75.66666666666667,10.0,29.0,0.6009293463437267,0.8263541987239096,-0.5631507242749186,0.25881904510252074,0.9659258262890683
2025-05-06 03:00:00,0.0,0.9151285503045762,83.0,97.49768602060351,80.33333333333333,14.333333333333334,29.0,1.8012199583722435,0.8263541987239096,-0.5631507242749186,0.8660254037844386,0.5000000000000001
2025-05-06 06:00:00,1.0,0.10562662630683334,80.66666666666667,45.02883940845157,86.66666666666667,3.3333333333333335,29.0,1.2315211291396142,0.8263541987239096,-0.5631507242749186,0.9659258262890683,-0.25881904510252063
2025-05-06 09:00:00,1.0,0.11519090057475954,82.33333333333333,67.48819845878562,88.33333333333333,4.0,29.0,1.2349718874377287,0.8263541987239096,-0.5631507242749186,0.49999999999999994,-0.8660254037844387
2025-05-06 12:00:00,0.0,0.9166417232849714,79.0,60.01161635687964,81.66666666666667,6.333333333333333,29.0,0.16733134192807134,0.8263541987239096,-0.5631507242749186,-0.2588190451025208,-0.9659258262890683
2025-05-06 15:00:00,0.0,0.6666112581647415,75.66666666666667,67.47002426281092,89.33333333333333,3.6666666666666665,29.0,1.5359989282676203,0.8263541987239096,-0.5631507242749186,-0.8660254037844385,-0.5000000000000004
2025-05-06 18:00:00,1.0,0.0773781281443805,79.33333333333333,59.92267883514349,81.66666666666667,4.333333333333333,29.0,0.7017826098257327,0.8263541987239096,-0.5631507242749186,-0.9659258262890684,0.2588190451025203
2025-05-06 21:00:00,1.0,0.25033380265911703,86.66666666666667,105.02373082015953,66.33333333333333,11.333333333333334,29.0,1.0248158400715262,0.8263541987239096,-0.5631507242749186,-0.5000000000000004,0.8660254037844384
2025-05-07 00:00:00,0.0,0.5357634096724867,82.33333333333333,104.99937641781696,81.66666666666667,7.666666666666667,29.0,0.43288433543499844,0.8165380514459161,-0.5772916165517272,0.25881904510252074,0.9659258262890683
2025-05-07 03:00:00,0.0,0.9148860938343166,80.0,104.96630687310137,84.0,11.333333333333334,29.0,1.789918522847682,0.8165380514459161,-0.5772916165517272,0.8660254037844386,0.5000000000000001
2025-05-07 06:00:00,0.0,0.7501920573814151,81.33333333333333,59.98968465184049,76.33333333333333,6.666666666666667,29.0,0.9020238444447237,0.8165380514459161,-0.5772916165517272,0.9659258262890683,-0.25881904510252063
2025-05-07 09:00:00,0.0,0.6661592867285333,77.0,74.99126572218654,90.66666666666667,4.0,29.0,0.802941322194036,0.8165380514459161,-0.5772916165517272,0.49999999999999994,-0.8660254037844387
2025-05-07 12:00:00,1.0,0.2501472640283386,82.33333333333333,82.40839530049247,75.0,7.666666666666667,29.0,1.2342739663732798,0.8165380514459161,-0.5772916165517272,-0.2588190451025208,-0.9659258262890683
2025-05-07 15:00:00,1.0,0.3319063627364659,84.33333333333333,112.44286593267215,79.0,10.666666666666666,29.0,1.4245845582569796,0.8165380514459161,-0.5772916165517272,-0.8660254037844385,-0.5000000000000004
2025-05-07 18:00:00,0.0,0.9155185921161095,80.66666666666667,82.55572532846698,72.66666666666667,6.0,29.0,0.3353231740128475,0.8165380514459161,-0.5772916165517272,-0.9659258262890684,0.2588190451025203
2025-05-07 21:00:00,0.0,1.0004929690937958,78.33333333333333,-0.027809932517506544,91.33333333333333,0.0,29.0,0.43364938923596225,0.8165380514459161,-0.5772916165517272,-0.5000000000000004,0.8660254037844384
2025-05-08 00:00:00,0.0,0.6672797219763993,81.66666666666667,147.5984706302546,81.33333333333333,8.0,29.0,2.338101664934627,0.8064799463209448,-0.5912614448635781,0.25881904510252074,0.9659258262890683
2025-05-08 03:00:00,0.0,0.9167746667018598,77.66666666666667,52.45227330535247,92.33333333333333,3.3333333333333335,29.0,0.7995897066947307,0.8064799463209448,-0.5912614448635781,0.8660254037844386,0.5000000000000001
2025-05-08 06:00:00,0.0,1.0022108249288608,81.33333333333333,44.91791514070056,76.66666666666667,4.666666666666667,29.0,0.16806584643775835,0.8064799463209448,-0.5912614448635781,0.9659258262890683,-0.25881904510252063
2025-05-08 09:00:00,0.0,0.8348627003203045,66.0,-0.006382072520323095,90.66666666666667,0.0,29.0,0.8015515997690943,0.8064799463209448,-0.5912614448635781,0.49999999999999994,-0.8660254037844387
2025-05-08 12:00:00,1.0,0.334634888796281,86.33333333333333,67.50522065830977,66.66666666666667,10.0,29.0,0.1667356023576412,0.8064799463209448,-0.5912614448635781,-0.2588190451025208,-0.9659258262890683
2025-05-08 15:00:00,0.0,0.8330665082254649,81.66666666666667,102.80647234761295,82.0,10.0,29.0,0.9659079799141149,0.8064799463209448,-0.5912614448635781,-0.8660254037844385,-0.5000000000000004
2025-05-08 18:00:00,0.0,0.668463871631601,77.0,0.001467662196589857,86.66666666666667,0.0,29.0,0.6023098861266125,0.8064799463209448,-0.5912614448635781,-0.9659258262890684,0.2588190451025203
2025-05-08 21:00:00,1.0,0.333368039717127,76.33333333333333,112.47601560962921,81.66666666666667,8.0,29.0,0.26777476349658,0.8064799463209448,-0.5912614448635781,-0.5000000000000004,0.8660254037844384
2025-05-09 00:00:00,0.0,0.666281062720265,76.33333333333333,-0.022334916139226103,98.0,0.0,29.0,0.16715397076609104,0.7961828637826158,-0.6050560696488488,0.25881904510252074,0.9659258262890683
2025-05-09 03:00:00,0.0,0.8306172935445425,77.66666666666667,104.98201751658262,85.66666666666667,5.666666666666667,29.0,0.7307392872083295,0.7961828637826158,-0.6050560696488488,0.8660254037844386,0.5000000000000001
2025-05-09 06:00:00,1.0,0.3330832506374465,83.0,90.02340469340606,81.33333333333333,6.666666666666667,29.0,0.1663444675641141,0.7961828637826158,-0.6050560696488488,0.9659258262890683,-0.25881904510252063
2025-05-09 09:00:00,0.0,0.8314796696469455,80.0,97.5015217648247,87.66666666666667,9.333333333333334,29.0,1.1639984630392073,0.7961828637826158,-0.6050560696488488,0.49999999999999994,-0.8660254037844387
2025-05-09 12:00:00,0.0,1.0038742284046835,78.66666666666667,67.45880238804416,85.66666666666667,4.0,29.0,1.833753021116837,0.7961828637826158,-0.6050560696488488,-0.2588190451025208,-0.9659258262890683
2025-05-09 15:00:00,1.0,0.11013407592129211,82.66666666666667,67.4963544691323,78.66666666666667,5.0,29.0,1.066534892970395,0.7961828637826158,-0.6050560696488488,-0.8660254037844385,-0.5000000000000004
2025-05-09 18:00:00,1.0,0.4370806075118306,82.66666666666667,97.48772556162537,64.33333333333333,10.666666666666666,29.0,0.1673259564503543,0.7961828637826158,-0.6050560696488488,-0.9659258262890684,0.2588190451025203
2025-05-09 21:00:00,0.0,1.0008411247299962,80.0,29.98348632660967,81.66666666666667,5.666666666666667,29.0,1.3361838854679393,0.7961828637826158,-0.6050560696488488,-0.5000000000000004,0.8660254037844384
2025-05-10 00:00:00,0.0,0.5831254259459695,89.33333333333333,97.55080016849517,60.666666666666664,12.333333333333334,29.0,0.4331177841588471,0.7856498550787147,-0.6186714032625031,0.25881904510252074,0.9659258262890683
2025-05-10 03:00:00,0.0,0.8313985411581281,78.33333333333333,67.46076696488366,84.66666666666667,4.666666666666667,29.0,1.0355527926141168,0.7856498550787147,-0.6186714032625031,0.8660254037844386,0.5000000000000001
2025-05-10 06:00:00,0.0,0.5818957800222571,78.66666666666667,60.0062979333214,80.66666666666667,9.666666666666666,29.0,0.5340508412999146,0.7856498550787147,-0.6186714032625031,0.9659258262890683,-0.25881904510252063
2025-05-10 09:00:00,1.0,0.10520707578577164,83.0,74.95012810748491,74.66666666666667,7.0,29.0,0.33372081351393684,0.7856498550787147,-0.6186714032625031,0.49999999999999994,-0.8660254037844387
2025-05-10 12:00:00,1.0,0.505501702117156,80.66666666666667,104.97918572598451,84.66666666666667,5.333333333333333,29.0,1.0306791272601818,0.7856498550787147,-0.6186714032625031,-0.2588190451025208,-0.9659258262890683
2025-05-10 15:00:00,1.0,0.11864405341333457,83.66666666666667,37.51060936637722,75.0,5.333333333333333,29.0,0.6015723300949909,0.7856498550787147,-0.6186714032625031,-0.8660254037844385,-0.5000000000000004
2025-05-10 18:00:00,0.0,0.9985426136264106,78.33333333333333,29.95551417991925,91.0,2.0,29.0,1.0679274147589097,0.7856498550787147,-0.6186714032625031,-0.9659258262890684,0.2588190451025203
2025-05-10 21:00:00,0.0,0.9150674635045024,78.66666666666667,29.97661147400417,82.33333333333333,4.666666666666667,29.0,0.43352469246002956,0.7856498550787147,-0.6186714032625031,-0.5000000000000004,0.8660254037844384
2025-05-11 00:00:00,1.0,0.14657371083079318,81.66666666666667,97.55798537338416,79.33333333333333,8.666666666666666,29.0,1.168147939515802,0.7748840413670407,-0.6321034111873487,0.25881904510252074,0.9659258262890683
2025-05-11 03:00:00,1.0,0.10887665059432096,80.66666666666667,67.46794092976546,82.0,7.0,29.0,0.9669862666742551,0.7748840413670407,-0.6321034111873487,0.8660254037844386,0.5000000000000001
2025-05-11 06:00:00,1.0,0.3309150867818875,77.66666666666667,67.49110953741501,86.0,2.6666666666666665,29.0,0.0019915493848209095,0.7748840413670407,-0.6321034111873487,0.9659258262890683,-0.25881904510252063
2025-05-11 09:00:00,0.0,0.9212850595516056,77.66666666666667,-0.009570913328248018,90.33333333333333,0.0,29.0,0.2683513479727553,0.7748840413670407,-0.6321034111873487,0.49999999999999994,-0.8660254037844387
2025-05-11 12:00:00,1.0,0.42302189466161283,78.33333333333333,37.474469387374924,86.66666666666667,2.0,29.0,0.9683534032502825,0.7748840413670407,-0.6321034111873487,-0.2588190451025208,-0.9659258262890683
2025-05-11 15:00:00,0.0,0.7494596710996593,81.33333333333333,30.01585559421855,81.66666666666667,5.333333333333333,29.0,1.0667486388892031,0.7748840413670407,-0.6321034111873487,-0.8660254037844385,-0.5000000000000004
2025-05-11 18:00:00,0.0,0.579963700174749,86.0,104.96731630560994,72.66666666666667,10.333333333333334,29.0,0.16620901520047268,0.7748840413670407,-0.6321034111873487,-0.9659258262890684,0.2588190451025203
2025-05-11 21:00:00,1.0,0.2480836347697324,84.66666666666667,97.48136596416013,68.33333333333333,8.333333333333334,29.0,0.1662432405794096,0.7748840413670407,-0.6321034111873487,-0.5000000000000004,0.8660254037844384
2025-05-12 00:00:00,0.0,0.8361699372689632,76.33333333333333,-0.022553008676005487,92.0,0.0,29.0,1.0711630117983588,0.7638886127905428,-0.6453481132295501,0.25881904510252074,0.9659258262890683
2025-05-12 03:00:00,1.0,0.17829200347431096,83.66666666666667,114.15066652643368,79.66666666666667,6.666666666666667,29.0,0.7013149870288862,0.7638886127905428,-0.6453481132295501,0.8660254037844386,0.5000000000000001
2025-05-12 06:00:00,0.0,0.6655006032574804,80.0,97.64374654922881,81.33333333333333,6.666666666666667,29.0,0.8983809229482578,0.7638886127905428,-0.6453481132295501,0.9659258262890683,-0.25881904510252063
2025-05-12 09:00:00,0.0,0.6657944357765067,82.66666666666667,67.51437543397167,80.0,7.333333333333333,29.0,0.9674404227939514,0.7638886127905428,-0.6453481132295501,0.49999999999999994,-0.8660254037844387
2025-05-12 12:00:00,0.0,0.5811617702572788,80.0,60.01039328838203,84.66666666666667,4.666666666666667,29.0,0.2673524393185354,0.7638886127905428,-0.6453481132295501,-0.2588190451025208,-0.9659258262890683
2025-05-12 15:00:00,1.0,0.24966606574508826,74.0,67.48863249350974,78.0,6.333333333333333,29.0,0.5002443382158901,0.7638886127905428,-0.6453481132295501,-0.8660254037844385,-0.5000000000000004
2025-05-12 18:00:00,0.0,0.9157125832362205,67.33333333333333,59.95176031362312,80.66666666666667,7.666666666666667,29.0,0.9944042509528748,0.7638886127905428,-0.6453481132295501,-0.9659258262890684,0.2588190451025203
2025-05-12 21:00:00,1.0,0.25221262542804845,80.0,60.04390968350788,72.0,6.0,29.0,0.7021858980725112,0.7638886127905428,-0.6453481132295501,-0.5000000000000004,0.8660254037844384
2025-05-13 00:00:00,0.0,0.5830130797958194,83.0,97.47664920262838,75.0,8.0,29.0,1.0673497126911589,0.7526668275320085,-0.6584015846980488,0.25881904510252074,0.9659258262890683
2025-05-13 03:00:00,1.0,0.1438375587202121,86.66666666666667,120.04711744602734,65.0,12.333333333333334,29.0,0.8988159480520889,0.7526668275320085,-0.6584015846980488,0.8660254037844386,0.5000000000000001
2025-05-13 06:00:00,0.0,0.5830469187255852,83.66666666666667,60.00052098881624,77.66666666666667,5.333333333333333,29.0,0.8002755946392828,0.7526668275320085,-0.6584015846980488,0.9659258262890683,-0.25881904510252063
2025-05-13 09:00:00,0.0,0.5820691806540387,77.66666666666667,59.97705405300405,71.66666666666667,6.333333333333333,29.0,0.1669071055123151,0.7526668275320085,-0.6584015846980488,0.49999999999999994,-0.8660254037844387
2025-05-13 12:00:00,0.0,1.006053339623185,74.33333333333333,37.44332817400273,89.0,2.0,29.0,1.6014078710348247,0.7526668275320085,-0.6584015846980488,-0.2588190451025208,-0.9659258262890683
2025-05-13 15:00:00,0.0,0.6687065472894165,83.66666666666667,82.46052278072965,80.0,7.333333333333333,29.0,0.7018637882750977,0.7526668275320085,-0.6584015846980488,-0.8660254037844385,-0.5000000000000004
2025-05-13 18:00:00,1.0,0.07676943787689892,81.66666666666667,74.9928451429321,79.66666666666667,5.333333333333333,29.0,1.003902518800451,0.7526668275320085,-0.6584015846980488,-0.9659258262890684,0.2588190451025203
2025-05-13 21:00:00,0.0,0.8310959514767765,77.0,29.974984600445186,88.0,4.0,29.0,0.167146257976833,0.7526668275320085,-0.6584015846980488,-0.5000000000000004,0.8660254037844384
2025-05-14 00:00:00,0.0,1.0003507443283652,79.66666666666667,29.996399412214867,86.66666666666667,1.0,29.0,0.9663000648948662,0.7412220108485958,-0.6712599575675313,0.25881904510252074,0.9659258262890683
2025-05-14 03:00:00,1.0,0.5857157694066164,80.66666666666667,29.99906955497887,79.0,4.666666666666667,29.0,0.33367019247176444,0.7412220108485958,-0.6712599575675313,0.8660254037844386,0.5000000000000001
2025-05-14 06:00:00,1.0,0.17047493571813138,82.33333333333333,30.011656203580202,76.66666666666667,5.666666666666667,29.0,0.9678236621478972,0.7412220108485958,-0.6712599575675313,0.9659258262890683,-0.25881904510252063
2025-05-14 09:00:00,1.0,0.3367372261141806,86.0,45.09140001060792,73.66666666666667,9.0,29.0,0.6000663653770829,0.7412220108485958,-0.6712599575675313,0.49999999999999994,-0.8660254037844387
2025-05-14 12:00:00,1.0,0.1359282003061153,83.66666666666667,67.49287112200437,74.0,7.333333333333333,29.0,0.5329426696564986,0.7412220108485958,-0.6712599575675313,-0.2588190451025208,-0.9659258262890683
2025-05-14 15:00:00,0.0,0.5830776857832176,84.33333333333333,52.48240979586941,73.0,8.666666666666666,29.0,-0.0005963284745938171,0.7412220108485958,-0.6712599575675313,-0.8660254037844385,-0.5000000000000004
2025-05-14 18:00:00,0.0,0.9172053830126585,77.66666666666667,29.994527379999937,92.33333333333333,2.3333333333333335,29.0,0.9980575176485517,0.7412220108485958,-0.6712599575675313,-0.9659258262890684,0.2588190451025203
2025-05-14 21:00:00,0.0,0.9139527154843089,79.33333333333333,75.03451452691567,87.66666666666667,7.666666666666667,29.0,1.430444311224008,0.7412220108485958,-0.6712599575675313,-0.5000000000000004,0.8660254037844384
2025-05-15 00:00:00,0.0,0.9173727082370544,83.66666666666667,105.04963268899343,81.33333333333333,10.333333333333334,29.0,0.8010928248954617,0.7295575540864875,-0.6839194216246106,0.25881904510252074,0.9659258262890683
2025-05-15 03:00:00,1.0,0.15000445291786252,79.33333333333333,37.47549119597744,78.33333333333333,5.666666666666667,29.0,0.43390331780251207,0.7295575540864875,-0.6839194216246106,0.8660254037844386,0.5000000000000001
2025-05-15 06:00:00,0.0,0.5854089540491748,80.0,30.007812808409017,78.0,3.0,29.0,0.16749726144633262,0.7295575540864875,-0.6839194216246106,0.9659258262890683,-0.25881904510252063
2025-05-15 09:00:00,1.0,0.251815933221648,79.0,22.514948749370078,83.0,2.3333333333333335,29.0,0.4341642919717283,0.7295575540864875,-0.6839194216246106,0.49999999999999994,-0.8660254037844387
2025-05-15 12:00:00,0.0,0.6687944230593387,78.66666666666667,44.982793327821895,92.33333333333333,2.0,29.0,0.9659452549271611,0.7295575540864875,-0.6839194216246106,-0.2588190451025208,-0.9659258262890683
2025-05-15 15:00:00,0.0,0.46730313612401847,79.66666666666667,81.63135583156922,81.33333333333333,2.0,29.0,0.16673488115322965,0.7295575540864875,-0.6839194216246106,-0.8660254037844385,-0.5000000000000004
2025-05-15 18:00:00,1.0,0.33498118618775163,79.33333333333333,60.00712720344948,78.66666666666667,5.0,29.0,0.1668724281939061,0.7295575540864875,-0.6839194216246106,-0.9659258262890684,0.2588190451025203
2025-05-15 21:00:00,1.0,0.44865384280007303,78.33333333333333,29.993725796406604,88.66666666666667,1.0,29.0,1.965808018521706,0.7295575540864875,-0.6839194216246106,-0.5000000000000004,0.8660254037844384
2025-05-16 00:00:00,0.0,0.9986407366885273,83.66666666666667,67.47809498651195,75.33333333333333,6.0,29.0,1.0679743315300856,0.717676913675962,-0.6963762255968722,0.25881904510252074,0.9659258262890683
2025-05-16 03:00:00,1.0,0.3354695752501026,87.33333333333333,89.98398852243078,63.666666666666664,10.333333333333334,29.0,0.1673189356693573,0.717676913675962,-0.6963762255968722,0.8660254037844386,0.5000000000000001
2025-05-16 06:00:00,0.0,0.48438837414990277,83.33333333333333,59.97133207032499,74.33333333333333,7.333333333333333,29.0,0.4356784293345437,0.717676913675962,-0.6963762255968722,0.9659258262890683,-0.25881904510252063
2025-05-16 09:00:00,0.0,0.5815935325173587,80.66666666666667,143.5977795619379,81.33333333333333,10.0,29.0,0.9656236820031046,0.717676913675962,-0.6963762255968722,0.49999999999999994,-0.8660254037844387
2025-05-16 12:00:00,1.0,0.33531608188609746,86.33333333333333,52.510969664856965,65.0,8.666666666666666,29.0,0.1673856282951592,0.717676913675962,-0.6963762255968722,-0.2588190451025208,-0.9659258262890683
2025-05-16 15:00:00,0.0,0.9165781922093709,83.66666666666667,97.49186087623691,76.33333333333333,11.0,29.0,0.9671465989163265,0.717676913675962,-0.6963762255968722,-0.8660254037844385,-0.5000000000000004
2025-05-16 18:00:00,1.0,0.38950987415016103,81.33333333333333,105.00934807306929,84.33333333333333,2.0,29.0,1.0673590992220776,0.717676913675962,-0.6963762255968722,-0.9659258262890684,0.2588190451025203
2025-05-16 21:00:00,1.0,0.46726557409758623,79.33333333333333,29.995260246307847,86.0,1.0,29.0,0.6005774753130092,0.717676913675962,-0.6963762255968722,-0.5000000000000004,0.8660254037844384
2025-05-17 00:00:00,1.0,0.3328056358121976,81.0,111.50007225549639,83.0,6.333333333333333,29.0,0.5015452484621354,0.705583610107178,-0.7086266782644596,0.25881904510252074,0.9659258262890683
2025-05-17 03:00:00,1.0,0.08446878695653935,82.33333333333333,59.996470198816816,80.66666666666667,4.666666666666667,29.0,0.3352914555300059,0.705583610107178,-0.7086266782644596,0.8660254037844386,0.5000000000000001
2025-05-17 06:00:00,1.0,0.14031264395486176,82.33333333333333,67.46159081701221,73.0,5.0,29.0,1.3332907702791916,0.705583610107178,-0.7086266782644596,0.9659258262890683,-0.25881904510252063
2025-05-17 09:00:00,1.0,0.06797861504747112,83.66666666666667,97.48237901612168,73.0,8.333333333333334,29.0,0.16635963781704052,0.705583610107178,-0.7086266782644596,0.49999999999999994,-0.8660254037844387
2025-05-17 12:00:00,1.0,0.4534847963396319,80.66666666666667,97.45294587297838,81.66666666666667,12.0,29.0,1.7664947969420133,0.705583610107178,-0.7086266782644596,-0.2588190451025208,-0.9659258262890683
2025-05-17 15:00:00,0.0,0.9162971324555262,80.66666666666667,29.97287269315898,85.66666666666667,1.0,29.0,1.0676571770890189,0.705583610107178,-0.7086266782644596,-0.8660254037844385,-0.5000000000000004
2025-05-17 18:00:00,0.0,0.5844918782991988,80.66666666666667,67.48269554289627,81.33333333333333,5.333333333333333,29.0,1.1345835857145163,0.705583610107178,-0.7086266782644596,-0.9659258262890684,0.2588190451025203
2025-05-17 21:00:00,1.0,0.5398670942245244,75.33333333333333,0.014817195229616604,92.33333333333333,0.0,29.0,0.16698496092004164,0.705583610107178,-0.7086266782644596,-0.5000000000000004,0.8660254037844384
2025-05-18 00:00:00,1.0,0.3321891305150208,85.66666666666667,90.01536173298506,70.33333333333333,10.0,29.0,0.3336529234002974,0.6932812268869777,-0.7206671495538609,0.25881904510252074,0.9659258262890683
2025-05-18 03:00:00,1.0,0.6677714886870253,77.66666666666667,52.43675103320561,89.0,4.666666666666667,29.0,0.2660775726482754,0.6932812268869777,-0.7206671495538609,0.8660254037844386,0.5000000000000001
2025-05-18 06:00:00,1.0,0.45792360428337403,80.66666666666667,67.5151829146203,75.33333333333333,7.666666666666667,29.0,0.16810997209679715,0.6932812268869777,-0.7206671495538609,0.9659258262890683,-0.25881904510252063
2025-05-18 09:00:00,1.0,0.3357215385171223,82.0,67.45989483037641,77.0,3.3333333333333335,29.0,0.33440399847963326,0.6932812268869777,-0.7206671495538609,0.49999999999999994,-0.8660254037844387
2025-05-18 12:00:00,0.0,0.9165487421886044,81.33333333333333,67.47120811485826,82.0,6.333333333333333,29.0,0.8997789612306718,0.6932812268869777,-0.7206671495538609,-0.2588190451025208,-0.9659258262890683
2025-05-18 15:00:00,1.0,0.1435352700425902,82.0,30.015014962351362,81.66666666666667,5.0,29.0,1.2365536193766768,0.6932812268869777,-0.7206671495538609,-0.8660254037844385,-0.5000000000000004
2025-05-18 18:00:00,1.0,0.25044216134462083,80.0,30.009866457191308,81.33333333333333,2.0,29.0,0.1671162111002169,0.6932812268869777,-0.7206671495538609,-0.9659258262890684,0.2588190451025203
2025-05-18 21:00:00,0.0,0.7490518719003023,78.33333333333333,-0.02282725016741653,87.33333333333333,2.3333333333333335,29.0,0.9668331872579429,0.6932812268869777,-0.7206671495538609,-0.5000000000000004,0.8660254037844384
2025-05-19 00:00:00,1.0,0.11729911602524151,83.33333333333333,59.96851558881445,76.66666666666667,5.333333333333333,29.0,0.2672254043927854,0.6807734094770161,-0.7324940716135789,0.25881904510252074,0.9659258262890683
2025-05-19 03:00:00,0.0,0.9967647635006082,79.0,75.71054302637019,85.66666666666667,5.0,29.0,0.9667577497164185,0.6807734094770161,-0.7324940716135789,0.8660254037844386,0.5000000000000001
2025-05-19 06:00:00,1.0,0.33155201322084044,85.66666666666667,97.53139619452672,74.66666666666667,7.0,29.0,0.4337342715926305,0.6807734094770161,-0.7324940716135789,0.9659258262890683,-0.25881904510252063
2025-05-19 09:00:00,1.0,0.13135507185825634,82.0,30.008806164394,79.0,5.333333333333333,29.0,1.1343555224075634,0.6807734094770161,-0.7324940716135789,0.49999999999999994,-0.8660254037844387
2025-05-19 12:00:00,0.0,0.9195249130322535,78.33333333333333,29.976936564085893,86.0,5.0,29.0,0.0005548213956405989,0.6807734094770161,-0.7324940716135789,-0.2588190451025208,-0.9659258262890683
2025-05-19 15:00:00,1.0,0.09964337477207541,86.0,75.04910304031408,70.0,5.333333333333333,29.0,1.1315017625289858,0.6807734094770161,-0.7324940716135789,-0.8660254037844385,-0.5000000000000004
2025-05-19 18:00:00,1.0,0.4420781854447469,77.66666666666667,22.52051713257765,90.66666666666667,2.0,29.0,1.0669185598690694,0.6807734094770161,-0.7324940716135789,-0.9659258262890684,0.2588190451025203
2025-05-19 21:00:00,0.0,0.6660031549577534,80.0,0.009101596763895914,87.66666666666667,0.0,29.0,1.867486361432,0.6807734094770161,-0.7324940716135789,-0.5000000000000004,0.8660254037844384
2025-05-20 00:00:00,1.0,0.10913771585996757,84.33333333333333,52.50729603947874,71.33333333333333,9.333333333333334,29.0,0.4320435065984918,0.6680638642135335,-0.7441039398713607,0.25881904510252074,0.9659258262890683
2025-05-20 03:00:00,1.0,0.4517234371554108,68.66666666666667,-0.000802687274280771,87.0,0.0,29.0,0.1674495027593151,0.6680638642135335,-0.7441039398713607,0.8660254037844386,0.5000000000000001
2025-05-20 06:00:00,0.0,0.6669667403780097,77.66666666666667,37.48838351402792,90.0,1.0,29.0,0.26762787628797635,0.6680638642135335,-0.7441039398713607,0.9659258262890683,-0.25881904510252063
2025-05-20 09:00:00,0.0,0.5865071515586565,81.33333333333333,29.997212734573612,81.33333333333333,5.333333333333333,29.0,1.2346549519152628,0.6680638642135335,-0.7441039398713607,0.49999999999999994,-0.8660254037844387
2025-05-20 12:00:00,0.0,0.6646233120273201,77.0,67.46186483898796,88.0,4.0,29.0,0.16746500109610254,0.6680638642135335,-0.7441039398713607,-0.2588190451025208,-0.9659258262890683
2025-05-20 15:00:00,0.0,0.667322054282218,78.66666666666667,60.02339199705989,84.0,3.0,29.0,0.2673342476210124,0.6680638642135335,-0.7441039398713607,-0.8660254037844385,-0.5000000000000004
2025-05-20 18:00:00,1.0,0.12878702489926322,79.33333333333333,37.50453717412159,81.66666666666667,5.333333333333333,29.0,0.732316521564221,0.6680638642135335,-0.7441039398713607,-0.9659258262890684,0.2588190451025203
2025-05-20 21:00:00,0.0,0.8314405779301397,80.66666666666667,37.55131564289455,86.0,1.0,29.0,1.770058072269156,0.6680638642135335,-0.7441039398713607,-0.5000000000000004,0.8660254037844384
2025-05-21 00:00:00,0.0,0.5814701867415961,83.0,89.97064319865636,73.0,13.0,29.0,1.5991151103528818,0.6551563572090853,-0.7554933140726803,0.25881904510252074,0.9659258262890683
2025-05-21 03:00:00,1.0,0.15855532003670553,83.33333333333333,104.98478267970823,79.0,9.666666666666666,29.0,0.16703709256504254,0.6551563572090853,-0.7554933140726803,0.8660254037844386,0.5000000000000001
2025-05-21 06:00:00,1.0,0.4554233424381369,83.33333333333333,60.00813901206316,74.33333333333333,6.0,29.0,0.5016722285494891,0.6551563572090853,-0.7554933140726803,0.9659258262890683,-0.25881904510252063
2025-05-21 09:00:00,1.0,0.33326267182078484,83.33333333333333,59.95746681155558,78.33333333333333,6.0,29.0,1.9341405151733886,0.6551563572090853,-0.7554933140726803,0.49999999999999994,-0.8660254037844387
2025-05-21 12:00:00,0.0,0.7499886620551373,82.33333333333333,29.97320909832098,78.0,5.333333333333333,29.0,0.8009443591180666,0.6551563572090853,-0.7554933140726803,-0.2588190451025208,-0.9659258262890683
2025-05-21 15:00:00,0.0,0.5821984843289846,85.33333333333333,67.47886868602872,73.66666666666667,6.333333333333333,29.0,1.8678875358994074,0.6551563572090853,-0.7554933140726803,-0.8660254037844385,-0.5000000000000004
2025-05-21 18:00:00,1.0,0.41503515209061514,76.33333333333333,29.999231261389642,90.66666666666667,2.0,29.0,0.8017081952887141,0.6551563572090853,-0.7554933140726803,-0.9659258262890684,0.2588190451025203
2025-05-21 21:00:00,0.0,0.5814512145483557,83.0,112.50200639396557,73.33333333333333,6.0,29.0,0.3339279532557986,0.6551563572090853,-0.7554933140726803,-0.5000000000000004,0.8660254037844384
2025-05-22 00:00:00,1.0,0.09671747427572336,86.66666666666667,143.89561234047366,66.33333333333333,9.0,29.0,0.5335216366744348,0.6420547132365637,-0.766658819300159,0.25881904510252074,0.9659258262890683
2025-05-22 03:00:00,0.0,0.5827404883595981,81.33333333333333,59.971380918605526,88.0,4.333333333333333,29.0,1.2339340885471948,0.6420547132365637,-0.766658819300159,0.8660254037844386,0.5000000000000001
2025-05-22 06:00:00,1.0,0.2535132202697193,82.66666666666667,89.99905337985712,74.33333333333333,11.666666666666666,29.0,0.4330028332601832,0.6420547132365637,-0.766658819300159,0.9659258262890683,-0.25881904510252063
2025-05-22 09:00:00,0.0,0.7518005145645709,77.33333333333333,0.03473695478698163,93.66666666666667,0.0,29.0,0.26794749308123617,0.6420547132365637,-0.766658819300159,0.49999999999999994,-0.8660254037844387
2025-05-22 12:00:00,0.0,0.748732517542744,82.0,67.51101369972123,81.33333333333333,7.666666666666667,29.0,0.33486527390808657,0.6420547132365637,-0.766658819300159,-0.2588190451025208,-0.9659258262890683
2025-05-22 15:00:00,0.0,0.580006939100123,77.66666666666667,75.01284863160107,86.0,3.6666666666666665,29.0,0.9661783498899433,0.6420547132365637,-0.766658819300159,-0.8660254037844385,-0.5000000000000004
2025-05-22 18:00:00,0.0,0.7495053477856614,77.0,29.994882617821588,92.33333333333333,2.0,29.0,0.9676030306562801,0.6420547132365637,-0.766658819300159,-0.9659258262890684,0.2588190451025203
2025-05-22 21:00:00,0.0,0.9176170843303296,76.33333333333333,67.49895905744086,90.66666666666667,6.0,29.0,1.0678285037049824,0.6420547132365637,-0.766658819300159,-0.5000000000000004,0.8660254037844384
2025-05-23 00:00:00,0.0,0.8344736368451631,80.0,59.97885277840007,80.66666666666667,8.666666666666666,29.0,0.7356278072513595,0.6287628145958344,-0.7775971469736269,0.25881904510252074,0.9659258262890683
2025-05-23 03:00:00,1.0,0.05929342108240614,80.66666666666667,37.513456429328464,80.66666666666667,4.333333333333333,29.0,1.0025534509741916,0.6287628145958344,-0.7775971469736269,0.8660254037844386,0.5000000000000001
2025-05-23 06:00:00,0.0,0.6672009124741162,82.0,37.48951057698219,77.33333333333333,7.333333333333333,29.0,0.3350801142104456,0.6287628145958344,-0.7775971469736269,0.9659258262890683,-0.25881904510252063
2025-05-23 09:00:00,1.0,0.10308197306839861,83.66666666666667,89.96505461225432,75.0,9.333333333333334,29.0,0.8975307034897013,0.6287628145958344,-0.7775971469736269,0.49999999999999994,-0.8660254037844387
2025-05-23 12:00:00,1.0,0.4595442255024771,79.33333333333333,45.002809096105715,81.66666666666667,4.333333333333333,29.0,1.0679912247353698,0.6287628145958344,-0.7775971469736269,-0.2588190451025208,-0.9659258262890683
2025-05-23 15:00:00,1.0,0.07704460509472993,82.33333333333333,104.97219516982243,69.33333333333333,12.333333333333334,29.0,0.7347276426375764,0.6287628145958344,-0.7775971469736269,-0.8660254037844385,-0.5000000000000004
2025-05-23 18:00:00,0.0,0.5814186529979427,81.33333333333333,52.400532107261085,83.0,9.0,29.0,0.43299943969882526,0.6287628145958344,-0.7775971469736269,-0.9659258262890684,0.2588190451025203
2025-05-23 21:00:00,0.0,0.749148300698146,76.33333333333333,30.025218084791618,96.33333333333333,2.3333333333333335,29.0,0.7011194384069318,0.6287628145958344,-0.7775971469736269,-0.5000000000000004,0.8660254037844384
2025-05-24 00:00:00,0.0,0.7498717019756218,78.66666666666667,67.50080561498676,82.33333333333333,6.0,29.0,1.6659955849064703,0.6152845999633276,-0.7883050558305255,0.25881904510252074,0.9659258262890683
2025-05-24 03:00:00,0.0,0.5823491040413894,78.0,37.486045677058954,88.0,4.0,29.0,0.43447080058417437,0.6152845999633276,-0.7883050558305255,0.8660254037844386,0.5000000000000001
2025-05-24 06:00:00,0.0,0.8338163415179235,79.66666666666667,52.463375991789654,85.66666666666667,5.0,29.0,1.2323819496849906,0.6152845999633276,-0.7883050558305255,0.9659258262890683,-0.25881904510252063
2025-05-24 09:00:00,0.0,0.5829191230685065,77.66666666666667,29.96316354174063,91.33333333333333,2.0,29.0,0.5337580395499247,0.6152845999633276,-0.7883050558305255,0.49999999999999994,-0.8660254037844387
2025-05-24 12:00:00,1.0,0.4017672591869125,81.0,29.995132686255328,84.0,2.6666666666666665,29.0,0.16728148139280893,0.6152845999633276,-0.7883050558305255,-0.2588190451025208,-0.9659258262890683
2025-05-24 15:00:00,1.0,0.430631780502568,84.33333333333333,67.52251687377121,67.33333333333333,7.333333333333333,29.0,0.7361793322753725,0.6152845999633276,-0.7883050558305255,-0.8660254037844385,-0.5000000000000004
2025-05-24 18:00:00,0.0,0.8316404541553579,83.0,59.982592189284446,73.0,10.0,29.0,1.1358213814768505,0.6152845999633276,-0.7883050558305255,-0.9659258262890684,0.2588190451025203
2025-05-24 21:00:00,0.0,0.5832822653567191,79.33333333333333,59.96559459440984,69.66666666666667,6.666666666666667,29.0,8.27484351378451e-05,0.6152845999633276,-0.7883050558305255,-0.5000000000000004,0.8660254037844384
2025-05-25 00:00:00,1.0,0.15062013758767787,85.0,97.50949153405544,57.333333333333336,14.333333333333334,29.0,0.9668011222836891,0.6016240632249226,-0.7987793728863649,0.25881904510252074,0.9659258262890683
2025-05-25 03:00:00,1.0,0.25297547684111166,85.0,59.96498173648138,76.0,6.666666666666667,29.0,0.1667073470468816,0.6016240632249226,-0.7987793728863649,0.8660254037844386,0.5000000000000001
2025-05-25 06:00:00,0.0,0.7513452474306107,78.33333333333333,67.45679786708692,87.0,6.333333333333333,29.0,0.0008922222728129705,0.6016240632249226,-0.7987793728863649,0.9659258262890683,-0.25881904510252063
2025-05-25 09:00:00,0.0,0.914853219733902,81.33333333333333,29.9977851935918,77.0,4.0,29.0,0.43454969573467955,0.6016240632249226,-0.7987793728863649,0.49999999999999994,-0.8660254037844387
2025-05-25 12:00:00,0.0,0.8343855279344917,79.33333333333333,52.53158747350677,84.33333333333333,6.666666666666667,29.0,0.7984923802194973,0.6016240632249226,-0.7987793728863649,-0.2588190451025208,-0.9659258262890683
2025-05-25 15:00:00,0.0,0.7516644940515779,78.33333333333333,-0.018870526746542885,92.33333333333333,0.0,29.0,0.6017647940089074,0.6016240632249226,-0.7987793728863649,-0.8660254037844385,-0.5000000000000004
2025-05-25 18:00:00,1.0,0.12717692819120524,83.66666666666667,74.99686682028756,72.33333333333333,8.333333333333334,29.0,0.9668763511612228,0.6016240632249226,-0.7987793728863649,-0.9659258262890684,0.2588190451025203
2025-05-25 21:00:00,0.0,0.8335062399783794,78.33333333333333,37.495374049534014,78.33333333333333,4.666666666666667,29.0,0.0014756999106353245,0.6016240632249226,-0.7987793728863649,-0.5000000000000004,0.8660254037844384
2025-05-26 00:00:00,0.0,0.6675360811350685,80.0,30.000109247155695,84.0,4.666666666666667,29.0,0.4338303034798235,0.5877852522924732,-0.8090169943749473,0.25881904510252074,0.9659258262890683
2025-05-26 03:00:00,1.0,0.13189587550141502,85.0,119.96095318372956,75.0,9.333333333333334,29.0,0.9668793271199047,0.5877852522924732,-0.8090169943749473,0.8660254037844386,0.5000000000000001
2025-05-26 06:00:00,0.0,0.7504810682621237,75.66666666666667,37.468623488109664,91.66666666666667,1.6666666666666667,29.0,0.1667964116032389,0.5877852522924732,-0.8090169943749473,0.9659258262890683,-0.25881904510252063
2025-05-26 09:00:00,0.0,0.5834851057247985,85.0,75.12652847912989,71.33333333333333,14.333333333333334,29.0,1.0661789748468462,0.5877852522924732,-0.8090169943749473,0.49999999999999994,-0.8660254037844387
2025-05-26 12:00:00,1.0,0.13107715138418177,80.0,37.490769321768475,79.66666666666667,4.666666666666667,29.0,0.9661652978026464,0.5877852522924732,-0.8090169943749473,-0.2588190451025208,-0.9659258262890683
2025-05-26 15:00:00,1.0,0.3372181787144007,77.66666666666667,29.987454638210433,90.66666666666667,2.0,29.0,0.001548871013246022,0.5877852522924732,-0.8090169943749473,-0.8660254037844385,-0.5000000000000004
2025-05-26 18:00:00,1.0,0.07596831008432905,80.0,81.28611064018575,82.66666666666667,3.0,29.0,0.5999421718831109,0.5877852522924732,-0.8090169943749473,-0.9659258262890684,0.2588190451025203
2025-05-26 21:00:00,1.0,0.24933632351360693,78.66666666666667,29.98523939679751,86.0,2.6666666666666665,29.0,0.43360556528695654,0.5877852522924732,-0.8090169943749473,-0.5000000000000004,0.8660254037844384
2025-05-27 00:00:00,0.0,0.5167369705258051,78.0,30.010050515010473,88.0,1.0,29.0,0.26658526745016004,0.5737722679043246,-0.8190148866680801,0.25881904510252074,0.9659258262890683
2025-05-27 03:00:00,1.0,0.09577277312756431,82.0,155.41606902772,69.66666666666667,8.0,29.0,0.16766631248051422,0.5737722679043246,-0.8190148866680801,0.8660254037844386,0.5000000000000001
2025-05-27 06:00:00,0.0,0.666243708135035,84.0,67.50452868513871,69.0,6.333333333333333,29.0,0.166248794672309,0.5737722679043246,-0.8190148866680801,0.9659258262890683,-0.25881904510252063
2025-05-27 09:00:00,0.0,0.5852103072432974,81.0,74.97022705680723,86.0,6.0,29.0,1.6000533397726884,0.5737722679043246,-0.8190148866680801,0.49999999999999994,-0.8660254037844387
2025-05-27 12:00:00,1.0,0.4613687235947424,87.33333333333333,104.97573561185226,62.0,13.666666666666666,29.0,0.33339248963648155,0.5737722679043246,-0.8190148866680801,-0.2588190451025208,-0.9659258262890683
2025-05-27 15:00:00,1.0,0.33306612080647263,80.0,75.02148694829513,83.66666666666667,5.666666666666667,29.0,0.9693091692570478,0.5737722679043246,-0.8190148866680801,-0.8660254037844385,-0.5000000000000004
2025-05-27 18:00:00,0.0,0.7484524086406548,81.66666666666667,67.48057549275823,74.66666666666667,7.333333333333333,29.0,0.16703714170072606,0.5737722679043246,-0.8190148866680801,-0.9659258262890684,0.2588190451025203
2025-05-27 21:00:00,0.0,0.918295694612454,80.0,67.46563068008318,74.0,2.0,29.0,0.0007692517236260586,0.5737722679043246,-0.8190148866680801,-0.5000000000000004,0.8660254037844384
2025-05-28 00:00:00,1.0,0.0903306015044854,82.0,30.00384888790289,83.0,5.0,29.0,0.6991579825436339,0.5595892624101765,-0.8287700871745038,0.25881904510252074,0.9659258262890683
2025-05-28 03:00:00,0.0,0.5848088059496723,79.0,90.02463782403646,73.66666666666667,10.666666666666666,29.0,0.00025531091098082086,0.5595892624101765,-0.8287700871745038,0.8660254037844386,0.5000000000000001
2025-05-28 06:00:00,1.0,0.10114045290429977,85.66666666666667,59.998232812576816,65.66666666666667,9.333333333333334,29.0,0.43346775488115713,0.5595892624101765,-0.8287700871745038,0.9659258262890683,-0.25881904510252063
2025-05-28 09:00:00,1.0,0.10038740620612276,81.66666666666667,59.99561422173417,72.66666666666667,7.0,29.0,0.533855744792874,0.5595892624101765,-0.8287700871745038,0.49999999999999994,-0.8660254037844387
2025-05-28 12:00:00,0.0,0.8325225638673739,80.66666666666667,30.006046440758666,86.0,2.0,29.0,0.5011732562755561,0.5595892624101765,-0.8287700871745038,-0.2588190451025208,-0.9659258262890683
2025-05-28 15:00:00,0.0,0.9183898013726753,80.0,37.47528600444037,83.0,4.0,29.0,0.16775376869837713,0.5595892624101765,-0.8287700871745038,-0.8660254037844385,-0.5000000000000004
2025-05-28 18:00:00,1.0,0.13661349709988563,86.66666666666667,97.49348738855981,68.0,10.666666666666666,29.0,0.3342252051598355,0.5595892624101765,-0.8287700871745038,-0.9659258262890684,0.2588190451025203
2025-05-28 21:00:00,0.0,0.7507418201492573,80.66666666666667,37.511385184426395,78.0,5.333333333333333,29.0,0.16651769559296284,0.5595892624101765,-0.8287700871745038,-0.5000000000000004,0.8660254037844384
2025-05-29 00:00:00,0.0,1.0036880324174724,80.66666666666667,112.41821070408965,83.0,7.0,29.0,0.0004466147524029676,0.545240438540651,-0.8382797052177744,0.25881904510252074,0.9659258262890683
2025-05-29 03:00:00,0.0,0.6678339245483149,76.33333333333333,0.014678143132733851,94.33333333333333,0.0,29.0,1.3366583289510514,0.545240438540651,-0.8382797052177744,0.8660254037844386,0.5000000000000001
2025-05-29 06:00:00,0.0,0.7521157048108812,69.33333333333333,37.47226012783709,94.0,1.6666666666666667,29.0,0.8610243699539937,0.545240438540651,-0.8382797052177744,0.9659258262890683,-0.25881904510252063
2025-05-29 09:00:00,1.0,0.41520742130039906,76.33333333333333,30.002130295152337,90.0,1.0,29.0,0.26810025831585266,0.545240438540651,-0.8382797052177744,0.49999999999999994,-0.8660254037844387
2025-05-29 12:00:00,0.0,0.5850202465217281,80.0,67.51612097804743,86.66666666666667,6.666666666666667,29.0,1.170634187243374,0.545240438540651,-0.8382797052177744,-0.2588190451025208,-0.9659258262890683
2025-05-29 15:00:00,0.0,0.5149506680235052,80.66666666666667,30.00668790375451,87.33333333333333,3.3333333333333335,29.0,0.7015103891085369,0.545240438540651,-0.8382797052177744,-0.8660254037844385,-0.5000000000000004
2025-05-29 18:00:00,1.0,0.3367015213923837,80.0,37.45648827477299,83.33333333333333,6.333333333333333,29.0,0.2672701965957087,0.545240438540651,-0.8382797052177744,-0.9659258262890684,0.2588190451025203
2025-05-29 21:00:00,0.0,0.7518269548004269,81.33333333333333,29.973377099484182,88.66666666666667,4.666666666666667,29.0,0.7323564301878589,0.545240438540651,-0.8382797052177744,-0.5000000000000004,0.8660254037844384
2025-05-30 00:00:00,0.0,0.6676114115734094,81.33333333333333,67.49214184532056,77.66666666666667,3.0,29.0,1.2319298823039289,0.5307300481619334,-0.8475409228928311,0.25881904510252074,0.9659258262890683
2025-05-30 03:00:00,0.0,0.9164128264894357,77.0,-0.02905059362985928,92.33333333333333,0.0,29.0,0.167443314270739,0.5307300481619334,-0.8475409228928311,0.8660254037844386,0.5000000000000001
2025-05-30 06:00:00,1.0,0.10966149551631897,80.0,74.97136939889008,80.0,5.333333333333333,29.0,0.16840812231988977,0.5307300481619334,-0.8475409228928311,0.9659258262890683,-0.25881904510252063
2025-05-30 09:00:00,1.0,0.3331261959122048,79.33333333333333,59.941119239655876,79.66666666666667,6.0,29.0,1.169926091231794,0.5307300481619334,-0.8475409228928311,0.49999999999999994,-0.8660254037844387
2025-05-30 12:00:00,0.0,0.7510865744303779,79.0,67.49915834982694,88.33333333333333,6.0,29.0,0.00016754163065107073,0.5307300481619334,-0.8475409228928311,-0.2588190451025208,-0.9659258262890683
2025-05-30 15:00:00,0.0,0.9200907478367507,84.0,67.47216130554744,76.33333333333333,5.666666666666667,29.0,0.26713515478404265,0.5307300481619334,-0.8475409228928311,-0.8660254037844385,-0.5000000000000004
2025-05-30 18:00:00,1.0,0.08904847418879218,88.66666666666667,97.4718712754263,59.0,12.0,29.0,1.0619904302767942,0.5307300481619334,-0.8475409228928311,-0.9659258262890684,0.2588190451025203
2025-05-30 21:00:00,0.0,0.8367688881487383,79.33333333333333,59.771567794812455,84.33333333333333,4.333333333333333,29.0,0.4358819814026658,0.5307300481619334,-0.8475409228928311,-0.5000000000000004,0.8660254037844384
2025-05-31 00:00:00,1.0,0.332949262824709,80.0,29.975491680575107,84.0,0.3333333333333333,29.0,0.33383529659187205,0.5160623910158528,-0.8565509959010036,0.25881904510252074,0.9659258262890683
2025-05-31 03:00:00,1.0,0.581682448264109,86.33333333333333,59.981210709054345,65.0,9.333333333333334,29.0,0.16580514354282003,0.5160623910158528,-0.8565509959010036,0.8660254037844386,0.5000000000000001
2025-05-31 06:00:00,1.0,0.46451410873079113,81.33333333333333,89.91854437828567,92.33333333333333,4.0,29.0,0.6001429544302355,0.5160623910158528,-0.8565509959010036,0.9659258262890683,-0.25881904510252063
2025-05-31 09:00:00,1.0,0.03636766733898853,80.66666666666667,135.4129608092614,82.66666666666667,7.666666666666667,29.0,0.7016016809556865,0.5160623910158528,-0.8565509959010036,0.49999999999999994,-0.8660254037844387
2025-05-31 12:00:00,0.0,0.8360950906227149,79.33333333333333,60.0181516478786,79.0,6.666666666666667,29.0,0.9658358788678557,0.5160623910158528,-0.8565509959010036,-0.2588190451025208,-0.9659258262890683
2025-05-31 15:00:00,1.0,0.43623150347472434,88.66666666666667,97.48750748749757,68.66666666666667,13.666666666666666,29.0,0.5997807525990094,0.5160623910158528,-0.8565509959010036,-0.8660254037844385,-0.5000000000000004
2025-05-31 18:00:00,1.0,0.09224864662324811,80.66666666666667,60.0128728973709,77.33333333333333,6.666666666666667,29.0,1.0707762164890837,0.5160623910158528,-0.8565509959010036,-0.9659258262890684,0.2588190451025203
2025-05-31 21:00:00,1.0,0.06303076276748967,86.66666666666667,74.98026075772458,67.0,8.666666666666666,29.0,0.7992581180171766,0.5160623910158528,-0.8565509959010036,-0.5000000000000004,0.8660254037844384
2025-06-01 00:00:00,1.0,0.25170751210489806,82.33333333333333,122.64693877956529,77.66666666666667,2.6666666666666665,29.0,1.1344659730795117,0.5012418134457758,-0.865307254363206,0.25881904510252074,0.9659258262890683
2025-06-01 03:00:00,1.0,0.13192669688500716,83.33333333333333,67.50414008707517,71.66666666666667,7.666666666666667,29.0,1.0659873245645948,0.5012418134457758,-0.865307254363206,0.8660254037844386,0.5000000000000001
2025-06-01 06:00:00,1.0,0.24967818825538365,86.66666666666667,67.5119888699355,73.33333333333333,5.666666666666667,29.0,0.601681701532442,0.5012418134457758,-0.865307254363206,0.9659258262890683,-0.25881904510252063
2025-06-01 09:00:00,1.0,0.4694860237426033,80.66666666666667,67.53697250375195,78.0,5.0,29.0,0.9683228618795648,0.5012418134457758,-0.865307254363206,0.49999999999999994,-0.8660254037844387
2025-06-01 12:00:00,0.0,0.9171410266896225,78.66666666666667,192.78299860128902,85.66666666666667,6.333333333333333,29.0,1.137434904505117,0.5012418134457758,-0.865307254363206,-0.2588190451025208,-0.9659258262890683
2025-06-01 15:00:00,0.0,0.9189551214171862,81.0,114.90370988153568,80.66666666666667,6.666666666666667,29.0,1.5314487141689315,0.5012418134457758,-0.865307254363206,-0.8660254037844385,-0.5000000000000004
2025-06-01 18:00:00,1.0,0.33204575982925805,81.66666666666667,29.98345683131049,82.0,4.0,29.0,0.9689108660476992,0.5012418134457758,-0.865307254363206,-0.9659258262890684,0.2588190451025203
2025-06-01 21:00:00,0.0,0.6675354571980835,78.66666666666667,29.98408095263036,86.0,1.0,29.0,0.26876264491999574,0.5012418134457758,-0.865307254363206,-0.5000000000000004,0.8660254037844384
2025-06-02 00:00:00,0.0,0.583755288913296,78.33333333333333,-0.020536371206676847,83.66666666666667,0.0,29.0,0.16731872419321983,0.48627270710868997,-0.8738071036110808,0.25881904510252074,0.9659258262890683
2025-06-02 03:00:00,0.0,0.9156998335944535,82.0,59.92125680501433,90.66666666666667,2.6666666666666665,29.0,0.8998890498186228,0.48627270710868997,-0.8738071036110808,0.8660254037844386,0.5000000000000001
2025-06-02 06:00:00,1.0,0.12542528205376585,82.66666666666667,52.50469736433191,74.66666666666667,8.333333333333334,29.0,0.33324041677757815,0.48627270710868997,-0.8738071036110808,0.9659258262890683,-0.25881904510252063
2025-06-02 09:00:00,1.0,0.33473255401984114,81.33333333333333,67.51566002223167,74.33333333333333,7.666666666666667,29.0,1.0327190273338753,0.48627270710868997,-0.8738071036110808,0.49999999999999994,-0.8660254037844387
2025-06-02 12:00:00,0.0,0.5254912980002466,82.66666666666667,90.04771870716984,82.0,2.3333333333333335,29.0,1.067840494906749,0.48627270710868997,-0.8738071036110808,-0.2588190451025208,-0.9659258262890683
2025-06-02 15:00:00,0.0,0.8323473923970691,77.0,67.46236857237697,92.66666666666667,3.0,29.0,1.2336427917770487,0.48627270710868997,-0.8738071036110808,-0.8660254037844385,-0.5000000000000004
2025-06-02 18:00:00,1.0,0.25122850891625925,83.66666666666667,82.50340028112315,71.33333333333333,13.0,29.0,0.6014022581298336,0.48627270710868997,-0.8738071036110808,-0.9659258262890684,0.2588190451025203
2025-06-02 21:00:00,1.0,0.08440741102891566,85.66666666666667,97.50564622903623,67.33333333333333,12.0,29.0,1.067463751320613,0.48627270710868997,-0.8738071036110808,-0.5000000000000004,0.8660254037844384
2025-06-03 00:00:00,0.0,0.480055830806179,81.33333333333333,67.48783670444584,76.33333333333333,3.0,29.0,1.2964852957197217,0.4711595076738638,-0.8820480249558537,0.25881904510252074,0.9659258262890683
2025-06-03 03:00:00,1.0,0.5433024315104866,78.66666666666667,37.533644029449235,83.33333333333333,3.3333333333333335,29.0,0.5357324182207301,0.4711595076738638,-0.8820480249558537,0.8660254037844386,0.5000000000000001
2025-06-03 06:00:00,1.0,0.06853072024177197,85.33333333333333,75.02864875624317,83.33333333333333,7.0,29.0,1.2330556277411426,0.4711595076738638,-0.8820480249558537,0.9659258262890683,-0.25881904510252063
2025-06-03 09:00:00,1.0,0.33220288955046845,87.33333333333333,60.00561030721318,68.0,8.666666666666666,29.0,0.3338516618643293,0.4711595076738638,-0.8820480249558537,0.49999999999999994,-0.8660254037844387
2025-06-03 12:00:00,1.0,0.09051813078458198,80.0,29.985836123987582,84.33333333333333,5.333333333333333,29.0,0.26818408044333747,0.4711595076738638,-0.8820480249558537,-0.2588190451025208,-0.9659258262890683
2025-06-03 15:00:00,0.0,1.0026205320901327,80.0,74.97029855036023,80.0,5.666666666666667,29.0,0.8002475678201114,0.4711595076738638,-0.8820480249558537,-0.8660254037844385,-0.5000000000000004
2025-06-03 18:00:00,1.0,0.3343014694922246,83.33333333333333,67.52090298086024,74.0,8.0,29.0,0.9696638463359776,0.4711595076738638,-0.8820480249558537,-0.9659258262890684,0.2588190451025203
2025-06-03 21:00:00,1.0,0.48724312570326017,82.0,67.49761075559685,76.0,4.0,29.0,1.2345721444290614,0.4711595076738638,-0.8820480249558537,-0.5000000000000004,0.8660254037844384
2025-06-04 00:00:00,1.0,0.11974461290872566,80.33333333333333,30.0131149512718,81.66666666666667,4.666666666666667,29.0,0.8014576725946009,0.4559066935084588,-0.8900275764346767,0.25881904510252074,0.9659258262890683
2025-06-04 03:00:00,1.0,0.12655441318295554,85.66666666666667,104.95532575945144,60.666666666666664,12.333333333333334,29.0,1.2991895092754155,0.4559066935084588,-0.8900275764346767,0.8660254037844386,0.5000000000000001
2025-06-04 06:00:00,1.0,0.15168926470288577,80.66666666666667,60.03632996317188,89.33333333333333,4.333333333333333,29.0,1.4290012545009867,0.4559066935084588,-0.8900275764346767,0.9659258262890683,-0.25881904510252063
2025-06-04 09:00:00,0.0,0.9146335136624277,77.66666666666667,67.46795636625156,89.0,5.666666666666667,29.0,0.7991166559435672,0.4559066935084588,-0.8900275764346767,0.49999999999999994,-0.8660254037844387
2025-06-04 12:00:00,1.0,0.49434866118184273,76.66666666666667,67.5268709961631,72.33333333333333,10.666666666666666,29.0,0.7380316026112576,0.4559066935084588,-0.8900275764346767,-0.2588190451025208,-0.9659258262890683
2025-06-04 15:00:00,1.0,0.3325518990709895,81.66666666666667,104.96928905347339,84.33333333333333,7.666666666666667,29.0,0.8002819733513556,0.4559066935084588,-0.8900275764346767,-0.8660254037844385,-0.5000000000000004
2025-06-04 18:00:00,0.0,0.49003881474327565,78.66666666666667,0.013815855197843426,90.66666666666667,0.0,29.0,1.0667487840370933,0.4559066935084588,-0.8900275764346767,-0.9659258262890684,0.2588190451025203
2025-06-04 21:00:00,0.0,0.7513623164229296,80.66666666666667,105.21293634518064,82.33333333333333,3.0,29.0,0.4334965158865119,0.4559066935084588,-0.8900275764346767,-0.5000000000000004,0.8660254037844384
2025-06-05 00:00:00,1.0,0.48633668620007253,81.66666666666667,165.2056198898768,77.66666666666667,8.0,29.0,1.2000214565522767,0.440518784350495,-0.8977433935342337,0.25881904510252074,0.9659258262890683
2025-06-05 03:00:00,0.0,0.8310825277323014,81.0,60.005553868477016,80.33333333333333,6.666666666666667,29.0,0.8003772485970376,0.440518784350495,-0.8977433935342337,0.8660254037844386,0.5000000000000001
2025-06-05 06:00:00,0.0,0.5855539836574829,79.33333333333333,37.49154326723396,86.33333333333333,5.333333333333333,29.0,0.43423061259251877,0.440518784350495,-0.8977433935342337,0.9659258262890683,-0.25881904510252063
2025-06-05 09:00:00,0.0,0.7477616255361397,80.0,37.44024053313352,86.33333333333333,6.0,29.0,0.2669686458662971,0.440518784350495,-0.8977433935342337,0.49999999999999994,-0.8660254037844387
2025-06-05 12:00:00,0.0,0.5641068733207495,79.0,52.469361131109686,82.66666666666667,7.0,29.0,0.1669905219371494,0.440518784350495,-0.8977433935342337,-0.2588190451025208,-0.9659258262890683
2025-06-05 15:00:00,0.0,0.7509966102879868,80.0,52.51091555622971,80.33333333333333,6.666666666666667,29.0,0.9671956230640345,0.440518784350495,-0.8977433935342337,-0.8660254037844385,-0.5000000000000004
2025-06-05 18:00:00,1.0,0.42493006913226183,80.66666666666667,67.51855011595275,77.0,7.333333333333333,29.0,0.16781073918032363,0.440518784350495,-0.8977433935342337,-0.9659258262890684,0.2588190451025203
2025-06-05 21:00:00,0.0,0.9171066665269422,76.33333333333333,37.5115371887829,90.66666666666667,2.0,29.0,0.26731448957051446,0.440518784350495,-0.8977433935342337,-0.5000000000000004,0.8660254037844384
2025-06-06 00:00:00,0.0,0.5867241735330324,79.33333333333333,37.51559878457554,82.33333333333333,5.333333333333333,29.0,0.16732892923451134,0.42500033996955416,-0.9051931898913974,0.25881904510252074,0.9659258262890683
2025-06-06 03:00:00,1.0,0.07336445947941815,78.66666666666667,89.99421193318881,84.66666666666667,13.0,29.0,1.5971748940015054,0.42500033996955416,-0.9051931898913974,0.8660254037844386,0.5000000000000001
2025-06-06 06:00:00,0.0,1.0031736183090054,77.66666666666667,-0.04574402850209249,92.33333333333333,0.0,29.0,0.2685645747878655,0.42500033996955416,-0.9051931898913974,0.9659258262890683,-0.25881904510252063
2025-06-06 09:00:00,0.0,0.6682993248997924,77.0,-0.026502511880651308,89.33333333333333,0.0,29.0,1.3348955421341497,0.42500033996955416,-0.9051931898913974,0.49999999999999994,-0.8660254037844387
2025-06-06 12:00:00,0.0,0.9160157406690363,82.0,37.5167292042838,79.33333333333333,5.333333333333333,29.0,0.9662667241089885,0.42500033996955416,-0.9051931898913974,-0.2588190451025208,-0.9659258262890683
2025-06-06 15:00:00,0.0,0.9173689942603567,71.0,-0.006977535463132072,94.0,0.0,29.0,0.16800907800239587,0.42500033996955416,-0.9051931898913974,-0.8660254037844385,-0.5000000000000004
2025-06-06 18:00:00,0.0,0.6672433146742679,79.66666666666667,67.49503983216727,90.66666666666667,4.0,29.0,4.1172714603021415e-05,0.42500033996955416,-0.9051931898913974,-0.9659258262890684,0.2588190451025203
2025-06-06 21:00:00,1.0,-0.01849324512192481,81.0,145.42198952327234,79.0,5.666666666666667,29.0,1.2347805318082663,0.42500033996955416,-0.9051931898913974,-0.5000000000000004,0.8660254037844384
2025-06-07 00:00:00,0.0,0.5854018676538907,83.66666666666667,112.44390010427082,76.33333333333333,10.666666666666666,29.0,2.4606203757610943,0.4093559588156213,-0.9123747579707273,0.25881904510252074,0.9659258262890683
2025-06-07 03:00:00,1.0,0.33330261524065363,82.33333333333333,67.49285189395852,74.33333333333333,6.0,29.0,0.7358297731319018,0.4093559588156213,-0.9123747579707273,0.8660254037844386,0.5000000000000001
2025-06-07 06:00:00,1.0,0.3354114007022274,81.0,29.988959091850575,82.66666666666667,0.0,29.0,0.533692285568038,0.4093559588156213,-0.9123747579707273,0.9659258262890683,-0.25881904510252063
2025-06-07 09:00:00,1.0,0.09326632603398866,84.33333333333333,140.2299120745206,75.33333333333333,5.666666666666667,29.0,0.6005282356649663,0.4093559588156213,-0.9123747579707273,0.49999999999999994,-0.8660254037844387
2025-06-07 12:00:00,0.0,0.8330956006286617,85.0,52.47003391248567,70.66666666666667,9.0,29.0,0.9650396869379964,0.4093559588156213,-0.9123747579707273,-0.2588190451025208,-0.9659258262890683
2025-06-07 15:00:00,0.0,0.8361980901425701,76.33333333333333,0.0017925711713255691,96.33333333333333,0.0,29.0,0.16706801776288702,0.4093559588156213,-0.9123747579707273,-0.8660254037844385,-0.5000000000000004
2025-06-07 18:00:00,1.0,0.05769237240411291,80.0,67.47626996641202,77.33333333333333,7.0,29.0,1.0684315591979623,0.4093559588156213,-0.9123747579707273,-0.9659258262890684,0.2588190451025203
2025-06-07 21:00:00,1.0,0.10289284463673043,82.33333333333333,67.45463744824941,71.0,8.333333333333334,29.0,1.3322945424181154,0.4093559588156213,-0.9123747579707273,-0.5000000000000004,0.8660254037844384
2025-06-08 00:00:00,0.0,0.6661134025239012,77.66666666666667,29.988277633470904,89.0,2.0,29.0,0.8000896569528889,0.39359027665646673,-0.9192859697186104,0.25881904510252074,0.9659258262890683
2025-06-08 03:00:00,1.0,0.1470291635304019,80.66666666666667,44.9787790686764,82.66666666666667,2.0,29.0,0.16748115508682251,0.39359027665646673,-0.9192859697186104,0.8660254037844386,0.5000000000000001
2025-06-08 06:00:00,0.0,0.9999257276855018,80.0,123.01370351329541,79.66666666666667,5.0,29.0,0.9674281763470547,0.39359027665646673,-0.9192859697186104,0.9659258262890683,-0.25881904510252063
2025-06-08 09:00:00,0.0,0.7494140289118543,82.33333333333333,112.49313890070209,83.0,6.0,29.0,1.8647688724705922,0.39359027665646673,-0.9192859697186104,0.49999999999999994,-0.8660254037844387
2025-06-08 12:00:00,0.0,0.6696702774972542,84.33333333333333,82.54279233561878,65.0,6.666666666666667,29.0,0.16699990883349122,0.39359027665646673,-0.9192859697186104,-0.2588190451025208,-0.9659258262890683
2025-06-08 15:00:00,1.0,0.3933339973070983,80.66666666666667,44.95742875720389,87.33333333333333,1.0,29.0,0.9665646229530255,0.39359027665646673,-0.9192859697186104,-0.8660254037844385,-0.5000000000000004
2025-06-08 18:00:00,0.0,0.6654369016075569,78.0,67.51635037632559,78.66666666666667,4.666666666666667,29.0,1.2334899762425644,0.39359027665646673,-0.9192859697186104,-0.9659258262890684,0.2588190451025203
2025-06-08 21:00:00,1.0,0.3340319578818896,84.33333333333333,97.54235243251871,71.33333333333333,12.0,29.0,1.1690988286932855,0.39359027665646673,-0.9192859697186104,-0.5000000000000004,0.8660254037844384
2025-06-09 00:00:00,1.0,0.44791172245759514,79.0,108.66963286574217,82.33333333333333,5.0,29.0,0.5007590440162972,0.3777079652039649,-0.9259247771938498,0.25881904510252074,0.9659258262890683
2025-06-09 03:00:00,1.0,0.12358695171786958,78.0,37.54130356999324,84.33333333333333,4.666666666666667,29.0,0.16823450536438556,0.3777079652039649,-0.9259247771938498,0.8660254037844386,0.5000000000000001
2025-06-09 06:00:00,0.0,0.6652099843396477,80.66666666666667,37.50120764014058,82.0,4.666666666666667,29.0,0.16681389081603795,0.3777079652039649,-0.9259247771938498,0.9659258262890683,-0.25881904510252063
2025-06-09 09:00:00,1.0,0.42838066700829247,83.66666666666667,59.999096852001124,74.0,6.666666666666667,29.0,1.7659098664400348,0.3777079652039649,-0.9259247771938498,0.49999999999999994,-0.8660254037844387
2025-06-09 12:00:00,0.0,0.5137732372843764,82.33333333333333,97.35144180596423,79.33333333333333,3.0,29.0,0.43447687558914366,0.3777079652039649,-0.9259247771938498,-0.2588190451025208,-0.9659258262890683
2025-06-09 15:00:00,1.0,0.455978561381926,82.0,111.73612657342737,80.33333333333333,5.0,29.0,0.4344391716852371,0.3777079652039649,-0.9259247771938498,-0.8660254037844385,-0.5000000000000004
2025-06-09 18:00:00,1.0,0.4200526323659834,77.66666666666667,29.997054704611255,92.33333333333333,5.333333333333333,29.0,0.5004625754498195,0.3777079652039649,-0.9259247771938498,-0.9659258262890684,0.2588190451025203
2025-06-09 21:00:00,0.0,0.8341690319324622,77.0,29.9731278483185,82.66666666666667,4.0,29.0,0.9681617905979761,0.3777079652039649,-0.9259247771938498,-0.5000000000000004,0.8660254037844384
2025-06-10 00:00:00,0.0,0.3347537173559707,82.33333333333333,59.990971705507484,80.0,6.666666666666667,29.0,0.9992183905658459,0.36171373072976765,-0.9322892131745133,0.25881904510252074,0.9659258262890683
2025-06-10 03:00:00,1.0,0.05637999321399574,83.0,97.46886217004787,74.33333333333333,10.0,29.0,0.5003878012508701,0.36171373072976765,-0.9322892131745133,0.8660254037844386,0.5000000000000001
2025-06-10 06:00:00,0.0,0.8312143370214773,81.66666666666667,60.01349998645927,83.66666666666667,8.0,29.0,1.0007712197731253,0.36171373072976765,-0.9322892131745133,0.9659258262890683,-0.25881904510252063
2025-06-10 09:00:00,1.0,0.336198345782234,80.33333333333333,59.9870173411633,83.0,7.333333333333333,29.0,1.2339840955667911,0.36171373072976765,-0.9322892131745133,0.49999999999999994,-0.8660254037844387
2025-06-10 12:00:00,0.0,0.751432317506485,79.0,30.007697645628394,86.66666666666667,4.666666666666667,29.0,0.2669794196291359,0.36171373072976765,-0.9322892131745133,-0.2588190451025208,-0.9659258262890683
2025-06-10 15:00:00,1.0,0.38943701277950443,82.33333333333333,60.01663001097099,72.33333333333333,8.666666666666666,29.0,0.0005860629407660543,0.36171373072976765,-0.9322892131745133,-0.8660254037844385,-0.5000000000000004
2025-06-10 18:00:00,1.0,0.08343093664367893,78.33333333333333,59.99532817747232,92.33333333333333,4.333333333333333,29.0,0.1668388111884658,0.36171373072976765,-0.9322892131745133,-0.9659258262890684,0.2588190451025203
2025-06-10 21:00:00,1.0,0.1291764843096645,82.66666666666667,97.48519086220381,79.0,8.0,29.0,2.405110780658418,0.36171373072976765,-0.9322892131745133,-0.5000000000000004,0.8660254037844384
2025-06-11 00:00:00,1.0,0.33457099208339725,83.0,74.93763746260646,79.33333333333333,6.0,29.0,0.0005861149370673739,0.3456123126707335,-0.9383773917408641,0.25881904510252074,0.9659258262890683
2025-06-11 03:00:00,0.0,0.9136604128451445,82.33333333333333,97.47852657982094,73.33333333333333,12.666666666666666,29.0,1.00098720242984,0.3456123126707335,-0.9383773917408641,0.8660254037844386,0.5000000000000001
2025-06-11 06:00:00,0.0,0.5066613617902709,81.33333333333333,97.45136906732552,80.33333333333333,8.0,29.0,0.0008566639609430751,0.3456123126707335,-0.9383773917408641,0.9659258262890683,-0.25881904510252063
2025-06-11 09:00:00,1.0,0.4773131333329397,77.66666666666667,29.998918175178698,90.0,2.0,29.0,0.3336049280793513,0.3456123126707335,-0.9383773917408641,0.49999999999999994,-0.8660254037844387
2025-06-11 12:00:00,1.0,0.45764899141055543,80.0,0.02788945936755886,84.66666666666667,0.0,29.0,0.26803639384808686,0.3456123126707335,-0.9383773917408641,-0.2588190451025208,-0.9659258262890683
2025-06-11 15:00:00,1.0,0.14049075323273194,86.33333333333333,97.52854887494543,62.666666666666664,10.333333333333334,29.0,0.16631454379003727,0.3456123126707335,-0.9383773917408641,-0.8660254037844385,-0.5000000000000004
2025-06-11 18:00:00,0.0,0.666171888880362,83.33333333333333,67.45935690652709,77.33333333333333,6.0,29.0,0.4998612510096163,0.3456123126707335,-0.9383773917408641,-0.9659258262890684,0.2588190451025203
2025-06-11 21:00:00,0.0,0.4847425815311623,81.33333333333333,60.01340986424402,84.33333333333333,6.666666666666667,29.0,0.1673668230844719,0.3456123126707335,-0.9383773917408641,-0.5000000000000004,0.8660254037844384
2025-06-12 00:00:00,1.0,0.43469944735883975,86.33333333333333,147.19653524017272,68.0,9.0,29.0,0.6007744407622051,0.3294084822245304,-0.9441875088341993,0.25881904510252074,0.9659258262890683
2025-06-12 03:00:00,0.0,0.9192427799249624,78.66666666666667,29.993610980277555,78.0,4.666666666666667,29.0,0.1675140923800882,0.3294084822245304,-0.9441875088341993,0.8660254037844386,0.5000000000000001
2025-06-12 06:00:00,0.0,0.5840904288018623,79.33333333333333,67.47902024671231,76.66666666666667,6.333333333333333,29.0,0.7982526888126172,0.3294084822245304,-0.9441875088341993,0.9659258262890683,-0.25881904510252063
2025-06-12 09:00:00,1.0,0.451054747608592,80.0,67.51208234308083,84.33333333333333,5.0,29.0,1.4225606398509898,0.3294084822245304,-0.9441875088341993,0.49999999999999994,-0.8660254037844387
2025-06-12 12:00:00,0.0,0.5851318584905639,81.33333333333333,74.9413494646991,79.33333333333333,6.666666666666667,29.0,0.16725789429802065,0.3294084822245304,-0.9441875088341993,-0.2588190451025208,-0.9659258262890683
2025-06-12 15:00:00,0.0,0.9201367688408008,78.0,30.028099826935144,87.66666666666667,2.0,29.0,0.534668152705227,0.3294084822245304,-0.9441875088341993,-0.8660254037844385,-0.5000000000000004
2025-06-12 18:00:00,1.0,0.33592888227623774,84.66666666666667,30.025038943044724,74.66666666666667,5.333333333333333,29.0,0.8006679866015894,0.3294084822245304,-0.9441875088341993,-0.9659258262890684,0.2588190451025203
2025-06-12 21:00:00,0.0,0.5834005678987806,81.0,89.88902213775175,77.33333333333333,7.333333333333333,29.0,1.2334432818472942,0.3294084822245304,-0.9441875088341993,-0.5000000000000004,0.8660254037844384
2025-06-13 00:00:00,1.0,0.09807132503624992,83.0,112.5569975592256,76.66666666666667,9.0,29.0,0.967338979831507,0.3131070409358269,-0.9497178427914316,0.25881904510252074,0.9659258262890683
2025-06-13 03:00:00,1.0,0.3329500251429405,83.0,59.97896697546048,70.66666666666667,10.333333333333334,29.0,0.9689797469678947,0.3131070409358269,-0.9497178427914316,0.8660254037844386,0.5000000000000001
2025-06-13 06:00:00,0.0,0.8340109072912391,75.66666666666667,44.930910411758326,92.33333333333333,2.0,29.0,0.8028776952490563,0.3131070409358269,-0.9497178427914316,0.9659258262890683,-0.25881904510252063
2025-06-13 09:00:00,1.0,0.12513685771854297,80.0,30.036418268561363,85.0,3.0,29.0,1.1728614286807535,0.3131070409358269,-0.9497178427914316,0.49999999999999994,-0.8660254037844387
2025-06-13 12:00:00,1.0,0.42003791491976356,80.0,29.996660512860387,81.0,5.0,29.0,0.16702207653386422,0.3131070409358269,-0.9497178427914316,-0.2588190451025208,-0.9659258262890683
2025-06-13 15:00:00,1.0,0.2478846844864522,84.33333333333333,97.51054074248269,81.0,9.666666666666666,29.0,0.33362023078193154,0.3131070409358269,-0.9497178427914316,-0.8660254037844385,-0.5000000000000004
2025-06-13 18:00:00,1.0,0.0758010799402048,85.33333333333333,89.98111041297891,67.33333333333333,13.666666666666666,29.0,0.1677755299882385,0.3131070409358269,-0.9497178427914316,-0.9659258262890684,0.2588190451025203
2025-06-13 21:00:00,1.0,0.16260176942309362,84.66666666666667,67.53813571579735,81.66666666666667,6.666666666666667,29.0,0.26789633286281916,0.3131070409358269,-0.9497178427914316,-0.5000000000000004,0.8660254037844384
2025-06-14 00:00:00,0.0,0.5055757498941915,79.66666666666667,30.002559571114926,87.66666666666667,2.6666666666666665,29.0,1.1362126488286597,0.29671281927349075,-0.9549667548552551,0.25881904510252074,0.9659258262890683
2025-06-14 03:00:00,1.0,0.3322692056313268,79.0,67.48875431873623,76.0,5.0,29.0,1.066509874072669,0.29671281927349075,-0.9549667548552551,0.8660254037844386,0.5000000000000001
2025-06-14 06:00:00,1.0,0.33652824726699726,81.33333333333333,82.42192301417207,77.0,3.0,29.0,0.16637104433878458,0.29671281927349075,-0.9549667548552551,0.9659258262890683,-0.25881904510252063
2025-06-14 09:00:00,0.0,0.7495045399656605,82.66666666666667,67.50183614313228,80.0,7.0,29.0,0.3336228828406731,0.29671281927349075,-0.9549667548552551,0.49999999999999994,-0.8660254037844387
2025-06-14 12:00:00,1.0,0.40405694340333903,85.0,60.00667064553972,74.33333333333333,7.0,29.0,0.7015285212572545,0.29671281927349075,-0.9549667548552551,-0.2588190451025208,-0.9659258262890683
2025-06-14 15:00:00,1.0,0.11712072576437114,80.0,67.48454907350322,78.33333333333333,4.0,29.0,0.26739684890507615,0.29671281927349075,-0.9549667548552551,-0.8660254037844385,-0.5000000000000004
2025-06-14 18:00:00,0.0,0.751666015754267,77.66666666666667,29.97047300239247,90.33333333333333,1.0,29.0,1.262363041130773,0.29671281927349075,-0.9549667548552551,-0.9659258262890684,0.2588190451025203
2025-06-14 21:00:00,1.0,0.17456051151584898,83.66666666666667,67.54676001114878,70.0,4.0,29.0,0.3346563369099078,0.29671281927349075,-0.9549667548552551,-0.5000000000000004,0.8660254037844384
2025-06-15 00:00:00,0.0,0.6678978857799104,83.0,104.97688604996574,79.33333333333333,6.0,29.0,1.1464558966458667,0.28023067519921585,-0.9599326896597447,0.25881904510252074,0.9659258262890683
2025-06-15 03:00:00,0.0,0.7513225838018115,78.66666666666667,29.979810373472308,78.0,7.0,29.0,0.7999375441846225,0.28023067519921585,-0.9599326896597447,0.8660254037844386,0.5000000000000001
2025-06-15 06:00:00,1.0,0.40936757368189064,80.0,90.05173482126277,81.66666666666667,3.6666666666666665,29.0,0.8014133180628459,0.28023067519921585,-0.9599326896597447,0.9659258262890683,-0.25881904510252063
2025-06-15 09:00:00,0.0,0.8363951070149384,80.0,115.54656172214789,82.66666666666667,7.0,29.0,1.235415459318789,0.28023067519921585,-0.9599326896597447,0.49999999999999994,-0.8660254037844387
2025-06-15 12:00:00,0.0,0.8326537652419508,79.33333333333333,44.99633622804759,88.0,6.333333333333333,29.0,1.1284054898479734,0.28023067519921585,-0.9599326896597447,-0.2588190451025208,-0.9659258262890683
2025-06-15 15:00:00,0.0,0.6670783336023351,80.0,-0.004240970460382379,86.0,0.0,29.0,0.16603888081915857,0.28023067519921585,-0.9599326896597447,-0.8660254037844385,-0.5000000000000004
2025-06-15 18:00:00,0.0,0.5855414903926529,85.33333333333333,112.48426090006717,67.0,12.666666666666666,29.0,0.1672254552344752,0.28023067519921585,-0.9599326896597447,-0.9659258262890684,0.2588190451025203
2025-06-15 21:00:00,0.0,0.6674128149011537,82.33333333333333,97.4909760170927,79.0,5.333333333333333,29.0,1.2993651040401188,0.28023067519921585,-0.9599326896597447,-0.5000000000000004,0.8660254037844384
2025-06-16 00:00:00,1.0,0.44154425877229647,77.66666666666667,-0.03174726012571277,90.0,0.0,29.0,0.6008155246334532,0.26366549272800704,-0.9646141756912435,0.25881904510252074,0.9659258262890683
2025-06-16 03:00:00,0.0,0.7511081376944664,79.33333333333333,83.45099806866143,87.33333333333333,3.3333333333333335,29.0,1.8688315405668223,0.26366549272800704,-0.9646141756912435,0.8660254037844386,0.5000000000000001
2025-06-16 06:00:00,1.0,0.11972525902596709,80.0,117.18482407222568,87.66666666666667,3.3333333333333335,29.0,1.1585025480883562,0.26366549272800704,-0.9646141756912435,0.9659258262890683,-0.25881904510252063
2025-06-16 09:00:00,1.0,0.14856056236890122,78.0,89.97104183138204,90.66666666666667,8.0,29.0,1.0349680240779384,0.26366549272800704,-0.9646141756912435,0.49999999999999994,-0.8660254037844387
2025-06-16 12:00:00,1.0,0.25132252766086516,84.33333333333333,67.50230810816375,73.33333333333333,6.666666666666667,29.0,0.33408115709288744,0.26366549272800704,-0.9646141756912435,-0.2588190451025208,-0.9659258262890683
2025-06-16 15:00:00,0.0,0.509689336183856,85.33333333333333,97.5434442833078,69.66666666666667,8.666666666666666,29.0,1.232023265051953,0.26366549272800704,-0.9646141756912435,-0.8660254037844385,-0.5000000000000004
2025-06-16 18:00:00,0.0,0.5846533538507187,80.33333333333333,111.15159160933466,75.33333333333333,7.666666666666667,29.0,0.3344793434749231,0.26366549272800704,-0.9646141756912435,-0.9659258262890684,0.2588190451025203
2025-06-16 21:00:00,0.0,0.9188317709760783,79.33333333333333,29.982085538428517,86.33333333333333,2.6666666666666665,29.0,0.0008287237817422834,0.26366549272800704,-0.9646141756912435,-0.5000000000000004,0.8660254037844384
2025-06-17 00:00:00,1.0,0.2512160444684117,80.66666666666667,112.4598845680074,73.33333333333333,10.0,29.0,0.8634391187122471,0.24702218048093552,-0.9690098257244062,0.25881904510252074,0.9659258262890683
2025-06-17 03:00:00,1.0,0.4229246518889787,77.0,29.987566010118886,92.33333333333333,2.0,29.0,0.7986253993143232,0.24702218048093552,-0.9690098257244062,0.8660254037844386,0.5000000000000001
2025-06-17 06:00:00,1.0,0.44038643502550845,79.33333333333333,59.99920787304506,70.33333333333333,4.666666666666667,29.0,1.0671964004497774,0.24702218048093552,-0.9690098257244062,0.9659258262890683,-0.25881904510252063
2025-06-17 09:00:00,1.0,0.1144571577858545,85.0,59.996934495491814,69.0,6.333333333333333,29.0,0.50195028384356,0.24702218048093552,-0.9690098257244062,0.49999999999999994,-0.8660254037844387
2025-06-17 12:00:00,1.0,0.10135844974627431,83.0,67.48230492424682,72.0,8.333333333333334,29.0,0.16673595041838374,0.24702218048093552,-0.9690098257244062,-0.2588190451025208,-0.9659258262890683
2025-06-17 15:00:00,1.0,0.497352634624441,76.33333333333333,0.0059271024525824395,92.33333333333333,0.0,29.0,5.1484380123604906e-05,0.24702218048093552,-0.9690098257244062,-0.8660254037844385,-0.5000000000000004
2025-06-17 18:00:00,1.0,0.15170816033820106,83.66666666666667,135.28089573565586,76.33333333333333,6.0,29.0,0.5335830880240728,0.24702218048093552,-0.9690098257244062,-0.9659258262890684,0.2588190451025203
2025-06-17 21:00:00,0.0,1.003679574007477,78.66666666666667,67.46365787257302,90.66666666666667,4.0,29.0,1.795198584502111,0.24702218048093552,-0.9690098257244062,-0.5000000000000004,0.8660254037844384
2025-06-18 00:00:00,1.0,0.0982395431732945,82.0,106.68465020154186,73.33333333333333,10.333333333333334,29.0,0.16693054700182852,0.23030567023061221,-0.9731183372332619,0.25881904510252074,0.9659258262890683
2025-06-18 03:00:00,0.0,0.9171295609921032,83.66666666666667,109.67807950397741,76.66666666666667,6.666666666666667,29.0,1.1338198099212462,0.23030567023061221,-0.9731183372332619,0.8660254037844386,0.5000000000000001
2025-06-18 06:00:00,1.0,0.10125404735384941,80.0,82.47040085498976,84.66666666666667,6.0,29.0,0.7316081170822445,0.23030567023061221,-0.9731183372332619,0.9659258262890683,-0.25881904510252063
2025-06-18 09:00:00,1.0,0.4599310806472484,77.0,-0.01793386436408943,94.0,0.0,29.0,0.16725191223945082,0.23030567023061221,-0.9731183372332619,0.49999999999999994,-0.8660254037844387
2025-06-18 12:00:00,1.0,0.10429335867076021,84.0,37.47945997986914,71.66666666666667,4.0,29.0,0.16697892981902182,0.23030567023061221,-0.9731183372332619,-0.2588190451025208,-0.9659258262890683
2025-06-18 15:00:00,0.0,0.7498734125239963,75.0,37.46948498054362,88.66666666666667,2.0,29.0,0.0005126127111293592,0.23030567023061221,-0.9731183372332619,-0.8660254037844385,-0.5000000000000004
2025-06-18 18:00:00,0.0,0.833930000005573,78.66666666666667,29.987775785157364,88.0,4.0,29.0,0.8010171370258418,0.23030567023061221,-0.9731183372332619,-0.9659258262890684,0.2588190451025203
2025-06-18 21:00:00,0.0,0.6662119574693312,79.33333333333333,29.959955941417405,84.0,4.0,29.0,0.43447829026073975,0.23030567023061221,-0.9731183372332619,-0.5000000000000004,0.8660254037844384
2025-06-19 00:00:00,0.0,0.9170576376308445,85.0,74.95065509945933,75.0,6.666666666666667,29.0,0.16676075598707055,0.21352091543979612,-0.9769384927771817,0.25881904510252074,0.9659258262890683
2025-06-19 03:00:00,1.0,0.12335791662845355,81.33333333333333,82.4522815020685,63.666666666666664,8.333333333333334,29.0,1.068226527485983,0.21352091543979612,-0.9769384927771817,0.8660254037844386,0.5000000000000001
2025-06-19 06:00:00,1.0,0.09638738053872957,80.66666666666667,44.981825266907755,80.33333333333333,1.6666666666666667,29.0,0.33394855355997405,0.21352091543979612,-0.9769384927771817,0.9659258262890683,-0.25881904510252063
2025-06-19 09:00:00,0.0,0.9167896763807426,77.66666666666667,37.49820398029725,90.66666666666667,4.0,29.0,1.0674304351887343,0.21352091543979612,-0.9769384927771817,0.49999999999999994,-0.8660254037844387
2025-06-19 12:00:00,1.0,0.116121325806427,78.66666666666667,67.53423527451636,82.33333333333333,6.0,29.0,0.6015084782491779,0.21352091543979612,-0.9769384927771817,-0.2588190451025208,-0.9659258262890683
2025-06-19 15:00:00,0.0,0.5828089653322718,82.33333333333333,89.92943108788153,83.0,6.666666666666667,29.0,0.5999355233356362,0.21352091543979612,-0.9769384927771817,-0.8660254037844385,-0.5000000000000004
2025-06-19 18:00:00,1.0,0.33229215107929105,80.66666666666667,60.00924591608352,82.33333333333333,6.666666666666667,29.0,0.4333779630593641,0.21352091543979612,-0.9769384927771817,-0.9659258262890684,0.2588190451025203
2025-06-19 21:00:00,1.0,0.14798197876986363,83.0,97.45910838354428,78.0,6.0,29.0,0.433920175629357,0.21352091543979612,-0.9769384927771817,-0.5000000000000004,0.8660254037844384
2025-06-20 00:00:00,0.0,0.8341020153173215,77.0,-0.012993428791081042,91.33333333333333,0.0,29.0,0.33375260773267496,0.19667288979357647,-0.980469160361632,0.25881904510252074,0.9659258262890683
2025-06-20 03:00:00,1.0,0.4944448276786478,83.0,67.55836659001632,69.0,5.333333333333333,29.0,0.4334617482729559,0.19667288979357647,-0.980469160361632,0.8660254037844386,0.5000000000000001
2025-06-20 06:00:00,1.0,0.3351295076231959,79.33333333333333,59.97891011790268,79.0,5.333333333333333,29.0,0.1676307478356257,0.19667288979357647,-0.980469160361632,0.9659258262890683,-0.25881904510252063
2025-06-20 09:00:00,1.0,0.09214426332446668,84.66666666666667,90.0187461367616,60.333333333333336,16.0,29.0,1.5324071878383156,0.19667288979357647,-0.980469160361632,0.49999999999999994,-0.8660254037844387
2025-06-20 12:00:00,1.0,0.24850780976355744,83.0,59.99828129013442,78.66666666666667,6.0,29.0,0.16720600958046802,0.19667288979357647,-0.980469160361632,-0.2588190451025208,-0.9659258262890683
2025-06-20 15:00:00,1.0,0.402032954144588,82.0,30.00818802611951,74.33333333333333,7.0,29.0,0.43336797561817747,0.19667288979357647,-0.980469160361632,-0.8660254037844385,-0.5000000000000004
2025-06-20 18:00:00,0.0,0.6681075448929099,79.66666666666667,59.96793398434949,88.66666666666667,6.666666666666667,29.0,1.2328855756303068,0.19667288979357647,-0.980469160361632,-0.9659258262890684,0.2588190451025203
2025-06-20 21:00:00,1.0,0.10717581900670255,85.33333333333333,90.02581347489627,62.0,12.333333333333334,29.0,1.2337269332269172,0.19667288979357647,-0.980469160361632,-0.5000000000000004,0.8660254037844384
2025-06-21 00:00:00,0.0,0.5820877471787461,82.0,97.47846478596468,79.66666666666667,10.0,29.0,1.3352953065762858,0.1797665857255624,-0.9837092937736097,0.25881904510252074,0.9659258262890683
2025-06-21 03:00:00,0.0,0.6656397159617329,75.0,29.983721047957953,96.0,2.3333333333333335,29.0,1.7860777754350508,0.1797665857255624,-0.9837092937736097,0.8660254037844386,0.5000000000000001
2025-06-21 06:00:00,1.0,0.4450617809811549,76.33333333333333,-0.014988833435351187,94.0,0.0,29.0,0.0015116752721570199,0.1797665857255624,-0.9837092937736097,0.9659258262890683,-0.25881904510252063
2025-06-21 09:00:00,1.0,0.13164236471831064,85.33333333333333,89.98252398016676,62.666666666666664,13.0,29.0,1.8005788859898795,0.1797665857255624,-0.9837092937736097,0.49999999999999994,-0.8660254037844387
2025-06-21 12:00:00,1.0,0.3334163855653762,74.0,52.495614675814686,72.33333333333333,9.666666666666666,29.0,0.5337721352822379,0.1797665857255624,-0.9837092937736097,-0.2588190451025208,-0.9659258262890683
2025-06-21 15:00:00,0.0,0.9167382528793055,85.66666666666667,67.47052067468711,68.0,10.333333333333334,29.0,0.16708167820355171,0.1797665857255624,-0.9837092937736097,-0.8660254037844385,-0.5000000000000004
2025-06-21 18:00:00,1.0,0.44625594655794115,80.0,-0.011477725239438262,84.0,1.0,29.0,0.43408101217813516,0.1797665857255624,-0.9837092937736097,-0.9659258262890684,0.2588190451025203
2025-06-21 21:00:00,1.0,0.09541428643555896,78.66666666666667,60.08131825649112,86.33333333333333,4.666666666666667,29.0,1.234171689308269,0.1797665857255624,-0.9837092937736097,-0.5000000000000004,0.8660254037844384
2025-06-22 00:00:00,0.0,0.8324352868767098,82.0,37.44306123701278,83.0,5.666666666666667,29.0,1.1349627270801426,0.16280701293851715,-0.986657932891657,0.25881904510252074,0.9659258262890683
2025-06-22 03:00:00,0.0,0.8338375405327364,75.66666666666667,29.970837475144,88.66666666666667,2.0,29.0,0.0010132739462120558,0.16280701293851715,-0.986657932891657,0.8660254037844386,0.5000000000000001
2025-06-22 06:00:00,1.0,0.24968208175892803,80.66666666666667,74.94539293645254,87.66666666666667,12.666666666666666,29.0,1.1899312156596613,0.16280701293851715,-0.986657932891657,0.9659258262890683,-0.25881904510252063
2025-06-22 09:00:00,0.0,0.5298925352744984,79.33333333333333,29.993854826461916,75.33333333333333,4.333333333333333,29.0,0.8027759504924746,0.16280701293851715,-0.986657932891657,0.49999999999999994,-0.8660254037844387
2025-06-22 12:00:00,1.0,0.25100890865076453,85.0,135.15428579931321,71.66666666666667,7.666666666666667,29.0,1.8664803433549062,0.16280701293851715,-0.986657932891657,-0.2588190451025208,-0.9659258262890683
2025-06-22 15:00:00,1.0,0.3362605123929405,80.66666666666667,37.51517706697595,79.0,5.333333333333333,29.0,0.9658704851751473,0.16280701293851715,-0.986657932891657,-0.8660254037844385,-0.5000000000000004
2025-06-22 18:00:00,1.0,0.4477263020332193,81.66666666666667,22.391518210661612,80.0,4.0,29.0,0.16740828287722276,0.16280701293851715,-0.986657932891657,-0.9659258262890684,0.2588190451025203
2025-06-22 21:00:00,0.0,0.7503288678136778,77.0,29.966177573368423,76.66666666666667,2.6666666666666665,29.0,0.9671215190620877,0.16280701293851715,-0.986657932891657,-0.5000000000000004,0.8660254037844384
2025-06-23 00:00:00,0.0,0.7500435313487006,81.33333333333333,67.48270619636419,76.33333333333333,5.333333333333333,29.0,0.3348350817817151,0.1457991969198751,-0.9893142039703663,0.25881904510252074,0.9659258262890683
2025-06-23 03:00:00,0.0,0.6650825269338964,81.0,82.22958278959659,77.33333333333333,10.0,29.0,0.3346779005265205,0.1457991969198751,-0.9893142039703663,0.8660254037844386,0.5000000000000001
2025-06-23 06:00:00,1.0,0.15764990606363954,84.0,112.47912567530595,81.0,7.333333333333333,29.0,0.9029033907941129,0.1457991969198751,-0.9893142039703663,0.9659258262890683,-0.25881904510252063
2025-06-23 09:00:00,1.0,0.25240859173768104,88.66666666666667,82.4295407392084,64.33333333333333,10.0,29.0,0.26819555104858894,0.1457991969198751,-0.9893142039703663,0.49999999999999994,-0.8660254037844387
2025-06-23 12:00:00,1.0,0.42303138090671033,82.66666666666667,82.51395405210309,83.0,7.666666666666667,29.0,1.1516723493135899,0.1457991969198751,-0.9893142039703663,-0.2588190451025208,-0.9659258262890683
2025-06-23 15:00:00,1.0,0.25053455119177537,83.66666666666667,104.97276788095594,73.0,10.666666666666666,29.0,-0.00023251527141558747,0.1457991969198751,-0.9893142039703663,-0.8660254037844385,-0.5000000000000004
2025-06-23 18:00:00,0.0,0.5844896982141268,77.66666666666667,37.48084058347666,92.33333333333333,2.0,29.0,0.16669923679257845,0.1457991969198751,-0.9893142039703663,-0.9659258262890684,0.2588190451025203
2025-06-23 21:00:00,1.0,0.25009342174651267,79.33333333333333,29.986249108725833,87.33333333333333,3.0,29.0,0.43444631925820104,0.1457991969198751,-0.9893142039703663,-0.5000000000000004,0.8660254037844384
2025-06-24 00:00:00,1.0,0.4377766776408876,85.66666666666667,60.01878778057547,76.33333333333333,3.6666666666666665,29.0,0.43310571979695794,0.12874817745258132,-0.99167731989929,0.25881904510252074,0.9659258262890683
2025-06-24 03:00:00,0.0,0.5557850385278089,79.33333333333333,67.46557291142686,81.66666666666667,6.666666666666667,29.0,0.3343692334920503,0.12874817745258132,-0.99167731989929,0.8660254037844386,0.5000000000000001
2025-06-24 06:00:00,0.0,0.6663550303322087,83.0,67.51012638618143,74.33333333333333,6.666666666666667,29.0,0.4326487852915995,0.12874817745258132,-0.99167731989929,0.9659258262890683,-0.25881904510252063
2025-06-24 09:00:00,1.0,0.13532693062994766,83.0,74.95411720559044,81.0,3.6666666666666665,29.0,0.4350620273516719,0.12874817745258132,-0.99167731989929,0.49999999999999994,-0.8660254037844387
2025-06-24 12:00:00,0.0,0.916242659258549,80.66666666666667,67.46158084226869,79.66666666666667,7.666666666666667,29.0,1.159883266432591,0.12874817745258132,-0.99167731989929,-0.2588190451025208,-0.9659258262890683
2025-06-24 15:00:00,1.0,0.4490504210331984,81.66666666666667,30.028192048476956,85.33333333333333,2.6666666666666665,29.0,0.5344957884018835,0.12874817745258132,-0.99167731989929,-0.8660254037844385,-0.5000000000000004
2025-06-24 18:00:00,1.0,0.11406915514973276,81.0,29.993887648501516,82.33333333333333,5.666666666666667,29.0,0.33414329207286714,0.12874817745258132,-0.99167731989929,-0.9659258262890684,0.2588190451025203
2025-06-24 21:00:00,1.0,0.2510878995633232,84.33333333333333,105.00162671539208,76.33333333333333,5.666666666666667,29.0,1.233900153496638,0.12874817745258132,-0.99167731989929,-0.5000000000000004,0.8660254037844384
2025-06-25 00:00:00,1.0,0.43286174392532006,80.0,29.988581744232334,86.33333333333333,2.3333333333333335,29.0,0.9663063760741735,0.11165900712169512,-0.993746580436178,0.25881904510252074,0.9659258262890683
2025-06-25 03:00:00,1.0,0.4205917564495011,84.66666666666667,60.05086663384119,73.0,5.666666666666667,29.0,0.4328333932705424,0.11165900712169512,-0.993746580436178,0.8660254037844386,0.5000000000000001
2025-06-25 06:00:00,0.0,0.8322162308378918,78.66666666666667,45.012335871838474,88.0,2.0,29.0,0.9683832836592625,0.11165900712169512,-0.993746580436178,0.9659258262890683,-0.25881904510252063
2025-06-25 09:00:00,0.0,0.529111154016707,78.66666666666667,67.45838613323926,84.33333333333333,6.0,29.0,0.8032080699343133,0.11165900712169512,-0.993746580436178,0.49999999999999994,-0.8660254037844387
2025-06-25 12:00:00,1.0,0.11877307929839172,81.33333333333333,67.47106609958911,82.66666666666667,3.0,29.0,0.33346929558114496,0.11165900712169512,-0.993746580436178,-0.2588190451025208,-0.9659258262890683
2025-06-25 15:00:00,0.0,0.9174983390316922,82.33333333333333,74.98308393474584,90.33333333333333,8.666666666666666,29.0,0.7331224066941271,0.11165900712169512,-0.993746580436178,-0.8660254037844385,-0.5000000000000004
2025-06-25 18:00:00,1.0,0.33319957377431303,77.0,60.03918234560396,79.33333333333333,4.0,29.0,0.3337405100116775,0.11165900712169512,-0.993746580436178,-0.9659258262890684,0.2588190451025203
2025-06-25 21:00:00,1.0,0.336074346856111,82.0,67.4985524011079,72.66666666666667,9.333333333333334,29.0,0.6022807691279338,0.11165900712169512,-0.993746580436178,-0.5000000000000004,0.8660254037844384
2025-06-26 00:00:00,1.0,0.10276257412898784,81.66666666666667,30.00087783756793,82.33333333333333,3.3333333333333335,29.0,0.16775703323682278,0.09453674981719912,-0.9955213724144752,0.25881904510252074,0.9659258262890683
2025-06-26 03:00:00,0.0,0.9194952899566518,77.66666666666667,29.99425248095223,90.66666666666667,3.3333333333333335,29.0,0.16870221987105813,0.09453674981719912,-0.9955213724144752,0.8660254037844386,0.5000000000000001
2025-06-26 06:00:00,0.0,0.75047166512692,73.33333333333333,29.96547948765429,86.33333333333333,1.0,29.0,-0.0005202978617398492,0.09453674981719912,-0.9955213724144752,0.9659258262890683,-0.25881904510252063
2025-06-26 09:00:00,1.0,0.47814771890970603,83.66666666666667,74.95659208147036,75.0,12.666666666666666,29.0,0.9674854764315257,0.09453674981719912,-0.9955213724144752,0.49999999999999994,-0.8660254037844387
2025-06-26 12:00:00,0.0,0.9160532492034252,80.66666666666667,29.97133575608333,80.33333333333333,4.333333333333333,29.0,0.00014915449572511837,0.09453674981719912,-0.9955213724144752,-0.2588190451025208,-0.9659258262890683
2025-06-26 15:00:00,1.0,0.12225807750558645,83.66666666666667,37.52597865901402,75.33333333333333,3.0,29.0,0.500151117371613,0.09453674981719912,-0.9955213724144752,-0.8660254037844385,-0.5000000000000004
2025-06-26 18:00:00,1.0,0.1378787314913119,83.0,82.5530941203185,72.33333333333333,8.333333333333334,29.0,1.2354686387977851,0.09453674981719912,-0.9955213724144752,-0.9659258262890684,0.2588190451025203
2025-06-26 21:00:00,1.0,0.25176690367435917,83.66666666666667,74.95681847046906,78.0,5.0,29.0,0.43526508400115355,0.09453674981719912,-0.9955213724144752,-0.5000000000000004,0.8660254037844384
2025-06-27 00:00:00,0.0,0.9165719031790509,80.66666666666667,-0.006342695986958971,91.66666666666667,0.0,29.0,0.4340661038100684,0.07738647923346301,-0.9970011699250151,0.25881904510252074,0.9659258262890683
2025-06-27 03:00:00,1.0,0.054276863744396546,80.66666666666667,112.49959500203755,82.0,6.666666666666667,29.0,0.9035231583883151,0.07738647923346301,-0.9970011699250151,0.8660254037844386,0.5000000000000001
2025-06-27 06:00:00,0.0,0.9193104662801667,80.0,59.96289838848512,80.0,5.333333333333333,29.0,0.2676459335548583,0.07738647923346301,-0.9970011699250151,0.9659258262890683,-0.25881904510252063
2025-06-27 09:00:00,1.0,0.14252712566738487,83.66666666666667,74.98842689939721,65.33333333333333,9.666666666666666,29.0,0.7303406466444042,0.07738647923346301,-0.9970011699250151,0.49999999999999994,-0.8660254037844387
2025-06-27 12:00:00,1.0,0.10939254481164333,88.0,97.5079957270185,60.0,15.0,29.0,1.069524050106443,0.07738647923346301,-0.9970011699250151,-0.2588190451025208,-0.9659258262890683
2025-06-27 15:00:00,0.0,0.750432370198481,75.66666666666667,-0.024983190716100636,88.33333333333333,0.0,29.0,0.8003967282247443,0.07738647923346301,-0.9970011699250151,-0.8660254037844385,-0.5000000000000004
2025-06-27 18:00:00,0.0,0.9183481266698484,80.66666666666667,74.94994788688199,86.66666666666667,4.333333333333333,29.0,1.6683083465393524,0.07738647923346301,-0.9970011699250151,-0.9659258262890684,0.2588190451025203
2025-06-27 21:00:00,0.0,0.7496834401275116,81.33333333333333,89.98662442606503,80.0,9.0,29.0,0.4349359188930575,0.07738647923346301,-0.9970011699250151,-0.5000000000000004,0.8660254037844384
2025-06-28 00:00:00,1.0,0.336537873280577,86.66666666666667,82.47529998504653,66.33333333333333,5.666666666666667,29.0,0.6011769058481814,0.06021327736579302,-0.9981855344718586,0.25881904510252074,0.9659258262890683
2025-06-28 03:00:00,1.0,0.3326778156924273,80.66666666666667,52.49141023212036,76.0,7.333333333333333,29.0,0.9671345298283818,0.06021327736579302,-0.9981855344718586,0.8660254037844386,0.5000000000000001
2025-06-28 06:00:00,1.0,0.17055085770194314,80.0,0.026501654731212448,85.66666666666667,0.0,29.0,1.0660375930821913,0.06021327736579302,-0.9981855344718586,0.9659258262890683,-0.25881904510252063
2025-06-28 09:00:00,1.0,0.10265907762386979,86.66666666666667,90.01586822292784,70.33333333333333,11.0,29.0,0.9649046901028274,0.06021327736579302,-0.9981855344718586,0.49999999999999994,-0.8660254037844387
2025-06-28 12:00:00,1.0,0.42938000163035844,79.0,37.507632736316204,92.33333333333333,2.3333333333333335,29.0,1.0666542460962678,0.06021327736579302,-0.9981855344718586,-0.2588190451025208,-0.9659258262890683
2025-06-28 15:00:00,0.0,0.5794036427807575,82.0,67.52235841807916,71.0,6.666666666666667,29.0,1.8315794695255216e-05,0.06021327736579302,-0.9981855344718586,-0.8660254037844385,-0.5000000000000004
2025-06-28 18:00:00,1.0,0.09494821554866506,81.33333333333333,112.65788166326979,74.0,7.333333333333333,29.0,0.968762230561189,0.06021327736579302,-0.9981855344718586,-0.9659258262890684,0.2588190451025203
2025-06-28 21:00:00,0.0,0.9141226112540259,79.66666666666667,30.002870001609825,86.0,3.3333333333333335,29.0,0.1676267424253778,0.06021327736579302,-0.9981855344718586,-0.5000000000000004,0.8660254037844384
2025-06-29 00:00:00,0.0,0.7500713817814071,77.66666666666667,29.99085991759515,85.33333333333333,2.0,29.0,0.33473309696355247,0.04302223300453059,-0.99907411510223,0.25881904510252074,0.9659258262890683
2025-06-29 03:00:00,0.0,0.4934144837978713,79.66666666666667,-0.0268022774282487,90.0,0.0,29.0,1.2348917438834521,0.04302223300453059,-0.99907411510223,0.8660254037844386,0.5000000000000001
2025-06-29 06:00:00,1.0,0.3332657256882035,81.66666666666667,115.23887053978562,80.0,5.0,29.0,0.8002211619239072,0.04302223300453059,-0.99907411510223,0.9659258262890683,-0.25881904510252063
2025-06-29 09:00:00,0.0,0.9178332767497668,78.66666666666667,67.50363011861886,84.66666666666667,1.0,29.0,0.16905692928764685,0.04302223300453059,-0.99907411510223,0.49999999999999994,-0.8660254037844387
2025-06-29 12:00:00,0.0,0.667367136217528,80.0,52.50917859785901,84.33333333333333,6.333333333333333,29.0,1.9362067151565439,0.04302223300453059,-0.99907411510223,-0.2588190451025208,-0.9659258262890683
2025-06-29 15:00:00,0.0,0.7507151445079271,85.66666666666667,59.99926330593386,69.66666666666667,9.0,29.0,0.33387464029714237,0.04302223300453059,-0.99907411510223,-0.8660254037844385,-0.5000000000000004
2025-06-29 18:00:00,0.0,0.5850399203267765,75.66666666666667,37.50540580353831,81.0,4.666666666666667,29.0,0.0011565141367841207,0.04302223300453059,-0.99907411510223,-0.9659258262890684,0.2588190451025203
2025-06-29 21:00:00,1.0,0.5114141107502757,77.66666666666667,29.95880975234996,88.0,4.0,29.0,0.4338147926287143,0.04302223300453059,-0.99907411510223,-0.5000000000000004,0.8660254037844384
2025-06-30 00:00:00,0.0,0.6677751228304327,81.33333333333333,67.48116465196745,83.0,5.666666666666667,29.0,0.4341485044062763,0.02581844022713308,-0.9996666485105112,0.25881904510252074,0.9659258262890683
2025-06-30 03:00:00,1.0,0.58382575618944,78.66666666666667,30.00969387166127,92.0,5.0,29.0,0.16723170887764796,0.02581844022713308,-0.9996666485105112,0.8660254037844386,0.5000000000000001
2025-06-30 06:00:00,1.0,0.33440407168198816,81.66666666666667,59.995322410142194,77.66666666666667,5.666666666666667,29.0,0.43543070879651574,0.02581844022713308,-0.9996666485105112,0.9659258262890683,-0.25881904510252063
2025-06-30 09:00:00,0.0,0.9964018839147394,77.66666666666667,29.94566247008512,86.33333333333333,2.0,29.0,1.5353588876546007,0.02581844022713308,-0.9996666485105112,0.49999999999999994,-0.8660254037844387
2025-06-30 12:00:00,0.0,0.7497879269119755,79.33333333333333,138.60145578962383,79.33333333333333,6.333333333333333,29.0,0.4338982861045957,0.02581844022713308,-0.9996666485105112,-0.2588190451025208,-0.9659258262890683
2025-06-30 15:00:00,1.0,0.11711326368563435,82.33333333333333,59.99287927998984,76.66666666666667,11.0,29.0,0.4345295574448816,0.02581844022713308,-0.9996666485105112,-0.8660254037844385,-0.5000000000000004
2025-06-30 18:00:00,0.0,0.5843693156833211,79.66666666666667,29.996037258791734,80.0,5.0,29.0,1.0008580394389022,0.02581844022713308,-0.9996666485105112,-0.9659258262890684,0.2588190451025203
2025-06-30 21:00:00,0.0,0.914648344860739,84.0,67.48573015981475,79.33333333333333,6.666666666666667,29.0,0.9665593719960968,0.02581844022713308,-0.9996666485105112,-0.5000000000000004,0.8660254037844384
2025-07-01 00:00:00,1.0,0.0751280407940941,83.66666666666667,59.97152730058804,72.33333333333333,6.666666666666667,29.0,0.4335917474522455,0.008606996888688698,-0.9999629591162655,0.25881904510252074,0.9659258262890683
2025-07-01 03:00:00,1.0,0.24948480483645544,83.66666666666667,105.011720995765,73.0,7.666666666666667,29.0,1.8661355688570194,0.008606996888688698,-0.9999629591162655,0.8660254037844386,0.5000000000000001
2025-07-01 06:00:00,1.0,0.3374506585756076,85.33333333333333,82.45175463567803,77.66666666666667,5.666666666666667,29.0,1.000465162943491,0.008606996888688698,-0.9999629591162655,0.9659258262890683,-0.25881904510252063
2025-07-01 09:00:00,0.0,0.7495127553918297,81.33333333333333,29.977205522633753,79.66666666666667,4.666666666666667,29.0,0.5333055814384416,0.008606996888688698,-0.9999629591162655,0.49999999999999994,-0.8660254037844387
2025-07-01 12:00:00,0.0,1.0011420717889368,77.66666666666667,29.996999403049134,94.33333333333333,3.0,29.0,0.7004687046094719,0.008606996888688698,-0.9999629591162655,-0.2588190451025208,-0.9659258262890683
2025-07-01 15:00:00,0.0,0.6657597629395727,75.66666666666667,-0.014758901506829255,96.33333333333333,0.0,29.0,0.8019286106674306,0.008606996888688698,-0.9999629591162655,-0.8660254037844385,-0.5000000000000004
2025-07-01 18:00:00,0.0,0.8322706052463213,79.0,29.957728479705533,94.0,2.6666666666666665,29.0,1.067059605685704,0.008606996888688698,-0.9999629591162655,-0.9659258262890684,0.2588190451025203
2025-07-01 21:00:00,0.0,0.9190664652642649,81.33333333333333,22.489068330402898,80.0,3.3333333333333335,29.0,1.236635038334683,0.008606996888688698,-0.9999629591162655,-0.5000000000000004,0.8660254037844384
2025-07-02 00:00:00,0.0,0.9164570015973843,84.0,22.44340357372538,78.66666666666667,1.6666666666666667,29.0,0.16645677261253317,-0.008606996888688009,-0.9999629591162655,0.25881904510252074,0.9659258262890683
2025-07-02 03:00:00,1.0,0.43869519145709646,78.66666666666667,60.00057930008675,85.0,10.0,29.0,0.731784830054197,-0.008606996888688009,-0.9999629591162655,0.8660254037844386,0.5000000000000001
2025-07-02 06:00:00,0.0,0.9190893575375446,77.66666666666667,29.974709051888926,92.33333333333333,2.6666666666666665,29.0,0.0007667937200334711,-0.008606996888688009,-0.9999629591162655,0.9659258262890683,-0.25881904510252063
2025-07-02 09:00:00,0.0,0.575145468590934,81.0,104.99533197421488,78.0,10.333333333333334,29.0,0.8675730841440266,-0.008606996888688009,-0.9999629591162655,0.49999999999999994,-0.8660254037844387
2025-07-02 12:00:00,0.0,1.0000055774523708,75.66666666666667,67.46309014559756,91.33333333333333,0.0,29.0,1.0690184439596317,-0.008606996888688009,-0.9999629591162655,-0.2588190451025208,-0.9659258262890683
2025-07-02 15:00:00,1.0,0.08695424471428985,84.33333333333333,67.52290725385116,77.66666666666667,4.666666666666667,29.0,1.1672548223459902,-0.008606996888688009,-0.9999629591162655,-0.8660254037844385,-0.5000000000000004
2025-07-02 18:00:00,1.0,0.3350156242997965,82.33333333333333,109.9740604916261,80.66666666666667,5.666666666666667,29.0,1.1670615019077546,-0.008606996888688009,-0.9999629591162655,-0.9659258262890684,0.2588190451025203
2025-07-02 21:00:00,0.0,1.0065321197207706,77.0,30.006324096964818,88.66666666666667,2.0,29.0,0.4360815777372073,-0.008606996888688009,-0.9999629591162655,-0.5000000000000004,0.8660254037844384
2025-07-03 00:00:00,0.0,0.5864878044431601,83.33333333333333,37.497414889991,92.33333333333333,2.0,29.0,0.43483665490097784,-0.02581844022713239,-0.9996666485105112,0.25881904510252074,0.9659258262890683
2025-07-03 03:00:00,0.0,0.9173841909050481,80.66666666666667,89.96667565167202,82.33333333333333,5.666666666666667,29.0,0.965610177980027,-0.02581844022713239,-0.9996666485105112,0.8660254037844386,0.5000000000000001
2025-07-03 06:00:00,1.0,0.4230510191861391,78.33333333333333,30.004519652803292,88.0,5.333333333333333,29.0,0.16756071541648435,-0.02581844022713239,-0.9996666485105112,0.9659258262890683,-0.25881904510252063
2025-07-03 09:00:00,0.0,0.5146609696118757,85.66666666666667,30.00562355220244,71.66666666666667,2.6666666666666665,29.0,0.16650804727473015,-0.02581844022713239,-0.9996666485105112,0.49999999999999994,-0.8660254037844387
2025-07-03 12:00:00,1.0,0.3314091436104533,82.33333333333333,30.008734197473856,80.0,4.0,29.0,0.7008603769274738,-0.02581844022713239,-0.9996666485105112,-0.2588190451025208,-0.9659258262890683
2025-07-03 15:00:00,1.0,0.4405117635913455,82.33333333333333,45.08610097423113,80.66666666666667,2.3333333333333335,29.0,1.0672938198839608,-0.02581844022713239,-0.9996666485105112,-0.8660254037844385,-0.5000000000000004
2025-07-03 18:00:00,0.0,0.47576193452510107,85.0,112.49306820104164,67.33333333333333,8.666666666666666,29.0,0.9650247373623911,-0.02581844022713239,-0.9996666485105112,-0.9659258262890684,0.2588190451025203
2025-07-03 21:00:00,0.0,0.7488504587517785,80.0,97.48888098784151,81.33333333333333,14.666666666666666,29.0,0.7986535663714948,-0.02581844022713239,-0.9996666485105112,-0.5000000000000004,0.8660254037844384
2025-07-04 00:00:00,0.0,0.585209503199149,77.0,0.02254007618712321,86.33333333333333,0.0,29.0,0.33387458186096447,-0.04302223300453034,-0.99907411510223,0.25881904510252074,0.9659258262890683
2025-07-04 03:00:00,1.0,0.05080381202919007,81.66666666666667,22.545736991154357,81.66666666666667,3.0,29.0,0.5338639634008661,-0.04302223300453034,-0.99907411510223,0.8660254037844386,0.5000000000000001
2025-07-04 06:00:00,0.0,0.9160347591575503,80.66666666666667,22.48678785766532,82.0,4.666666666666667,29.0,0.1668734507918598,-0.04302223300453034,-0.99907411510223,0.9659258262890683,-0.25881904510252063
2025-07-04 09:00:00,1.0,0.49409171159101956,78.33333333333333,107.76374980029111,87.0,4.333333333333333,29.0,1.260775807757715,-0.04302223300453034,-0.99907411510223,0.49999999999999994,-0.8660254037844387
2025-07-04 12:00:00,1.0,0.24832147017475326,82.66666666666667,82.55791757361841,83.33333333333333,4.333333333333333,29.0,0.3341207575576355,-0.04302223300453034,-0.99907411510223,-0.2588190451025208,-0.9659258262890683
2025-07-04 15:00:00,0.0,0.4717752812031488,77.66666666666667,67.46133308181398,86.0,4.0,29.0,0.9023692169847686,-0.04302223300453034,-0.99907411510223,-0.8660254037844385,-0.5000000000000004
2025-07-04 18:00:00,1.0,0.2495735964115351,84.33333333333333,60.02271507976523,71.33333333333333,9.333333333333334,29.0,0.1673165600909985,-0.04302223300453034,-0.99907411510223,-0.9659258262890684,0.2588190451025203
2025-07-04 21:00:00,0.0,0.9996500453111574,78.66666666666667,29.97649087728573,89.33333333333333,2.6666666666666665,29.0,0.7005004621872383,-0.04302223300453034,-0.99907411510223,-0.5000000000000004,0.8660254037844384
2025-07-05 00:00:00,0.0,0.5056491569116637,84.33333333333333,90.02202795200094,66.33333333333333,9.666666666666666,29.0,0.16696970162030667,-0.060213277365792774,-0.9981855344718586,0.25881904510252074,0.9659258262890683
2025-07-05 03:00:00,0.0,0.9993343767286403,78.66666666666667,67.50019059487398,85.0,7.333333333333333,29.0,0.2678536375962432,-0.060213277365792774,-0.9981855344718586,0.8660254037844386,0.5000000000000001
2025-07-05 06:00:00,0.0,0.8334191959691025,76.33333333333333,-0.0399154424415779,90.33333333333333,0.0,29.0,0.2675239326558391,-0.060213277365792774,-0.9981855344718586,0.9659258262890683,-0.25881904510252063
2025-07-05 09:00:00,0.0,0.7498332245777873,80.66666666666667,59.96850288830695,83.0,7.333333333333333,29.0,1.0360549527941132,-0.060213277365792774,-0.9981855344718586,0.49999999999999994,-0.8660254037844387
2025-07-05 12:00:00,1.0,0.11341415266070522,82.66666666666667,97.499959957527,68.33333333333333,9.333333333333334,29.0,0.2674911182703743,-0.060213277365792774,-0.9981855344718586,-0.2588190451025208,-0.9659258262890683
2025-07-05 15:00:00,1.0,0.3313245562428507,80.33333333333333,0.018616197446763134,84.0,0.0,29.0,1.0667985214085278,-0.060213277365792774,-0.9981855344718586,-0.8660254037844385,-0.5000000000000004
2025-07-05 18:00:00,1.0,0.3334316007850885,75.66666666666667,0.04036205666923389,89.33333333333333,0.0,29.0,0.16684510330008592,-0.060213277365792774,-0.9981855344718586,-0.9659258262890684,0.2588190451025203
2025-07-05 21:00:00,1.0,0.10301638145287599,81.33333333333333,30.018383448630185,84.0,4.666666666666667,29.0,0.967158184720008,-0.060213277365792774,-0.9981855344718586,-0.5000000000000004,0.8660254037844384
2025-07-06 00:00:00,1.0,0.11010058802788601,85.0,59.985108651424895,75.33333333333333,7.666666666666667,29.0,0.4338393577838544,-0.07738647923346322,-0.9970011699250151,0.25881904510252074,0.9659258262890683
2025-07-06 03:00:00,1.0,0.2507922298233584,85.0,90.16588112508053,74.66666666666667,6.333333333333333,29.0,0.6992048767707487,-0.07738647923346322,-0.9970011699250151,0.8660254037844386,0.5000000000000001
2025-07-06 06:00:00,1.0,0.1623058735801742,82.0,60.03205486752815,78.0,3.0,29.0,1.1350624430155294,-0.07738647923346322,-0.9970011699250151,0.9659258262890683,-0.25881904510252063
2025-07-06 09:00:00,1.0,0.33349973996639976,86.33333333333333,37.447280045809926,68.33333333333333,6.0,29.0,0.43388329149121585,-0.07738647923346322,-0.9970011699250151,0.49999999999999994,-0.8660254037844387
2025-07-06 12:00:00,0.0,0.7486683436390705,83.0,104.96018678808285,74.66666666666667,6.333333333333333,29.0,0.9675931275091708,-0.07738647923346322,-0.9970011699250151,-0.2588190451025208,-0.9659258262890683
2025-07-06 15:00:00,1.0,0.12664962493259965,83.0,82.48747214823288,70.0,13.0,29.0,0.43370799219942474,-0.07738647923346322,-0.9970011699250151,-0.8660254037844385,-0.5000000000000004
2025-07-06 18:00:00,0.0,0.9183719088469088,78.33333333333333,30.01071772448282,88.33333333333333,2.0,29.0,0.8982904822639854,-0.07738647923346322,-0.9970011699250151,-0.9659258262890684,0.2588190451025203
2025-07-06 21:00:00,0.0,0.8326246303524533,77.0,59.9356987490257,88.33333333333333,3.6666666666666665,29.0,0.16728128009144097,-0.07738647923346322,-0.9970011699250151,-0.5000000000000004,0.8660254037844384
2025-07-07 00:00:00,0.0,0.4965079483241678,76.66666666666667,29.996993576175246,90.0,5.333333333333333,29.0,0.0008341589583404294,-0.09453674981719933,-0.9955213724144752,0.25881904510252074,0.9659258262890683
2025-07-07 03:00:00,0.0,0.4872189845861189,84.66666666666667,97.48138728510627,75.0,8.333333333333334,29.0,0.43370953699917036,-0.09453674981719933,-0.9955213724144752,0.8660254037844386,0.5000000000000001
2025-07-07 06:00:00,1.0,0.4135366707746614,83.0,104.98855065470906,69.33333333333333,9.333333333333334,29.0,0.33269504455502724,-0.09453674981719933,-0.9955213724144752,0.9659258262890683,-0.25881904510252063
2025-07-07 09:00:00,1.0,0.3360294937641971,80.66666666666667,52.522341183737275,80.0,6.0,29.0,1.1675945013387312,-0.09453674981719933,-0.9955213724144752,0.49999999999999994,-0.8660254037844387
2025-07-07 12:00:00,0.0,1.0057258231698012,77.0,37.50540152726449,86.0,4.0,29.0,0.16887481465144408,-0.09453674981719933,-0.9955213724144752,-0.2588190451025208,-0.9659258262890683
2025-07-07 15:00:00,0.0,0.6689947504419507,83.0,59.97488692358308,84.0,6.666666666666667,29.0,0.3333422437159666,-0.09453674981719933,-0.9955213724144752,-0.8660254037844385,-0.5000000000000004
2025-07-07 18:00:00,0.0,0.6666114643388868,73.66666666666667,0.05185743268487234,88.66666666666667,0.0,29.0,1.0678081390045244,-0.09453674981719933,-0.9955213724144752,-0.9659258262890684,0.2588190451025203
2025-07-07 21:00:00,1.0,0.4604011467749687,80.0,30.003683920462908,86.66666666666667,5.0,29.0,0.5356102082101365,-0.09453674981719933,-0.9955213724144752,-0.5000000000000004,0.8660254037844384
2025-07-08 00:00:00,0.0,0.5859213047045182,80.0,60.02239082938818,90.0,5.0,29.0,1.3349455866937527,-0.11165900712169444,-0.9937465804361781,0.25881904510252074,0.9659258262890683
2025-07-08 03:00:00,1.0,0.07214442752097663,82.66666666666667,74.95101161771971,75.66666666666667,8.666666666666666,29.0,0.8023940133746278,-0.11165900712169444,-0.9937465804361781,0.8660254037844386,0.5000000000000001
2025-07-08 06:00:00,0.0,0.5850713924147718,81.0,59.98918613306919,82.66666666666667,7.333333333333333,29.0,1.3327416120295363,-0.11165900712169444,-0.9937465804361781,0.9659258262890683,-0.25881904510252063
2025-07-08 09:00:00,1.0,0.45752571570789213,79.33333333333333,30.021520914389473,89.33333333333333,4.666666666666667,29.0,0.4341263410744735,-0.11165900712169444,-0.9937465804361781,0.49999999999999994,-0.8660254037844387
2025-07-08 12:00:00,0.0,0.8324920343880425,79.0,74.96762320094047,86.66666666666667,6.0,29.0,0.7998764441446684,-0.11165900712169444,-0.9937465804361781,-0.2588190451025208,-0.9659258262890683
2025-07-08 15:00:00,1.0,0.45276262089004565,81.66666666666667,30.022398688013727,73.0,2.6666666666666665,29.0,0.602097008752227,-0.11165900712169444,-0.9937465804361781,-0.8660254037844385,-0.5000000000000004
2025-07-08 18:00:00,0.0,0.9171999699294814,82.0,30.01931520794862,81.66666666666667,7.0,29.0,0.00027474139962537934,-0.11165900712169444,-0.9937465804361781,-0.9659258262890684,0.2588190451025203
2025-07-08 21:00:00,0.0,0.5325474123945415,80.0,67.5084911384052,74.66666666666667,10.0,29.0,0.43386925347710475,-0.11165900712169444,-0.9937465804361781,-0.5000000000000004,0.8660254037844384
2025-07-09 00:00:00,1.0,0.1315579114117278,81.33333333333333,37.516016623746815,79.0,5.0,29.0,0.33344154204823423,-0.12874817745258066,-0.99167731989929,0.25881904510252074,0.9659258262890683
2025-07-09 03:00:00,1.0,0.20875211458828657,80.0,67.3740532678783,86.33333333333333,1.0,29.0,0.5338524894273339,-0.12874817745258066,-0.99167731989929,0.8660254037844386,0.5000000000000001
2025-07-09 06:00:00,1.0,0.12233973795429487,79.33333333333333,-0.011996589772093122,89.33333333333333,0.0,29.0,0.43376860042544035,-0.12874817745258066,-0.99167731989929,0.9659258262890683,-0.25881904510252063
2025-07-09 09:00:00,0.0,0.5801087677859527,79.0,44.995194080880225,89.0,1.6666666666666667,29.0,0.8018101137628264,-0.12874817745258066,-0.99167731989929,0.49999999999999994,-0.8660254037844387
2025-07-09 12:00:00,0.0,0.6679060764909655,79.0,37.48887395932618,90.66666666666667,2.0,29.0,0.9658290228563676,-0.12874817745258066,-0.99167731989929,-0.2588190451025208,-0.9659258262890683
2025-07-09 15:00:00,0.0,0.6662082477767094,79.33333333333333,30.036253324140617,77.66666666666667,4.666666666666667,29.0,0.0013807700491197184,-0.12874817745258066,-0.99167731989929,-0.8660254037844385,-0.5000000000000004
2025-07-09 18:00:00,0.0,0.9162390515548808,82.66666666666667,67.48877585536803,70.33333333333333,7.666666666666667,29.0,0.1673856228636401,-0.12874817745258066,-0.99167731989929,-0.9659258262890684,0.2588190451025203
2025-07-09 21:00:00,1.0,0.09003600402932194,84.66666666666667,104.99909273410037,72.0,12.0,29.0,1.197282701805081,-0.12874817745258066,-0.99167731989929,-0.5000000000000004,0.8660254037844384
2025-07-10 00:00:00,0.0,0.7493968420123646,79.33333333333333,112.50652308958452,78.66666666666667,6.0,29.0,1.6012243220394362,-0.14579919691987442,-0.9893142039703664,0.25881904510252074,0.9659258262890683
2025-07-10 03:00:00,1.0,0.4531946930730831,85.0,89.93586190094406,75.0,10.0,29.0,1.2994110071546083,-0.14579919691987442,-0.9893142039703664,0.8660254037844386,0.5000000000000001
2025-07-10 06:00:00,0.0,0.9175543856340811,80.66666666666667,29.965371290328235,88.33333333333333,2.0,29.0,0.2690423818777307,-0.14579919691987442,-0.9893142039703664,0.9659258262890683,-0.25881904510252063
2025-07-10 09:00:00,1.0,0.33613366855692756,77.0,-0.012908881393798512,89.33333333333333,0.0,29.0,0.0004699231200239915,-0.14579919691987442,-0.9893142039703664,0.49999999999999994,-0.8660254037844387
2025-07-10 12:00:00,1.0,0.47351420504226927,84.0,119.94829027051327,68.33333333333333,11.333333333333334,29.0,2.3360897399774956,-0.14579919691987442,-0.9893142039703664,-0.2588190451025208,-0.9659258262890683
2025-07-10 15:00:00,1.0,0.10873741314586738,83.0,119.97430228377436,69.66666666666667,11.0,29.0,0.7007065185839014,-0.14579919691987442,-0.9893142039703664,-0.8660254037844385,-0.5000000000000004
2025-07-10 18:00:00,0.0,0.5366351280168372,81.33333333333333,29.97144642927573,82.0,4.666666666666667,29.0,1.0662080065092336,-0.14579919691987442,-0.9893142039703664,-0.9659258262890684,0.2588190451025203
2025-07-10 21:00:00,1.0,0.3305421938936591,84.33333333333333,59.986870429711246,79.33333333333333,8.0,29.0,0.6005949003786569,-0.14579919691987442,-0.9893142039703664,-0.5000000000000004,0.8660254037844384
2025-07-11 00:00:00,0.0,0.6684622318064973,84.66666666666667,60.032977203505204,66.33333333333333,9.0,29.0,0.9046702542186225,-0.16280701293851646,-0.9866579328916572,0.25881904510252074,0.9659258262890683
2025-07-11 03:00:00,1.0,0.3334939845717226,80.0,29.989600339453826,86.0,2.0,29.0,1.1334254202582426,-0.16280701293851646,-0.9866579328916572,0.8660254037844386,0.5000000000000001
2025-07-11 06:00:00,0.0,0.6650039351219243,77.66666666666667,59.93070309595356,89.0,4.333333333333333,29.0,1.794487656566713,-0.16280701293851646,-0.9866579328916572,0.9659258262890683,-0.25881904510252063
2025-07-11 09:00:00,0.0,0.5846144989269199,85.66666666666667,59.9806460902416,69.0,10.0,29.0,0.43418496325894046,-0.16280701293851646,-0.9866579328916572,0.49999999999999994,-0.8660254037844387
2025-07-11 12:00:00,0.0,0.6676488521354549,80.0,60.01053130197936,80.33333333333333,6.666666666666667,29.0,0.16808200082782687,-0.16280701293851646,-0.9866579328916572,-0.2588190451025208,-0.9659258262890683
2025-07-11 15:00:00,0.0,0.8332682922074542,78.66666666666667,67.46532927182572,90.66666666666667,4.0,29.0,0.970552275938358,-0.16280701293851646,-0.9866579328916572,-0.8660254037844385,-0.5000000000000004
2025-07-11 18:00:00,1.0,0.24872190752573425,83.0,60.0061874404897,71.33333333333333,5.333333333333333,29.0,0.3334438686127139,-0.16280701293851646,-0.9866579328916572,-0.9659258262890684,0.2588190451025203
2025-07-11 21:00:00,1.0,0.33233597188058145,83.66666666666667,30.01067654191876,78.0,2.6666666666666665,29.0,0.2671877770122761,-0.16280701293851646,-0.9866579328916572,-0.5000000000000004,0.8660254037844384
2025-07-12 00:00:00,0.0,0.9188107728867078,79.33333333333333,67.52320750124065,79.33333333333333,4.0,29.0,0.16676895556060378,-0.17976658572556214,-0.9837092937736098,0.25881904510252074,0.9659258262890683
2025-07-12 03:00:00,0.0,0.9133339840764371,81.33333333333333,52.47303010004631,85.66666666666667,6.666666666666667,29.0,0.8959831021930708,-0.17976658572556214,-0.9837092937736098,0.8660254037844386,0.5000000000000001
2025-07-12 06:00:00,0.0,0.9162350593088976,80.66666666666667,67.44302802755335,76.0,7.0,29.0,0.9649901661286289,-0.17976658572556214,-0.9837092937736098,0.9659258262890683,-0.25881904510252063
2025-07-12 09:00:00,0.0,0.33526051094535475,82.0,59.96837148608207,82.33333333333333,2.0,29.0,1.1333554461073236,-0.17976658572556214,-0.9837092937736098,0.49999999999999994,-0.8660254037844387
2025-07-12 12:00:00,1.0,0.4487566953475949,82.66666666666667,120.03687276624134,78.0,9.333333333333334,29.0,0.9006605318263562,-0.17976658572556214,-0.9837092937736098,-0.2588190451025208,-0.9659258262890683
2025-07-12 15:00:00,0.0,0.8339970409069398,78.33333333333333,30.03501297659569,87.66666666666667,4.0,29.0,0.2669305501349343,-0.17976658572556214,-0.9837092937736098,-0.8660254037844385,-0.5000000000000004
2025-07-12 18:00:00,1.0,0.05410509827063822,85.33333333333333,127.34013221167152,67.0,13.666666666666666,29.0,1.704005736144202,-0.17976658572556214,-0.9837092937736098,-0.9659258262890684,0.2588190451025203
2025-07-12 21:00:00,0.0,0.917873263571203,81.33333333333333,29.971511627506015,79.33333333333333,5.0,29.0,1.067409674314377,-0.17976658572556214,-0.9837092937736098,-0.5000000000000004,0.8660254037844384
2025-07-13 00:00:00,1.0,0.059111551535392395,79.33333333333333,97.545184148481,83.33333333333333,6.333333333333333,29.0,1.0676648927584018,-0.19667288979357622,-0.9804691603616321,0.25881904510252074,0.9659258262890683
2025-07-13 03:00:00,1.0,0.2510375942697675,89.33333333333333,105.03929105972823,61.666666666666664,9.666666666666666,29.0,0.33348785889310156,-0.19667288979357622,-0.9804691603616321,0.8660254037844386,0.5000000000000001
2025-07-13 06:00:00,0.0,0.5909177353206636,84.66666666666667,60.006722196714435,71.33333333333333,7.666666666666667,29.0,0.4328283361079741,-0.19667288979357622,-0.9804691603616321,0.9659258262890683,-0.25881904510252063
2025-07-13 09:00:00,0.0,0.5844381092763481,69.0,59.989303442613135,82.33333333333333,6.666666666666667,29.0,1.7932141498127943,-0.19667288979357622,-0.9804691603616321,0.49999999999999994,-0.8660254037844387
2025-07-13 12:00:00,0.0,0.8330263566717601,85.66666666666667,89.96492199355686,63.333333333333336,15.333333333333334,29.0,0.26769168231003293,-0.19667288979357622,-0.9804691603616321,-0.2588190451025208,-0.9659258262890683
2025-07-13 15:00:00,0.0,0.8335515374535616,76.33333333333333,-0.04236990042514139,86.66666666666667,1.0,29.0,1.0395563085219541,-0.19667288979357622,-0.9804691603616321,-0.8660254037844385,-0.5000000000000004
2025-07-13 18:00:00,0.0,0.8335562044810165,77.0,0.009023011698780696,94.0,0.0,29.0,0.967727281342662,-0.19667288979357622,-0.9804691603616321,-0.9659258262890684,0.2588190451025203
2025-07-13 21:00:00,1.0,0.11516373197016998,81.33333333333333,67.50510793712634,83.0,7.333333333333333,29.0,0.4354708143254354,-0.19667288979357622,-0.9804691603616321,-0.5000000000000004,0.8660254037844384
2025-07-14 00:00:00,1.0,0.09308493406378564,82.33333333333333,59.98396168945009,74.66666666666667,10.0,29.0,0.2677063670543875,-0.2135209154397959,-0.9769384927771817,0.25881904510252074,0.9659258262890683
2025-07-14 03:00:00,1.0,0.2503728650084054,90.33333333333333,89.99739788213087,61.333333333333336,10.0,29.0,0.33322540371194537,-0.2135209154397959,-0.9769384927771817,0.8660254037844386,0.5000000000000001
2025-07-14 06:00:00,0.0,0.999054409560157,75.33333333333333,30.011136139345123,76.33333333333333,2.6666666666666665,29.0,0.3342833440917729,-0.2135209154397959,-0.9769384927771817,0.9659258262890683,-0.25881904510252063
2025-07-14 09:00:00,0.0,0.8331775582790147,78.66666666666667,59.97564510975624,92.33333333333333,4.333333333333333,29.0,0.0006806355403921951,-0.2135209154397959,-0.9769384927771817,0.49999999999999994,-0.8660254037844387
2025-07-14 12:00:00,1.0,0.333045430312561,85.0,75.00359320058539,65.66666666666667,5.0,29.0,0.9648545364672407,-0.2135209154397959,-0.9769384927771817,-0.2588190451025208,-0.9659258262890683
2025-07-14 15:00:00,1.0,0.4333061682507206,83.0,60.016176430923224,73.66666666666667,8.333333333333334,29.0,0.3360738770080185,-0.2135209154397959,-0.9769384927771817,-0.8660254037844385,-0.5000000000000004
2025-07-14 18:00:00,1.0,0.12304146376751297,77.33333333333333,59.96688864087824,82.0,4.0,29.0,0.7998596300698501,-0.2135209154397959,-0.9769384927771817,-0.9659258262890684,0.2588190451025203
2025-07-14 21:00:00,1.0,0.5068744894340843,77.66666666666667,-0.0016186643091233536,86.66666666666667,0.0,29.0,0.1676238557799625,-0.2135209154397959,-0.9769384927771817,-0.5000000000000004,0.8660254037844384
2025-07-15 00:00:00,0.0,0.6677260747423235,79.33333333333333,67.49297673445817,83.0,4.666666666666667,29.0,0.2671014609935503,-0.23030567023061196,-0.973118337233262,0.25881904510252074,0.9659258262890683
2025-07-15 03:00:00,1.0,0.4158520154092251,85.0,67.51755407905611,67.33333333333333,9.333333333333334,29.0,0.6013494748055757,-0.23030567023061196,-0.973118337233262,0.8660254037844386,0.5000000000000001
2025-07-15 06:00:00,0.0,0.5838056954453966,79.33333333333333,97.47921222058471,80.66666666666667,9.333333333333334,29.0,1.2321086970855717,-0.23030567023061196,-0.973118337233262,0.9659258262890683,-0.25881904510252063
2025-07-15 09:00:00,1.0,0.1337648160122053,88.0,97.50497061893589,62.0,12.333333333333334,29.0,1.2352224871546358,-0.23030567023061196,-0.973118337233262,0.49999999999999994,-0.8660254037844387
2025-07-15 12:00:00,1.0,0.1124884503949706,79.33333333333333,82.47000364803165,70.0,11.333333333333334,29.0,2.0100026975547127,-0.23030567023061196,-0.973118337233262,-0.2588190451025208,-0.9659258262890683
2025-07-15 15:00:00,0.0,0.918173938133947,82.0,97.52632405466721,71.33333333333333,11.0,29.0,1.1271065206640694,-0.23030567023061196,-0.973118337233262,-0.8660254037844385,-0.5000000000000004
2025-07-15 18:00:00,1.0,0.44408817560881975,83.0,67.46197387450319,76.66666666666667,6.666666666666667,29.0,0.00045147129394628095,-0.23030567023061196,-0.973118337233262,-0.9659258262890684,0.2588190451025203
2025-07-15 21:00:00,0.0,1.0039311048513218,82.0,67.53261600147785,70.33333333333333,9.333333333333334,29.0,0.43376262655126663,-0.23030567023061196,-0.973118337233262,-0.5000000000000004,0.8660254037844384
2025-07-16 00:00:00,0.0,0.7491597937596735,79.0,-0.01777485684370983,88.0,0.0,29.0,0.3340176067569191,-0.24702218048093527,-0.9690098257244063,0.25881904510252074,0.9659258262890683
2025-07-16 03:00:00,0.0,0.4949659479202166,77.33333333333333,67.47262587660462,81.33333333333333,4.333333333333333,29.0,1.0670621232782105,-0.24702218048093527,-0.9690098257244063,0.8660254037844386,0.5000000000000001
2025-07-16 06:00:00,1.0,0.33297802110999564,81.33333333333333,89.97455692417115,79.33333333333333,8.666666666666666,29.0,0.4340503404504125,-0.24702218048093527,-0.9690098257244063,0.9659258262890683,-0.25881904510252063
2025-07-16 09:00:00,0.0,1.0014860957912133,78.33333333333333,-0.050603986416788115,94.0,2.0,29.0,0.43326349352959337,-0.24702218048093527,-0.9690098257244063,0.49999999999999994,-0.8660254037844387
2025-07-16 12:00:00,0.0,1.001446165172182,81.0,29.98816406776412,82.66666666666667,3.3333333333333335,29.0,1.3348899547450028,-0.24702218048093527,-0.9690098257244063,-0.2588190451025208,-0.9659258262890683
2025-07-16 15:00:00,1.0,0.37177175719453437,78.0,60.005552100935894,81.33333333333333,9.333333333333334,29.0,0.0013729901954541354,-0.24702218048093527,-0.9690098257244063,-0.8660254037844385,-0.5000000000000004
2025-07-16 18:00:00,0.0,0.7481832378646527,76.33333333333333,67.47258669214223,92.33333333333333,6.0,29.0,1.5336764981540434,-0.24702218048093527,-0.9690098257244063,-0.9659258262890684,0.2588190451025203
2025-07-16 21:00:00,1.0,0.4215244695977517,78.66666666666667,59.97922551925927,83.33333333333333,7.333333333333333,29.0,0.002058245392378276,-0.24702218048093527,-0.9690098257244063,-0.5000000000000004,0.8660254037844384
2025-07-17 00:00:00,1.0,0.24828967060828025,83.66666666666667,110.41599755004222,75.33333333333333,6.666666666666667,29.0,0.6008574481881092,-0.2636654927280072,-0.9646141756912435,0.25881904510252074,0.9659258262890683
2025-07-17 03:00:00,0.0,0.9997044450347612,79.66666666666667,59.96896700399618,80.33333333333333,4.666666666666667,29.0,-0.0007590273352220846,-0.2636654927280072,-0.9646141756912435,0.8660254037844386,0.5000000000000001
2025-07-17 06:00:00,1.0,0.0941585969800756,82.33333333333333,104.96939398886815,70.66666666666667,8.333333333333334,29.0,0.0011030084174720107,-0.2636654927280072,-0.9646141756912435,0.9659258262890683,-0.25881904510252063
2025-07-17 09:00:00,0.0,0.9164683391362721,78.33333333333333,29.962208605844324,92.33333333333333,2.3333333333333335,29.0,0.800178087043729,-0.2636654927280072,-0.9646141756912435,0.49999999999999994,-0.8660254037844387
2025-07-17 12:00:00,0.0,0.7528063836541788,78.66666666666667,67.48271584731063,85.66666666666667,4.666666666666667,29.0,0.16759108207919804,-0.2636654927280072,-0.9646141756912435,-0.2588190451025208,-0.9659258262890683
2025-07-17 15:00:00,1.0,0.12701202700013628,85.0,105.01401446349125,67.0,8.333333333333334,29.0,0.9694844043081744,-0.2636654927280072,-0.9646141756912435,-0.8660254037844385,-0.5000000000000004
2025-07-17 18:00:00,0.0,0.9184331711303225,78.33333333333333,-0.015928168959944523,92.33333333333333,0.0,29.0,0.33509740566164375,-0.2636654927280072,-0.9646141756912435,-0.9659258262890684,0.2588190451025203
2025-07-17 21:00:00,1.0,0.1588031923018865,83.0,60.11233920738854,78.0,7.333333333333333,29.0,1.2692095330386248,-0.2636654927280072,-0.9646141756912435,-0.5000000000000004,0.8660254037844384
2025-07-18 00:00:00,0.0,0.663183848687907,79.0,59.963775045242926,83.0,8.0,29.0,0.26666860962222455,-0.2802306751992161,-0.9599326896597445,0.25881904510252074,0.9659258262890683
2025-07-18 03:00:00,1.0,0.2499216629895958,77.0,0.013258849589646543,85.33333333333333,0.0,29.0,0.00042641938456535513,-0.2802306751992161,-0.9599326896597445,0.8660254037844386,0.5000000000000001
2025-07-18 06:00:00,1.0,0.3345398115585781,81.66666666666667,14.933429023277867,86.33333333333333,4.0,29.0,0.2688148948823488,-0.2802306751992161,-0.9599326896597445,0.9659258262890683,-0.25881904510252063
2025-07-18 09:00:00,0.0,0.6689331782846138,80.66666666666667,67.47913650269432,78.66666666666667,4.0,29.0,0.2672115474119742,-0.2802306751992161,-0.9599326896597445,0.49999999999999994,-0.8660254037844387
2025-07-18 12:00:00,1.0,0.33092994151195815,82.66666666666667,112.48154468150312,77.66666666666667,4.333333333333333,29.0,1.2587556576055037,-0.2802306751992161,-0.9599326896597445,-0.2588190451025208,-0.9659258262890683
2025-07-18 15:00:00,1.0,0.3766754500851064,81.66666666666667,106.45912800948206,72.33333333333333,6.333333333333333,29.0,0.1686039453335171,-0.2802306751992161,-0.9599326896597445,-0.8660254037844385,-0.5000000000000004
2025-07-18 18:00:00,1.0,0.11083959689080483,85.66666666666667,127.4727870306546,70.33333333333333,9.666666666666666,29.0,1.533425276959199,-0.2802306751992161,-0.9599326896597445,-0.9659258262890684,0.2588190451025203
2025-07-18 21:00:00,0.0,1.001822035529006,78.33333333333333,-0.037413525047464063,89.0,0.0,29.0,0.267318241224978,-0.2802306751992161,-0.9599326896597445,-0.5000000000000004,0.8660254037844384
2025-07-19 00:00:00,0.0,0.7499020872080671,77.0,37.460892333887664,90.66666666666667,2.3333333333333335,29.0,0.16687932051876145,-0.2967128192734901,-0.9549667548552553,0.25881904510252074,0.9659258262890683
2025-07-19 03:00:00,1.0,0.2516299369264632,82.66666666666667,118.39907476345671,81.33333333333333,9.0,29.0,1.8058885727730296,-0.2967128192734901,-0.9549667548552553,0.8660254037844386,0.5000000000000001
2025-07-19 06:00:00,0.0,0.5827134816503685,77.66666666666667,29.98012335698814,90.33333333333333,2.0,29.0,0.9674192374107994,-0.2967128192734901,-0.9549667548552553,0.9659258262890683,-0.25881904510252063
2025-07-19 09:00:00,1.0,0.4164460320629891,83.66666666666667,115.85087083555426,76.33333333333333,10.0,29.0,0.26673163614562845,-0.2967128192734901,-0.9549667548552553,0.49999999999999994,-0.8660254037844387
2025-07-19 12:00:00,1.0,0.25466385807452385,82.33333333333333,67.56499138229205,78.66666666666667,5.333333333333333,29.0,0.4346761595577739,-0.2967128192734901,-0.9549667548552553,-0.2588190451025208,-0.9659258262890683
2025-07-19 15:00:00,1.0,0.05709519866805554,83.0,153.663586475714,68.33333333333333,11.666666666666666,29.0,1.5352485049736107,-0.2967128192734901,-0.9549667548552553,-0.8660254037844385,-0.5000000000000004
2025-07-19 18:00:00,1.0,0.33303460826063735,75.66666666666667,37.489481868987475,80.33333333333333,4.0,29.0,0.1677571958133185,-0.2967128192734901,-0.9549667548552553,-0.9659258262890684,0.2588190451025203
2025-07-19 21:00:00,1.0,0.11168113154743665,83.0,30.004977490195056,83.0,4.666666666666667,29.0,0.16702460306106334,-0.2967128192734901,-0.9549667548552553,-0.5000000000000004,0.8660254037844384
2025-07-20 00:00:00,1.0,0.12738472737749895,81.33333333333333,79.85489380314822,85.66666666666667,4.666666666666667,29.0,0.33376209025446624,-0.3131070409358267,-0.9497178427914317,0.25881904510252074,0.9659258262890683
2025-07-20 03:00:00,1.0,0.03636761830839789,83.0,29.98070478958736,77.66666666666667,1.0,29.0,0.16666765847104736,-0.3131070409358267,-0.9497178427914317,0.8660254037844386,0.5000000000000001
2025-07-20 06:00:00,0.0,0.9171566143526417,82.66666666666667,29.979812441571895,71.33333333333333,5.0,29.0,0.5007398169886534,-0.3131070409358267,-0.9497178427914317,0.9659258262890683,-0.25881904510252063
2025-07-20 09:00:00,1.0,0.10739378072580207,82.66666666666667,112.51934480725276,66.66666666666667,10.0,29.0,1.5970299237406842,-0.3131070409358267,-0.9497178427914317,0.49999999999999994,-0.8660254037844387
2025-07-20 12:00:00,0.0,0.7508310737310087,77.0,-0.015169304389509189,86.66666666666667,0.0,29.0,0.16713530402006405,-0.3131070409358267,-0.9497178427914317,-0.2588190451025208,-0.9659258262890683
2025-07-20 15:00:00,0.0,0.5843092868510795,76.33333333333333,37.45533884075254,92.33333333333333,2.0,29.0,1.601673245992183,-0.3131070409358267,-0.9497178427914317,-0.8660254037844385,-0.5000000000000004
2025-07-20 18:00:00,1.0,0.2460856992854004,82.0,89.98727032417155,81.33333333333333,10.0,29.0,0.5331555296155946,-0.3131070409358267,-0.9497178427914317,-0.9659258262890684,0.2588190451025203
2025-07-20 21:00:00,1.0,0.10438552345206493,79.66666666666667,82.49792938738618,86.66666666666667,7.333333333333333,29.0,1.4693699693316402,-0.3131070409358267,-0.9497178427914317,-0.5000000000000004,0.8660254037844384
2025-07-21 00:00:00,0.0,0.8343759751575953,76.66666666666667,37.48445175695649,85.66666666666667,5.0,29.0,0.0010513021897681247,-0.3294084822245302,-0.9441875088341994,0.25881904510252074,0.9659258262890683
2025-07-21 03:00:00,1.0,0.3879726218746926,82.33333333333333,30.022539999496185,75.66666666666667,1.0,29.0,0.432809239496514,-0.3294084822245302,-0.9441875088341994,0.8660254037844386,0.5000000000000001
2025-07-21 06:00:00,0.0,0.8325119661405681,84.33333333333333,112.52095302462635,65.33333333333333,10.0,29.0,0.9674289110529277,-0.3294084822245302,-0.9441875088341994,0.9659258262890683,-0.25881904510252063
2025-07-21 09:00:00,0.0,0.9179824417067823,82.0,104.94567854296831,77.0,10.666666666666666,29.0,0.8992435883470713,-0.3294084822245302,-0.9441875088341994,0.49999999999999994,-0.8660254037844387
2025-07-21 12:00:00,1.0,0.04727762246848316,82.33333333333333,82.56155948203597,77.66666666666667,4.666666666666667,29.0,1.234733315933773,-0.3294084822245302,-0.9441875088341994,-0.2588190451025208,-0.9659258262890683
2025-07-21 15:00:00,1.0,0.33674138872458154,83.66666666666667,59.94528317406323,76.66666666666667,6.666666666666667,29.0,0.2676190275454539,-0.3294084822245302,-0.9441875088341994,-0.8660254037844385,-0.5000000000000004
2025-07-21 18:00:00,0.0,0.667950367511955,84.66666666666667,75.01621767703995,71.33333333333333,5.666666666666667,29.0,1.06841906805993,-0.3294084822245302,-0.9441875088341994,-0.9659258262890684,0.2588190451025203
2025-07-21 21:00:00,1.0,0.11222050293161111,82.66666666666667,67.47017724323219,74.66666666666667,7.0,29.0,1.0635386987603692,-0.3294084822245302,-0.9441875088341994,-0.5000000000000004,0.8660254037844384
2025-07-22 00:00:00,0.0,0.8341969420021877,78.0,83.8491894806668,87.66666666666667,3.3333333333333335,29.0,1.1362720405495799,-0.3456123126707333,-0.9383773917408642,0.25881904510252074,0.9659258262890683
2025-07-22 03:00:00,1.0,0.24914103367286566,88.66666666666667,74.98007295325301,63.333333333333336,7.333333333333333,29.0,0.33317913633403146,-0.3456123126707333,-0.9383773917408642,0.8660254037844386,0.5000000000000001
2025-07-22 06:00:00,1.0,0.10912530546316018,80.66666666666667,114.96229104911055,89.33333333333333,5.666666666666667,29.0,0.16749081020488735,-0.3456123126707333,-0.9383773917408642,0.9659258262890683,-0.25881904510252063
2025-07-22 09:00:00,1.0,0.05637121673827145,80.66666666666667,29.99494294122698,82.66666666666667,4.666666666666667,29.0,0.43391272877258213,-0.3456123126707333,-0.9383773917408642,0.49999999999999994,-0.8660254037844387
2025-07-22 12:00:00,1.0,0.48156967783681703,80.0,29.969146833497295,87.66666666666667,2.6666666666666665,29.0,1.8689177010488907,-0.3456123126707333,-0.9383773917408642,-0.2588190451025208,-0.9659258262890683
2025-07-22 15:00:00,1.0,0.07175117578296866,85.0,60.01203423212272,71.0,11.0,29.0,1.3249136214263018,-0.3456123126707333,-0.9383773917408642,-0.8660254037844385,-0.5000000000000004
2025-07-22 18:00:00,0.0,0.7497317852618227,79.0,37.47596508611134,94.0,1.0,29.0,0.3335398053399837,-0.3456123126707333,-0.9383773917408642,-0.9659258262890684,0.2588190451025203
2025-07-22 21:00:00,1.0,0.17535859375442342,82.0,97.37606563640975,81.0,3.6666666666666665,29.0,0.4330570227155457,-0.3456123126707333,-0.9383773917408642,-0.5000000000000004,0.8660254037844384
2025-07-23 00:00:00,1.0,0.43529661524811236,83.0,67.52931488135405,79.66666666666667,7.333333333333333,29.0,0.8025052486814362,-0.3617137307297674,-0.9322892131745134,0.25881904510252074,0.9659258262890683
2025-07-23 03:00:00,0.0,0.8320915153452122,80.0,30.03865355204164,85.33333333333333,3.0,29.0,0.6007953805085996,-0.3617137307297674,-0.9322892131745134,0.8660254037844386,0.5000000000000001
2025-07-23 06:00:00,1.0,0.0683184894444013,81.33333333333333,104.95375754109934,74.66666666666667,10.0,29.0,2.3999343765141643,-0.3617137307297674,-0.9322892131745134,0.9659258262890683,-0.25881904510252063
2025-07-23 09:00:00,1.0,0.07222912975209658,80.0,67.50110811445407,79.33333333333333,4.333333333333333,29.0,0.0009984188842986459,-0.3617137307297674,-0.9322892131745134,0.49999999999999994,-0.8660254037844387
2025-07-23 12:00:00,1.0,0.25013576983351093,82.33333333333333,67.49305612499654,77.33333333333333,8.666666666666666,29.0,0.16817757088194688,-0.3617137307297674,-0.9322892131745134,-0.2588190451025208,-0.9659258262890683
2025-07-23 15:00:00,1.0,0.7476084756206519,78.0,0.01642631951452427,96.0,0.0,29.0,0.6005630762791551,-0.3617137307297674,-0.9322892131745134,-0.8660254037844385,-0.5000000000000004
2025-07-23 18:00:00,1.0,0.3321551123396102,81.0,29.961753059089162,80.33333333333333,4.0,29.0,0.16690637161764746,-0.3617137307297674,-0.9322892131745134,-0.9659258262890684,0.2588190451025203
2025-07-23 21:00:00,0.0,0.9178989399321724,80.0,82.9922117460325,82.66666666666667,3.3333333333333335,29.0,1.1641948549037087,-0.3617137307297674,-0.9322892131745134,-0.5000000000000004,0.8660254037844384
2025-07-24 00:00:00,0.0,0.9172119567965794,79.0,37.495617088293066,88.66666666666667,2.0,29.0,0.43442842036966,-0.37770796520396466,-0.9259247771938499,0.25881904510252074,0.9659258262890683
2025-07-24 03:00:00,1.0,0.3336520435520573,80.66666666666667,0.000459980110220752,89.33333333333333,0.0,29.0,0.5339028199517354,-0.37770796520396466,-0.9259247771938499,0.8660254037844386,0.5000000000000001
2025-07-24 06:00:00,1.0,0.09141333366569952,86.66666666666667,120.0064490932351,71.0,8.333333333333334,29.0,1.8349656452670102,-0.37770796520396466,-0.9259247771938499,0.9659258262890683,-0.25881904510252063
2025-07-24 09:00:00,0.0,0.5840118607933539,85.66666666666667,59.99444158061302,73.66666666666667,7.0,29.0,0.6992266930110613,-0.37770796520396466,-0.9259247771938499,0.49999999999999994,-0.8660254037844387
2025-07-24 12:00:00,0.0,0.7529611326505338,80.66666666666667,59.987529266062324,81.66666666666667,5.0,29.0,1.598149911504341,-0.37770796520396466,-0.9259247771938499,-0.2588190451025208,-0.9659258262890683
2025-07-24 15:00:00,1.0,0.46018691360189895,77.0,0.013673245375301436,90.33333333333333,0.0,29.0,0.26687698951045963,-0.37770796520396466,-0.9259247771938499,-0.8660254037844385,-0.5000000000000004
2025-07-24 18:00:00,1.0,0.1720770366683314,85.0,59.99255289410462,80.33333333333333,6.666666666666667,29.0,0.9687037457040922,-0.37770796520396466,-0.9259247771938499,-0.9659258262890684,0.2588190451025203
2025-07-24 21:00:00,0.0,0.5833569453001262,86.66666666666667,75.01849486237046,64.66666666666667,13.333333333333334,29.0,0.26677499920698955,-0.37770796520396466,-0.9259247771938499,-0.5000000000000004,0.8660254037844384
2025-07-25 00:00:00,0.0,0.49117504664485695,86.66666666666667,90.03617746678167,66.66666666666667,11.333333333333334,29.0,0.00018448260433659276,-0.39359027665646645,-0.9192859697186105,0.25881904510252074,0.9659258262890683
2025-07-25 03:00:00,0.0,0.6666416443994755,82.33333333333333,52.45937826244378,78.33333333333333,6.666666666666667,29.0,0.9665077038190795,-0.39359027665646645,-0.9192859697186105,0.8660254037844386,0.5000000000000001
2025-07-25 06:00:00,0.0,0.7497617792208293,77.0,0.0074428563216023475,96.0,0.0,29.0,1.0016261735793235,-0.39359027665646645,-0.9192859697186105,0.9659258262890683,-0.25881904510252063
2025-07-25 09:00:00,1.0,0.4633315231310349,78.33333333333333,30.017637746101045,78.66666666666667,5.0,29.0,0.4348831871501921,-0.39359027665646645,-0.9192859697186105,0.49999999999999994,-0.8660254037844387
2025-07-25 12:00:00,1.0,0.13150370997956887,84.33333333333333,120.0123236650201,75.66666666666667,11.333333333333334,29.0,1.9561401573922954,-0.39359027665646645,-0.9192859697186105,-0.2588190451025208,-0.9659258262890683
2025-07-25 15:00:00,0.0,0.9216098331178789,77.0,29.97835002146532,89.66666666666667,2.0,29.0,0.8024321188077321,-0.39359027665646645,-0.9192859697186105,-0.8660254037844385,-0.5000000000000004
2025-07-25 18:00:00,0.0,0.666348705256978,81.33333333333333,67.43556861561726,79.33333333333333,6.333333333333333,29.0,0.3341533006536466,-0.39359027665646645,-0.9192859697186105,-0.9659258262890684,0.2588190451025203
2025-07-25 21:00:00,1.0,0.5268680700407092,79.33333333333333,75.07089102196103,80.0,6.666666666666667,29.0,0.26627026597257086,-0.39359027665646645,-0.9192859697186105,-0.5000000000000004,0.8660254037844384
2025-07-26 00:00:00,1.0,0.09291282396154889,84.0,109.20299982292836,81.0,6.333333333333333,29.0,0.8986626010777775,-0.4093559588156211,-0.9123747579707274,0.25881904510252074,0.9659258262890683
2025-07-26 03:00:00,0.0,0.8302174532900576,78.33333333333333,37.47062783290556,92.33333333333333,2.0,29.0,-0.0005354547367706933,-0.4093559588156211,-0.9123747579707274,0.8660254037844386,0.5000000000000001
2025-07-26 06:00:00,1.0,0.33365914369732136,86.66666666666667,90.01984176309047,68.33333333333333,10.333333333333334,29.0,0.2667255784961333,-0.4093559588156211,-0.9123747579707274,0.9659258262890683,-0.25881904510252063
2025-07-26 09:00:00,1.0,0.13270097665761854,83.66666666666667,60.00252955306731,69.66666666666667,8.666666666666666,29.0,0.96731276370882,-0.4093559588156211,-0.9123747579707274,0.49999999999999994,-0.8660254037844387
2025-07-26 12:00:00,0.0,0.918074172866271,80.66666666666667,67.45683475692643,79.66666666666667,6.0,29.0,0.8618783148561416,-0.4093559588156211,-0.9123747579707274,-0.2588190451025208,-0.9659258262890683
2025-07-26 15:00:00,1.0,0.47128195015318824,83.33333333333333,67.51492011510335,72.0,5.333333333333333,29.0,1.1337450310314567,-0.4093559588156211,-0.9123747579707274,-0.8660254037844385,-0.5000000000000004
2025-07-26 18:00:00,0.0,0.918588801074245,81.33333333333333,67.47016155169798,80.66666666666667,5.0,29.0,1.0273783176404092,-0.4093559588156211,-0.9123747579707274,-0.9659258262890684,0.2588190451025203
2025-07-26 21:00:00,0.0,0.6662095301680748,78.66666666666667,22.487581084014263,77.66666666666667,3.0,29.0,0.2671271983254328,-0.4093559588156211,-0.9123747579707274,-0.5000000000000004,0.8660254037844384
2025-07-27 00:00:00,1.0,0.4268306821394703,79.33333333333333,67.4914098004708,85.0,7.0,29.0,0.9072422266825697,-0.42500033996955394,-0.9051931898913975,0.25881904510252074,0.9659258262890683
2025-07-27 03:00:00,1.0,0.13042661350759027,83.0,67.48295420571844,70.66666666666667,7.333333333333333,29.0,0.434233616377757,-0.42500033996955394,-0.9051931898913975,0.8660254037844386,0.5000000000000001
2025-07-27 06:00:00,1.0,0.4685950988806391,80.66666666666667,37.44828857415109,85.66666666666667,2.3333333333333335,29.0,0.26678774951958056,-0.42500033996955394,-0.9051931898913975,0.9659258262890683,-0.25881904510252063
2025-07-27 09:00:00,1.0,0.33332720471871724,80.66666666666667,37.46704072915826,82.66666666666667,4.666666666666667,29.0,0.2679350346133248,-0.42500033996955394,-0.9051931898913975,0.49999999999999994,-0.8660254037844387
2025-07-27 12:00:00,1.0,0.44133056170348056,78.66666666666667,22.44601214073964,81.0,4.666666666666667,29.0,1.6604944830816104,-0.42500033996955394,-0.9051931898913975,-0.2588190451025208,-0.9659258262890683
2025-07-27 15:00:00,1.0,0.25016592773724644,86.66666666666667,147.74600107568597,67.33333333333333,14.333333333333334,29.0,0.43296731152428264,-0.42500033996955394,-0.9051931898913975,-0.8660254037844385,-0.5000000000000004
2025-07-27 18:00:00,1.0,0.25163398875084947,79.33333333333333,29.996072584985246,85.66666666666667,2.0,29.0,1.1322088573410038,-0.42500033996955394,-0.9051931898913975,-0.9659258262890684,0.2588190451025203
2025-07-27 21:00:00,1.0,0.09629809984048476,80.66666666666667,29.983196897311412,79.0,4.666666666666667,29.0,0.16690188928456473,-0.42500033996955394,-0.9051931898913975,-0.5000000000000004,0.8660254037844384
2025-07-28 00:00:00,0.0,0.4933248300213152,81.66666666666667,67.45297330357538,69.66666666666667,4.666666666666667,29.0,0.43469390888818377,-0.4405187843504952,-0.8977433935342336,0.25881904510252074,0.9659258262890683
2025-07-28 03:00:00,0.0,0.586917796513278,83.66666666666667,67.50122832763867,77.0,6.666666666666667,29.0,0.7009350065939598,-0.4405187843504952,-0.8977433935342336,0.8660254037844386,0.5000000000000001
2025-07-28 06:00:00,1.0,0.0911330210645394,85.66666666666667,60.0091434980327,68.33333333333333,7.0,29.0,9.475429466312263e-05,-0.4405187843504952,-0.8977433935342336,0.9659258262890683,-0.25881904510252063
2025-07-28 09:00:00,1.0,0.1451703874382094,85.66666666666667,67.48735844141264,68.0,9.333333333333334,29.0,1.8665550550421,-0.4405187843504952,-0.8977433935342336,0.49999999999999994,-0.8660254037844387
2025-07-28 12:00:00,1.0,0.38201330263323063,80.0,0.00310369318264843,88.66666666666667,0.0,29.0,1.1342289172683262,-0.4405187843504952,-0.8977433935342336,-0.2588190451025208,-0.9659258262890683
2025-07-28 15:00:00,0.0,0.5833995089806343,78.66666666666667,78.89024387098502,87.33333333333333,3.3333333333333335,29.0,1.8030058814841994,-0.4405187843504952,-0.8977433935342336,-0.8660254037844385,-0.5000000000000004
2025-07-28 18:00:00,0.0,0.9181114497254557,77.66666666666667,0.008110830080230115,85.0,0.0,29.0,0.33409074745199724,-0.4405187843504952,-0.8977433935342336,-0.9659258262890684,0.2588190451025203
2025-07-28 21:00:00,1.0,0.3361507843287537,82.0,37.497001007290216,80.33333333333333,2.0,29.0,0.9679209928685935,-0.4405187843504952,-0.8977433935342336,-0.5000000000000004,0.8660254037844384
2025-07-29 00:00:00,1.0,0.1338536066402677,85.66666666666667,59.99131398143917,78.0,6.666666666666667,29.0,0.43347344043279906,-0.455906693508459,-0.8900275764346766,0.25881904510252074,0.9659258262890683
2025-07-29 03:00:00,1.0,0.1643087882940922,87.33333333333333,112.50786982051177,65.33333333333333,15.666666666666666,29.0,0.9032267880254676,-0.455906693508459,-0.8900275764346766,0.8660254037844386,0.5000000000000001
2025-07-29 06:00:00,1.0,0.15148662881494468,87.66666666666667,89.01170759865613,69.66666666666667,7.0,29.0,0.6011848768303899,-0.455906693508459,-0.8900275764346766,0.9659258262890683,-0.25881904510252063
2025-07-29 09:00:00,1.0,0.13073790872755403,82.66666666666667,67.51946995865255,76.66666666666667,7.333333333333333,29.0,0.16623187831990108,-0.455906693508459,-0.8900275764346766,0.49999999999999994,-0.8660254037844387
2025-07-29 12:00:00,0.0,0.7482318718383117,77.0,29.991603208942994,98.0,2.0,29.0,1.039951348646125,-0.455906693508459,-0.8900275764346766,-0.2588190451025208,-0.9659258262890683
2025-07-29 15:00:00,1.0,0.3813251268622311,77.0,37.44949324739537,90.66666666666667,1.6666666666666667,29.0,0.7998405308079559,-0.455906693508459,-0.8900275764346766,-0.8660254037844385,-0.5000000000000004
2025-07-29 18:00:00,0.0,0.6668519054138013,81.33333333333333,30.00342554820428,84.66666666666667,3.3333333333333335,29.0,0.33374902400589535,-0.455906693508459,-0.8900275764346766,-0.9659258262890684,0.2588190451025203
2025-07-29 21:00:00,1.0,0.10207290253362301,81.0,22.545141200596188,84.0,4.666666666666667,29.0,0.43288778935226047,-0.455906693508459,-0.8900275764346766,-0.5000000000000004,0.8660254037844384
2025-07-30 00:00:00,1.0,0.2492053270600455,84.33333333333333,67.51972872489516,71.0,8.0,29.0,1.1356040220520793,-0.47115950767386394,-0.8820480249558535,0.25881904510252074,0.9659258262890683
2025-07-30 03:00:00,1.0,0.46060429461987046,78.66666666666667,97.50912539557025,87.33333333333333,6.333333333333333,29.0,1.5992905691588006,-0.47115950767386394,-0.8820480249558535,0.8660254037844386,0.5000000000000001
2025-07-30 06:00:00,1.0,0.41706989910172215,83.0,60.02402260333762,82.0,4.666666666666667,29.0,0.7007800459516407,-0.47115950767386394,-0.8820480249558535,0.9659258262890683,-0.25881904510252063
2025-07-30 09:00:00,0.0,0.6661203800140991,77.0,37.49583003617692,86.66666666666667,2.0,29.0,1.0325578711040626,-0.47115950767386394,-0.8820480249558535,0.49999999999999994,-0.8660254037844387
2025-07-30 12:00:00,0.0,0.5841615756038768,78.33333333333333,37.51179316964549,90.66666666666667,1.6666666666666667,29.0,0.33370023716334396,-0.47115950767386394,-0.8820480249558535,-0.2588190451025208,-0.9659258262890683
2025-07-30 15:00:00,0.0,0.5803708457358084,78.0,60.01172696852955,83.66666666666667,5.0,29.0,0.16625933671133378,-0.47115950767386394,-0.8820480249558535,-0.8660254037844385,-0.5000000000000004
2025-07-30 18:00:00,0.0,0.9162884815320339,85.66666666666667,60.00148511363619,67.33333333333333,8.0,29.0,0.3335237857296251,-0.47115950767386394,-0.8820480249558535,-0.9659258262890684,0.2588190451025203
2025-07-30 21:00:00,0.0,0.5846548131800745,79.66666666666667,112.51573111572424,86.66666666666667,6.333333333333333,29.0,0.6009506341841546,-0.47115950767386394,-0.8820480249558535,-0.5000000000000004,0.8660254037844384
2025-07-31 00:00:00,1.0,0.2534970050443968,83.33333333333333,97.51033112173964,74.33333333333333,15.333333333333334,29.0,0.8006350566830761,-0.4862727071086902,-0.8738071036110807,0.25881904510252074,0.9659258262890683
2025-07-31 03:00:00,1.0,0.4155005938302858,77.66666666666667,30.002121302977994,85.66666666666667,4.666666666666667,29.0,0.5012478143847655,-0.4862727071086902,-0.8738071036110807,0.8660254037844386,0.5000000000000001
2025-07-31 06:00:00,1.0,0.12316705751122542,81.33333333333333,74.92621341917275,83.0,4.333333333333333,29.0,0.9641972733901153,-0.4862727071086902,-0.8738071036110807,0.9659258262890683,-0.25881904510252063
2025-07-31 09:00:00,1.0,0.12809371726129934,82.66666666666667,60.001189595605446,73.0,10.333333333333334,29.0,1.2670654300723703,-0.4862727071086902,-0.8738071036110807,0.49999999999999994,-0.8660254037844387
2025-07-31 12:00:00,0.0,0.5240939615825488,79.0,29.954993602910253,85.33333333333333,4.666666666666667,29.0,0.26806668244950044,-0.4862727071086902,-0.8738071036110807,-0.2588190451025208,-0.9659258262890683
2025-07-31 15:00:00,0.0,1.0042960388093292,79.33333333333333,37.50463389048107,85.33333333333333,2.0,29.0,0.1674828779281039,-0.4862727071086902,-0.8738071036110807,-0.8660254037844385,-0.5000000000000004
2025-07-31 18:00:00,0.0,0.5834005060332933,79.0,59.961095954063445,81.33333333333333,6.0,29.0,0.801241085843988,-0.4862727071086902,-0.8738071036110807,-0.9659258262890684,0.2588190451025203
2025-07-31 21:00:00,0.0,0.5834368392392388,77.0,29.9752629757578,94.33333333333333,2.6666666666666665,29.0,0.26739349522846273,-0.4862727071086902,-0.8738071036110807,-0.5000000000000004,0.8660254037844384
2025-08-01 00:00:00,1.0,0.14891704870709813,83.0,60.01778410149776,81.33333333333333,5.0,29.0,1.2345620065966096,-0.5012418134457756,-0.8653072543632061,0.25881904510252074,0.9659258262890683
2025-08-01 03:00:00,0.0,0.7507891589839412,77.66666666666667,29.946010029731237,85.66666666666667,1.6666666666666667,29.0,0.16729013686445482,-0.5012418134457756,-0.8653072543632061,0.8660254037844386,0.5000000000000001
2025-08-01 06:00:00,1.0,0.10921159458820405,87.0,105.02981221198705,61.666666666666664,11.666666666666666,29.0,1.031582934174806,-0.5012418134457756,-0.8653072543632061,0.9659258262890683,-0.25881904510252063
2025-08-01 09:00:00,0.0,0.4715495636351032,81.0,59.972136668691725,78.0,6.666666666666667,29.0,0.1669440215842177,-0.5012418134457756,-0.8653072543632061,0.49999999999999994,-0.8660254037844387
2025-08-01 12:00:00,0.0,0.6665053658496392,79.0,52.492304425282306,90.66666666666667,4.333333333333333,29.0,1.0663062270440666,-0.5012418134457756,-0.8653072543632061,-0.2588190451025208,-0.9659258262890683
2025-08-01 15:00:00,0.0,0.9169420971614626,80.0,37.491176852065315,85.66666666666667,2.0,29.0,0.9694073415576376,-0.5012418134457756,-0.8653072543632061,-0.8660254037844385,-0.5000000000000004
2025-08-01 18:00:00,0.0,0.7510883191702986,83.66666666666667,60.002598447845166,70.33333333333333,10.333333333333334,29.0,0.9700109369958193,-0.5012418134457756,-0.8653072543632061,-0.9659258262890684,0.2588190451025203
2025-08-01 21:00:00,1.0,0.33329658526473394,81.33333333333333,37.48634518491714,78.33333333333333,2.0,29.0,0.16673926786838902,-0.5012418134457756,-0.8653072543632061,-0.5000000000000004,0.8660254037844384
2025-08-02 00:00:00,1.0,0.25196330955838,80.0,29.986155152975083,86.0,2.6666666666666665,29.0,1.235464440727063,-0.5160623910158526,-0.8565509959010037,0.25881904510252074,0.9659258262890683
2025-08-02 03:00:00,0.0,0.8328877912288501,77.0,-0.02779926382325812,94.0,0.0,29.0,0.00035196807057435347,-0.5160623910158526,-0.8565509959010037,0.8660254037844386,0.5000000000000001
2025-08-02 06:00:00,0.0,0.9168071642553444,81.33333333333333,29.964859583772306,84.33333333333333,4.0,29.0,0.9678916794237485,-0.5160623910158526,-0.8565509959010037,0.9659258262890683,-0.25881904510252063
2025-08-02 09:00:00,0.0,0.5484246033884125,80.0,52.45083472483521,78.33333333333333,6.333333333333333,29.0,0.43460886521480363,-0.5160623910158526,-0.8565509959010037,0.49999999999999994,-0.8660254037844387
2025-08-02 12:00:00,0.0,0.5827583315594934,82.0,97.47938470760272,71.0,14.0,29.0,0.26705474890583414,-0.5160623910158526,-0.8565509959010037,-0.2588190451025208,-0.9659258262890683
2025-08-02 15:00:00,1.0,0.36445281123686246,80.66666666666667,15.035160697546436,86.0,4.0,29.0,0.5340856533674444,-0.5160623910158526,-0.8565509959010037,-0.8660254037844385,-0.5000000000000004
2025-08-02 18:00:00,1.0,0.3342992648708396,82.33333333333333,97.50989214838582,68.0,5.666666666666667,29.0,0.0018881995584432351,-0.5160623910158526,-0.8565509959010037,-0.9659258262890684,0.2588190451025203
2025-08-02 21:00:00,1.0,0.13045035939979488,85.66666666666667,52.46038969734335,73.0,7.333333333333333,29.0,0.43353401451624557,-0.5160623910158526,-0.8565509959010037,-0.5000000000000004,0.8660254037844384
2025-08-03 00:00:00,0.0,0.5371314313401628,79.0,37.50912172918603,86.0,4.0,29.0,1.0688154474985598,-0.5307300481619331,-0.8475409228928312,0.25881904510252074,0.9659258262890683
2025-08-03 03:00:00,1.0,0.3338472787093987,84.33333333333333,67.49155105131952,73.33333333333333,5.0,29.0,0.43499358869703947,-0.5307300481619331,-0.8475409228928312,0.8660254037844386,0.5000000000000001
2025-08-03 06:00:00,1.0,0.12661904870196072,81.0,89.90390343919148,82.66666666666667,2.6666666666666665,29.0,0.8017233639841476,-0.5307300481619331,-0.8475409228928312,0.9659258262890683,-0.25881904510252063
2025-08-03 09:00:00,0.0,0.8361677356291519,69.0,29.980795688066266,86.66666666666667,3.0,29.0,0.16751028916836097,-0.5307300481619331,-0.8475409228928312,0.49999999999999994,-0.8660254037844387
2025-08-03 12:00:00,1.0,0.4920344153498114,79.33333333333333,97.46242172940954,75.0,4.666666666666667,29.0,0.26781835294295553,-0.5307300481619331,-0.8475409228928312,-0.2588190451025208,-0.9659258262890683
2025-08-03 15:00:00,1.0,0.46612597069939643,77.0,37.49468220899249,86.33333333333333,1.6666666666666667,29.0,0.7341496820433507,-0.5307300481619331,-0.8475409228928312,-0.8660254037844385,-0.5000000000000004
2025-08-03 18:00:00,0.0,1.001393484176224,83.0,67.47881362120135,75.33333333333333,8.666666666666666,29.0,0.001537177830832937,-0.5307300481619331,-0.8475409228928312,-0.9659258262890684,0.2588190451025203
2025-08-03 21:00:00,0.0,0.6667772685240343,77.66666666666667,112.46169372619033,89.0,6.333333333333333,29.0,1.0320250937320108,-0.5307300481619331,-0.8475409228928312,-0.5000000000000004,0.8660254037844384
2025-08-04 00:00:00,1.0,0.25063371516815675,89.33333333333333,105.02123239276887,57.0,12.333333333333334,29.0,0.33285713293541197,-0.5452404385406507,-0.8382797052177745,0.25881904510252074,0.9659258262890683
2025-08-04 03:00:00,1.0,0.33403647532496306,82.0,112.50178306089765,80.66666666666667,7.0,29.0,0.8667818325571711,-0.5452404385406507,-0.8382797052177745,0.8660254037844386,0.5000000000000001
2025-08-04 06:00:00,0.0,0.5844428752807733,80.0,44.88421823349672,84.66666666666667,0.0,29.0,1.8681304670841037,-0.5452404385406507,-0.8382797052177745,0.9659258262890683,-0.25881904510252063
2025-08-04 09:00:00,0.0,0.6687641315339707,78.66666666666667,67.44411197526289,86.33333333333333,4.333333333333333,29.0,1.332559982924831,-0.5452404385406507,-0.8382797052177745,0.49999999999999994,-0.8660254037844387
2025-08-04 12:00:00,0.0,0.666627150100325,77.0,22.445780129491155,87.0,2.0,29.0,-0.00038329712545898223,-0.5452404385406507,-0.8382797052177745,-0.2588190451025208,-0.9659258262890683
2025-08-04 15:00:00,0.0,0.581441040928518,86.0,105.00069360524775,63.666666666666664,11.333333333333334,29.0,1.1695726207860566,-0.5452404385406507,-0.8382797052177745,-0.8660254037844385,-0.5000000000000004
2025-08-04 18:00:00,0.0,0.9979618202816358,80.66666666666667,52.645075857392364,86.0,4.0,29.0,1.0687921051593736,-0.5452404385406507,-0.8382797052177745,-0.9659258262890684,0.2588190451025203
2025-08-04 21:00:00,0.0,0.5831301138415914,80.33333333333333,0.01112636137106659,82.0,2.0,29.0,0.2673340819656594,-0.5452404385406507,-0.8382797052177745,-0.5000000000000004,0.8660254037844384
2025-08-05 00:00:00,0.0,0.6673762936870931,76.33333333333333,97.48016774762034,75.66666666666667,8.333333333333334,29.0,0.7998855103952619,-0.5595892624101763,-0.828770087174504,0.25881904510252074,0.9659258262890683
2025-08-05 03:00:00,1.0,0.4222849711044604,77.0,0.003790593679135591,92.66666666666667,0.0,29.0,2.4044771245139,-0.5595892624101763,-0.828770087174504,0.8660254037844386,0.5000000000000001
2025-08-05 06:00:00,1.0,0.4059459876968693,81.0,67.48913692834238,78.0,9.333333333333334,29.0,0.9023219732760505,-0.5595892624101763,-0.828770087174504,0.9659258262890683,-0.25881904510252063
2025-08-05 09:00:00,0.0,0.5104538824853082,79.66666666666667,59.96514427286431,80.66666666666667,6.333333333333333,29.0,0.2676818806141249,-0.5595892624101763,-0.828770087174504,0.49999999999999994,-0.8660254037844387
2025-08-05 12:00:00,1.0,0.4138192107005444,84.0,97.45949939830291,68.66666666666667,15.666666666666666,29.0,0.8013349855124526,-0.5595892624101763,-0.828770087174504,-0.2588190451025208,-0.9659258262890683
2025-08-05 15:00:00,0.0,0.6668069646130191,77.66666666666667,-0.008468451335018579,87.0,0.0,29.0,0.001171701219557106,-0.5595892624101763,-0.828770087174504,-0.8660254037844385,-0.5000000000000004
2025-08-05 18:00:00,0.0,0.6653519868239701,78.66666666666667,67.52087590795237,81.33333333333333,6.333333333333333,29.0,0.7009563958033457,-0.5595892624101763,-0.828770087174504,-0.9659258262890684,0.2588190451025203
2025-08-05 21:00:00,0.0,0.9168275504445373,79.33333333333333,67.49329594056246,79.66666666666667,7.333333333333333,29.0,0.43439107822028156,-0.5595892624101763,-0.828770087174504,-0.5000000000000004,0.8660254037844384
2025-08-06 00:00:00,0.0,0.6677567232942783,76.33333333333333,45.00122643346285,89.66666666666667,2.0,29.0,0.16839315283463832,-0.5737722679043243,-0.8190148866680802,0.25881904510252074,0.9659258262890683
2025-08-06 03:00:00,1.0,0.4214287611439157,77.0,30.012734836281734,89.0,2.6666666666666665,29.0,0.7995157982647579,-0.5737722679043243,-0.8190148866680802,0.8660254037844386,0.5000000000000001
2025-08-06 06:00:00,1.0,0.33292643260662197,80.0,29.986722721114106,85.0,2.0,29.0,1.0653187307055696,-0.5737722679043243,-0.8190148866680802,0.9659258262890683,-0.25881904510252063
2025-08-06 09:00:00,1.0,0.7478945524552665,83.0,97.49895412526566,72.33333333333333,8.0,29.0,1.038178703859967,-0.5737722679043243,-0.8190148866680802,0.49999999999999994,-0.8660254037844387
2025-08-06 12:00:00,0.0,1.0018851997720701,78.0,30.00173752045393,84.66666666666667,4.0,29.0,1.0003837597897467,-0.5737722679043243,-0.8190148866680802,-0.2588190451025208,-0.9659258262890683
2025-08-06 15:00:00,0.0,0.7473688956091742,77.66666666666667,112.468126000847,86.0,7.0,29.0,0.800147858710687,-0.5737722679043243,-0.8190148866680802,-0.8660254037844385,-0.5000000000000004
2025-08-06 18:00:00,1.0,0.16126061304785555,85.0,52.48610742202985,70.0,10.0,29.0,1.1343506886358843,-0.5737722679043243,-0.8190148866680802,-0.9659258262890684,0.2588190451025203
2025-08-06 21:00:00,1.0,0.18356772519968392,83.66666666666667,67.46147186740886,78.33333333333333,6.0,29.0,1.2645221366157708,-0.5737722679043243,-0.8190148866680802,-0.5000000000000004,0.8660254037844384
2025-08-07 00:00:00,0.0,0.33459032460606913,76.33333333333333,30.00506925104109,92.33333333333333,6.666666666666667,29.0,1.5353477698293716,-0.5877852522924734,-0.8090169943749472,0.25881904510252074,0.9659258262890683
2025-08-07 03:00:00,0.0,0.4816527262833435,80.0,29.970496945488332,86.66666666666667,2.6666666666666665,29.0,1.26395333312659,-0.5877852522924734,-0.8090169943749472,0.8660254037844386,0.5000000000000001
2025-08-07 06:00:00,0.0,0.7515892033467114,77.0,-0.015908386171893236,87.66666666666667,0.0,29.0,1.067165060005505,-0.5877852522924734,-0.8090169943749472,0.9659258262890683,-0.25881904510252063
2025-08-07 09:00:00,1.0,0.1129725237589686,83.66666666666667,74.99914665392446,70.0,7.333333333333333,29.0,0.9689008165815843,-0.5877852522924734,-0.8090169943749472,0.49999999999999994,-0.8660254037844387
2025-08-07 12:00:00,0.0,0.49275948735800956,85.33333333333333,67.52664128201498,67.0,8.666666666666666,29.0,0.0006135130508348173,-0.5877852522924734,-0.8090169943749472,-0.2588190451025208,-0.9659258262890683
2025-08-07 15:00:00,1.0,0.11929424996158358,87.33333333333333,89.95583528882116,62.333333333333336,16.666666666666668,29.0,1.1318083012645566,-0.5877852522924734,-0.8090169943749472,-0.8660254037844385,-0.5000000000000004
2025-08-07 18:00:00,0.0,0.833140402513041,80.0,0.018555518316421934,90.0,0.0,29.0,0.33358399392319277,-0.5877852522924734,-0.8090169943749472,-0.9659258262890684,0.2588190451025203
2025-08-07 21:00:00,1.0,0.0991278455144259,83.66666666666667,134.63654960342305,73.66666666666667,11.0,29.0,1.0679416249820168,-0.5877852522924734,-0.8090169943749472,-0.5000000000000004,0.8660254037844384
2025-08-08 00:00:00,0.0,0.9968310441110202,79.33333333333333,29.982685010813885,89.33333333333333,2.6666666666666665,29.0,1.0667058729905596,-0.6016240632249227,-0.7987793728863648,0.25881904510252074,0.9659258262890683
2025-08-08 03:00:00,1.0,0.12448757389359663,84.66666666666667,118.54612855048369,72.33333333333333,7.0,29.0,0.9677201437424147,-0.6016240632249227,-0.7987793728863648,0.8660254037844386,0.5000000000000001
2025-08-08 06:00:00,0.0,0.9167347819108345,77.0,22.490066129790645,94.33333333333333,4.0,29.0,0.8688050680885753,-0.6016240632249227,-0.7987793728863648,0.9659258262890683,-0.25881904510252063
2025-08-08 09:00:00,1.0,0.33453038770267784,82.0,67.49996051986659,72.33333333333333,7.0,29.0,0.8032998199098862,-0.6016240632249227,-0.7987793728863648,0.49999999999999994,-0.8660254037844387
2025-08-08 12:00:00,0.0,0.8330197158484102,77.0,37.48263743093452,92.33333333333333,1.0,29.0,0.3321253180919239,-0.6016240632249227,-0.7987793728863648,-0.2588190451025208,-0.9659258262890683
2025-08-08 15:00:00,0.0,0.749216880098229,81.33333333333333,89.91394963485784,82.0,2.6666666666666665,29.0,0.3340872549217366,-0.6016240632249227,-0.7987793728863648,-0.8660254037844385,-0.5000000000000004
2025-08-08 18:00:00,0.0,0.8334307351374547,86.33333333333333,67.49956107779475,69.0,7.0,29.0,0.001397067181068234,-0.6016240632249227,-0.7987793728863648,-0.9659258262890684,0.2588190451025203
2025-08-08 21:00:00,0.0,0.9160644958788728,77.66666666666667,-0.003978175744142588,91.33333333333333,5.0,29.0,0.16739554062634154,-0.6016240632249227,-0.7987793728863648,-0.5000000000000004,0.8660254037844384
2025-08-09 00:00:00,0.0,0.5842095086352892,77.0,37.47204405821374,89.0,2.3333333333333335,29.0,1.068445564631009,-0.6152845999633277,-0.7883050558305253,0.25881904510252074,0.9659258262890683
2025-08-09 03:00:00,0.0,0.5831904682963813,81.33333333333333,52.43281183560445,73.0,3.0,29.0,0.43334479838809087,-0.6152845999633277,-0.7883050558305253,0.8660254037844386,0.5000000000000001
2025-08-09 06:00:00,1.0,0.13717446363054842,84.33333333333333,113.43414024401106,70.0,6.666666666666667,29.0,1.1362498895916895,-0.6152845999633277,-0.7883050558305253,0.9659258262890683,-0.25881904510252063
2025-08-09 09:00:00,0.0,0.8330058000743337,78.0,37.480984703529074,89.33333333333333,4.0,29.0,1.0392778395123872,-0.6152845999633277,-0.7883050558305253,0.49999999999999994,-0.8660254037844387
2025-08-09 12:00:00,0.0,0.9157808772738916,78.0,-0.009655811687976835,87.0,0.0,29.0,0.16681715325681554,-0.6152845999633277,-0.7883050558305253,-0.2588190451025208,-0.9659258262890683
2025-08-09 15:00:00,1.0,0.14729496967700487,83.0,82.58737833554956,69.33333333333333,7.0,29.0,0.801545993783975,-0.6152845999633277,-0.7883050558305253,-0.8660254037844385,-0.5000000000000004
2025-08-09 18:00:00,0.0,0.5853034225502599,78.66666666666667,59.978745457056995,79.0,9.333333333333334,29.0,0.43260634830919664,-0.6152845999633277,-0.7883050558305253,-0.9659258262890684,0.2588190451025203
2025-08-09 21:00:00,1.0,0.07250173229287882,84.33333333333333,75.1036382689885,69.66666666666667,8.666666666666666,29.0,0.3338831216728701,-0.6152845999633277,-0.7883050558305253,-0.5000000000000004,0.8660254037844384
2025-08-10 00:00:00,1.0,0.11356770421293731,84.0,59.9801133204623,73.33333333333333,9.333333333333334,29.0,0.3329783037432806,-0.6287628145958345,-0.7775971469736268,0.25881904510252074,0.9659258262890683
2025-08-10 03:00:00,0.0,0.5859756172154668,80.0,67.48511891155985,72.33333333333333,5.333333333333333,29.0,0.0007826784717004627,-0.6287628145958345,-0.7775971469736268,0.8660254037844386,0.5000000000000001
2025-08-10 06:00:00,1.0,0.12783089066597364,82.0,109.53383784807441,73.66666666666667,9.0,29.0,0.16658864840756624,-0.6287628145958345,-0.7775971469736268,0.9659258262890683,-0.25881904510252063
2025-08-10 09:00:00,1.0,0.10599076754599368,83.0,89.95040844142989,72.33333333333333,6.0,29.0,0.7010693324230827,-0.6287628145958345,-0.7775971469736268,0.49999999999999994,-0.8660254037844387
2025-08-10 12:00:00,0.0,0.7500467748052896,82.66666666666667,29.97488211261428,76.66666666666667,4.666666666666667,29.0,0.33387212067509414,-0.6287628145958345,-0.7775971469736268,-0.2588190451025208,-0.9659258262890683
2025-08-10 15:00:00,1.0,0.3327917122479658,87.33333333333333,52.51216776109349,68.0,7.333333333333333,29.0,0.7339100673042592,-0.6287628145958345,-0.7775971469736268,-0.8660254037844385,-0.5000000000000004
2025-08-10 18:00:00,1.0,0.4284107902166694,79.0,52.580765934248596,88.33333333333333,4.0,29.0,0.7356830090216082,-0.6287628145958345,-0.7775971469736268,-0.9659258262890684,0.2588190451025203
2025-08-10 21:00:00,0.0,0.6665057671313271,79.33333333333333,37.51728507785033,82.0,3.0,29.0,0.43317604840268026,-0.6287628145958345,-0.7775971469736268,-0.5000000000000004,0.8660254037844384
2025-08-11 00:00:00,0.0,0.8339818791210238,80.33333333333333,59.979554684178936,89.33333333333333,7.0,29.0,1.9356845181226323,-0.6420547132365636,-0.7666588193001592,0.25881904510252074,0.9659258262890683
2025-08-11 03:00:00,1.0,0.14302373766204268,85.66666666666667,60.01536995342934,70.0,7.0,29.0,0.6003492514257442,-0.6420547132365636,-0.7666588193001592,0.8660254037844386,0.5000000000000001
2025-08-11 06:00:00,0.0,0.7511559265389636,85.0,97.48043607918389,71.33333333333333,10.333333333333334,29.0,0.167365660304188,-0.6420547132365636,-0.7666588193001592,0.9659258262890683,-0.25881904510252063
2025-08-11 09:00:00,0.0,0.665938038049373,79.0,22.464204824718134,86.33333333333333,1.6666666666666667,29.0,0.5336019468510742,-0.6420547132365636,-0.7666588193001592,0.49999999999999994,-0.8660254037844387
2025-08-11 12:00:00,1.0,0.36681153729623617,80.0,59.91828352460471,78.33333333333333,4.666666666666667,29.0,0.43384997654464724,-0.6420547132365636,-0.7666588193001592,-0.2588190451025208,-0.9659258262890683
2025-08-11 15:00:00,0.0,0.6664642641364731,77.0,37.49181957500893,88.66666666666667,1.0,29.0,0.16861813830598818,-0.6420547132365636,-0.7666588193001592,-0.8660254037844385,-0.5000000000000004
2025-08-11 18:00:00,0.0,0.7478206786807874,81.33333333333333,97.48265344029488,77.66666666666667,13.0,29.0,0.7978405528896975,-0.6420547132365636,-0.7666588193001592,-0.9659258262890684,0.2588190451025203
2025-08-11 21:00:00,1.0,0.10866156847952547,79.33333333333333,59.99572535702401,70.33333333333333,12.0,29.0,0.26827346212107256,-0.6420547132365636,-0.7666588193001592,-0.5000000000000004,0.8660254037844384
2025-08-12 00:00:00,1.0,0.4675348576842614,81.33333333333333,82.58736538574856,77.33333333333333,3.3333333333333335,29.0,0.9667302113948965,-0.655156357209085,-0.7554933140726804,0.25881904510252074,0.9659258262890683
2025-08-12 03:00:00,1.0,0.13053213111022818,80.0,127.49008065346328,83.0,6.666666666666667,29.0,0.7021083739133923,-0.655156357209085,-0.7554933140726804,0.8660254037844386,0.5000000000000001
2025-08-12 06:00:00,0.0,0.6674035551008564,79.66666666666667,89.92887799308455,86.33333333333333,5.0,29.0,0.0006715472608966666,-0.655156357209085,-0.7554933140726804,0.9659258262890683,-0.25881904510252063
2025-08-12 09:00:00,0.0,0.75038223509328,82.33333333333333,89.78927570845151,77.66666666666667,6.666666666666667,29.0,0.7361180980765885,-0.655156357209085,-0.7554933140726804,0.49999999999999994,-0.8660254037844387
2025-08-12 12:00:00,0.0,0.7506944984870092,77.0,-0.003119770104659378,94.33333333333333,0.0,29.0,0.5334980414458367,-0.655156357209085,-0.7554933140726804,-0.2588190451025208,-0.9659258262890683
2025-08-12 15:00:00,1.0,0.36396692526237484,78.33333333333333,30.022369281794983,85.66666666666667,4.0,29.0,1.0679874103582134,-0.655156357209085,-0.7554933140726804,-0.8660254037844385,-0.5000000000000004
2025-08-12 18:00:00,1.0,0.08491278347006621,83.0,60.001098896026924,66.66666666666667,7.0,29.0,0.7364965748113331,-0.655156357209085,-0.7554933140726804,-0.9659258262890684,0.2588190451025203
2025-08-12 21:00:00,0.0,0.5229053575985348,79.33333333333333,60.01431998574191,84.33333333333333,6.0,29.0,0.16768463787064938,-0.655156357209085,-0.7554933140726804,-0.5000000000000004,0.8660254037844384
2025-08-13 00:00:00,0.0,0.6688682334655818,83.66666666666667,127.46200464869999,79.33333333333333,7.333333333333333,29.0,1.065639234752894,-0.6680638642135333,-0.7441039398713608,0.25881904510252074,0.9659258262890683
2025-08-13 03:00:00,0.0,0.8303170681506611,79.33333333333333,67.49200193754008,84.33333333333333,6.666666666666667,29.0,0.8591085229506777,-0.6680638642135333,-0.7441039398713608,0.8660254037844386,0.5000000000000001
2025-08-13 06:00:00,1.0,0.254873918303176,80.0,30.02731262357062,84.33333333333333,1.0,29.0,1.4229445976950028,-0.6680638642135333,-0.7441039398713608,0.9659258262890683,-0.25881904510252063
2025-08-13 09:00:00,1.0,0.10089573085456734,86.0,146.37179676109727,70.0,10.666666666666666,29.0,1.1339381981483443,-0.6680638642135333,-0.7441039398713608,0.49999999999999994,-0.8660254037844387
2025-08-13 12:00:00,1.0,0.2500797140719321,85.66666666666667,60.000200603820474,69.33333333333333,8.333333333333334,29.0,0.16702877228322507,-0.6680638642135333,-0.7441039398713608,-0.2588190451025208,-0.9659258262890683
2025-08-13 15:00:00,1.0,0.3341182017938411,81.66666666666667,97.49977521540205,73.33333333333333,4.0,29.0,1.2336617439167628,-0.6680638642135333,-0.7441039398713608,-0.8660254037844385,-0.5000000000000004
2025-08-13 18:00:00,1.0,0.2515316881911076,83.66666666666667,59.95653189962704,69.66666666666667,11.333333333333334,29.0,0.4336611198379226,-0.6680638642135333,-0.7441039398713608,-0.9659258262890684,0.2588190451025203
2025-08-13 21:00:00,1.0,0.4428785905035577,77.0,0.02333050493889416,94.33333333333333,0.0,29.0,1.438175034017387,-0.6680638642135333,-0.7441039398713608,-0.5000000000000004,0.8660254037844384
2025-08-14 00:00:00,0.0,0.8323561925928559,80.0,30.0156782389506,84.0,4.666666666666667,29.0,0.9691904286486929,-0.6807734094770159,-0.7324940716135792,0.25881904510252074,0.9659258262890683
2025-08-14 03:00:00,0.0,1.0024209495625953,85.0,67.47851292432158,74.0,5.666666666666667,29.0,0.8021527981741198,-0.6807734094770159,-0.7324940716135792,0.8660254037844386,0.5000000000000001
2025-08-14 06:00:00,1.0,0.2519345258852895,80.66666666666667,29.93464790250354,79.66666666666667,4.666666666666667,29.0,0.2677734813773365,-0.6807734094770159,-0.7324940716135792,0.9659258262890683,-0.25881904510252063
2025-08-14 09:00:00,0.0,0.836004559044222,79.33333333333333,0.0241903466131515,92.0,0.0,29.0,0.5336722361023317,-0.6807734094770159,-0.7324940716135792,0.49999999999999994,-0.8660254037844387
2025-08-14 12:00:00,0.0,0.8334803605232257,78.0,74.98429279188917,84.0,5.0,29.0,0.33398882147569614,-0.6807734094770159,-0.7324940716135792,-0.2588190451025208,-0.9659258262890683
2025-08-14 15:00:00,0.0,0.8348394721796186,85.0,90.02922705466035,75.0,5.0,29.0,0.3342852184315923,-0.6807734094770159,-0.7324940716135792,-0.8660254037844385,-0.5000000000000004
2025-08-14 18:00:00,0.0,1.0003128884922865,76.66666666666667,29.955558512053916,92.33333333333333,2.0,29.0,0.8635189731888039,-0.6807734094770159,-0.7324940716135792,-0.9659258262890684,0.2588190451025203
2025-08-14 21:00:00,1.0,0.14564128100228538,84.33333333333333,104.9892342923376,63.0,9.333333333333334,29.0,0.6021987131602278,-0.6807734094770159,-0.7324940716135792,-0.5000000000000004,0.8660254037844384
2025-08-15 00:00:00,1.0,0.3356593209994364,77.0,0.012868885585262639,91.33333333333333,0.0,29.0,0.00088907381775219,-0.6932812268869771,-0.7206671495538615,0.25881904510252074,0.9659258262890683
2025-08-15 03:00:00,0.0,0.6673063940610513,73.66666666666667,44.93079839344235,84.66666666666667,2.0,29.0,0.981109866670125,-0.6932812268869771,-0.7206671495538615,0.8660254037844386,0.5000000000000001
2025-08-15 06:00:00,1.0,0.250827307682211,83.0,59.99334333696353,77.66666666666667,5.666666666666667,29.0,0.4328507930167369,-0.6932812268869771,-0.7206671495538615,0.9659258262890683,-0.25881904510252063
2025-08-15 09:00:00,0.0,0.7510846186126003,76.33333333333333,-0.025103415501052374,94.0,0.0,29.0,0.7331353988263086,-0.6932812268869771,-0.7206671495538615,0.49999999999999994,-0.8660254037844387
2025-08-15 12:00:00,0.0,0.9181034067169023,78.66666666666667,37.45997267703433,89.33333333333333,2.0,29.0,1.7651519885613698,-0.6932812268869771,-0.7206671495538615,-0.2588190451025208,-0.9659258262890683
2025-08-15 15:00:00,1.0,0.4821611264463937,81.33333333333333,90.01320403636377,82.33333333333333,10.0,29.0,0.4334490615304612,-0.6932812268869771,-0.7206671495538615,-0.8660254037844385,-0.5000000000000004
2025-08-15 18:00:00,1.0,0.0996109937206806,82.33333333333333,59.981817762125125,75.0,9.666666666666666,29.0,0.33359793163522794,-0.6932812268869771,-0.7206671495538615,-0.9659258262890684,0.2588190451025203
2025-08-15 21:00:00,0.0,0.9224215560815989,77.0,-0.012664368557180483,96.0,0.0,29.0,0.26792181740243165,-0.6932812268869771,-0.7206671495538615,-0.5000000000000004,0.8660254037844384
2025-08-16 00:00:00,0.0,0.9184623958149049,81.33333333333333,30.00328599951735,82.33333333333333,2.6666666666666665,29.0,0.33389207330903353,-0.7055836101071774,-0.70862667826446,0.25881904510252074,0.9659258262890683
2025-08-16 03:00:00,0.0,0.9179444030028177,78.33333333333333,29.993795261128852,90.66666666666667,3.0,29.0,0.5010047248137447,-0.7055836101071774,-0.70862667826446,0.8660254037844386,0.5000000000000001
2025-08-16 06:00:00,1.0,0.12207248729106002,79.33333333333333,37.51943142407253,83.0,4.666666666666667,29.0,0.26669238145346125,-0.7055836101071774,-0.70862667826446,0.9659258262890683,-0.25881904510252063
2025-08-16 09:00:00,1.0,0.44416532205905596,77.66666666666667,59.978486487420184,90.66666666666667,5.666666666666667,29.0,1.5343154446172875,-0.7055836101071774,-0.70862667826446,0.49999999999999994,-0.8660254037844387
2025-08-16 12:00:00,1.0,0.13333544758681623,86.33333333333333,67.52866733826497,72.66666666666667,8.666666666666666,29.0,0.501225310821573,-0.7055836101071774,-0.70862667826446,-0.2588190451025208,-0.9659258262890683
2025-08-16 15:00:00,0.0,0.5842250891246727,80.0,59.96718219924282,83.0,3.6666666666666665,29.0,1.031166240325641,-0.7055836101071774,-0.70862667826446,-0.8660254037844385,-0.5000000000000004
2025-08-16 18:00:00,0.0,0.6687936800531727,83.0,67.54134118581777,72.0,5.0,29.0,0.4346406628644801,-0.7055836101071774,-0.70862667826446,-0.9659258262890684,0.2588190451025203
2025-08-16 21:00:00,1.0,0.33211321323084336,84.0,59.98558961258245,63.333333333333336,10.666666666666666,29.0,0.4329054455871322,-0.7055836101071774,-0.70862667826446,-0.5000000000000004,0.8660254037844384
2025-08-17 00:00:00,1.0,0.583316786881933,78.33333333333333,75.03576655984583,87.66666666666667,3.0,29.0,1.795129914415881,-0.7176769136759615,-0.6963762255968726,0.25881904510252074,0.9659258262890683
2025-08-17 03:00:00,1.0,0.12835450531552964,82.33333333333333,60.00244892455239,75.0,8.333333333333334,29.0,1.836072368649398,-0.7176769136759615,-0.6963762255968726,0.8660254037844386,0.5000000000000001
2025-08-17 06:00:00,1.0,0.24920703773877842,83.66666666666667,52.50651979026291,76.33333333333333,7.333333333333333,29.0,0.3343891091243911,-0.7176769136759615,-0.6963762255968726,0.9659258262890683,-0.25881904510252063
2025-08-17 09:00:00,0.0,0.8354429725234161,79.0,29.97227597670873,92.33333333333333,2.6666666666666665,29.0,0.16676570871718951,-0.7176769136759615,-0.6963762255968726,0.49999999999999994,-0.8660254037844387
2025-08-17 12:00:00,1.0,0.10945089498608704,83.66666666666667,127.60746880446356,74.33333333333333,8.333333333333334,29.0,0.6008844767337531,-0.7176769136759615,-0.6963762255968726,-0.2588190451025208,-0.9659258262890683
2025-08-17 15:00:00,0.0,0.752669392183045,84.33333333333333,67.4600436859779,67.66666666666667,8.333333333333334,29.0,0.8017161371049847,-0.7176769136759615,-0.6963762255968726,-0.8660254037844385,-0.5000000000000004
2025-08-17 18:00:00,1.0,0.11896495674327157,82.33333333333333,59.99133282342873,73.33333333333333,10.0,29.0,0.4351084560830021,-0.7176769136759615,-0.6963762255968726,-0.9659258262890684,0.2588190451025203
2025-08-17 21:00:00,1.0,0.13940791263848082,85.0,59.991561926613436,68.0,6.0,29.0,0.33455024129763977,-0.7176769136759615,-0.6963762255968726,-0.5000000000000004,0.8660254037844384
2025-08-18 00:00:00,0.0,0.8327070238851048,80.66666666666667,44.97162173128857,79.0,4.666666666666667,29.0,0.8015852920243441,-0.7295575540864876,-0.6839194216246105,0.25881904510252074,0.9659258262890683
2025-08-18 03:00:00,1.0,0.4990250521262301,73.0,37.49915232900055,89.0,2.0,29.0,1.066558503551394,-0.7295575540864876,-0.6839194216246105,0.8660254037844386,0.5000000000000001
2025-08-18 06:00:00,1.0,0.41279094678538164,81.33333333333333,112.75954168648202,80.0,5.333333333333333,29.0,0.16821585989045917,-0.7295575540864876,-0.6839194216246105,0.9659258262890683,-0.25881904510252063
2025-08-18 09:00:00,1.0,0.47916174219387087,83.66666666666667,75.02667095292294,75.0,7.666666666666667,29.0,0.8004477044115447,-0.7295575540864876,-0.6839194216246105,0.49999999999999994,-0.8660254037844387
2025-08-18 12:00:00,0.0,0.5868705009491497,75.66666666666667,0.01542835840291603,90.33333333333333,0.0,29.0,0.3336699451714633,-0.7295575540864876,-0.6839194216246105,-0.2588190451025208,-0.9659258262890683
2025-08-18 15:00:00,0.0,0.4915654369177073,83.0,97.43967898252862,85.66666666666667,10.666666666666666,29.0,1.06542258657601,-0.7295575540864876,-0.6839194216246105,-0.8660254037844385,-0.5000000000000004
2025-08-18 18:00:00,1.0,0.5863227438425969,77.0,30.032669163576458,82.66666666666667,4.0,29.0,0.9665993740863644,-0.7295575540864876,-0.6839194216246105,-0.9659258262890684,0.2588190451025203
2025-08-18 21:00:00,1.0,0.10927375029079808,85.66666666666667,59.987720771202355,69.66666666666667,10.666666666666666,29.0,0.43358982933001,-0.7295575540864876,-0.6839194216246105,-0.5000000000000004,0.8660254037844384
2025-08-19 00:00:00,0.0,0.832878123530232,79.66666666666667,59.987996214320454,73.0,8.0,29.0,0.16752513855097548,-0.7412220108485957,-0.6712599575675315,0.25881904510252074,0.9659258262890683
2025-08-19 03:00:00,0.0,0.749182598601092,76.33333333333333,37.457382272999155,92.33333333333333,2.0,29.0,0.16708370187883612,-0.7412220108485957,-0.6712599575675315,0.8660254037844386,0.5000000000000001
2025-08-19 06:00:00,1.0,0.15012162471473683,87.33333333333333,135.03259272274258,64.66666666666667,12.666666666666666,29.0,1.2333589309472455,-0.7412220108485957,-0.6712599575675315,0.9659258262890683,-0.25881904510252063
2025-08-19 09:00:00,0.0,0.8355456203600345,83.0,67.48844764345806,76.66666666666667,11.0,29.0,1.066511262313433,-0.7412220108485957,-0.6712599575675315,0.49999999999999994,-0.8660254037844387
2025-08-19 12:00:00,0.0,0.6668427464513477,82.66666666666667,59.98086056438559,81.33333333333333,9.333333333333334,29.0,0.2672346289718518,-0.7412220108485957,-0.6712599575675315,-0.2588190451025208,-0.9659258262890683
2025-08-19 15:00:00,1.0,0.4621170672519048,78.66666666666667,29.972996724273965,88.0,5.0,29.0,1.0024905801119497,-0.7412220108485957,-0.6712599575675315,-0.8660254037844385,-0.5000000000000004
2025-08-19 18:00:00,0.0,0.9180840893354929,83.66666666666667,67.49546945503465,70.0,7.666666666666667,29.0,1.1691529966490488,-0.7412220108485957,-0.6712599575675315,-0.9659258262890684,0.2588190451025203
2025-08-19 21:00:00,0.0,0.5828154002131183,79.0,30.039077450715542,87.33333333333333,2.6666666666666665,29.0,0.5337849191621015,-0.7412220108485957,-0.6712599575675315,-0.5000000000000004,0.8660254037844384
2025-08-20 00:00:00,0.0,0.6678623677870343,77.66666666666667,67.45514898683342,87.66666666666667,3.0,29.0,0.2677817501666117,-0.7526668275320083,-0.6584015846980489,0.25881904510252074,0.9659258262890683
2025-08-20 03:00:00,1.0,0.1647788634244629,89.33333333333333,97.50096254918701,56.333333333333336,16.666666666666668,29.0,0.5007937544200026,-0.7526668275320083,-0.6584015846980489,0.8660254037844386,0.5000000000000001
2025-08-20 06:00:00,1.0,0.17597975853563858,86.66666666666667,67.51714447268297,68.66666666666667,7.333333333333333,29.0,0.6995319039156097,-0.7526668275320083,-0.6584015846980489,0.9659258262890683,-0.25881904510252063
2025-08-20 09:00:00,1.0,0.24985214289577803,83.33333333333333,29.970533537559344,82.66666666666667,4.666666666666667,29.0,0.4343692614555306,-0.7526668275320083,-0.6584015846980489,0.49999999999999994,-0.8660254037844387
2025-08-20 12:00:00,1.0,0.42685775423102035,80.0,74.96406231004534,78.66666666666667,10.0,29.0,0.16645058837988128,-0.7526668275320083,-0.6584015846980489,-0.2588190451025208,-0.9659258262890683
2025-08-20 15:00:00,1.0,0.13206411077264738,81.33333333333333,90.02025290722115,79.0,12.333333333333334,29.0,1.1974895806330028,-0.7526668275320083,-0.6584015846980489,-0.8660254037844385,-0.5000000000000004
2025-08-20 18:00:00,0.0,0.665870292978352,80.0,67.49525967625283,85.0,8.666666666666666,29.0,1.8658087797142062,-0.7526668275320083,-0.6584015846980489,-0.9659258262890684,0.2588190451025203
2025-08-20 21:00:00,0.0,0.6661426808754934,78.0,30.004493015862177,84.66666666666667,4.0,29.0,0.9686988376250274,-0.7526668275320083,-0.6584015846980489,-0.5000000000000004,0.8660254037844384
2025-08-21 00:00:00,1.0,0.08519485268642557,83.0,89.95895195476156,66.33333333333333,12.666666666666666,29.0,0.5339739187227541,-0.7638886127905429,-0.64534811322955,0.25881904510252074,0.9659258262890683
2025-08-21 03:00:00,1.0,0.2501879051005931,83.66666666666667,89.958549334251,76.0,8.333333333333334,29.0,0.3344993211594918,-0.7638886127905429,-0.64534811322955,0.8660254037844386,0.5000000000000001
2025-08-21 06:00:00,0.0,0.5824512407701071,82.66666666666667,74.96487302655665,77.33333333333333,5.0,29.0,1.0649937491004875,-0.7638886127905429,-0.64534811322955,0.9659258262890683,-0.25881904510252063
2025-08-21 09:00:00,0.0,0.4486425419038685,76.33333333333333,22.552310002452558,87.66666666666667,3.3333333333333335,29.0,1.4291898665522966,-0.7638886127905429,-0.64534811322955,0.49999999999999994,-0.8660254037844387
2025-08-21 12:00:00,1.0,0.1298946353707465,83.66666666666667,127.02056059422723,74.33333333333333,5.333333333333333,29.0,0.1674181944307189,-0.7638886127905429,-0.64534811322955,-0.2588190451025208,-0.9659258262890683
2025-08-21 15:00:00,1.0,0.11344324948756124,86.66666666666667,74.89824321844966,66.0,13.333333333333334,29.0,1.0679137705839052,-0.7638886127905429,-0.64534811322955,-0.8660254037844385,-0.5000000000000004
2025-08-21 18:00:00,0.0,0.9157534427584908,81.66666666666667,105.00854272849973,77.66666666666667,10.333333333333334,29.0,1.06804356378213,-0.7638886127905429,-0.64534811322955,-0.9659258262890684,0.2588190451025203
2025-08-21 21:00:00,0.0,0.9179956428096627,81.33333333333333,97.545258334469,86.33333333333333,3.0,29.0,0.7006603848773091,-0.7638886127905429,-0.64534811322955,-0.5000000000000004,0.8660254037844384
2025-08-22 00:00:00,0.0,0.9186926509458089,79.33333333333333,37.52188015569828,84.33333333333333,5.0,29.0,0.16663297728198265,-0.7748840413670406,-0.6321034111873488,0.25881904510252074,0.9659258262890683
2025-08-22 03:00:00,1.0,0.48775734025875406,81.33333333333333,14.981078460424355,80.66666666666667,2.0,29.0,1.0687413931356993,-0.7748840413670406,-0.6321034111873488,0.8660254037844386,0.5000000000000001
2025-08-22 06:00:00,0.0,0.9188487717382864,82.0,67.493283657355,77.0,7.666666666666667,29.0,1.3367816657903653,-0.7748840413670406,-0.6321034111873488,0.9659258262890683,-0.25881904510252063
2025-08-22 09:00:00,1.0,0.11709652916789104,81.33333333333333,29.964502687240426,83.0,3.3333333333333335,29.0,0.7009003504907826,-0.7748840413670406,-0.6321034111873488,0.49999999999999994,-0.8660254037844387
2025-08-22 12:00:00,0.0,0.9159537247105817,78.33333333333333,-0.013237030878136246,92.33333333333333,0.0,29.0,0.5336222570102441,-0.7748840413670406,-0.6321034111873488,-0.2588190451025208,-0.9659258262890683
2025-08-22 15:00:00,0.0,0.582985705208629,85.66666666666667,67.49932648876664,67.0,6.0,29.0,0.33259675025805996,-0.7748840413670406,-0.6321034111873488,-0.8660254037844385,-0.5000000000000004
2025-08-22 18:00:00,1.0,0.08818793357801613,80.66666666666667,59.719880303110244,81.0,1.6666666666666667,29.0,0.4335154322870882,-0.7748840413670406,-0.6321034111873488,-0.9659258262890684,0.2588190451025203
2025-08-22 21:00:00,0.0,0.7503687845529506,78.66666666666667,29.997219570034957,87.0,3.0,29.0,0.9670658970835261,-0.7748840413670406,-0.6321034111873488,-0.5000000000000004,0.8660254037844384
2025-08-23 00:00:00,1.0,0.12286865167922371,83.0,67.53951814284635,73.33333333333333,5.333333333333333,29.0,0.5329907250038465,-0.7856498550787144,-0.6186714032625032,0.25881904510252074,0.9659258262890683
2025-08-23 03:00:00,0.0,0.5811894949459435,79.33333333333333,97.50135767620662,83.66666666666667,6.666666666666667,29.0,0.3342496506154742,-0.7856498550787144,-0.6186714032625032,0.8660254037844386,0.5000000000000001
2025-08-23 06:00:00,0.0,1.0003574274986038,84.33333333333333,104.95206290224075,69.0,6.0,29.0,0.0011379667248974847,-0.7856498550787144,-0.6186714032625032,0.9659258262890683,-0.25881904510252063
2025-08-23 09:00:00,0.0,0.7531269306782904,76.33333333333333,0.021022512831684794,89.66666666666667,0.0,29.0,0.16735419457986458,-0.7856498550787144,-0.6186714032625032,0.49999999999999994,-0.8660254037844387
2025-08-23 12:00:00,1.0,0.4658509759676681,77.33333333333333,0.02528588976555458,94.33333333333333,0.0,29.0,0.16780164312153853,-0.7856498550787144,-0.6186714032625032,-0.2588190451025208,-0.9659258262890683
2025-08-23 15:00:00,1.0,0.5208350183960594,75.66666666666667,37.468925104579014,90.0,2.0,29.0,2.460655661102131,-0.7856498550787144,-0.6186714032625032,-0.8660254037844385,-0.5000000000000004
2025-08-23 18:00:00,0.0,1.003581829099197,80.0,37.503685675177934,83.0,4.333333333333333,29.0,0.968185084521242,-0.7856498550787144,-0.6186714032625032,-0.9659258262890684,0.2588190451025203
2025-08-23 21:00:00,1.0,0.5863350108612378,80.66666666666667,97.90529144624749,81.33333333333333,3.0,29.0,1.9364041662011398,-0.7856498550787144,-0.6186714032625032,-0.5000000000000004,0.8660254037844384
2025-08-24 00:00:00,1.0,0.33341827227658083,79.66666666666667,22.524749015419555,81.33333333333333,4.666666666666667,29.0,0.33363015656417144,-0.7961828637826154,-0.6050560696488494,0.25881904510252074,0.9659258262890683
2025-08-24 03:00:00,1.0,0.13178059326807223,85.0,120.2323140880777,75.0,7.333333333333333,29.0,0.33414016990707446,-0.7961828637826154,-0.6050560696488494,0.8660254037844386,0.5000000000000001
2025-08-24 06:00:00,0.0,0.8330077566626201,82.66666666666667,37.5024259999963,80.66666666666667,5.333333333333333,29.0,0.26756548457429347,-0.7961828637826154,-0.6050560696488494,0.9659258262890683,-0.25881904510252063
2025-08-24 09:00:00,1.0,0.14118497359399845,80.0,67.52374252235337,86.33333333333333,5.333333333333333,29.0,1.3343229702105048,-0.7961828637826154,-0.6050560696488494,0.49999999999999994,-0.8660254037844387
2025-08-24 12:00:00,1.0,0.1334532115223621,87.33333333333333,90.00274116568558,56.666666666666664,12.0,29.0,0.33416894621210763,-0.7961828637826154,-0.6050560696488494,-0.2588190451025208,-0.9659258262890683
2025-08-24 15:00:00,0.0,0.7509574501836123,80.33333333333333,22.51301494454039,84.0,2.0,29.0,0.4343942596512858,-0.7961828637826154,-0.6050560696488494,-0.8660254037844385,-0.5000000000000004
2025-08-24 18:00:00,0.0,0.6652699713206539,77.0,22.506158359758242,94.33333333333333,2.0,29.0,0.7008810467900132,-0.7961828637826154,-0.6050560696488494,-0.9659258262890684,0.2588190451025203
2025-08-24 21:00:00,0.0,0.915158416081209,80.66666666666667,52.49468806948943,70.0,9.0,29.0,1.6030024491074677,-0.7961828637826154,-0.6050560696488494,-0.5000000000000004,0.8660254037844384
2025-08-25 00:00:00,1.0,0.07656092963283288,78.0,37.48538388608599,83.66666666666667,1.0,29.0,0.8013364794687807,-0.8064799463209447,-0.5912614448635782,0.25881904510252074,0.9659258262890683
2025-08-25 03:00:00,0.0,0.582975715776394,79.66666666666667,-0.021483348072212898,89.33333333333333,0.0,29.0,0.2676254864872965,-0.8064799463209447,-0.5912614448635782,0.8660254037844386,0.5000000000000001
2025-08-25 06:00:00,0.0,0.9156149070306215,77.66666666666667,67.48198347039217,80.66666666666667,3.0,29.0,0.0013661850408281688,-0.8064799463209447,-0.5912614448635782,0.9659258262890683,-0.25881904510252063
2025-08-25 09:00:00,0.0,0.7519618651358887,78.66666666666667,67.50931610359449,85.66666666666667,4.333333333333333,29.0,0.7352305438697645,-0.8064799463209447,-0.5912614448635782,0.49999999999999994,-0.8660254037844387
2025-08-25 12:00:00,1.0,0.441681789302474,78.66666666666667,75.0610696657018,77.0,6.333333333333333,29.0,1.7059080446470911,-0.8064799463209447,-0.5912614448635782,-0.2588190451025208,-0.9659258262890683
2025-08-25 15:00:00,1.0,0.41201285442628627,80.66666666666667,59.979236592168284,74.0,3.0,29.0,0.435186372057544,-0.8064799463209447,-0.5912614448635782,-0.8660254037844385,-0.5000000000000004
2025-08-25 18:00:00,0.0,0.7504254835917488,77.0,37.45710164727691,92.33333333333333,1.0,29.0,0.964662522288029,-0.8064799463209447,-0.5912614448635782,-0.9659258262890684,0.2588190451025203
2025-08-25 21:00:00,1.0,0.12339778415601849,84.33333333333333,90.0149536758277,69.33333333333333,9.666666666666666,29.0,0.3343649514407124,-0.8064799463209447,-0.5912614448635782,-0.5000000000000004,0.8660254037844384
2025-08-26 00:00:00,0.0,0.8349743258873583,84.33333333333333,67.49214517106255,68.0,9.333333333333334,29.0,0.26776649810924236,-0.8165380514459157,-0.5772916165517278,0.25881904510252074,0.9659258262890683
2025-08-26 03:00:00,0.0,0.5344400109012745,78.0,29.983590162721057,88.0,2.6666666666666665,29.0,0.26746903522827886,-0.8165380514459157,-0.5772916165517278,0.8660254037844386,0.5000000000000001
2025-08-26 06:00:00,0.0,0.8356159072673185,79.33333333333333,67.48205022430729,81.33333333333333,6.666666666666667,29.0,0.8039674069456523,-0.8165380514459157,-0.5772916165517278,0.9659258262890683,-0.25881904510252063
2025-08-26 09:00:00,0.0,0.6673318425651036,76.33333333333333,74.5719828691726,92.33333333333333,2.0,29.0,0.16709405313139736,-0.8165380514459157,-0.5772916165517278,0.49999999999999994,-0.8660254037844387
2025-08-26 12:00:00,1.0,0.45702505080805655,83.0,82.55531837109913,76.66666666666667,7.666666666666667,29.0,0.16834608169745194,-0.8165380514459157,-0.5772916165517278,-0.2588190451025208,-0.9659258262890683
2025-08-26 15:00:00,1.0,0.24842938370513082,80.0,30.006296760924897,84.33333333333333,4.0,29.0,0.5340879397446733,-0.8165380514459157,-0.5772916165517278,-0.8660254037844385,-0.5000000000000004
2025-08-26 18:00:00,1.0,0.33336213950691096,79.33333333333333,81.29369179849492,90.66666666666667,3.3333333333333335,29.0,0.43374069996749526,-0.8165380514459157,-0.5772916165517278,-0.9659258262890684,0.2588190451025203
2025-08-26 21:00:00,1.0,0.10404815951566504,81.66666666666667,90.0186665480194,72.0,8.333333333333334,29.0,0.9675018511860225,-0.8165380514459157,-0.5772916165517278,-0.5000000000000004,0.8660254037844384
2025-08-27 00:00:00,1.0,0.33266967457294855,86.33333333333333,97.53152819024234,65.33333333333333,9.0,29.0,1.1354707826693826,-0.8263541987239094,-0.5631507242749187,0.25881904510252074,0.9659258262890683
2025-08-27 03:00:00,0.0,0.6643772917560206,81.0,-0.010566551580198119,84.0,0.0,29.0,0.50051578214034,-0.8263541987239094,-0.5631507242749187,0.8660254037844386,0.5000000000000001
2025-08-27 06:00:00,1.0,0.25160877591555186,80.0,30.05472558706353,78.0,5.0,29.0,0.9681593407213853,-0.8263541987239094,-0.5631507242749187,0.9659258262890683,-0.25881904510252063
2025-08-27 09:00:00,1.0,0.07024717750146847,80.66666666666667,52.41633216497623,90.66666666666667,1.6666666666666667,29.0,1.2720093135751493,-0.8263541987239094,-0.5631507242749187,0.49999999999999994,-0.8660254037844387
2025-08-27 12:00:00,0.0,0.834497898084547,78.66666666666667,-0.0027016701239431485,91.0,0.0,29.0,0.0007605458878568068,-0.8263541987239094,-0.5631507242749187,-0.2588190451025208,-0.9659258262890683
2025-08-27 15:00:00,0.0,0.5853527457111865,82.66666666666667,59.9869085609976,75.0,7.333333333333333,29.0,0.33296802395765757,-0.8263541987239094,-0.5631507242749187,-0.8660254037844385,-0.5000000000000004
2025-08-27 18:00:00,0.0,0.9153867500614227,81.33333333333333,97.48009886880841,72.0,8.333333333333334,29.0,-0.00015179557561363955,-0.8263541987239094,-0.5631507242749187,-0.9659258262890684,0.2588190451025203
2025-08-27 21:00:00,0.0,0.7525092508374147,84.33333333333333,97.47887398936196,75.66666666666667,11.333333333333334,29.0,5.592895091890168e-05,-0.8263541987239094,-0.5631507242749187,-0.5000000000000004,0.8660254037844384
2025-08-28 00:00:00,0.0,0.5531146730476963,80.66666666666667,67.47343882594897,79.33333333333333,4.0,29.0,0.2664272340861374,-0.8359254794186365,-0.5488429582847199,0.25881904510252074,0.9659258262890683
2025-08-28 03:00:00,1.0,0.2513856758493213,79.66666666666667,158.8318074637143,85.66666666666667,6.333333333333333,29.0,0.9664058718192434,-0.8359254794186365,-0.5488429582847199,0.8660254037844386,0.5000000000000001
2025-08-28 06:00:00,1.0,0.3342947036422506,80.66666666666667,52.49614080428728,84.66666666666667,2.0,29.0,0.3339492417969183,-0.8359254794186365,-0.5488429582847199,0.9659258262890683,-0.25881904510252063
2025-08-28 09:00:00,0.0,0.6684943931523019,82.33333333333333,114.05558091155406,75.66666666666667,5.666666666666667,29.0,1.0685553630121971,-0.8359254794186365,-0.5488429582847199,0.49999999999999994,-0.8660254037844387
2025-08-28 12:00:00,0.0,0.5522295938652639,79.33333333333333,59.99247724282719,84.33333333333333,3.6666666666666665,29.0,-0.0003938204241303726,-0.8359254794186365,-0.5488429582847199,-0.2588190451025208,-0.9659258262890683
2025-08-28 15:00:00,0.0,0.9176885429795565,76.33333333333333,0.00948463872910166,98.0,0.0,29.0,0.5344953679360778,-0.8359254794186365,-0.5488429582847199,-0.8660254037844385,-0.5000000000000004
2025-08-28 18:00:00,1.0,0.25088069797641843,81.33333333333333,29.98408652964287,83.0,3.0,29.0,0.5997644915249175,-0.8359254794186365,-0.5488429582847199,-0.9659258262890684,0.2588190451025203
2025-08-28 21:00:00,1.0,0.333094338044297,80.66666666666667,29.989745241959756,82.0,4.666666666666667,29.0,0.0005845542936601813,-0.8359254794186365,-0.5488429582847199,-0.5000000000000004,0.8660254037844384
2025-08-29 00:00:00,1.0,0.46535556307486853,81.33333333333333,59.95136706641509,77.66666666666667,4.333333333333333,29.0,1.870544496154506,-0.8452490573530634,-0.5343725582809785,0.25881904510252074,0.9659258262890683
2025-08-29 03:00:00,1.0,0.09858548174674929,78.33333333333333,59.97421051156291,70.0,8.333333333333334,29.0,1.5298330661287773,-0.8452490573530634,-0.5343725582809785,0.8660254037844386,0.5000000000000001
2025-08-29 06:00:00,0.0,0.4743712760234772,79.33333333333333,89.98000256579324,81.33333333333333,6.666666666666667,29.0,0.8003340062169756,-0.8452490573530634,-0.5343725582809785,0.9659258262890683,-0.25881904510252063
2025-08-29 09:00:00,0.0,0.9173001448132654,77.66666666666667,-0.01434717344878166,83.33333333333333,0.0,29.0,0.16645318951280166,-0.8452490573530634,-0.5343725582809785,0.49999999999999994,-0.8660254037844387
2025-08-29 12:00:00,1.0,0.14649675543299412,78.0,77.44074217946248,87.66666666666667,2.0,29.0,1.2360541153609084,-0.8452490573530634,-0.5343725582809785,-0.2588190451025208,-0.9659258262890683
2025-08-29 15:00:00,0.0,0.48237370594042434,79.33333333333333,67.41494755323083,84.0,8.666666666666666,29.0,2.4013427999189827,-0.8452490573530634,-0.5343725582809785,-0.8660254037844385,-0.5000000000000004
2025-08-29 18:00:00,0.0,0.9171010330600703,80.66666666666667,67.5179110282139,86.0,5.0,29.0,0.33408278506166517,-0.8452490573530634,-0.5343725582809785,-0.9659258262890684,0.2588190451025203
2025-08-29 21:00:00,0.0,0.83157543175464,78.33333333333333,67.44798607940227,87.33333333333333,3.0,29.0,0.9660221424292477,-0.8452490573530634,-0.5343725582809785,-0.5000000000000004,0.8660254037844384
2025-08-30 00:00:00,1.0,0.09936476250701107,82.66666666666667,67.45177350650854,80.66666666666667,5.333333333333333,29.0,1.5971026670678512,-0.8543221697498269,-0.5197438121555157,0.25881904510252074,0.9659258262890683
2025-08-30 03:00:00,1.0,0.09436415490263957,81.33333333333333,67.52230467308976,81.33333333333333,6.333333333333333,29.0,1.0672736719980496,-0.8543221697498269,-0.5197438121555157,0.8660254037844386,0.5000000000000001
2025-08-30 06:00:00,0.0,1.0131837383219782,78.33333333333333,37.475840446742204,83.0,2.0,29.0,1.5329474989979364,-0.8543221697498269,-0.5197438121555157,0.9659258262890683,-0.25881904510252063
2025-08-30 09:00:00,1.0,0.13238155744594435,66.66666666666667,29.97701380802124,80.33333333333333,3.3333333333333335,29.0,0.16774419961391154,-0.8543221697498269,-0.5197438121555157,0.49999999999999994,-0.8660254037844387
2025-08-30 12:00:00,0.0,0.6648998465810723,80.66666666666667,52.44718363936769,80.66666666666667,6.0,29.0,0.2665581134099588,-0.8543221697498269,-0.5197438121555157,-0.2588190451025208,-0.9659258262890683
2025-08-30 15:00:00,1.0,0.05218491702104682,82.0,241.1067433208957,70.0,17.0,29.0,2.406764122360301,-0.8543221697498269,-0.5197438121555157,-0.8660254037844385,-0.5000000000000004
2025-08-30 18:00:00,,,,,,,,,-0.8543221697498269,-0.5197438121555157,-0.9659258262890684,0.2588190451025203
2025-08-30 21:00:00,,,,,,,,,-0.8543221697498269,-0.5197438121555157,-0.5000000000000004,0.8660254037844384
2025-08-31 00:00:00,,,,,,,,,-0.8631421280499115,-0.5049610547215202,0.25881904510252074,0.9659258262890683
2025-08-31 03:00:00,,,,,,,,,-0.8631421280499115,-0.5049610547215202,0.8660254037844386,0.5000000000000001
2025-08-31 06:00:00,,,,,,,,,-0.8631421280499115,-0.5049610547215202,0.9659258262890683,-0.25881904510252063
2025-08-31 09:00:00,,,,,,,,,-0.8631421280499115,-0.5049610547215202,0.49999999999999994,-0.8660254037844387
2025-08-31 12:00:00,,,,,,,,,-0.8631421280499115,-0.5049610547215202,-0.2588190451025208,-0.9659258262890683
2025-08-31 15:00:00,,,,,,,,,-0.8631421280499115,-0.5049610547215202,-0.8660254037844385,-0.5000000000000004
2025-08-31 18:00:00,,,,,,,,,-0.8631421280499115,-0.5049610547215202,-0.9659258262890684,0.2588190451025203
2025-08-31 21:00:00,,,,,,,,,-0.8631421280499115,-0.5049610547215202,-0.5000000000000004,0.8660254037844384
2025-09-01 00:00:00,,,,,,,,,-0.8717063187093217,-0.4900286664290594,0.25881904510252074,0.9659258262890683
2025-09-01 03:00:00,,,,,,,,,-0.8717063187093217,-0.4900286664290594,0.8660254037844386,0.5000000000000001
2025-09-01 06:00:00,,,,,,,,,-0.8717063187093217,-0.4900286664290594,0.9659258262890683,-0.25881904510252063
2025-09-01 09:00:00,,,,,,,,,-0.8717063187093217,-0.4900286664290594,0.49999999999999994,-0.8660254037844387
2025-09-01 12:00:00,,,,,,,,,-0.8717063187093217,-0.4900286664290594,-0.2588190451025208,-0.9659258262890683
2025-09-01 15:00:00,,,,,,,,,-0.8717063187093217,-0.4900286664290594,-0.8660254037844385,-0.5000000000000004
2025-09-01 18:00:00,,,,,,,,,-0.8717063187093217,-0.4900286664290594,-0.9659258262890684,0.2588190451025203
2025-09-01 21:00:00,,,,,,,,,-0.8717063187093217,-0.4900286664290594,-0.5000000000000004,0.8660254037844384
2025-09-02 00:00:00,,,,,,,,,-0.8800122039735356,-0.4749510720670502,0.25881904510252074,0.9659258262890683
2025-09-02 03:00:00,,,,,,,,,-0.8800122039735356,-0.4749510720670502,0.8660254037844386,0.5000000000000001
2025-09-02 06:00:00,,,,,,,,,-0.8800122039735356,-0.4749510720670502,0.9659258262890683,-0.25881904510252063
2025-09-02 09:00:00,,,,,,,,,-0.8800122039735356,-0.4749510720670502,0.49999999999999994,-0.8660254037844387
2025-09-02 12:00:00,,,,,,,,,-0.8800122039735356,-0.4749510720670502,-0.2588190451025208,-0.9659258262890683
2025-09-02 15:00:00,,,,,,,,,-0.8800122039735356,-0.4749510720670502,-0.8660254037844385,-0.5000000000000004
2025-09-02 18:00:00,,,,,,,,,-0.8800122039735356,-0.4749510720670502,-0.9659258262890684,0.2588190451025203
2025-09-02 21:00:00,,,,,,,,,-0.8800122039735356,-0.4749510720670502,-0.5000000000000004,0.8660254037844384
2025-09-03 00:00:00,,,,,,,,,-0.888057322629493,-0.4597327394521046,0.25881904510252074,0.9659258262890683
2025-09-03 03:00:00,,,,,,,,,-0.888057322629493,-0.4597327394521046,0.8660254037844386,0.5000000000000001
2025-09-03 06:00:00,,,,,,,,,-0.888057322629493,-0.4597327394521046,0.9659258262890683,-0.25881904510252063
2025-09-03 09:00:00,,,,,,,,,-0.888057322629493,-0.4597327394521046,0.49999999999999994,-0.8660254037844387
2025-09-03 12:00:00,,,,,,,,,-0.888057322629493,-0.4597327394521046,-0.2588190451025208,-0.9659258262890683
2025-09-03 15:00:00,,,,,,,,,-0.888057322629493,-0.4597327394521046,-0.8660254037844385,-0.5000000000000004
2025-09-03 18:00:00,,,,,,,,,-0.888057322629493,-0.4597327394521046,-0.9659258262890684,0.2588190451025203
2025-09-03 21:00:00,,,,,,,,,-0.888057322629493,-0.4597327394521046,-0.5000000000000004,0.8660254037844384
2025-09-04 00:00:00,,,,,,,,,-0.8958392907349089,-0.4443781781046134,0.25881904510252074,0.9659258262890683
2025-09-04 03:00:00,,,,,,,,,-0.8958392907349089,-0.4443781781046134,0.8660254037844386,0.5000000000000001
2025-09-04 06:00:00,,,,,,,,,-0.8958392907349089,-0.4443781781046134,0.9659258262890683,-0.25881904510252063
2025-09-04 09:00:00,,,,,,,,,-0.8958392907349089,-0.4443781781046134,0.49999999999999994,-0.8660254037844387
2025-09-04 12:00:00,,,,,,,,,-0.8958392907349089,-0.4443781781046134,-0.2588190451025208,-0.9659258262890683
2025-09-04 15:00:00,,,,,,,,,-0.8958392907349089,-0.4443781781046134,-0.8660254037844385,-0.5000000000000004
2025-09-04 18:00:00,,,,,,,,,-0.8958392907349089,-0.4443781781046134,-0.9659258262890684,0.2588190451025203
2025-09-04 21:00:00,,,,,,,,,-0.8958392907349089,-0.4443781781046134,-0.5000000000000004,0.8660254037844384
2025-09-05 00:00:00,,,,,,,,,-0.9033558023246842,-0.4288919379124841,0.25881904510252074,0.9659258262890683
2025-09-05 03:00:00,,,,,,,,,-0.9033558023246842,-0.4288919379124841,0.8660254037844386,0.5000000000000001
2025-09-05 06:00:00,,,,,,,,,-0.9033558023246842,-0.4288919379124841,0.9659258262890683,-0.25881904510252063
2025-09-05 09:00:00,,,,,,,,,-0.9033558023246842,-0.4288919379124841,0.49999999999999994,-0.8660254037844387
2025-09-05 12:00:00,,,,,,,,,-0.9033558023246842,-0.4288919379124841,-0.2588190451025208,-0.9659258262890683
2025-09-05 15:00:00,,,,,,,,,-0.9033558023246842,-0.4288919379124841,-0.8660254037844385,-0.5000000000000004
2025-09-05 18:00:00,,,,,,,,,-0.9033558023246842,-0.4288919379124841,-0.9659258262890684,0.2588190451025203
2025-09-05 21:00:00,,,,,,,,,-0.9033558023246842,-0.4288919379124841,-0.5000000000000004,0.8660254037844384
2025-09-06 00:00:00,,,,,,,,,-0.9106046300942162,-0.41327860778290443,0.25881904510252074,0.9659258262890683
2025-09-06 03:00:00,,,,,,,,,-0.9106046300942162,-0.41327860778290443,0.8660254037844386,0.5000000000000001
2025-09-06 06:00:00,,,,,,,,,-0.9106046300942162,-0.41327860778290443,0.9659258262890683,-0.25881904510252063
2025-09-06 09:00:00,,,,,,,,,-0.9106046300942162,-0.41327860778290443,0.49999999999999994,-0.8660254037844387
2025-09-06 12:00:00,,,,,,,,,-0.9106046300942162,-0.41327860778290443,-0.2588190451025208,-0.9659258262890683
2025-09-06 15:00:00,,,,,,,,,-0.9106046300942162,-0.41327860778290443,-0.8660254037844385,-0.5000000000000004
2025-09-06 18:00:00,,,,,,,,,-0.9106046300942162,-0.41327860778290443,-0.9659258262890684,0.2588190451025203
2025-09-06 21:00:00,,,,,,,,,-0.9106046300942162,-0.41327860778290443,-0.5000000000000004,0.8660254037844384
2025-09-07 00:00:00,,,,,,,,,-0.9175836260593934,-0.3975428142825566,0.25881904510252074,0.9659258262890683
2025-09-07 03:00:00,,,,,,,,,-0.9175836260593934,-0.3975428142825566,0.8660254037844386,0.5000000000000001
2025-09-07 06:00:00,,,,,,,,,-0.9175836260593934,-0.3975428142825566,0.9659258262890683,-0.25881904510252063
2025-09-07 09:00:00,,,,,,,,,-0.9175836260593934,-0.3975428142825566,0.49999999999999994,-0.8660254037844387
2025-09-07 12:00:00,,,,,,,,,-0.9175836260593934,-0.3975428142825566,-0.2588190451025208,-0.9659258262890683
2025-09-07 15:00:00,,,,,,,,,-0.9175836260593934,-0.3975428142825566,-0.8660254037844385,-0.5000000000000004
2025-09-07 18:00:00,,,,,,,,,-0.9175836260593934,-0.3975428142825566,-0.9659258262890684,0.2588190451025203
2025-09-07 21:00:00,,,,,,,,,-0.9175836260593934,-0.3975428142825566,-0.5000000000000004,0.8660254037844384
2025-09-08 00:00:00,,,,,,,,,-0.9242907221930934,-0.3816892202666586,0.25881904510252074,0.9659258262890683
2025-09-08 03:00:00,,,,,,,,,-0.9242907221930934,-0.3816892202666586,0.8660254037844386,0.5000000000000001
2025-09-08 06:00:00,,,,,,,,,-0.9242907221930934,-0.3816892202666586,0.9659258262890683,-0.25881904510252063
2025-09-08 09:00:00,,,,,,,,,-0.9242907221930934,-0.3816892202666586,0.49999999999999994,-0.8660254037844387
2025-09-08 12:00:00,,,,,,,,,-0.9242907221930934,-0.3816892202666586,-0.2588190451025208,-0.9659258262890683
2025-09-08 15:00:00,,,,,,,,,-0.9242907221930934,-0.3816892202666586,-0.8660254037844385,-0.5000000000000004
2025-09-08 18:00:00,,,,,,,,,-0.9242907221930934,-0.3816892202666586,-0.9659258262890684,0.2588190451025203
2025-09-08 21:00:00,,,,,,,,,-0.9242907221930934,-0.3816892202666586,-0.5000000000000004,0.8660254037844384
2025-09-09 00:00:00,,,,,,,,,-0.9307239310379793,-0.3657225234972692,0.25881904510252074,0.9659258262890683
2025-09-09 03:00:00,,,,,,,,,-0.9307239310379793,-0.3657225234972692,0.8660254037844386,0.5000000000000001
2025-09-09 06:00:00,,,,,,,,,-0.9307239310379793,-0.3657225234972692,0.9659258262890683,-0.25881904510252063
2025-09-09 09:00:00,,,,,,,,,-0.9307239310379793,-0.3657225234972692,0.49999999999999994,-0.8660254037844387
2025-09-09 12:00:00,,,,,,,,,-0.9307239310379793,-0.3657225234972692,-0.2588190451025208,-0.9659258262890683
2025-09-09 15:00:00,,,,,,,,,-0.9307239310379793,-0.3657225234972692,-0.8660254037844385,-0.5000000000000004
2025-09-09 18:00:00,,,,,,,,,-0.9307239310379793,-0.3657225234972692,-0.9659258262890684,0.2588190451025203
2025-09-09 21:00:00,,,,,,,,,-0.9307239310379793,-0.3657225234972692,-0.5000000000000004,0.8660254037844384
2025-09-10 00:00:00,,,,,,,,,-0.9368813462954315,-0.34964745525122826,0.25881904510252074,0.9659258262890683
2025-09-10 03:00:00,,,,,,,,,-0.9368813462954315,-0.34964745525122826,0.8660254037844386,0.5000000000000001
2025-09-10 06:00:00,,,,,,,,,-0.9368813462954315,-0.34964745525122826,0.9659258262890683,-0.25881904510252063
2025-09-10 09:00:00,,,,,,,,,-0.9368813462954315,-0.34964745525122826,0.49999999999999994,-0.8660254037844387
2025-09-10 12:00:00,,,,,,,,,-0.9368813462954315,-0.34964745525122826,-0.2588190451025208,-0.9659258262890683
2025-09-10 15:00:00,,,,,,,,,-0.9368813462954315,-0.34964745525122826,-0.8660254037844385,-0.5000000000000004
2025-09-10 18:00:00,,,,,,,,,-0.9368813462954315,-0.34964745525122826,-0.9659258262890684,0.2588190451025203
2025-09-10 21:00:00,,,,,,,,,-0.9368813462954315,-0.34964745525122826,-0.5000000000000004,0.8660254037844384
2025-09-11 00:00:00,,,,,,,,,-0.9427611433904206,-0.33346877891818705,0.25881904510252074,0.9659258262890683
2025-09-11 03:00:00,,,,,,,,,-0.9427611433904206,-0.33346877891818705,0.8660254037844386,0.5000000000000001
2025-09-11 06:00:00,,,,,,,,,-0.9427611433904206,-0.33346877891818705,0.9659258262890683,-0.25881904510252063
2025-09-11 09:00:00,,,,,,,,,-0.9427611433904206,-0.33346877891818705,0.49999999999999994,-0.8660254037844387
2025-09-11 12:00:00,,,,,,,,,-0.9427611433904206,-0.33346877891818705,-0.2588190451025208,-0.9659258262890683
2025-09-11 15:00:00,,,,,,,,,-0.9427611433904206,-0.33346877891818705,-0.8660254037844385,-0.5000000000000004
2025-09-11 18:00:00,,,,,,,,,-0.9427611433904206,-0.33346877891818705,-0.9659258262890684,0.2588190451025203
2025-09-11 21:00:00,,,,,,,,,-0.9427611433904206,-0.33346877891818705,-0.5000000000000004,0.8660254037844384
2025-09-12 00:00:00,,,,,,,,,-0.9483615800121716,-0.31719128858910595,0.25881904510252074,0.9659258262890683
2025-09-12 03:00:00,,,,,,,,,-0.9483615800121716,-0.31719128858910595,0.8660254037844386,0.5000000000000001
2025-09-12 06:00:00,,,,,,,,,-0.9483615800121716,-0.31719128858910595,0.9659258262890683,-0.25881904510252063
2025-09-12 09:00:00,,,,,,,,,-0.9483615800121716,-0.31719128858910595,0.49999999999999994,-0.8660254037844387
2025-09-12 12:00:00,,,,,,,,,-0.9483615800121716,-0.31719128858910595,-0.2588190451025208,-0.9659258262890683
2025-09-12 15:00:00,,,,,,,,,-0.9483615800121716,-0.31719128858910595,-0.8660254037844385,-0.5000000000000004
2025-09-12 18:00:00,,,,,,,,,-0.9483615800121716,-0.31719128858910595,-0.9659258262890684,0.2588190451025203
2025-09-12 21:00:00,,,,,,,,,-0.9483615800121716,-0.31719128858910595,-0.5000000000000004,0.8660254037844384
2025-09-13 00:00:00,,,,,,,,,-0.9536809966304455,-0.300819807635668,0.25881904510252074,0.9659258262890683
2025-09-13 03:00:00,,,,,,,,,-0.9536809966304455,-0.300819807635668,0.8660254037844386,0.5000000000000001
2025-09-13 06:00:00,,,,,,,,,-0.9536809966304455,-0.300819807635668,0.9659258262890683,-0.25881904510252063
2025-09-13 09:00:00,,,,,,,,,-0.9536809966304455,-0.300819807635668,0.49999999999999994,-0.8660254037844387
2025-09-13 12:00:00,,,,,,,,,-0.9536809966304455,-0.300819807635668,-0.2588190451025208,-0.9659258262890683
2025-09-13 15:00:00,,,,,,,,,-0.9536809966304455,-0.300819807635668,-0.8660254037844385,-0.5000000000000004
2025-09-13 18:00:00,,,,,,,,,-0.9536809966304455,-0.300819807635668,-0.9659258262890684,0.2588190451025203
2025-09-13 21:00:00,,,,,,,,,-0.9536809966304455,-0.300819807635668,-0.5000000000000004,0.8660254037844384
2025-09-14 00:00:00,,,,,,,,,-0.9587178169872964,-0.2843591872810036,0.25881904510252074,0.9659258262890683
2025-09-14 03:00:00,,,,,,,,,-0.9587178169872964,-0.2843591872810036,0.8660254037844386,0.5000000000000001
2025-09-14 06:00:00,,,,,,,,,-0.9587178169872964,-0.2843591872810036,0.9659258262890683,-0.25881904510252063
2025-09-14 09:00:00,,,,,,,,,-0.9587178169872964,-0.2843591872810036,0.49999999999999994,-0.8660254037844387
2025-09-14 12:00:00,,,,,,,,,-0.9587178169872964,-0.2843591872810036,-0.2588190451025208,-0.9659258262890683
2025-09-14 15:00:00,,,,,,,,,-0.9587178169872964,-0.2843591872810036,-0.8660254037844385,-0.5000000000000004
2025-09-14 18:00:00,,,,,,,,,-0.9587178169872964,-0.2843591872810036,-0.9659258262890684,0.2588190451025203
2025-09-14 21:00:00,,,,,,,,,-0.9587178169872964,-0.2843591872810036,-0.5000000000000004,0.8660254037844384
2025-09-15 00:00:00,,,,,,,,,-0.9634705485641486,-0.26781430516217486,0.25881904510252074,0.9659258262890683
2025-09-15 03:00:00,,,,,,,,,-0.9634705485641486,-0.26781430516217486,0.8660254037844386,0.5000000000000001
2025-09-15 06:00:00,,,,,,,,,-0.9634705485641486,-0.26781430516217486,0.9659258262890683,-0.25881904510252063
2025-09-15 09:00:00,,,,,,,,,-0.9634705485641486,-0.26781430516217486,0.49999999999999994,-0.8660254037844387
2025-09-15 12:00:00,,,,,,,,,-0.9634705485641486,-0.26781430516217486,-0.2588190451025208,-0.9659258262890683
2025-09-15 15:00:00,,,,,,,,,-0.9634705485641486,-0.26781430516217486,-0.8660254037844385,-0.5000000000000004
2025-09-15 18:00:00,,,,,,,,,-0.9634705485641486,-0.26781430516217486,-0.9659258262890684,0.2588190451025203
2025-09-15 21:00:00,,,,,,,,,-0.9634705485641486,-0.26781430516217486,-0.5000000000000004,0.8660254037844384
2025-09-16 00:00:00,,,,,,,,,-0.9679377830240642,-0.25119006388481957,0.25881904510252074,0.9659258262890683
2025-09-16 03:00:00,,,,,,,,,-0.9679377830240642,-0.25119006388481957,0.8660254037844386,0.5000000000000001
2025-09-16 06:00:00,,,,,,,,,-0.9679377830240642,-0.25119006388481957,0.9659258262890683,-0.25881904510252063
2025-09-16 09:00:00,,,,,,,,,-0.9679377830240642,-0.25119006388481957,0.49999999999999994,-0.8660254037844387
2025-09-16 12:00:00,,,,,,,,,-0.9679377830240642,-0.25119006388481957,-0.2588190451025208,-0.9659258262890683
2025-09-16 15:00:00,,,,,,,,,-0.9679377830240642,-0.25119006388481957,-0.8660254037844385,-0.5000000000000004
2025-09-16 18:00:00,,,,,,,,,-0.9679377830240642,-0.25119006388481957,-0.9659258262890684,0.2588190451025203
2025-09-16 21:00:00,,,,,,,,,-0.9679377830240642,-0.25119006388481957,-0.5000000000000004,0.8660254037844384
2025-09-17 00:00:00,,,,,,,,,-0.9721181966290612,-0.23449138957041052,0.25881904510252074,0.9659258262890683
2025-09-17 03:00:00,,,,,,,,,-0.9721181966290612,-0.23449138957041052,0.8660254037844386,0.5000000000000001
2025-09-17 06:00:00,,,,,,,,,-0.9721181966290612,-0.23449138957041052,0.9659258262890683,-0.25881904510252063
2025-09-17 09:00:00,,,,,,,,,-0.9721181966290612,-0.23449138957041052,0.49999999999999994,-0.8660254037844387
2025-09-17 12:00:00,,,,,,,,,-0.9721181966290612,-0.23449138957041052,-0.2588190451025208,-0.9659258262890683
2025-09-17 15:00:00,,,,,,,,,-0.9721181966290612,-0.23449138957041052,-0.8660254037844385,-0.5000000000000004
2025-09-17 18:00:00,,,,,,,,,-0.9721181966290612,-0.23449138957041052,-0.9659258262890684,0.2588190451025203
2025-09-17 21:00:00,,,,,,,,,-0.9721181966290612,-0.23449138957041052,-0.5000000000000004,0.8660254037844384
2025-09-18 00:00:00,,,,,,,,,-0.9760105506323682,-0.21772323039653224,0.25881904510252074,0.9659258262890683
2025-09-18 03:00:00,,,,,,,,,-0.9760105506323682,-0.21772323039653224,0.8660254037844386,0.5000000000000001
2025-09-18 06:00:00,,,,,,,,,-0.9760105506323682,-0.21772323039653224,0.9659258262890683,-0.25881904510252063
2025-09-18 09:00:00,,,,,,,,,-0.9760105506323682,-0.21772323039653224,0.49999999999999994,-0.8660254037844387
2025-09-18 12:00:00,,,,,,,,,-0.9760105506323682,-0.21772323039653224,-0.2588190451025208,-0.9659258262890683
2025-09-18 15:00:00,,,,,,,,,-0.9760105506323682,-0.21772323039653224,-0.8660254037844385,-0.5000000000000004
2025-09-18 18:00:00,,,,,,,,,-0.9760105506323682,-0.21772323039653224,-0.9659258262890684,0.2588190451025203
2025-09-18 21:00:00,,,,,,,,,-0.9760105506323682,-0.21772323039653224,-0.5000000000000004,0.8660254037844384
2025-09-19 00:00:00,,,,,,,,,-0.9796136916454901,-0.20089055513063528,0.25881904510252074,0.9659258262890683
2025-09-19 03:00:00,,,,,,,,,-0.9796136916454901,-0.20089055513063528,0.8660254037844386,0.5000000000000001
2025-09-19 06:00:00,,,,,,,,,-0.9796136916454901,-0.20089055513063528,0.9659258262890683,-0.25881904510252063
2025-09-19 09:00:00,,,,,,,,,-0.9796136916454901,-0.20089055513063528,0.49999999999999994,-0.8660254037844387
2025-09-19 12:00:00,,,,,,,,,-0.9796136916454901,-0.20089055513063528,-0.2588190451025208,-0.9659258262890683
2025-09-19 15:00:00,,,,,,,,,-0.9796136916454901,-0.20089055513063528,-0.8660254037844385,-0.5000000000000004
2025-09-19 18:00:00,,,,,,,,,-0.9796136916454901,-0.20089055513063528,-0.9659258262890684,0.2588190451025203
2025-09-19 21:00:00,,,,,,,,,-0.9796136916454901,-0.20089055513063528,-0.5000000000000004,0.8660254037844384
2025-09-20 00:00:00,,,,,,,,,-0.9829265519799822,-0.18399835165767986,0.25881904510252074,0.9659258262890683
2025-09-20 03:00:00,,,,,,,,,-0.9829265519799822,-0.18399835165767986,0.8660254037844386,0.5000000000000001
2025-09-20 06:00:00,,,,,,,,,-0.9829265519799822,-0.18399835165767986,0.9659258262890683,-0.25881904510252063
2025-09-20 09:00:00,,,,,,,,,-0.9829265519799822,-0.18399835165767986,0.49999999999999994,-0.8660254037844387
2025-09-20 12:00:00,,,,,,,,,-0.9829265519799822,-0.18399835165767986,-0.2588190451025208,-0.9659258262890683
2025-09-20 15:00:00,,,,,,,,,-0.9829265519799822,-0.18399835165767986,-0.8660254037844385,-0.5000000000000004
2025-09-20 18:00:00,,,,,,,,,-0.9829265519799822,-0.18399835165767986,-0.9659258262890684,0.2588190451025203
2025-09-20 21:00:00,,,,,,,,,-0.9829265519799822,-0.18399835165767986,-0.5000000000000004,0.8660254037844384
2025-09-21 00:00:00,,,,,,,,,-0.9859481499638303,-0.1670516255021195,0.25881904510252074,0.9659258262890683
2025-09-21 03:00:00,,,,,,,,,-0.9859481499638303,-0.1670516255021195,0.8660254037844386,0.5000000000000001
2025-09-21 06:00:00,,,,,,,,,-0.9859481499638303,-0.1670516255021195,0.9659258262890683,-0.25881904510252063
2025-09-21 09:00:00,,,,,,,,,-0.9859481499638303,-0.1670516255021195,0.49999999999999994,-0.8660254037844387
2025-09-21 12:00:00,,,,,,,,,-0.9859481499638303,-0.1670516255021195,-0.2588190451025208,-0.9659258262890683
2025-09-21 15:00:00,,,,,,,,,-0.9859481499638303,-0.1670516255021195,-0.8660254037844385,-0.5000000000000004
2025-09-21 18:00:00,,,,,,,,,-0.9859481499638303,-0.1670516255021195,-0.9659258262890684,0.2588190451025203
2025-09-21 21:00:00,,,,,,,,,-0.9859481499638303,-0.1670516255021195,-0.5000000000000004,0.8660254037844384
2025-09-22 00:00:00,,,,,,,,,-0.9886775902323404,-0.15005539834465262,0.25881904510252074,0.9659258262890683
2025-09-22 03:00:00,,,,,,,,,-0.9886775902323404,-0.15005539834465262,0.8660254037844386,0.5000000000000001
2025-09-22 06:00:00,,,,,,,,,-0.9886775902323404,-0.15005539834465262,0.9659258262890683,-0.25881904510252063
2025-09-22 09:00:00,,,,,,,,,-0.9886775902323404,-0.15005539834465262,0.49999999999999994,-0.8660254037844387
2025-09-22 12:00:00,,,,,,,,,-0.9886775902323404,-0.15005539834465262,-0.2588190451025208,-0.9659258262890683
2025-09-22 15:00:00,,,,,,,,,-0.9886775902323404,-0.15005539834465262,-0.8660254037844385,-0.5000000000000004
2025-09-22 18:00:00,,,,,,,,,-0.9886775902323404,-0.15005539834465262,-0.9659258262890684,0.2588190451025203
2025-09-22 21:00:00,,,,,,,,,-0.9886775902323404,-0.15005539834465262,-0.5000000000000004,0.8660254037844384
2025-09-23 00:00:00,,,,,,,,,-0.9911140639934546,-0.13301470653419636,0.25881904510252074,0.9659258262890683
2025-09-23 03:00:00,,,,,,,,,-0.9911140639934546,-0.13301470653419636,0.8660254037844386,0.5000000000000001
2025-09-23 06:00:00,,,,,,,,,-0.9911140639934546,-0.13301470653419636,0.9659258262890683,-0.25881904510252063
2025-09-23 09:00:00,,,,,,,,,-0.9911140639934546,-0.13301470653419636,0.49999999999999994,-0.8660254037844387
2025-09-23 12:00:00,,,,,,,,,-0.9911140639934546,-0.13301470653419636,-0.2588190451025208,-0.9659258262890683
2025-09-23 15:00:00,,,,,,,,,-0.9911140639934546,-0.13301470653419636,-0.8660254037844385,-0.5000000000000004
2025-09-23 18:00:00,,,,,,,,,-0.9911140639934546,-0.13301470653419636,-0.9659258262890684,0.2588190451025203
2025-09-23 21:00:00,,,,,,,,,-0.9911140639934546,-0.13301470653419636,-0.5000000000000004,0.8660254037844384
2025-09-24 00:00:00,,,,,,,,,-0.9932568492674143,-0.11593459959550066,0.25881904510252074,0.9659258262890683
2025-09-24 03:00:00,,,,,,,,,-0.9932568492674143,-0.11593459959550066,0.8660254037844386,0.5000000000000001
2025-09-24 06:00:00,,,,,,,,,-0.9932568492674143,-0.11593459959550066,0.9659258262890683,-0.25881904510252063
2025-09-24 09:00:00,,,,,,,,,-0.9932568492674143,-0.11593459959550066,0.49999999999999994,-0.8660254037844387
2025-09-24 12:00:00,,,,,,,,,-0.9932568492674143,-0.11593459959550066,-0.2588190451025208,-0.9659258262890683
2025-09-24 15:00:00,,,,,,,,,-0.9932568492674143,-0.11593459959550066,-0.8660254037844385,-0.5000000000000004
2025-09-24 18:00:00,,,,,,,,,-0.9932568492674143,-0.11593459959550066,-0.9659258262890684,0.2588190451025203
2025-09-24 21:00:00,,,,,,,,,-0.9932568492674143,-0.11593459959550066,-0.5000000000000004,0.8660254037844384
2025-09-25 00:00:00,,,,,,,,,-0.9951053111006974,-0.09882013873287211,0.25881904510252074,0.9659258262890683
2025-09-25 03:00:00,,,,,,,,,-0.9951053111006974,-0.09882013873287211,0.8660254037844386,0.5000000000000001
2025-09-25 06:00:00,,,,,,,,,-0.9951053111006974,-0.09882013873287211,0.9659258262890683,-0.25881904510252063
2025-09-25 09:00:00,,,,,,,,,-0.9951053111006974,-0.09882013873287211,0.49999999999999994,-0.8660254037844387
2025-09-25 12:00:00,,,,,,,,,-0.9951053111006974,-0.09882013873287211,-0.2588190451025208,-0.9659258262890683
2025-09-25 15:00:00,,,,,,,,,-0.9951053111006974,-0.09882013873287211,-0.8660254037844385,-0.5000000000000004
2025-09-25 18:00:00,,,,,,,,,-0.9951053111006974,-0.09882013873287211,-0.9659258262890684,0.2588190451025203
2025-09-25 21:00:00,,,,,,,,,-0.9951053111006974,-0.09882013873287211,-0.5000000000000004,0.8660254037844384
2025-09-26 00:00:00,,,,,,,,,-0.99665890175417,-0.08167639533042288,0.25881904510252074,0.9659258262890683
2025-09-26 03:00:00,,,,,,,,,-0.99665890175417,-0.08167639533042288,0.8660254037844386,0.5000000000000001
2025-09-26 06:00:00,,,,,,,,,-0.99665890175417,-0.08167639533042288,0.9659258262890683,-0.25881904510252063
2025-09-26 09:00:00,,,,,,,,,-0.99665890175417,-0.08167639533042288,0.49999999999999994,-0.8660254037844387
2025-09-26 12:00:00,,,,,,,,,-0.99665890175417,-0.08167639533042288,-0.2588190451025208,-0.9659258262890683
2025-09-26 15:00:00,,,,,,,,,-0.99665890175417,-0.08167639533042288,-0.8660254037844385,-0.5000000000000004
2025-09-26 18:00:00,,,,,,,,,-0.99665890175417,-0.08167639533042288,-0.9659258262890684,0.2588190451025203
2025-09-26 21:00:00,,,,,,,,,-0.99665890175417,-0.08167639533042288,-0.5000000000000004,0.8660254037844384
2025-09-27 00:00:00,,,,,,,,,-0.9979171608653922,-0.06450844944931625,0.25881904510252074,0.9659258262890683
2025-09-27 03:00:00,,,,,,,,,-0.9979171608653922,-0.06450844944931625,0.8660254037844386,0.5000000000000001
2025-09-27 06:00:00,,,,,,,,,-0.9979171608653922,-0.06450844944931625,0.9659258262890683,-0.25881904510252063
2025-09-27 09:00:00,,,,,,,,,-0.9979171608653922,-0.06450844944931625,0.49999999999999994,-0.8660254037844387
2025-09-27 12:00:00,,,,,,,,,-0.9979171608653922,-0.06450844944931625,-0.2588190451025208,-0.9659258262890683
2025-09-27 15:00:00,,,,,,,,,-0.9979171608653922,-0.06450844944931625,-0.8660254037844385,-0.5000000000000004
2025-09-27 18:00:00,,,,,,,,,-0.9979171608653922,-0.06450844944931625,-0.9659258262890684,0.2588190451025203
2025-09-27 21:00:00,,,,,,,,,-0.9979171608653922,-0.06450844944931625,-0.5000000000000004,0.8660254037844384
2025-09-28 00:00:00,,,,,,,,,-0.9988797155850335,-0.04732138832243232,0.25881904510252074,0.9659258262890683
2025-09-28 03:00:00,,,,,,,,,-0.9988797155850335,-0.04732138832243232,0.8660254037844386,0.5000000000000001
2025-09-28 06:00:00,,,,,,,,,-0.9988797155850335,-0.04732138832243232,0.9659258262890683,-0.25881904510252063
2025-09-28 09:00:00,,,,,,,,,-0.9988797155850335,-0.04732138832243232,0.49999999999999994,-0.8660254037844387
2025-09-28 12:00:00,,,,,,,,,-0.9988797155850335,-0.04732138832243232,-0.2588190451025208,-0.9659258262890683
2025-09-28 15:00:00,,,,,,,,,-0.9988797155850335,-0.04732138832243232,-0.8660254037844385,-0.5000000000000004
2025-09-28 18:00:00,,,,,,,,,-0.9988797155850335,-0.04732138832243232,-0.9659258262890684,0.2588190451025203
2025-09-28 21:00:00,,,,,,,,,-0.9988797155850335,-0.04732138832243232,-0.5000000000000004,0.8660254037844384
2025-09-29 00:00:00,,,,,,,,,-0.9995462806873573,-0.03012030484690836,0.25881904510252074,0.9659258262890683
2025-09-29 03:00:00,,,,,,,,,-0.9995462806873573,-0.03012030484690836,0.8660254037844386,0.5000000000000001
2025-09-29 06:00:00,,,,,,,,,-0.9995462806873573,-0.03012030484690836,0.9659258262890683,-0.25881904510252063
2025-09-29 09:00:00,,,,,,,,,-0.9995462806873573,-0.03012030484690836,0.49999999999999994,-0.8660254037844387
2025-09-29 12:00:00,,,,,,,,,-0.9995462806873573,-0.03012030484690836,-0.2588190451025208,-0.9659258262890683
2025-09-29 15:00:00,,,,,,,,,-0.9995462806873573,-0.03012030484690836,-0.8660254037844385,-0.5000000000000004
2025-09-29 18:00:00,,,,,,,,,-0.9995462806873573,-0.03012030484690836,-0.9659258262890684,0.2588190451025203
2025-09-29 21:00:00,,,,,,,,,-0.9995462806873573,-0.03012030484690836,-0.5000000000000004,0.8660254037844384
2025-09-30 00:00:00,,,,,,,,,-0.9999166586547379,-0.012910296075008843,0.25881904510252074,0.9659258262890683
2025-09-30 03:00:00,,,,,,,,,-0.9999166586547379,-0.012910296075008843,0.8660254037844386,0.5000000000000001
2025-09-30 06:00:00,,,,,,,,,-0.9999166586547379,-0.012910296075008843,0.9659258262890683,-0.25881904510252063
2025-09-30 09:00:00,,,,,,,,,-0.9999166586547379,-0.012910296075008843,0.49999999999999994,-0.8660254037844387
2025-09-30 12:00:00,,,,,,,,,-0.9999166586547379,-0.012910296075008843,-0.2588190451025208,-0.9659258262890683
2025-09-30 15:00:00,,,,,,,,,-0.9999166586547379,-0.012910296075008843,-0.8660254037844385,-0.5000000000000004
2025-09-30 18:00:00,,,,,,,,,-0.9999166586547379,-0.012910296075008843,-0.9659258262890684,0.2588190451025203
2025-09-30 21:00:00,,,,,,,,,-0.9999166586547379,-0.012910296075008843,-0.5000000000000004,0.8660254037844384
2025-10-01 00:00:00,,,,,,,,,-0.9999907397361901,0.004303538296243821,0.25881904510252074,0.9659258262890683
2025-10-01 03:00:00,,,,,,,,,-0.9999907397361901,0.004303538296243821,0.8660254037844386,0.5000000000000001
2025-10-01 06:00:00,,,,,,,,,-0.9999907397361901,0.004303538296243821,0.9659258262890683,-0.25881904510252063
2025-10-01 09:00:00,,,,,,,,,-0.9999907397361901,0.004303538296243821,0.49999999999999994,-0.8660254037844387
2025-10-01 12:00:00,,,,,,,,,-0.9999907397361901,0.004303538296243821,-0.2588190451025208,-0.9659258262890683
2025-10-01 15:00:00,,,,,,,,,-0.9999907397361901,0.004303538296243821,-0.8660254037844385,-0.5000000000000004
2025-10-01 18:00:00,,,,,,,,,-0.9999907397361901,0.004303538296243821,-0.9659258262890684,0.2588190451025203
2025-10-01 21:00:00,,,,,,,,,-0.9999907397361901,0.004303538296243821,-0.5000000000000004,0.8660254037844384
2025-10-02 00:00:00,,,,,,,,,-0.9997685019798909,0.021516097436222233,0.25881904510252074,0.9659258262890683
2025-10-02 03:00:00,,,,,,,,,-0.9997685019798909,0.021516097436222233,0.8660254037844386,0.5000000000000001
2025-10-02 06:00:00,,,,,,,,,-0.9997685019798909,0.021516097436222233,0.9659258262890683,-0.25881904510252063
2025-10-02 09:00:00,,,,,,,,,-0.9997685019798909,0.021516097436222233,0.49999999999999994,-0.8660254037844387
2025-10-02 12:00:00,,,,,,,,,-0.9997685019798909,0.021516097436222233,-0.2588190451025208,-0.9659258262890683
2025-10-02 15:00:00,,,,,,,,,-0.9997685019798909,0.021516097436222233,-0.8660254037844385,-0.5000000000000004
2025-10-02 18:00:00,,,,,,,,,-0.9997685019798909,0.021516097436222233,-0.9659258262890684,0.2588190451025203
2025-10-02 21:00:00,,,,,,,,,-0.9997685019798909,0.021516097436222233,-0.5000000000000004,0.8660254037844384
2025-10-03 00:00:00,,,,,,,,,-0.9992500112396835,0.03872228089217399,0.25881904510252074,0.9659258262890683
2025-10-03 03:00:00,,,,,,,,,-0.9992500112396835,0.03872228089217399,0.8660254037844386,0.5000000000000001
2025-10-03 06:00:00,,,,,,,,,-0.9992500112396835,0.03872228089217399,0.9659258262890683,-0.25881904510252063
2025-10-03 09:00:00,,,,,,,,,-0.9992500112396835,0.03872228089217399,0.49999999999999994,-0.8660254037844387
2025-10-03 12:00:00,,,,,,,,,-0.9992500112396835,0.03872228089217399,-0.2588190451025208,-0.9659258262890683
2025-10-03 15:00:00,,,,,,,,,-0.9992500112396835,0.03872228089217399,-0.8660254037844385,-0.5000000000000004
2025-10-03 18:00:00,,,,,,,,,-0.9992500112396835,0.03872228089217399,-0.9659258262890684,0.2588190451025203
2025-10-03 21:00:00,,,,,,,,,-0.9992500112396835,0.03872228089217399,-0.5000000000000004,0.8660254037844384
2025-10-04 00:00:00,,,,,,,,,-0.9984354211555643,0.05591699010060302,0.25881904510252074,0.9659258262890683
2025-10-04 03:00:00,,,,,,,,,-0.9984354211555643,0.05591699010060302,0.8660254037844386,0.5000000000000001
2025-10-04 06:00:00,,,,,,,,,-0.9984354211555643,0.05591699010060302,0.9659258262890683,-0.25881904510252063
2025-10-04 09:00:00,,,,,,,,,-0.9984354211555643,0.05591699010060302,0.49999999999999994,-0.8660254037844387
2025-10-04 12:00:00,,,,,,,,,-0.9984354211555643,0.05591699010060302,-0.2588190451025208,-0.9659258262890683
2025-10-04 15:00:00,,,,,,,,,-0.9984354211555643,0.05591699010060302,-0.8660254037844385,-0.5000000000000004
2025-10-04 18:00:00,,,,,,,,,-0.9984354211555643,0.05591699010060302,-0.9659258262890684,0.2588190451025203
2025-10-04 21:00:00,,,,,,,,,-0.9984354211555643,0.05591699010060302,-0.5000000000000004,0.8660254037844384
2025-10-05 00:00:00,,,,,,,,,-0.9973249731081555,0.07309512989807776,0.25881904510252074,0.9659258262890683
2025-10-05 03:00:00,,,,,,,,,-0.9973249731081555,0.07309512989807776,0.8660254037844386,0.5000000000000001
2025-10-05 06:00:00,,,,,,,,,-0.9973249731081555,0.07309512989807776,0.9659258262890683,-0.25881904510252063
2025-10-05 09:00:00,,,,,,,,,-0.9973249731081555,0.07309512989807776,0.49999999999999994,-0.8660254037844387
2025-10-05 12:00:00,,,,,,,,,-0.9973249731081555,0.07309512989807776,-0.2588190451025208,-0.9659258262890683
2025-10-05 15:00:00,,,,,,,,,-0.9973249731081555,0.07309512989807776,-0.8660254037844385,-0.5000000000000004
2025-10-05 18:00:00,,,,,,,,,-0.9973249731081555,0.07309512989807776,-0.9659258262890684,0.2588190451025203
2025-10-05 21:00:00,,,,,,,,,-0.9973249731081555,0.07309512989807776,-0.5000000000000004,0.8660254037844384
2025-10-06 00:00:00,,,,,,,,,-0.9959189961471792,0.0902516100310407,0.25881904510252074,0.9659258262890683
2025-10-06 03:00:00,,,,,,,,,-0.9959189961471792,0.0902516100310407,0.8660254037844386,0.5000000000000001
2025-10-06 06:00:00,,,,,,,,,-0.9959189961471792,0.0902516100310407,0.9659258262890683,-0.25881904510252063
2025-10-06 09:00:00,,,,,,,,,-0.9959189961471792,0.0902516100310407,0.49999999999999994,-0.8660254037844387
2025-10-06 12:00:00,,,,,,,,,-0.9959189961471792,0.0902516100310407,-0.2588190451025208,-0.9659258262890683
2025-10-06 15:00:00,,,,,,,,,-0.9959189961471792,0.0902516100310407,-0.8660254037844385,-0.5000000000000004
2025-10-06 18:00:00,,,,,,,,,-0.9959189961471792,0.0902516100310407,-0.9659258262890684,0.2588190451025203
2025-10-06 21:00:00,,,,,,,,,-0.9959189961471792,0.0902516100310407,-0.5000000000000004,0.8660254037844384
2025-10-07 00:00:00,,,,,,,,,-0.994217906893952,0.10738134666416306,0.25881904510252074,0.9659258262890683
2025-10-07 03:00:00,,,,,,,,,-0.994217906893952,0.10738134666416306,0.8660254037844386,0.5000000000000001
2025-10-07 06:00:00,,,,,,,,,-0.994217906893952,0.10738134666416306,0.9659258262890683,-0.25881904510252063
2025-10-07 09:00:00,,,,,,,,,-0.994217906893952,0.10738134666416306,0.49999999999999994,-0.8660254037844387
2025-10-07 12:00:00,,,,,,,,,-0.994217906893952,0.10738134666416306,-0.2588190451025208,-0.9659258262890683
2025-10-07 15:00:00,,,,,,,,,-0.994217906893952,0.10738134666416306,-0.8660254037844385,-0.5000000000000004
2025-10-07 18:00:00,,,,,,,,,-0.994217906893952,0.10738134666416306,-0.9659258262890684,0.2588190451025203
2025-10-07 21:00:00,,,,,,,,,-0.994217906893952,0.10738134666416306,-0.5000000000000004,0.8660254037844384
2025-10-08 00:00:00,,,,,,,,,-0.9922222094179324,0.12447926388678869,0.25881904510252074,0.9659258262890683
2025-10-08 03:00:00,,,,,,,,,-0.9922222094179324,0.12447926388678869,0.8660254037844386,0.5000000000000001
2025-10-08 06:00:00,,,,,,,,,-0.9922222094179324,0.12447926388678869,0.9659258262890683,-0.25881904510252063
2025-10-08 09:00:00,,,,,,,,,-0.9922222094179324,0.12447926388678869,0.49999999999999994,-0.8660254037844387
2025-10-08 12:00:00,,,,,,,,,-0.9922222094179324,0.12447926388678869,-0.2588190451025208,-0.9659258262890683
2025-10-08 15:00:00,,,,,,,,,-0.9922222094179324,0.12447926388678869,-0.8660254037844385,-0.5000000000000004
2025-10-08 18:00:00,,,,,,,,,-0.9922222094179324,0.12447926388678869,-0.9659258262890684,0.2588190451025203
2025-10-08 21:00:00,,,,,,,,,-0.9922222094179324,0.12447926388678869,-0.5000000000000004,0.8660254037844384
2025-10-09 00:00:00,,,,,,,,,-0.989932495087353,0.141540295217043,0.25881904510252074,0.9659258262890683
2025-10-09 03:00:00,,,,,,,,,-0.989932495087353,0.141540295217043,0.8660254037844386,0.5000000000000001
2025-10-09 06:00:00,,,,,,,,,-0.989932495087353,0.141540295217043,0.9659258262890683,-0.25881904510252063
2025-10-09 09:00:00,,,,,,,,,-0.989932495087353,0.141540295217043,0.49999999999999994,-0.8660254037844387
2025-10-09 12:00:00,,,,,,,,,-0.989932495087353,0.141540295217043,-0.2588190451025208,-0.9659258262890683
2025-10-09 15:00:00,,,,,,,,,-0.989932495087353,0.141540295217043,-0.8660254037844385,-0.5000000000000004
2025-10-09 18:00:00,,,,,,,,,-0.989932495087353,0.141540295217043,-0.9659258262890684,0.2588190451025203
2025-10-09 21:00:00,,,,,,,,,-0.989932495087353,0.141540295217043,-0.5000000000000004,0.8660254037844384
2025-10-10 00:00:00,,,,,,,,,-0.9873494423939864,0.15855938510313475,0.25881904510252074,0.9659258262890683
2025-10-10 03:00:00,,,,,,,,,-0.9873494423939864,0.15855938510313475,0.8660254037844386,0.5000000000000001
2025-10-10 06:00:00,,,,,,,,,-0.9873494423939864,0.15855938510313475,0.9659258262890683,-0.25881904510252063
2025-10-10 09:00:00,,,,,,,,,-0.9873494423939864,0.15855938510313475,0.49999999999999994,-0.8660254037844387
2025-10-10 12:00:00,,,,,,,,,-0.9873494423939864,0.15855938510313475,-0.2588190451025208,-0.9659258262890683
2025-10-10 15:00:00,,,,,,,,,-0.9873494423939864,0.15855938510313475,-0.8660254037844385,-0.5000000000000004
2025-10-10 18:00:00,,,,,,,,,-0.9873494423939864,0.15855938510313475,-0.9659258262890684,0.2588190451025203
2025-10-10 21:00:00,,,,,,,,,-0.9873494423939864,0.15855938510313475,-0.5000000000000004,0.8660254037844384
2025-10-11 00:00:00,,,,,,,,,-0.9844738167520923,0.17553149042142777,0.25881904510252074,0.9659258262890683
2025-10-11 03:00:00,,,,,,,,,-0.9844738167520923,0.17553149042142777,0.8660254037844386,0.5000000000000001
2025-10-11 06:00:00,,,,,,,,,-0.9844738167520923,0.17553149042142777,0.9659258262890683,-0.25881904510252063
2025-10-11 09:00:00,,,,,,,,,-0.9844738167520923,0.17553149042142777,0.49999999999999994,-0.8660254037844387
2025-10-11 12:00:00,,,,,,,,,-0.9844738167520923,0.17553149042142777,-0.2588190451025208,-0.9659258262890683
2025-10-11 15:00:00,,,,,,,,,-0.9844738167520923,0.17553149042142777,-0.8660254037844385,-0.5000000000000004
2025-10-11 18:00:00,,,,,,,,,-0.9844738167520923,0.17553149042142777,-0.9659258262890684,0.2588190451025203
2025-10-11 21:00:00,,,,,,,,,-0.9844738167520923,0.17553149042142777,-0.5000000000000004,0.8660254037844384
2025-10-12 00:00:00,,,,,,,,,-0.9813064702716093,0.19245158197082995,0.25881904510252074,0.9659258262890683
2025-10-12 03:00:00,,,,,,,,,-0.9813064702716093,0.19245158197082995,0.8660254037844386,0.5000000000000001
2025-10-12 06:00:00,,,,,,,,,-0.9813064702716093,0.19245158197082995,0.9659258262890683,-0.25881904510252063
2025-10-12 09:00:00,,,,,,,,,-0.9813064702716093,0.19245158197082995,0.49999999999999994,-0.8660254037844387
2025-10-12 12:00:00,,,,,,,,,-0.9813064702716093,0.19245158197082995,-0.2588190451025208,-0.9659258262890683
2025-10-12 15:00:00,,,,,,,,,-0.9813064702716093,0.19245158197082995,-0.8660254037844385,-0.5000000000000004
2025-10-12 18:00:00,,,,,,,,,-0.9813064702716093,0.19245158197082995,-0.9659258262890684,0.2588190451025203
2025-10-12 21:00:00,,,,,,,,,-0.9813064702716093,0.19245158197082995,-0.5000000000000004,0.8660254037844384
2025-10-13 00:00:00,,,,,,,,,-0.9778483415056567,0.20931464596304888,0.25881904510252074,0.9659258262890683
2025-10-13 03:00:00,,,,,,,,,-0.9778483415056567,0.20931464596304888,0.8660254037844386,0.5000000000000001
2025-10-13 06:00:00,,,,,,,,,-0.9778483415056567,0.20931464596304888,0.9659258262890683,-0.25881904510252063
2025-10-13 09:00:00,,,,,,,,,-0.9778483415056567,0.20931464596304888,0.49999999999999994,-0.8660254037844387
2025-10-13 12:00:00,,,,,,,,,-0.9778483415056567,0.20931464596304888,-0.2588190451025208,-0.9659258262890683
2025-10-13 15:00:00,,,,,,,,,-0.9778483415056567,0.20931464596304888,-0.8660254037844385,-0.5000000000000004
2025-10-13 18:00:00,,,,,,,,,-0.9778483415056567,0.20931464596304888,-0.9659258262890684,0.2588190451025203
2025-10-13 21:00:00,,,,,,,,,-0.9778483415056567,0.20931464596304888,-0.5000000000000004,0.8660254037844384
2025-10-14 00:00:00,,,,,,,,,-0.9741004551724206,0.22611568550828803,0.25881904510252074,0.9659258262890683
2025-10-14 03:00:00,,,,,,,,,-0.9741004551724206,0.22611568550828803,0.8660254037844386,0.5000000000000001
2025-10-14 06:00:00,,,,,,,,,-0.9741004551724206,0.22611568550828803,0.9659258262890683,-0.25881904510252063
2025-10-14 09:00:00,,,,,,,,,-0.9741004551724206,0.22611568550828803,0.49999999999999994,-0.8660254037844387
2025-10-14 12:00:00,,,,,,,,,-0.9741004551724206,0.22611568550828803,-0.2588190451025208,-0.9659258262890683
2025-10-14 15:00:00,,,,,,,,,-0.9741004551724206,0.22611568550828803,-0.8660254037844385,-0.5000000000000004
2025-10-14 18:00:00,,,,,,,,,-0.9741004551724206,0.22611568550828803,-0.9659258262890684,0.2588190451025203
2025-10-14 21:00:00,,,,,,,,,-0.9741004551724206,0.22611568550828803,-0.5000000000000004,0.8660254037844384
2025-10-15 00:00:00,,,,,,,,,-0.970063921851507,0.2428497220959358,0.25881904510252074,0.9659258262890683
2025-10-15 03:00:00,,,,,,,,,-0.970063921851507,0.2428497220959358,0.8660254037844386,0.5000000000000001
2025-10-15 06:00:00,,,,,,,,,-0.970063921851507,0.2428497220959358,0.9659258262890683,-0.25881904510252063
2025-10-15 09:00:00,,,,,,,,,-0.970063921851507,0.2428497220959358,0.49999999999999994,-0.8660254037844387
2025-10-15 12:00:00,,,,,,,,,-0.970063921851507,0.2428497220959358,-0.2588190451025208,-0.9659258262890683
2025-10-15 15:00:00,,,,,,,,,-0.970063921851507,0.2428497220959358,-0.8660254037844385,-0.5000000000000004
2025-10-15 18:00:00,,,,,,,,,-0.970063921851507,0.2428497220959358,-0.9659258262890684,0.2588190451025203
2025-10-15 21:00:00,,,,,,,,,-0.970063921851507,0.2428497220959358,-0.5000000000000004,0.8660254037844384
2025-10-16 00:00:00,,,,,,,,,-0.965739937654855,0.25951179706979943,0.25881904510252074,0.9659258262890683
2025-10-16 03:00:00,,,,,,,,,-0.965739937654855,0.25951179706979943,0.8660254037844386,0.5000000000000001
2025-10-16 06:00:00,,,,,,,,,-0.965739937654855,0.25951179706979943,0.9659258262890683,-0.25881904510252063
2025-10-16 09:00:00,,,,,,,,,-0.965739937654855,0.25951179706979943,0.49999999999999994,-0.8660254037844387
2025-10-16 12:00:00,,,,,,,,,-0.965739937654855,0.25951179706979943,-0.2588190451025208,-0.9659258262890683
2025-10-16 15:00:00,,,,,,,,,-0.965739937654855,0.25951179706979943,-0.8660254037844385,-0.5000000000000004
2025-10-16 18:00:00,,,,,,,,,-0.965739937654855,0.25951179706979943,-0.9659258262890684,0.2588190451025203
2025-10-16 21:00:00,,,,,,,,,-0.965739937654855,0.25951179706979943,-0.5000000000000004,0.8660254037844384
2025-10-17 00:00:00,,,,,,,,,-0.9611297838723007,0.27609697309746883,0.25881904510252074,0.9659258262890683
2025-10-17 03:00:00,,,,,,,,,-0.9611297838723007,0.27609697309746883,0.8660254037844386,0.5000000000000001
2025-10-17 06:00:00,,,,,,,,,-0.9611297838723007,0.27609697309746883,0.9659258262890683,-0.25881904510252063
2025-10-17 09:00:00,,,,,,,,,-0.9611297838723007,0.27609697309746883,0.49999999999999994,-0.8660254037844387
2025-10-17 12:00:00,,,,,,,,,-0.9611297838723007,0.27609697309746883,-0.2588190451025208,-0.9659258262890683
2025-10-17 15:00:00,,,,,,,,,-0.9611297838723007,0.27609697309746883,-0.8660254037844385,-0.5000000000000004
2025-10-17 18:00:00,,,,,,,,,-0.9611297838723007,0.27609697309746883,-0.9659258262890684,0.2588190451025203
2025-10-17 21:00:00,,,,,,,,,-0.9611297838723007,0.27609697309746883,-0.5000000000000004,0.8660254037844384
2025-10-18 00:00:00,,,,,,,,,-0.9562348265919058,0.2926003356333479,0.25881904510252074,0.9659258262890683
2025-10-18 03:00:00,,,,,,,,,-0.9562348265919058,0.2926003356333479,0.8660254037844386,0.5000000000000001
2025-10-18 06:00:00,,,,,,,,,-0.9562348265919058,0.2926003356333479,0.9659258262890683,-0.25881904510252063
2025-10-18 09:00:00,,,,,,,,,-0.9562348265919058,0.2926003356333479,0.49999999999999994,-0.8660254037844387
2025-10-18 12:00:00,,,,,,,,,-0.9562348265919058,0.2926003356333479,-0.2588190451025208,-0.9659258262890683
2025-10-18 15:00:00,,,,,,,,,-0.9562348265919058,0.2926003356333479,-0.8660254037844385,-0.5000000000000004
2025-10-18 18:00:00,,,,,,,,,-0.9562348265919058,0.2926003356333479,-0.9659258262890684,0.2588190451025203
2025-10-18 21:00:00,,,,,,,,,-0.9562348265919058,0.2926003356333479,-0.5000000000000004,0.8660254037844384
2025-10-19 00:00:00,,,,,,,,,-0.9510565162951536,0.30901699437494723,0.25881904510252074,0.9659258262890683
2025-10-19 03:00:00,,,,,,,,,-0.9510565162951536,0.30901699437494723,0.8660254037844386,0.5000000000000001
2025-10-19 06:00:00,,,,,,,,,-0.9510565162951536,0.30901699437494723,0.9659258262890683,-0.25881904510252063
2025-10-19 09:00:00,,,,,,,,,-0.9510565162951536,0.30901699437494723,0.49999999999999994,-0.8660254037844387
2025-10-19 12:00:00,,,,,,,,,-0.9510565162951536,0.30901699437494723,-0.2588190451025208,-0.9659258262890683
2025-10-19 15:00:00,,,,,,,,,-0.9510565162951536,0.30901699437494723,-0.8660254037844385,-0.5000000000000004
2025-10-19 18:00:00,,,,,,,,,-0.9510565162951536,0.30901699437494723,-0.9659258262890684,0.2588190451025203
2025-10-19 21:00:00,,,,,,,,,-0.9510565162951536,0.30901699437494723,-0.5000000000000004,0.8660254037844384
2025-10-20 00:00:00,,,,,,,,,-0.9455963874271428,0.3253420847119795,0.25881904510252074,0.9659258262890683
2025-10-20 03:00:00,,,,,,,,,-0.9455963874271428,0.3253420847119795,0.8660254037844386,0.5000000000000001
2025-10-20 06:00:00,,,,,,,,,-0.9455963874271428,0.3253420847119795,0.9659258262890683,-0.25881904510252063
2025-10-20 09:00:00,,,,,,,,,-0.9455963874271428,0.3253420847119795,0.49999999999999994,-0.8660254037844387
2025-10-20 12:00:00,,,,,,,,,-0.9455963874271428,0.3253420847119795,-0.2588190451025208,-0.9659258262890683
2025-10-20 15:00:00,,,,,,,,,-0.9455963874271428,0.3253420847119795,-0.8660254037844385,-0.5000000000000004
2025-10-20 18:00:00,,,,,,,,,-0.9455963874271428,0.3253420847119795,-0.9659258262890684,0.2588190451025203
2025-10-20 21:00:00,,,,,,,,,-0.9455963874271428,0.3253420847119795,-0.5000000000000004,0.8660254037844384
2025-10-21 00:00:00,,,,,,,,,-0.9398560579418953,0.341570769167856,0.25881904510252074,0.9659258262890683
2025-10-21 03:00:00,,,,,,,,,-0.9398560579418953,0.341570769167856,0.8660254037844386,0.5000000000000001
2025-10-21 06:00:00,,,,,,,,,-0.9398560579418953,0.341570769167856,0.9659258262890683,-0.25881904510252063
2025-10-21 09:00:00,,,,,,,,,-0.9398560579418953,0.341570769167856,0.49999999999999994,-0.8660254037844387
2025-10-21 12:00:00,,,,,,,,,-0.9398560579418953,0.341570769167856,-0.2588190451025208,-0.9659258262890683
2025-10-21 15:00:00,,,,,,,,,-0.9398560579418953,0.341570769167856,-0.8660254037844385,-0.5000000000000004
2025-10-21 18:00:00,,,,,,,,,-0.9398560579418953,0.341570769167856,-0.9659258262890684,0.2588190451025203
2025-10-21 21:00:00,,,,,,,,,-0.9398560579418953,0.341570769167856,-0.5000000000000004,0.8660254037844384
2025-10-22 00:00:00,,,,,,,,,-0.9338372288229252,0.35769823883312546,0.25881904510252074,0.9659258262890683
2025-10-22 03:00:00,,,,,,,,,-0.9338372288229252,0.35769823883312546,0.8660254037844386,0.5000000000000001
2025-10-22 06:00:00,,,,,,,,,-0.9338372288229252,0.35769823883312546,0.9659258262890683,-0.25881904510252063
2025-10-22 09:00:00,,,,,,,,,-0.9338372288229252,0.35769823883312546,0.49999999999999994,-0.8660254037844387
2025-10-22 12:00:00,,,,,,,,,-0.9338372288229252,0.35769823883312546,-0.2588190451025208,-0.9659258262890683
2025-10-22 15:00:00,,,,,,,,,-0.9338372288229252,0.35769823883312546,-0.8660254037844385,-0.5000000000000004
2025-10-22 18:00:00,,,,,,,,,-0.9338372288229252,0.35769823883312546,-0.9659258262890684,0.2588190451025203
2025-10-22 21:00:00,,,,,,,,,-0.9338372288229252,0.35769823883312546,-0.5000000000000004,0.8660254037844384
2025-10-23 00:00:00,,,,,,,,,-0.9275416835791965,0.3737197147904692,0.25881904510252074,0.9659258262890683
2025-10-23 03:00:00,,,,,,,,,-0.9275416835791965,0.3737197147904692,0.8660254037844386,0.5000000000000001
2025-10-23 06:00:00,,,,,,,,,-0.9275416835791965,0.3737197147904692,0.9659258262890683,-0.25881904510252063
2025-10-23 09:00:00,,,,,,,,,-0.9275416835791965,0.3737197147904692,0.49999999999999994,-0.8660254037844387
2025-10-23 12:00:00,,,,,,,,,-0.9275416835791965,0.3737197147904692,-0.2588190451025208,-0.9659258262890683
2025-10-23 15:00:00,,,,,,,,,-0.9275416835791965,0.3737197147904692,-0.8660254037844385,-0.5000000000000004
2025-10-23 18:00:00,,,,,,,,,-0.9275416835791965,0.3737197147904692,-0.9659258262890684,0.2588190451025203
2025-10-23 21:00:00,,,,,,,,,-0.9275416835791965,0.3737197147904692,-0.5000000000000004,0.8660254037844384
2025-10-24 00:00:00,,,,,,,,,-0.9209712877166347,0.38963044953078774,0.25881904510252074,0.9659258262890683
2025-10-24 03:00:00,,,,,,,,,-0.9209712877166347,0.38963044953078774,0.8660254037844386,0.5000000000000001
2025-10-24 06:00:00,,,,,,,,,-0.9209712877166347,0.38963044953078774,0.9659258262890683,-0.25881904510252063
2025-10-24 09:00:00,,,,,,,,,-0.9209712877166347,0.38963044953078774,0.49999999999999994,-0.8660254037844387
2025-10-24 12:00:00,,,,,,,,,-0.9209712877166347,0.38963044953078774,-0.2588190451025208,-0.9659258262890683
2025-10-24 15:00:00,,,,,,,,,-0.9209712877166347,0.38963044953078774,-0.8660254037844385,-0.5000000000000004
2025-10-24 18:00:00,,,,,,,,,-0.9209712877166347,0.38963044953078774,-0.9659258262890684,0.2588190451025203
2025-10-24 21:00:00,,,,,,,,,-0.9209712877166347,0.38963044953078774,-0.5000000000000004,0.8660254037844384
2025-10-25 00:00:00,,,,,,,,,-0.9141279881853337,0.4054257283599973,0.25881904510252074,0.9659258262890683
2025-10-25 03:00:00,,,,,,,,,-0.9141279881853337,0.4054257283599973,0.8660254037844386,0.5000000000000001
2025-10-25 06:00:00,,,,,,,,,-0.9141279881853337,0.4054257283599973,0.9659258262890683,-0.25881904510252063
2025-10-25 09:00:00,,,,,,,,,-0.9141279881853337,0.4054257283599973,0.49999999999999994,-0.8660254037844387
2025-10-25 12:00:00,,,,,,,,,-0.9141279881853337,0.4054257283599973,-0.2588190451025208,-0.9659258262890683
2025-10-25 15:00:00,,,,,,,,,-0.9141279881853337,0.4054257283599973,-0.8660254037844385,-0.5000000000000004
2025-10-25 18:00:00,,,,,,,,,-0.9141279881853337,0.4054257283599973,-0.9659258262890684,0.2588190451025203
2025-10-25 21:00:00,,,,,,,,,-0.9141279881853337,0.4054257283599973,-0.5000000000000004,0.8660254037844384
2025-10-26 00:00:00,,,,,,,,,-0.9070138128026362,0.42110087079608916,0.25881904510252074,0.9659258262890683
2025-10-26 03:00:00,,,,,,,,,-0.9070138128026362,0.42110087079608916,0.8660254037844386,0.5000000000000001
2025-10-26 06:00:00,,,,,,,,,-0.9070138128026362,0.42110087079608916,0.9659258262890683,-0.25881904510252063
2025-10-26 09:00:00,,,,,,,,,-0.9070138128026362,0.42110087079608916,0.49999999999999994,-0.8660254037844387
2025-10-26 12:00:00,,,,,,,,,-0.9070138128026362,0.42110087079608916,-0.2588190451025208,-0.9659258262890683
2025-10-26 15:00:00,,,,,,,,,-0.9070138128026362,0.42110087079608916,-0.8660254037844385,-0.5000000000000004
2025-10-26 18:00:00,,,,,,,,,-0.9070138128026362,0.42110087079608916,-0.9659258262890684,0.2588190451025203
2025-10-26 21:00:00,,,,,,,,,-0.9070138128026362,0.42110087079608916,-0.5000000000000004,0.8660254037844384
2025-10-27 00:00:00,,,,,,,,,-0.8996308696522434,0.4366512319560638,0.25881904510252074,0.9659258262890683
2025-10-27 03:00:00,,,,,,,,,-0.8996308696522434,0.4366512319560638,0.8660254037844386,0.5000000000000001
2025-10-27 06:00:00,,,,,,,,,-0.8996308696522434,0.4366512319560638,0.9659258262890683,-0.25881904510252063
2025-10-27 09:00:00,,,,,,,,,-0.8996308696522434,0.4366512319560638,0.49999999999999994,-0.8660254037844387
2025-10-27 12:00:00,,,,,,,,,-0.8996308696522434,0.4366512319560638,-0.2588190451025208,-0.9659258262890683
2025-10-27 15:00:00,,,,,,,,,-0.8996308696522434,0.4366512319560638,-0.8660254037844385,-0.5000000000000004
2025-10-27 18:00:00,,,,,,,,,-0.8996308696522434,0.4366512319560638,-0.9659258262890684,0.2588190451025203
2025-10-27 21:00:00,,,,,,,,,-0.8996308696522434,0.4366512319560638,-0.5000000000000004,0.8660254037844384
2025-10-28 00:00:00,,,,,,,,,-0.8919813464595487,0.45207220393230374,0.25881904510252074,0.9659258262890683
2025-10-28 03:00:00,,,,,,,,,-0.8919813464595487,0.45207220393230374,0.8660254037844386,0.5000000000000001
2025-10-28 06:00:00,,,,,,,,,-0.8919813464595487,0.45207220393230374,0.9659258262890683,-0.25881904510252063
2025-10-28 09:00:00,,,,,,,,,-0.8919813464595487,0.45207220393230374,0.49999999999999994,-0.8660254037844387
2025-10-28 12:00:00,,,,,,,,,-0.8919813464595487,0.45207220393230374,-0.2588190451025208,-0.9659258262890683
2025-10-28 15:00:00,,,,,,,,,-0.8919813464595487,0.45207220393230374,-0.8660254037844385,-0.5000000000000004
2025-10-28 18:00:00,,,,,,,,,-0.8919813464595487,0.45207220393230374,-0.9659258262890684,0.2588190451025203
2025-10-28 21:00:00,,,,,,,,,-0.8919813464595487,0.45207220393230374,-0.5000000000000004,0.8660254037844384
2025-10-29 00:00:00,,,,,,,,,-0.8840675099433637,0.46735921715800205,0.25881904510252074,0.9659258262890683
2025-10-29 03:00:00,,,,,,,,,-0.8840675099433637,0.46735921715800205,0.8660254037844386,0.5000000000000001
2025-10-29 06:00:00,,,,,,,,,-0.8840675099433637,0.46735921715800205,0.9659258262890683,-0.25881904510252063
2025-10-29 09:00:00,,,,,,,,,-0.8840675099433637,0.46735921715800205,0.49999999999999994,-0.8660254037844387
2025-10-29 12:00:00,,,,,,,,,-0.8840675099433637,0.46735921715800205,-0.2588190451025208,-0.9659258262890683
2025-10-29 15:00:00,,,,,,,,,-0.8840675099433637,0.46735921715800205,-0.8660254037844385,-0.5000000000000004
2025-10-29 18:00:00,,,,,,,,,-0.8840675099433637,0.46735921715800205,-0.9659258262890684,0.2588190451025203
2025-10-29 21:00:00,,,,,,,,,-0.8840675099433637,0.46735921715800205,-0.5000000000000004,0.8660254037844384
2025-10-30 00:00:00,,,,,,,,,-0.8758917051442433,0.48250774176121763,0.25881904510252074,0.9659258262890683
2025-10-30 03:00:00,,,,,,,,,-0.8758917051442433,0.48250774176121763,0.8660254037844386,0.5000000000000001
2025-10-30 06:00:00,,,,,,,,,-0.8758917051442433,0.48250774176121763,0.9659258262890683,-0.25881904510252063
2025-10-30 09:00:00,,,,,,,,,-0.8758917051442433,0.48250774176121763,0.49999999999999994,-0.8660254037844387
2025-10-30 12:00:00,,,,,,,,,-0.8758917051442433,0.48250774176121763,-0.2588190451025208,-0.9659258262890683
2025-10-30 15:00:00,,,,,,,,,-0.8758917051442433,0.48250774176121763,-0.8660254037844385,-0.5000000000000004
2025-10-30 18:00:00,,,,,,,,,-0.8758917051442433,0.48250774176121763,-0.9659258262890684,0.2588190451025203
2025-10-30 21:00:00,,,,,,,,,-0.8758917051442433,0.48250774176121763,-0.5000000000000004,0.8660254037844384
2025-10-31 00:00:00,,,,,,,,,-0.8674563547295971,0.4975132889071803,0.25881904510252074,0.9659258262890683
2025-10-31 03:00:00,,,,,,,,,-0.8674563547295971,0.4975132889071803,0.8660254037844386,0.5000000000000001
2025-10-31 06:00:00,,,,,,,,,-0.8674563547295971,0.4975132889071803,0.9659258262890683,-0.25881904510252063
2025-10-31 09:00:00,,,,,,,,,-0.8674563547295971,0.4975132889071803,0.49999999999999994,-0.8660254037844387
2025-10-31 12:00:00,,,,,,,,,-0.8674563547295971,0.4975132889071803,-0.2588190451025208,-0.9659258262890683
2025-10-31 15:00:00,,,,,,,,,-0.8674563547295971,0.4975132889071803,-0.8660254037844385,-0.5000000000000004
2025-10-31 18:00:00,,,,,,,,,-0.8674563547295971,0.4975132889071803,-0.9659258262890684,0.2588190451025203
2025-10-31 21:00:00,,,,,,,,,-0.8674563547295971,0.4975132889071803,-0.5000000000000004,0.8660254037844384
2025-11-01 00:00:00,,,,,,,,,-0.858763958275803,0.5123714121284235,0.25881904510252074,0.9659258262890683
2025-11-01 03:00:00,,,,,,,,,-0.858763958275803,0.5123714121284235,0.8660254037844386,0.5000000000000001
2025-11-01 06:00:00,,,,,,,,,-0.858763958275803,0.5123714121284235,0.9659258262890683,-0.25881904510252063
2025-11-01 09:00:00,,,,,,,,,-0.858763958275803,0.5123714121284235,0.49999999999999994,-0.8660254037844387
2025-11-01 12:00:00,,,,,,,,,-0.858763958275803,0.5123714121284235,-0.2588190451025208,-0.9659258262890683
2025-11-01 15:00:00,,,,,,,,,-0.858763958275803,0.5123714121284235,-0.8660254037844385,-0.5000000000000004
2025-11-01 18:00:00,,,,,,,,,-0.858763958275803,0.5123714121284235,-0.9659258262890684,0.2588190451025203
2025-11-01 21:00:00,,,,,,,,,-0.858763958275803,0.5123714121284235,-0.5000000000000004,0.8660254037844384
2025-11-02 00:00:00,,,,,,,,,-0.8498170915275277,0.5270777086423724,0.25881904510252074,0.9659258262890683
2025-11-02 03:00:00,,,,,,,,,-0.8498170915275277,0.5270777086423724,0.8660254037844386,0.5000000000000001
2025-11-02 06:00:00,,,,,,,,,-0.8498170915275277,0.5270777086423724,0.9659258262890683,-0.25881904510252063
2025-11-02 09:00:00,,,,,,,,,-0.8498170915275277,0.5270777086423724,0.49999999999999994,-0.8660254037844387
2025-11-02 12:00:00,,,,,,,,,-0.8498170915275277,0.5270777086423724,-0.2588190451025208,-0.9659258262890683
2025-11-02 15:00:00,,,,,,,,,-0.8498170915275277,0.5270777086423724,-0.8660254037844385,-0.5000000000000004
2025-11-02 18:00:00,,,,,,,,,-0.8498170915275277,0.5270777086423724,-0.9659258262890684,0.2588190451025203
2025-11-02 21:00:00,,,,,,,,,-0.8498170915275277,0.5270777086423724,-0.5000000000000004,0.8660254037844384
2025-11-03 00:00:00,,,,,,,,,-0.8406184056344783,0.5416278206559811,0.25881904510252074,0.9659258262890683
2025-11-03 03:00:00,,,,,,,,,-0.8406184056344783,0.5416278206559811,0.8660254037844386,0.5000000000000001
2025-11-03 06:00:00,,,,,,,,,-0.8406184056344783,0.5416278206559811,0.9659258262890683,-0.25881904510252063
2025-11-03 09:00:00,,,,,,,,,-0.8406184056344783,0.5416278206559811,0.49999999999999994,-0.8660254037844387
2025-11-03 12:00:00,,,,,,,,,-0.8406184056344783,0.5416278206559811,-0.2588190451025208,-0.9659258262890683
2025-11-03 15:00:00,,,,,,,,,-0.8406184056344783,0.5416278206559811,-0.8660254037844385,-0.5000000000000004
2025-11-03 18:00:00,,,,,,,,,-0.8406184056344783,0.5416278206559811,-0.9659258262890684,0.2588190451025203
2025-11-03 21:00:00,,,,,,,,,-0.8406184056344783,0.5416278206559811,-0.5000000000000004,0.8660254037844384
2025-11-04 00:00:00,,,,,,,,,-0.8311706263658079,0.5560174366570446,0.25881904510252074,0.9659258262890683
2025-11-04 03:00:00,,,,,,,,,-0.8311706263658079,0.5560174366570446,0.8660254037844386,0.5000000000000001
2025-11-04 06:00:00,,,,,,,,,-0.8311706263658079,0.5560174366570446,0.9659258262890683,-0.25881904510252063
2025-11-04 09:00:00,,,,,,,,,-0.8311706263658079,0.5560174366570446,0.49999999999999994,-0.8660254037844387
2025-11-04 12:00:00,,,,,,,,,-0.8311706263658079,0.5560174366570446,-0.2588190451025208,-0.9659258262890683
2025-11-04 15:00:00,,,,,,,,,-0.8311706263658079,0.5560174366570446,-0.8660254037844385,-0.5000000000000004
2025-11-04 18:00:00,,,,,,,,,-0.8311706263658079,0.5560174366570446,-0.9659258262890684,0.2588190451025203
2025-11-04 21:00:00,,,,,,,,,-0.8311706263658079,0.5560174366570446,-0.5000000000000004,0.8660254037844384
2025-11-05 00:00:00,,,,,,,,,-0.8214765533024145,0.5702422926917867,0.25881904510252074,0.9659258262890683
2025-11-05 03:00:00,,,,,,,,,-0.8214765533024145,0.5702422926917867,0.8660254037844386,0.5000000000000001
2025-11-05 06:00:00,,,,,,,,,-0.8214765533024145,0.5702422926917867,0.9659258262890683,-0.25881904510252063
2025-11-05 09:00:00,,,,,,,,,-0.8214765533024145,0.5702422926917867,0.49999999999999994,-0.8660254037844387
2025-11-05 12:00:00,,,,,,,,,-0.8214765533024145,0.5702422926917867,-0.2588190451025208,-0.9659258262890683
2025-11-05 15:00:00,,,,,,,,,-0.8214765533024145,0.5702422926917867,-0.8660254037844385,-0.5000000000000004
2025-11-05 18:00:00,,,,,,,,,-0.8214765533024145,0.5702422926917867,-0.9659258262890684,0.2588190451025203
2025-11-05 21:00:00,,,,,,,,,-0.8214765533024145,0.5702422926917867,-0.5000000000000004,0.8660254037844384
2025-11-06 00:00:00,,,,,,,,,-0.8115390590073611,0.5842981736283683,0.25881904510252074,0.9659258262890683
2025-11-06 03:00:00,,,,,,,,,-0.8115390590073611,0.5842981736283683,0.8660254037844386,0.5000000000000001
2025-11-06 06:00:00,,,,,,,,,-0.8115390590073611,0.5842981736283683,0.9659258262890683,-0.25881904510252063
2025-11-06 09:00:00,,,,,,,,,-0.8115390590073611,0.5842981736283683,0.49999999999999994,-0.8660254037844387
2025-11-06 12:00:00,,,,,,,,,-0.8115390590073611,0.5842981736283683,-0.2588190451025208,-0.9659258262890683
2025-11-06 15:00:00,,,,,,,,,-0.8115390590073611,0.5842981736283683,-0.8660254037844385,-0.5000000000000004
2025-11-06 18:00:00,,,,,,,,,-0.8115390590073611,0.5842981736283683,-0.9659258262890684,0.2588190451025203
2025-11-06 21:00:00,,,,,,,,,-0.8115390590073611,0.5842981736283683,-0.5000000000000004,0.8660254037844384
2025-11-07 00:00:00,,,,,,,,,-0.801361088174677,0.5981809144059158,0.25881904510252074,0.9659258262890683
2025-11-07 03:00:00,,,,,,,,,-0.801361088174677,0.5981809144059158,0.8660254037844386,0.5000000000000001
2025-11-07 06:00:00,,,,,,,,,-0.801361088174677,0.5981809144059158,0.9659258262890683,-0.25881904510252063
2025-11-07 09:00:00,,,,,,,,,-0.801361088174677,0.5981809144059158,0.49999999999999994,-0.8660254037844387
2025-11-07 12:00:00,,,,,,,,,-0.801361088174677,0.5981809144059158,-0.2588190451025208,-0.9659258262890683
2025-11-07 15:00:00,,,,,,,,,-0.801361088174677,0.5981809144059158,-0.8660254037844385,-0.5000000000000004
2025-11-07 18:00:00,,,,,,,,,-0.801361088174677,0.5981809144059158,-0.9659258262890684,0.2588190451025203
2025-11-07 21:00:00,,,,,,,,,-0.801361088174677,0.5981809144059158,-0.5000000000000004,0.8660254037844384
2025-11-08 00:00:00,,,,,,,,,-0.7909456567567774,0.6118864012687242,0.25881904510252074,0.9659258262890683
2025-11-08 03:00:00,,,,,,,,,-0.7909456567567774,0.6118864012687242,0.8660254037844386,0.5000000000000001
2025-11-08 06:00:00,,,,,,,,,-0.7909456567567774,0.6118864012687242,0.9659258262890683,-0.25881904510252063
2025-11-08 09:00:00,,,,,,,,,-0.7909456567567774,0.6118864012687242,0.49999999999999994,-0.8660254037844387
2025-11-08 12:00:00,,,,,,,,,-0.7909456567567774,0.6118864012687242,-0.2588190451025208,-0.9659258262890683
2025-11-08 15:00:00,,,,,,,,,-0.7909456567567774,0.6118864012687242,-0.8660254037844385,-0.5000000000000004
2025-11-08 18:00:00,,,,,,,,,-0.7909456567567774,0.6118864012687242,-0.9659258262890684,0.2588190451025203
2025-11-08 21:00:00,,,,,,,,,-0.7909456567567774,0.6118864012687242,-0.5000000000000004,0.8660254037844384
2025-11-09 00:00:00,,,,,,,,,-0.780295851070776,0.6254105729852457,0.25881904510252074,0.9659258262890683
2025-11-09 03:00:00,,,,,,,,,-0.780295851070776,0.6254105729852457,0.8660254037844386,0.5000000000000001
2025-11-09 06:00:00,,,,,,,,,-0.780295851070776,0.6254105729852457,0.9659258262890683,-0.25881904510252063
2025-11-09 09:00:00,,,,,,,,,-0.780295851070776,0.6254105729852457,0.49999999999999994,-0.8660254037844387
2025-11-09 12:00:00,,,,,,,,,-0.780295851070776,0.6254105729852457,-0.2588190451025208,-0.9659258262890683
2025-11-09 15:00:00,,,,,,,,,-0.780295851070776,0.6254105729852457,-0.8660254037844385,-0.5000000000000004
2025-11-09 18:00:00,,,,,,,,,-0.780295851070776,0.6254105729852457,-0.9659258262890684,0.2588190451025203
2025-11-09 21:00:00,,,,,,,,,-0.780295851070776,0.6254105729852457,-0.5000000000000004,0.8660254037844384
2025-11-10 00:00:00,,,,,,,,,-0.7694148268839381,0.6387494220515268,0.25881904510252074,0.9659258262890683
2025-11-10 03:00:00,,,,,,,,,-0.7694148268839381,0.6387494220515268,0.8660254037844386,0.5000000000000001
2025-11-10 06:00:00,,,,,,,,,-0.7694148268839381,0.6387494220515268,0.9659258262890683,-0.25881904510252063
2025-11-10 09:00:00,,,,,,,,,-0.7694148268839381,0.6387494220515268,0.49999999999999994,-0.8660254037844387
2025-11-10 12:00:00,,,,,,,,,-0.7694148268839381,0.6387494220515268,-0.2588190451025208,-0.9659258262890683
2025-11-10 15:00:00,,,,,,,,,-0.7694148268839381,0.6387494220515268,-0.8660254037844385,-0.5000000000000004
2025-11-10 18:00:00,,,,,,,,,-0.7694148268839381,0.6387494220515268,-0.9659258262890684,0.2588190451025203
2025-11-10 21:00:00,,,,,,,,,-0.7694148268839381,0.6387494220515268,-0.5000000000000004,0.8660254037844384
2025-11-11 00:00:00,,,,,,,,,-0.7583058084785625,0.6518989958787125,0.25881904510252074,0.9659258262890683
2025-11-11 03:00:00,,,,,,,,,-0.7583058084785625,0.6518989958787125,0.8660254037844386,0.5000000000000001
2025-11-11 06:00:00,,,,,,,,,-0.7583058084785625,0.6518989958787125,0.9659258262890683,-0.25881904510252063
2025-11-11 09:00:00,,,,,,,,,-0.7583058084785625,0.6518989958787125,0.49999999999999994,-0.8660254037844387
2025-11-11 12:00:00,,,,,,,,,-0.7583058084785625,0.6518989958787125,-0.2588190451025208,-0.9659258262890683
2025-11-11 15:00:00,,,,,,,,,-0.7583058084785625,0.6518989958787125,-0.8660254037844385,-0.5000000000000004
2025-11-11 18:00:00,,,,,,,,,-0.7583058084785625,0.6518989958787125,-0.9659258262890684,0.2588190451025203
2025-11-11 21:00:00,,,,,,,,,-0.7583058084785625,0.6518989958787125,-0.5000000000000004,0.8660254037844384
2025-11-12 00:00:00,,,,,,,,,-0.7469720876965551,0.6648553979642866,0.25881904510252074,0.9659258262890683
2025-11-12 03:00:00,,,,,,,,,-0.7469720876965551,0.6648553979642866,0.8660254037844386,0.5000000000000001
2025-11-12 06:00:00,,,,,,,,,-0.7469720876965551,0.6648553979642866,0.9659258262890683,-0.25881904510252063
2025-11-12 09:00:00,,,,,,,,,-0.7469720876965551,0.6648553979642866,0.49999999999999994,-0.8660254037844387
2025-11-12 12:00:00,,,,,,,,,-0.7469720876965551,0.6648553979642866,-0.2588190451025208,-0.9659258262890683
2025-11-12 15:00:00,,,,,,,,,-0.7469720876965551,0.6648553979642866,-0.8660254037844385,-0.5000000000000004
2025-11-12 18:00:00,,,,,,,,,-0.7469720876965551,0.6648553979642866,-0.9659258262890684,0.2588190451025203
2025-11-12 21:00:00,,,,,,,,,-0.7469720876965551,0.6648553979642866,-0.5000000000000004,0.8660254037844384
2025-11-13 00:00:00,,,,,,,,,-0.7354170229639858,0.6776147890466887,0.25881904510252074,0.9659258262890683
2025-11-13 03:00:00,,,,,,,,,-0.7354170229639858,0.6776147890466887,0.8660254037844386,0.5000000000000001
2025-11-13 06:00:00,,,,,,,,,-0.7354170229639858,0.6776147890466887,0.9659258262890683,-0.25881904510252063
2025-11-13 09:00:00,,,,,,,,,-0.7354170229639858,0.6776147890466887,0.49999999999999994,-0.8660254037844387
2025-11-13 12:00:00,,,,,,,,,-0.7354170229639858,0.6776147890466887,-0.2588190451025208,-0.9659258262890683
2025-11-13 15:00:00,,,,,,,,,-0.7354170229639858,0.6776147890466887,-0.8660254037844385,-0.5000000000000004
2025-11-13 18:00:00,,,,,,,,,-0.7354170229639858,0.6776147890466887,-0.9659258262890684,0.2588190451025203
2025-11-13 21:00:00,,,,,,,,,-0.7354170229639858,0.6776147890466887,-0.5000000000000004,0.8660254037844384
2025-11-14 00:00:00,,,,,,,,,-0.7236440382959124,0.690173388242972,0.25881904510252074,0.9659258262890683
2025-11-14 03:00:00,,,,,,,,,-0.7236440382959124,0.690173388242972,0.8660254037844386,0.5000000000000001
2025-11-14 06:00:00,,,,,,,,,-0.7236440382959124,0.690173388242972,0.9659258262890683,-0.25881904510252063
2025-11-14 09:00:00,,,,,,,,,-0.7236440382959124,0.690173388242972,0.49999999999999994,-0.8660254037844387
2025-11-14 12:00:00,,,,,,,,,-0.7236440382959124,0.690173388242972,-0.2588190451025208,-0.9659258262890683
2025-11-14 15:00:00,,,,,,,,,-0.7236440382959124,0.690173388242972,-0.8660254037844385,-0.5000000000000004
2025-11-14 18:00:00,,,,,,,,,-0.7236440382959124,0.690173388242972,-0.9659258262890684,0.2588190451025203
2025-11-14 21:00:00,,,,,,,,,-0.7236440382959124,0.690173388242972,-0.5000000000000004,0.8660254037844384
2025-11-15 00:00:00,,,,,,,,,-0.711656622281775,0.7025274741691566,0.25881904510252074,0.9659258262890683
2025-11-15 03:00:00,,,,,,,,,-0.711656622281775,0.7025274741691566,0.8660254037844386,0.5000000000000001
2025-11-15 06:00:00,,,,,,,,,-0.711656622281775,0.7025274741691566,0.9659258262890683,-0.25881904510252063
2025-11-15 09:00:00,,,,,,,,,-0.711656622281775,0.7025274741691566,0.49999999999999994,-0.8660254037844387
2025-11-15 12:00:00,,,,,,,,,-0.711656622281775,0.7025274741691566,-0.2588190451025208,-0.9659258262890683
2025-11-15 15:00:00,,,,,,,,,-0.711656622281775,0.7025274741691566,-0.8660254037844385,-0.5000000000000004
2025-11-15 18:00:00,,,,,,,,,-0.711656622281775,0.7025274741691566,-0.9659258262890684,0.2588190451025203
2025-11-15 21:00:00,,,,,,,,,-0.711656622281775,0.7025274741691566,-0.5000000000000004,0.8660254037844384
2025-11-16 00:00:00,,,,,,,,,-0.6994583270516471,0.7146733860429608,0.25881904510252074,0.9659258262890683
2025-11-16 03:00:00,,,,,,,,,-0.6994583270516471,0.7146733860429608,0.8660254037844386,0.5000000000000001
2025-11-16 06:00:00,,,,,,,,,-0.6994583270516471,0.7146733860429608,0.9659258262890683,-0.25881904510252063
2025-11-16 09:00:00,,,,,,,,,-0.6994583270516471,0.7146733860429608,0.49999999999999994,-0.8660254037844387
2025-11-16 12:00:00,,,,,,,,,-0.6994583270516471,0.7146733860429608,-0.2588190451025208,-0.9659258262890683
2025-11-16 15:00:00,,,,,,,,,-0.6994583270516471,0.7146733860429608,-0.8660254037844385,-0.5000000000000004
2025-11-16 18:00:00,,,,,,,,,-0.6994583270516471,0.7146733860429608,-0.9659258262890684,0.2588190451025203
2025-11-16 21:00:00,,,,,,,,,-0.6994583270516471,0.7146733860429608,-0.5000000000000004,0.8660254037844384
2025-11-17 00:00:00,,,,,,,,,-0.6870527672236675,0.7266075247685652,0.25881904510252074,0.9659258262890683
2025-11-17 03:00:00,,,,,,,,,-0.6870527672236675,0.7266075247685652,0.8660254037844386,0.5000000000000001
2025-11-17 06:00:00,,,,,,,,,-0.6870527672236675,0.7266075247685652,0.9659258262890683,-0.25881904510252063
2025-11-17 09:00:00,,,,,,,,,-0.6870527672236675,0.7266075247685652,0.49999999999999994,-0.8660254037844387
2025-11-17 12:00:00,,,,,,,,,-0.6870527672236675,0.7266075247685652,-0.2588190451025208,-0.9659258262890683
2025-11-17 15:00:00,,,,,,,,,-0.6870527672236675,0.7266075247685652,-0.8660254037844385,-0.5000000000000004
2025-11-17 18:00:00,,,,,,,,,-0.6870527672236675,0.7266075247685652,-0.9659258262890684,0.2588190451025203
2025-11-17 21:00:00,,,,,,,,,-0.6870527672236675,0.7266075247685652,-0.5000000000000004,0.8660254037844384
2025-11-18 00:00:00,,,,,,,,,-0.6744436188329457,0.7383263540031063,0.25881904510252074,0.9659258262890683
2025-11-18 03:00:00,,,,,,,,,-0.6744436188329457,0.7383263540031063,0.8660254037844386,0.5000000000000001
2025-11-18 06:00:00,,,,,,,,,-0.6744436188329457,0.7383263540031063,0.9659258262890683,-0.25881904510252063
2025-11-18 09:00:00,,,,,,,,,-0.6744436188329457,0.7383263540031063,0.49999999999999994,-0.8660254037844387
2025-11-18 12:00:00,,,,,,,,,-0.6744436188329457,0.7383263540031063,-0.2588190451025208,-0.9659258262890683
2025-11-18 15:00:00,,,,,,,,,-0.6744436188329457,0.7383263540031063,-0.8660254037844385,-0.5000000000000004
2025-11-18 18:00:00,,,,,,,,,-0.6744436188329457,0.7383263540031063,-0.9659258262890684,0.2588190451025203
2025-11-18 21:00:00,,,,,,,,,-0.6744436188329457,0.7383263540031063,-0.5000000000000004,0.8660254037844384
2025-11-19 00:00:00,,,,,,,,,-0.661634618242279,0.749826401204568,0.25881904510252074,0.9659258262890683
2025-11-19 03:00:00,,,,,,,,,-0.661634618242279,0.749826401204568,0.8660254037844386,0.5000000000000001
2025-11-19 06:00:00,,,,,,,,,-0.661634618242279,0.749826401204568,0.9659258262890683,-0.25881904510252063
2025-11-19 09:00:00,,,,,,,,,-0.661634618242279,0.749826401204568,0.49999999999999994,-0.8660254037844387
2025-11-19 12:00:00,,,,,,,,,-0.661634618242279,0.749826401204568,-0.2588190451025208,-0.9659258262890683
2025-11-19 15:00:00,,,,,,,,,-0.661634618242279,0.749826401204568,-0.8660254037844385,-0.5000000000000004
2025-11-19 18:00:00,,,,,,,,,-0.661634618242279,0.749826401204568,-0.9659258262890684,0.2588190451025203
2025-11-19 21:00:00,,,,,,,,,-0.661634618242279,0.749826401204568,-0.5000000000000004,0.8660254037844384
2025-11-20 00:00:00,,,,,,,,,-0.6486295610349818,0.7611042586607742,0.25881904510252074,0.9659258262890683
2025-11-20 03:00:00,,,,,,,,,-0.6486295610349818,0.7611042586607742,0.8660254037844386,0.5000000000000001
2025-11-20 06:00:00,,,,,,,,,-0.6486295610349818,0.7611042586607742,0.9659258262890683,-0.25881904510252063
2025-11-20 09:00:00,,,,,,,,,-0.6486295610349818,0.7611042586607742,0.49999999999999994,-0.8660254037844387
2025-11-20 12:00:00,,,,,,,,,-0.6486295610349818,0.7611042586607742,-0.2588190451025208,-0.9659258262890683
2025-11-20 15:00:00,,,,,,,,,-0.6486295610349818,0.7611042586607742,-0.8660254037844385,-0.5000000000000004
2025-11-20 18:00:00,,,,,,,,,-0.6486295610349818,0.7611042586607742,-0.9659258262890684,0.2588190451025203
2025-11-20 21:00:00,,,,,,,,,-0.6486295610349818,0.7611042586607742,-0.5000000000000004,0.8660254037844384
2025-11-21 00:00:00,,,,,,,,,-0.6354323008901775,0.7721565844991641,0.25881904510252074,0.9659258262890683
2025-11-21 03:00:00,,,,,,,,,-0.6354323008901775,0.7721565844991641,0.8660254037844386,0.5000000000000001
2025-11-21 06:00:00,,,,,,,,,-0.6354323008901775,0.7721565844991641,0.9659258262890683,-0.25881904510252063
2025-11-21 09:00:00,,,,,,,,,-0.6354323008901775,0.7721565844991641,0.49999999999999994,-0.8660254037844387
2025-11-21 12:00:00,,,,,,,,,-0.6354323008901775,0.7721565844991641,-0.2588190451025208,-0.9659258262890683
2025-11-21 15:00:00,,,,,,,,,-0.6354323008901775,0.7721565844991641,-0.8660254037844385,-0.5000000000000004
2025-11-21 18:00:00,,,,,,,,,-0.6354323008901775,0.7721565844991641,-0.9659258262890684,0.2588190451025203
2025-11-21 21:00:00,,,,,,,,,-0.6354323008901775,0.7721565844991641,-0.5000000000000004,0.8660254037844384
2025-11-22 00:00:00,,,,,,,,,-0.622046748440868,0.7829801036770624,0.25881904510252074,0.9659258262890683
2025-11-22 03:00:00,,,,,,,,,-0.622046748440868,0.7829801036770624,0.8660254037844386,0.5000000000000001
2025-11-22 06:00:00,,,,,,,,,-0.622046748440868,0.7829801036770624,0.9659258262890683,-0.25881904510252063
2025-11-22 09:00:00,,,,,,,,,-0.622046748440868,0.7829801036770624,0.49999999999999994,-0.8660254037844387
2025-11-22 12:00:00,,,,,,,,,-0.622046748440868,0.7829801036770624,-0.2588190451025208,-0.9659258262890683
2025-11-22 15:00:00,,,,,,,,,-0.622046748440868,0.7829801036770624,-0.8660254037844385,-0.5000000000000004
2025-11-22 18:00:00,,,,,,,,,-0.622046748440868,0.7829801036770624,-0.9659258262890684,0.2588190451025203
2025-11-22 21:00:00,,,,,,,,,-0.622046748440868,0.7829801036770624,-0.5000000000000004,0.8660254037844384
2025-11-23 00:00:00,,,,,,,,,-0.6084768701151264,0.7935716089521472,0.25881904510252074,0.9659258262890683
2025-11-23 03:00:00,,,,,,,,,-0.6084768701151264,0.7935716089521472,0.8660254037844386,0.5000000000000001
2025-11-23 06:00:00,,,,,,,,,-0.6084768701151264,0.7935716089521472,0.9659258262890683,-0.25881904510252063
2025-11-23 09:00:00,,,,,,,,,-0.6084768701151264,0.7935716089521472,0.49999999999999994,-0.8660254037844387
2025-11-23 12:00:00,,,,,,,,,-0.6084768701151264,0.7935716089521472,-0.2588190451025208,-0.9659258262890683
2025-11-23 15:00:00,,,,,,,,,-0.6084768701151264,0.7935716089521472,-0.8660254037844385,-0.5000000000000004
2025-11-23 18:00:00,,,,,,,,,-0.6084768701151264,0.7935716089521472,-0.9659258262890684,0.2588190451025203
2025-11-23 21:00:00,,,,,,,,,-0.6084768701151264,0.7935716089521472,-0.5000000000000004,0.8660254037844384
2025-11-24 00:00:00,,,,,,,,,-0.594726686960764,0.8039279618328208,0.25881904510252074,0.9659258262890683
2025-11-24 03:00:00,,,,,,,,,-0.594726686960764,0.8039279618328208,0.8660254037844386,0.5000000000000001
2025-11-24 06:00:00,,,,,,,,,-0.594726686960764,0.8039279618328208,0.9659258262890683,-0.25881904510252063
2025-11-24 09:00:00,,,,,,,,,-0.594726686960764,0.8039279618328208,0.49999999999999994,-0.8660254037844387
2025-11-24 12:00:00,,,,,,,,,-0.594726686960764,0.8039279618328208,-0.2588190451025208,-0.9659258262890683
2025-11-24 15:00:00,,,,,,,,,-0.594726686960764,0.8039279618328208,-0.8660254037844385,-0.5000000000000004
2025-11-24 18:00:00,,,,,,,,,-0.594726686960764,0.8039279618328208,-0.9659258262890684,0.2588190451025203
2025-11-24 21:00:00,,,,,,,,,-0.594726686960764,0.8039279618328208,-0.5000000000000004,0.8660254037844384
2025-11-25 00:00:00,,,,,,,,,-0.5808002734538013,0.8140460935082175,0.25881904510252074,0.9659258262890683
2025-11-25 03:00:00,,,,,,,,,-0.5808002734538013,0.8140460935082175,0.8660254037844386,0.5000000000000001
2025-11-25 06:00:00,,,,,,,,,-0.5808002734538013,0.8140460935082175,0.9659258262890683,-0.25881904510252063
2025-11-25 09:00:00,,,,,,,,,-0.5808002734538013,0.8140460935082175,0.49999999999999994,-0.8660254037844387
2025-11-25 12:00:00,,,,,,,,,-0.5808002734538013,0.8140460935082175,-0.2588190451025208,-0.9659258262890683
2025-11-25 15:00:00,,,,,,,,,-0.5808002734538013,0.8140460935082175,-0.8660254037844385,-0.5000000000000004
2025-11-25 18:00:00,,,,,,,,,-0.5808002734538013,0.8140460935082175,-0.9659258262890684,0.2588190451025203
2025-11-25 21:00:00,,,,,,,,,-0.5808002734538013,0.8140460935082175,-0.5000000000000004,0.8660254037844384
2025-11-26 00:00:00,,,,,,,,,-0.5667017562911184,0.8239230057575536,0.25881904510252074,0.9659258262890683
2025-11-26 03:00:00,,,,,,,,,-0.5667017562911184,0.8239230057575536,0.8660254037844386,0.5000000000000001
2025-11-26 06:00:00,,,,,,,,,-0.5667017562911184,0.8239230057575536,0.9659258262890683,-0.25881904510252063
2025-11-26 09:00:00,,,,,,,,,-0.5667017562911184,0.8239230057575536,0.49999999999999994,-0.8660254037844387
2025-11-26 12:00:00,,,,,,,,,-0.5667017562911184,0.8239230057575536,-0.2588190451025208,-0.9659258262890683
2025-11-26 15:00:00,,,,,,,,,-0.5667017562911184,0.8239230057575536,-0.8660254037844385,-0.5000000000000004
2025-11-26 18:00:00,,,,,,,,,-0.5667017562911184,0.8239230057575536,-0.9659258262890684,0.2588190451025203
2025-11-26 21:00:00,,,,,,,,,-0.5667017562911184,0.8239230057575536,-0.5000000000000004,0.8660254037844384
2025-11-27 00:00:00,,,,,,,,,-0.5524353131676203,0.8335557718385695,0.25881904510252074,0.9659258262890683
2025-11-27 03:00:00,,,,,,,,,-0.5524353131676203,0.8335557718385695,0.8660254037844386,0.5000000000000001
2025-11-27 06:00:00,,,,,,,,,-0.5524353131676203,0.8335557718385695,0.9659258262890683,-0.25881904510252063
2025-11-27 09:00:00,,,,,,,,,-0.5524353131676203,0.8335557718385695,0.49999999999999994,-0.8660254037844387
2025-11-27 12:00:00,,,,,,,,,-0.5524353131676203,0.8335557718385695,-0.2588190451025208,-0.9659258262890683
2025-11-27 15:00:00,,,,,,,,,-0.5524353131676203,0.8335557718385695,-0.8660254037844385,-0.5000000000000004
2025-11-27 18:00:00,,,,,,,,,-0.5524353131676203,0.8335557718385695,-0.9659258262890684,0.2588190451025203
2025-11-27 21:00:00,,,,,,,,,-0.5524353131676203,0.8335557718385695,-0.5000000000000004,0.8660254037844384
2025-11-28 00:00:00,,,,,,,,,-0.5380051715382992,0.8429415373547832,0.25881904510252074,0.9659258262890683
2025-11-28 03:00:00,,,,,,,,,-0.5380051715382992,0.8429415373547832,0.8660254037844386,0.5000000000000001
2025-11-28 06:00:00,,,,,,,,,-0.5380051715382992,0.8429415373547832,0.9659258262890683,-0.25881904510252063
2025-11-28 09:00:00,,,,,,,,,-0.5380051715382992,0.8429415373547832,0.49999999999999994,-0.8660254037844387
2025-11-28 12:00:00,,,,,,,,,-0.5380051715382992,0.8429415373547832,-0.2588190451025208,-0.9659258262890683
2025-11-28 15:00:00,,,,,,,,,-0.5380051715382992,0.8429415373547832,-0.8660254037844385,-0.5000000000000004
2025-11-28 18:00:00,,,,,,,,,-0.5380051715382992,0.8429415373547832,-0.9659258262890684,0.2588190451025203
2025-11-28 21:00:00,,,,,,,,,-0.5380051715382992,0.8429415373547832,-0.5000000000000004,0.8660254037844384
2025-11-29 00:00:00,,,,,,,,,-0.5234156073655503,0.8520775211013093,0.25881904510252074,0.9659258262890683
2025-11-29 03:00:00,,,,,,,,,-0.5234156073655503,0.8520775211013093,0.8660254037844386,0.5000000000000001
2025-11-29 06:00:00,,,,,,,,,-0.5234156073655503,0.8520775211013093,0.9659258262890683,-0.25881904510252063
2025-11-29 09:00:00,,,,,,,,,-0.5234156073655503,0.8520775211013093,0.49999999999999994,-0.8660254037844387
2025-11-29 12:00:00,,,,,,,,,-0.5234156073655503,0.8520775211013093,-0.2588190451025208,-0.9659258262890683
2025-11-29 15:00:00,,,,,,,,,-0.5234156073655503,0.8520775211013093,-0.8660254037844385,-0.5000000000000004
2025-11-29 18:00:00,,,,,,,,,-0.5234156073655503,0.8520775211013093,-0.9659258262890684,0.2588190451025203
2025-11-29 21:00:00,,,,,,,,,-0.5234156073655503,0.8520775211013093,-0.5000000000000004,0.8660254037844384
2025-11-30 00:00:00,,,,,,,,,-0.5086709438521042,0.8609610158889945,0.25881904510252074,0.9659258262890683
2025-11-30 03:00:00,,,,,,,,,-0.5086709438521042,0.8609610158889945,0.8660254037844386,0.5000000000000001
2025-11-30 06:00:00,,,,,,,,,-0.5086709438521042,0.8609610158889945,0.9659258262890683,-0.25881904510252063
2025-11-30 09:00:00,,,,,,,,,-0.5086709438521042,0.8609610158889945,0.49999999999999994,-0.8660254037844387
2025-11-30 12:00:00,,,,,,,,,-0.5086709438521042,0.8609610158889945,-0.2588190451025208,-0.9659258262890683
2025-11-30 15:00:00,,,,,,,,,-0.5086709438521042,0.8609610158889945,-0.8660254037844385,-0.5000000000000004
2025-11-30 18:00:00,,,,,,,,,-0.5086709438521042,0.8609610158889945,-0.9659258262890684,0.2588190451025203
2025-11-30 21:00:00,,,,,,,,,-0.5086709438521042,0.8609610158889945,-0.5000000000000004,0.8660254037844384
2025-12-01 00:00:00,,,,,,,,,-0.49377555015997737,0.8695893893466109,0.25881904510252074,0.9659258262890683
2025-12-01 03:00:00,,,,,,,,,-0.49377555015997737,0.8695893893466109,0.8660254037844386,0.5000000000000001
2025-12-01 06:00:00,,,,,,,,,-0.49377555015997737,0.8695893893466109,0.9659258262890683,-0.25881904510252063
2025-12-01 09:00:00,,,,,,,,,-0.49377555015997737,0.8695893893466109,0.49999999999999994,-0.8660254037844387
2025-12-01 12:00:00,,,,,,,,,-0.49377555015997737,0.8695893893466109,-0.2588190451025208,-0.9659258262890683
2025-12-01 15:00:00,,,,,,,,,-0.49377555015997737,0.8695893893466109,-0.8660254037844385,-0.5000000000000004
2025-12-01 18:00:00,,,,,,,,,-0.49377555015997737,0.8695893893466109,-0.9659258262890684,0.2588190451025203
2025-12-01 21:00:00,,,,,,,,,-0.49377555015997737,0.8695893893466109,-0.5000000000000004,0.8660254037844384
2025-12-02 00:00:00,,,,,,,,,-0.4787338401157883,0.8779600847008883,0.25881904510252074,0.9659258262890683
2025-12-02 03:00:00,,,,,,,,,-0.4787338401157883,0.8779600847008883,0.8660254037844386,0.5000000000000001
2025-12-02 06:00:00,,,,,,,,,-0.4787338401157883,0.8779600847008883,0.9659258262890683,-0.25881904510252063
2025-12-02 09:00:00,,,,,,,,,-0.4787338401157883,0.8779600847008883,0.49999999999999994,-0.8660254037844387
2025-12-02 12:00:00,,,,,,,,,-0.4787338401157883,0.8779600847008883,-0.2588190451025208,-0.9659258262890683
2025-12-02 15:00:00,,,,,,,,,-0.4787338401157883,0.8779600847008883,-0.8660254037844385,-0.5000000000000004
2025-12-02 18:00:00,,,,,,,,,-0.4787338401157883,0.8779600847008883,-0.9659258262890684,0.2588190451025203
2025-12-02 21:00:00,,,,,,,,,-0.4787338401157883,0.8779600847008883,-0.5000000000000004,0.8660254037844384
2025-12-03 00:00:00,,,,,,,,,-0.4635502709028512,0.8860706215341378,0.25881904510252074,0.9659258262890683
2025-12-03 03:00:00,,,,,,,,,-0.4635502709028512,0.8860706215341378,0.8660254037844386,0.5000000000000001
2025-12-03 06:00:00,,,,,,,,,-0.4635502709028512,0.8860706215341378,0.9659258262890683,-0.25881904510252063
2025-12-03 09:00:00,,,,,,,,,-0.4635502709028512,0.8860706215341378,0.49999999999999994,-0.8660254037844387
2025-12-03 12:00:00,,,,,,,,,-0.4635502709028512,0.8860706215341378,-0.2588190451025208,-0.9659258262890683
2025-12-03 15:00:00,,,,,,,,,-0.4635502709028512,0.8860706215341378,-0.8660254037844385,-0.5000000000000004
2025-12-03 18:00:00,,,,,,,,,-0.4635502709028512,0.8860706215341378,-0.9659258262890684,0.2588190451025203
2025-12-03 21:00:00,,,,,,,,,-0.4635502709028512,0.8860706215341378,-0.5000000000000004,0.8660254037844384
2025-12-04 00:00:00,,,,,,,,,-0.4482293417404106,0.893918596519257,0.25881904510252074,0.9659258262890683
2025-12-04 03:00:00,,,,,,,,,-0.4482293417404106,0.893918596519257,0.8660254037844386,0.5000000000000001
2025-12-04 06:00:00,,,,,,,,,-0.4482293417404106,0.893918596519257,0.9659258262890683,-0.25881904510252063
2025-12-04 09:00:00,,,,,,,,,-0.4482293417404106,0.893918596519257,0.49999999999999994,-0.8660254037844387
2025-12-04 12:00:00,,,,,,,,,-0.4482293417404106,0.893918596519257,-0.2588190451025208,-0.9659258262890683
2025-12-04 15:00:00,,,,,,,,,-0.4482293417404106,0.893918596519257,-0.8660254037844385,-0.5000000000000004
2025-12-04 18:00:00,,,,,,,,,-0.4482293417404106,0.893918596519257,-0.9659258262890684,0.2588190451025203
2025-12-04 21:00:00,,,,,,,,,-0.4482293417404106,0.893918596519257,-0.5000000000000004,0.8660254037844384
2025-12-05 00:00:00,,,,,,,,,-0.4327755925504317,0.9015016841318838,0.25881904510252074,0.9659258262890683
2025-12-05 03:00:00,,,,,,,,,-0.4327755925504317,0.9015016841318838,0.8660254037844386,0.5000000000000001
2025-12-05 06:00:00,,,,,,,,,-0.4327755925504317,0.9015016841318838,0.9659258262890683,-0.25881904510252063
2025-12-05 09:00:00,,,,,,,,,-0.4327755925504317,0.9015016841318838,0.49999999999999994,-0.8660254037844387
2025-12-05 12:00:00,,,,,,,,,-0.4327755925504317,0.9015016841318838,-0.2588190451025208,-0.9659258262890683
2025-12-05 15:00:00,,,,,,,,,-0.4327755925504317,0.9015016841318838,-0.8660254037844385,-0.5000000000000004
2025-12-05 18:00:00,,,,,,,,,-0.4327755925504317,0.9015016841318838,-0.9659258262890684,0.2588190451025203
2025-12-05 21:00:00,,,,,,,,,-0.4327755925504317,0.9015016841318838,-0.5000000000000004,0.8660254037844384
2025-12-06 00:00:00,,,,,,,,,-0.41719360261231697,0.9088176373395028,0.25881904510252074,0.9659258262890683
2025-12-06 03:00:00,,,,,,,,,-0.41719360261231697,0.9088176373395028,0.8660254037844386,0.5000000000000001
2025-12-06 06:00:00,,,,,,,,,-0.41719360261231697,0.9088176373395028,0.9659258262890683,-0.25881904510252063
2025-12-06 09:00:00,,,,,,,,,-0.41719360261231697,0.9088176373395028,0.49999999999999994,-0.8660254037844387
2025-12-06 12:00:00,,,,,,,,,-0.41719360261231697,0.9088176373395028,-0.2588190451025208,-0.9659258262890683
2025-12-06 15:00:00,,,,,,,,,-0.41719360261231697,0.9088176373395028,-0.8660254037844385,-0.5000000000000004
2025-12-06 18:00:00,,,,,,,,,-0.41719360261231697,0.9088176373395028,-0.9659258262890684,0.2588190451025203
2025-12-06 21:00:00,,,,,,,,,-0.41719360261231697,0.9088176373395028,-0.5000000000000004,0.8660254037844384
2025-12-07 00:00:00,,,,,,,,,-0.4014879892059737,0.9158642882672868,0.25881904510252074,0.9659258262890683
2025-12-07 03:00:00,,,,,,,,,-0.4014879892059737,0.9158642882672868,0.8660254037844386,0.5000000000000001
2025-12-07 06:00:00,,,,,,,,,-0.4014879892059737,0.9158642882672868,0.9659258262890683,-0.25881904510252063
2025-12-07 09:00:00,,,,,,,,,-0.4014879892059737,0.9158642882672868,0.49999999999999994,-0.8660254037844387
2025-12-07 12:00:00,,,,,,,,,-0.4014879892059737,0.9158642882672868,-0.2588190451025208,-0.9659258262890683
2025-12-07 15:00:00,,,,,,,,,-0.4014879892059737,0.9158642882672868,-0.8660254037844385,-0.5000000000000004
2025-12-07 18:00:00,,,,,,,,,-0.4014879892059737,0.9158642882672868,-0.9659258262890684,0.2588190451025203
2025-12-07 21:00:00,,,,,,,,,-0.4014879892059737,0.9158642882672868,-0.5000000000000004,0.8660254037844384
2025-12-08 00:00:00,,,,,,,,,-0.38566340624360745,0.9226395488404875,0.25881904510252074,0.9659258262890683
2025-12-08 03:00:00,,,,,,,,,-0.38566340624360745,0.9226395488404875,0.8660254037844386,0.5000000000000001
2025-12-08 06:00:00,,,,,,,,,-0.38566340624360745,0.9226395488404875,0.9659258262890683,-0.25881904510252063
2025-12-08 09:00:00,,,,,,,,,-0.38566340624360745,0.9226395488404875,0.49999999999999994,-0.8660254037844387
2025-12-08 12:00:00,,,,,,,,,-0.38566340624360745,0.9226395488404875,-0.2588190451025208,-0.9659258262890683
2025-12-08 15:00:00,,,,,,,,,-0.38566340624360745,0.9226395488404875,-0.8660254037844385,-0.5000000000000004
2025-12-08 18:00:00,,,,,,,,,-0.38566340624360745,0.9226395488404875,-0.9659258262890684,0.2588190451025203
2025-12-08 21:00:00,,,,,,,,,-0.38566340624360745,0.9226395488404875,-0.5000000000000004,0.8660254037844384
2025-12-09 00:00:00,,,,,,,,,-0.3697245428906732,0.9291414114031743,0.25881904510252074,0.9659258262890683
2025-12-09 03:00:00,,,,,,,,,-0.3697245428906732,0.9291414114031743,0.8660254037844386,0.5000000000000001
2025-12-09 06:00:00,,,,,,,,,-0.3697245428906732,0.9291414114031743,0.9659258262890683,-0.25881904510252063
2025-12-09 09:00:00,,,,,,,,,-0.3697245428906732,0.9291414114031743,0.49999999999999994,-0.8660254037844387
2025-12-09 12:00:00,,,,,,,,,-0.3697245428906732,0.9291414114031743,-0.2588190451025208,-0.9659258262890683
2025-12-09 15:00:00,,,,,,,,,-0.3697245428906732,0.9291414114031743,-0.8660254037844385,-0.5000000000000004
2025-12-09 18:00:00,,,,,,,,,-0.3697245428906732,0.9291414114031743,-0.9659258262890684,0.2588190451025203
2025-12-09 21:00:00,,,,,,,,,-0.3697245428906732,0.9291414114031743,-0.5000000000000004,0.8660254037844384
2025-12-10 00:00:00,,,,,,,,,-0.3536761221763721,0.935367949313148,0.25881904510252074,0.9659258262890683
2025-12-10 03:00:00,,,,,,,,,-0.3536761221763721,0.935367949313148,0.8660254037844386,0.5000000000000001
2025-12-10 06:00:00,,,,,,,,,-0.3536761221763721,0.935367949313148,0.9659258262890683,-0.25881904510252063
2025-12-10 09:00:00,,,,,,,,,-0.3536761221763721,0.935367949313148,0.49999999999999994,-0.8660254037844387
2025-12-10 12:00:00,,,,,,,,,-0.3536761221763721,0.935367949313148,-0.2588190451025208,-0.9659258262890683
2025-12-10 15:00:00,,,,,,,,,-0.3536761221763721,0.935367949313148,-0.8660254037844385,-0.5000000000000004
2025-12-10 18:00:00,,,,,,,,,-0.3536761221763721,0.935367949313148,-0.9659258262890684,0.2588190451025203
2025-12-10 21:00:00,,,,,,,,,-0.3536761221763721,0.935367949313148,-0.5000000000000004,0.8660254037844384
2025-12-11 00:00:00,,,,,,,,,-0.33752289959411347,0.941317317512847,0.25881904510252074,0.9659258262890683
2025-12-11 03:00:00,,,,,,,,,-0.33752289959411347,0.941317317512847,0.8660254037844386,0.5000000000000001
2025-12-11 06:00:00,,,,,,,,,-0.33752289959411347,0.941317317512847,0.9659258262890683,-0.25881904510252063
2025-12-11 09:00:00,,,,,,,,,-0.33752289959411347,0.941317317512847,0.49999999999999994,-0.8660254037844387
2025-12-11 12:00:00,,,,,,,,,-0.33752289959411347,0.941317317512847,-0.2588190451025208,-0.9659258262890683
2025-12-11 15:00:00,,,,,,,,,-0.33752289959411347,0.941317317512847,-0.8660254037844385,-0.5000000000000004
2025-12-11 18:00:00,,,,,,,,,-0.33752289959411347,0.941317317512847,-0.9659258262890684,0.2588190451025203
2025-12-11 21:00:00,,,,,,,,,-0.33752289959411347,0.941317317512847,-0.5000000000000004,0.8660254037844384
2025-12-12 00:00:00,,,,,,,,,-0.32126966169236515,0.9469877530760751,0.25881904510252074,0.9659258262890683
2025-12-12 03:00:00,,,,,,,,,-0.32126966169236515,0.9469877530760751,0.8660254037844386,0.5000000000000001
2025-12-12 06:00:00,,,,,,,,,-0.32126966169236515,0.9469877530760751,0.9659258262890683,-0.25881904510252063
2025-12-12 09:00:00,,,,,,,,,-0.32126966169236515,0.9469877530760751,0.49999999999999994,-0.8660254037844387
2025-12-12 12:00:00,,,,,,,,,-0.32126966169236515,0.9469877530760751,-0.2588190451025208,-0.9659258262890683
2025-12-12 15:00:00,,,,,,,,,-0.32126966169236515,0.9469877530760751,-0.8660254037844385,-0.5000000000000004
2025-12-12 18:00:00,,,,,,,,,-0.32126966169236515,0.9469877530760751,-0.9659258262890684,0.2588190451025203
2025-12-12 21:00:00,,,,,,,,,-0.32126966169236515,0.9469877530760751,-0.5000000000000004,0.8660254037844384
2025-12-13 00:00:00,,,,,,,,,-0.3049212246562894,0.9523775757303973,0.25881904510252074,0.9659258262890683
2025-12-13 03:00:00,,,,,,,,,-0.3049212246562894,0.9523775757303973,0.8660254037844386,0.5000000000000001
2025-12-13 06:00:00,,,,,,,,,-0.3049212246562894,0.9523775757303973,0.9659258262890683,-0.25881904510252063
2025-12-13 09:00:00,,,,,,,,,-0.3049212246562894,0.9523775757303973,0.49999999999999994,-0.8660254037844387
2025-12-13 12:00:00,,,,,,,,,-0.3049212246562894,0.9523775757303973,-0.2588190451025208,-0.9659258262890683
2025-12-13 15:00:00,,,,,,,,,-0.3049212246562894,0.9523775757303973,-0.8660254037844385,-0.5000000000000004
2025-12-13 18:00:00,,,,,,,,,-0.3049212246562894,0.9523775757303973,-0.9659258262890684,0.2588190451025203
2025-12-13 21:00:00,,,,,,,,,-0.3049212246562894,0.9523775757303973,-0.5000000000000004,0.8660254037844384
2025-12-14 00:00:00,,,,,,,,,-0.2884824328806098,0.9574851883550389,0.25881904510252074,0.9659258262890683
2025-12-14 03:00:00,,,,,,,,,-0.2884824328806098,0.9574851883550389,0.8660254037844386,0.5000000000000001
2025-12-14 06:00:00,,,,,,,,,-0.2884824328806098,0.9574851883550389,0.9659258262890683,-0.25881904510252063
2025-12-14 09:00:00,,,,,,,,,-0.2884824328806098,0.9574851883550389,0.49999999999999994,-0.8660254037844387
2025-12-14 12:00:00,,,,,,,,,-0.2884824328806098,0.9574851883550389,-0.2588190451025208,-0.9659258262890683
2025-12-14 15:00:00,,,,,,,,,-0.2884824328806098,0.9574851883550389,-0.8660254037844385,-0.5000000000000004
2025-12-14 18:00:00,,,,,,,,,-0.2884824328806098,0.9574851883550389,-0.9659258262890684,0.2588190451025203
2025-12-14 21:00:00,,,,,,,,,-0.2884824328806098,0.9574851883550389,-0.5000000000000004,0.8660254037844384
2025-12-15 00:00:00,,,,,,,,,-0.27195815753410524,0.9623090774541487,0.25881904510252074,0.9659258262890683
2025-12-15 03:00:00,,,,,,,,,-0.27195815753410524,0.9623090774541487,0.8660254037844386,0.5000000000000001
2025-12-15 06:00:00,,,,,,,,,-0.27195815753410524,0.9623090774541487,0.9659258262890683,-0.25881904510252063
2025-12-15 09:00:00,,,,,,,,,-0.27195815753410524,0.9623090774541487,0.49999999999999994,-0.8660254037844387
2025-12-15 12:00:00,,,,,,,,,-0.27195815753410524,0.9623090774541487,-0.2588190451025208,-0.9659258262890683
2025-12-15 15:00:00,,,,,,,,,-0.27195815753410524,0.9623090774541487,-0.8660254037844385,-0.5000000000000004
2025-12-15 18:00:00,,,,,,,,,-0.27195815753410524,0.9623090774541487,-0.9659258262890684,0.2588190451025203
2025-12-15 21:00:00,,,,,,,,,-0.27195815753410524,0.9623090774541487,-0.5000000000000004,0.8660254037844384
2025-12-16 00:00:00,,,,,,,,,-0.2553532951161881,0.9668478136052773,0.25881904510252074,0.9659258262890683
2025-12-16 03:00:00,,,,,,,,,-0.2553532951161881,0.9668478136052773,0.8660254037844386,0.5000000000000001
2025-12-16 06:00:00,,,,,,,,,-0.2553532951161881,0.9668478136052773,0.9659258262890683,-0.25881904510252063
2025-12-16 09:00:00,,,,,,,,,-0.2553532951161881,0.9668478136052773,0.49999999999999994,-0.8660254037844387
2025-12-16 12:00:00,,,,,,,,,-0.2553532951161881,0.9668478136052773,-0.2588190451025208,-0.9659258262890683
2025-12-16 15:00:00,,,,,,,,,-0.2553532951161881,0.9668478136052773,-0.8660254037844385,-0.5000000000000004
2025-12-16 18:00:00,,,,,,,,,-0.2553532951161881,0.9668478136052773,-0.9659258262890684,0.2588190451025203
2025-12-16 21:00:00,,,,,,,,,-0.2553532951161881,0.9668478136052773,-0.5000000000000004,0.8660254037844384
2025-12-17 00:00:00,,,,,,,,,-0.23867276600594997,0.9711000518829505,0.25881904510252074,0.9659258262890683
2025-12-17 03:00:00,,,,,,,,,-0.23867276600594997,0.9711000518829505,0.8660254037844386,0.5000000000000001
2025-12-17 06:00:00,,,,,,,,,-0.23867276600594997,0.9711000518829505,0.9659258262890683,-0.25881904510252063
2025-12-17 09:00:00,,,,,,,,,-0.23867276600594997,0.9711000518829505,0.49999999999999994,-0.8660254037844387
2025-12-17 12:00:00,,,,,,,,,-0.23867276600594997,0.9711000518829505,-0.2588190451025208,-0.9659258262890683
2025-12-17 15:00:00,,,,,,,,,-0.23867276600594997,0.9711000518829505,-0.8660254037844385,-0.5000000000000004
2025-12-17 18:00:00,,,,,,,,,-0.23867276600594997,0.9711000518829505,-0.9659258262890684,0.2588190451025203
2025-12-17 21:00:00,,,,,,,,,-0.23867276600594997,0.9711000518829505,-0.5000000000000004,0.8660254037844384
2025-12-18 00:00:00,,,,,,,,,-0.22192151300416674,0.9750645322571945,0.25881904510252074,0.9659258262890683
2025-12-18 03:00:00,,,,,,,,,-0.22192151300416674,0.9750645322571945,0.8660254037844386,0.5000000000000001
2025-12-18 06:00:00,,,,,,,,,-0.22192151300416674,0.9750645322571945,0.9659258262890683,-0.25881904510252063
2025-12-18 09:00:00,,,,,,,,,-0.22192151300416674,0.9750645322571945,0.49999999999999994,-0.8660254037844387
2025-12-18 12:00:00,,,,,,,,,-0.22192151300416674,0.9750645322571945,-0.2588190451025208,-0.9659258262890683
2025-12-18 15:00:00,,,,,,,,,-0.22192151300416674,0.9750645322571945,-0.8660254037844385,-0.5000000000000004
2025-12-18 18:00:00,,,,,,,,,-0.22192151300416674,0.9750645322571945,-0.9659258262890684,0.2588190451025203
2025-12-18 21:00:00,,,,,,,,,-0.22192151300416674,0.9750645322571945,-0.5000000000000004,0.8660254037844384
2025-12-19 00:00:00,,,,,,,,,-0.20510449986861926,0.9787400799669153,0.25881904510252074,0.9659258262890683
2025-12-19 03:00:00,,,,,,,,,-0.20510449986861926,0.9787400799669153,0.8660254037844386,0.5000000000000001
2025-12-19 06:00:00,,,,,,,,,-0.20510449986861926,0.9787400799669153,0.9659258262890683,-0.25881904510252063
2025-12-19 09:00:00,,,,,,,,,-0.20510449986861926,0.9787400799669153,0.49999999999999994,-0.8660254037844387
2025-12-19 12:00:00,,,,,,,,,-0.20510449986861926,0.9787400799669153,-0.2588190451025208,-0.9659258262890683
2025-12-19 15:00:00,,,,,,,,,-0.20510449986861926,0.9787400799669153,-0.8660254037844385,-0.5000000000000004
2025-12-19 18:00:00,,,,,,,,,-0.20510449986861926,0.9787400799669153,-0.9659258262890684,0.2588190451025203
2025-12-19 21:00:00,,,,,,,,,-0.20510449986861926,0.9787400799669153,-0.5000000000000004,0.8660254037844384
2025-12-20 00:00:00,,,,,,,,,-0.1882267098432439,0.9821256058680006,0.25881904510252074,0.9659258262890683
2025-12-20 03:00:00,,,,,,,,,-0.1882267098432439,0.9821256058680006,0.8660254037844386,0.5000000000000001
2025-12-20 06:00:00,,,,,,,,,-0.1882267098432439,0.9821256058680006,0.9659258262890683,-0.25881904510252063
2025-12-20 09:00:00,,,,,,,,,-0.1882267098432439,0.9821256058680006,0.49999999999999994,-0.8660254037844387
2025-12-20 12:00:00,,,,,,,,,-0.1882267098432439,0.9821256058680006,-0.2588190451025208,-0.9659258262890683
2025-12-20 15:00:00,,,,,,,,,-0.1882267098432439,0.9821256058680006,-0.8660254037844385,-0.5000000000000004
2025-12-20 18:00:00,,,,,,,,,-0.1882267098432439,0.9821256058680006,-0.9659258262890684,0.2588190451025203
2025-12-20 21:00:00,,,,,,,,,-0.1882267098432439,0.9821256058680006,-0.5000000000000004,0.8660254037844384
2025-12-21 00:00:00,,,,,,,,,-0.1712931441814778,0.9852201067560606,0.25881904510252074,0.9659258262890683
2025-12-21 03:00:00,,,,,,,,,-0.1712931441814778,0.9852201067560606,0.8660254037844386,0.5000000000000001
2025-12-21 06:00:00,,,,,,,,,-0.1712931441814778,0.9852201067560606,0.9659258262890683,-0.25881904510252063
2025-12-21 09:00:00,,,,,,,,,-0.1712931441814778,0.9852201067560606,0.49999999999999994,-0.8660254037844387
2025-12-21 12:00:00,,,,,,,,,-0.1712931441814778,0.9852201067560606,-0.2588190451025208,-0.9659258262890683
2025-12-21 15:00:00,,,,,,,,,-0.1712931441814778,0.9852201067560606,-0.8660254037844385,-0.5000000000000004
2025-12-21 18:00:00,,,,,,,,,-0.1712931441814778,0.9852201067560606,-0.9659258262890684,0.2588190451025203
2025-12-21 21:00:00,,,,,,,,,-0.1712931441814778,0.9852201067560606,-0.5000000000000004,0.8660254037844384
2025-12-22 00:00:00,,,,,,,,,-0.154308820664281,0.9880226656636976,0.25881904510252074,0.9659258262890683
2025-12-22 03:00:00,,,,,,,,,-0.154308820664281,0.9880226656636976,0.8660254037844386,0.5000000000000001
2025-12-22 06:00:00,,,,,,,,,-0.154308820664281,0.9880226656636976,0.9659258262890683,-0.25881904510252063
2025-12-22 09:00:00,,,,,,,,,-0.154308820664281,0.9880226656636976,0.49999999999999994,-0.8660254037844387
2025-12-22 12:00:00,,,,,,,,,-0.154308820664281,0.9880226656636976,-0.2588190451025208,-0.9659258262890683
2025-12-22 15:00:00,,,,,,,,,-0.154308820664281,0.9880226656636976,-0.8660254037844385,-0.5000000000000004
2025-12-22 18:00:00,,,,,,,,,-0.154308820664281,0.9880226656636976,-0.9659258262890684,0.2588190451025203
2025-12-22 21:00:00,,,,,,,,,-0.154308820664281,0.9880226656636976,-0.5000000000000004,0.8660254037844384
2025-12-23 00:00:00,,,,,,,,,-0.13727877211326517,0.9905324521322227,0.25881904510252074,0.9659258262890683
2025-12-23 03:00:00,,,,,,,,,-0.13727877211326517,0.9905324521322227,0.8660254037844386,0.5000000000000001
2025-12-23 06:00:00,,,,,,,,,-0.13727877211326517,0.9905324521322227,0.9659258262890683,-0.25881904510252063
2025-12-23 09:00:00,,,,,,,,,-0.13727877211326517,0.9905324521322227,0.49999999999999994,-0.8660254037844387
2025-12-23 12:00:00,,,,,,,,,-0.13727877211326517,0.9905324521322227,-0.2588190451025208,-0.9659258262890683
2025-12-23 15:00:00,,,,,,,,,-0.13727877211326517,0.9905324521322227,-0.8660254037844385,-0.5000000000000004
2025-12-23 18:00:00,,,,,,,,,-0.13727877211326517,0.9905324521322227,-0.9659258262890684,0.2588190451025203
2025-12-23 21:00:00,,,,,,,,,-0.13727877211326517,0.9905324521322227,-0.5000000000000004,0.8660254037844384
2025-12-24 00:00:00,,,,,,,,,-0.12020804489935275,0.9927487224577402,0.25881904510252074,0.9659258262890683
2025-12-24 03:00:00,,,,,,,,,-0.12020804489935275,0.9927487224577402,0.8660254037844386,0.5000000000000001
2025-12-24 06:00:00,,,,,,,,,-0.12020804489935275,0.9927487224577402,0.9659258262890683,-0.25881904510252063
2025-12-24 09:00:00,,,,,,,,,-0.12020804489935275,0.9927487224577402,0.49999999999999994,-0.8660254037844387
2025-12-24 12:00:00,,,,,,,,,-0.12020804489935275,0.9927487224577402,-0.2588190451025208,-0.9659258262890683
2025-12-24 15:00:00,,,,,,,,,-0.12020804489935275,0.9927487224577402,-0.8660254037844385,-0.5000000000000004
2025-12-24 18:00:00,,,,,,,,,-0.12020804489935275,0.9927487224577402,-0.9659258262890684,0.2588190451025203
2025-12-24 21:00:00,,,,,,,,,-0.12020804489935275,0.9927487224577402,-0.5000000000000004,0.8660254037844384
2025-12-25 00:00:00,,,,,,,,,-0.10310169744743544,0.9946708199115211,0.25881904510252074,0.9659258262890683
2025-12-25 03:00:00,,,,,,,,,-0.10310169744743544,0.9946708199115211,0.8660254037844386,0.5000000000000001
2025-12-25 06:00:00,,,,,,,,,-0.10310169744743544,0.9946708199115211,0.9659258262890683,-0.25881904510252063
2025-12-25 09:00:00,,,,,,,,,-0.10310169744743544,0.9946708199115211,0.49999999999999994,-0.8660254037844387
2025-12-25 12:00:00,,,,,,,,,-0.10310169744743544,0.9946708199115211,-0.2588190451025208,-0.9659258262890683
2025-12-25 15:00:00,,,,,,,,,-0.10310169744743544,0.9946708199115211,-0.8660254037844385,-0.5000000000000004
2025-12-25 18:00:00,,,,,,,,,-0.10310169744743544,0.9946708199115211,-0.9659258262890684,0.2588190451025203
2025-12-25 21:00:00,,,,,,,,,-0.10310169744743544,0.9946708199115211,-0.5000000000000004,0.8660254037844384
2025-12-26 00:00:00,,,,,,,,,-0.0859647987374467,0.9962981749346077,0.25881904510252074,0.9659258262890683
2025-12-26 03:00:00,,,,,,,,,-0.0859647987374467,0.9962981749346077,0.8660254037844386,0.5000000000000001
2025-12-26 06:00:00,,,,,,,,,-0.0859647987374467,0.9962981749346077,0.9659258262890683,-0.25881904510252063
2025-12-26 09:00:00,,,,,,,,,-0.0859647987374467,0.9962981749346077,0.49999999999999994,-0.8660254037844387
2025-12-26 12:00:00,,,,,,,,,-0.0859647987374467,0.9962981749346077,-0.2588190451025208,-0.9659258262890683
2025-12-26 15:00:00,,,,,,,,,-0.0859647987374467,0.9962981749346077,-0.8660254037844385,-0.5000000000000004
2025-12-26 18:00:00,,,,,,,,,-0.0859647987374467,0.9962981749346077,-0.9659258262890684,0.2588190451025203
2025-12-26 21:00:00,,,,,,,,,-0.0859647987374467,0.9962981749346077,-0.5000000000000004,0.8660254037844384
2025-12-27 00:00:00,,,,,,,,,-0.06880242680232064,0.9976303053065857,0.25881904510252074,0.9659258262890683
2025-12-27 03:00:00,,,,,,,,,-0.06880242680232064,0.9976303053065857,0.8660254037844386,0.5000000000000001
2025-12-27 06:00:00,,,,,,,,,-0.06880242680232064,0.9976303053065857,0.9659258262890683,-0.25881904510252063
2025-12-27 09:00:00,,,,,,,,,-0.06880242680232064,0.9976303053065857,0.49999999999999994,-0.8660254037844387
2025-12-27 12:00:00,,,,,,,,,-0.06880242680232064,0.9976303053065857,-0.2588190451025208,-0.9659258262890683
2025-12-27 15:00:00,,,,,,,,,-0.06880242680232064,0.9976303053065857,-0.8660254037844385,-0.5000000000000004
2025-12-27 18:00:00,,,,,,,,,-0.06880242680232064,0.9976303053065857,-0.9659258262890684,0.2588190451025203
2025-12-27 21:00:00,,,,,,,,,-0.06880242680232064,0.9976303053065857,-0.5000000000000004,0.8660254037844384
2025-12-28 00:00:00,,,,,,,,,-0.05161966722325418,0.9986668162884759,0.25881904510252074,0.9659258262890683
2025-12-28 03:00:00,,,,,,,,,-0.05161966722325418,0.9986668162884759,0.8660254037844386,0.5000000000000001
2025-12-28 06:00:00,,,,,,,,,-0.05161966722325418,0.9986668162884759,0.9659258262890683,-0.25881904510252063
2025-12-28 09:00:00,,,,,,,,,-0.05161966722325418,0.9986668162884759,0.49999999999999994,-0.8660254037844387
2025-12-28 12:00:00,,,,,,,,,-0.05161966722325418,0.9986668162884759,-0.2588190451025208,-0.9659258262890683
2025-12-28 15:00:00,,,,,,,,,-0.05161966722325418,0.9986668162884759,-0.8660254037844385,-0.5000000000000004
2025-12-28 18:00:00,,,,,,,,,-0.05161966722325418,0.9986668162884759,-0.9659258262890684,0.2588190451025203
2025-12-28 21:00:00,,,,,,,,,-0.05161966722325418,0.9986668162884759,-0.5000000000000004,0.8660254037844384
2025-12-29 00:00:00,,,,,,,,,-0.034421611622745804,0.9994074007397048,0.25881904510252074,0.9659258262890683
2025-12-29 03:00:00,,,,,,,,,-0.034421611622745804,0.9994074007397048,0.8660254037844386,0.5000000000000001
2025-12-29 06:00:00,,,,,,,,,-0.034421611622745804,0.9994074007397048,0.9659258262890683,-0.25881904510252063
2025-12-29 09:00:00,,,,,,,,,-0.034421611622745804,0.9994074007397048,0.49999999999999994,-0.8660254037844387
2025-12-29 12:00:00,,,,,,,,,-0.034421611622745804,0.9994074007397048,-0.2588190451025208,-0.9659258262890683
2025-12-29 15:00:00,,,,,,,,,-0.034421611622745804,0.9994074007397048,-0.8660254037844385,-0.5000000000000004
2025-12-29 18:00:00,,,,,,,,,-0.034421611622745804,0.9994074007397048,-0.9659258262890684,0.2588190451025203
2025-12-29 21:00:00,,,,,,,,,-0.034421611622745804,0.9994074007397048,-0.5000000000000004,0.8660254037844384
2025-12-30 00:00:00,,,,,,,,,-0.01721335615583528,0.9998518392091162,0.25881904510252074,0.9659258262890683
2025-12-30 03:00:00,,,,,,,,,-0.01721335615583528,0.9998518392091162,0.8660254037844386,0.5000000000000001
2025-12-30 06:00:00,,,,,,,,,-0.01721335615583528,0.9998518392091162,0.9659258262890683,-0.25881904510252063
2025-12-30 09:00:00,,,,,,,,,-0.01721335615583528,0.9998518392091162,0.49999999999999994,-0.8660254037844387
2025-12-30 12:00:00,,,,,,,,,-0.01721335615583528,0.9998518392091162,-0.2588190451025208,-0.9659258262890683
2025-12-30 15:00:00,,,,,,,,,-0.01721335615583528,0.9998518392091162,-0.8660254037844385,-0.5000000000000004
2025-12-30 18:00:00,,,,,,,,,-0.01721335615583528,0.9998518392091162,-0.9659258262890684,0.2588190451025203
2025-12-30 21:00:00,,,,,,,,,-0.01721335615583528,0.9998518392091162,-0.5000000000000004,0.8660254037844384
2025-12-31 00:00:00,,,,,,,,,6.432490598706546e-16,1.0,0.25881904510252074,0.9659258262890683
2025-12-31 03:00:00,,,,,,,,,6.432490598706546e-16,1.0,0.8660254037844386,0.5000000000000001
2025-12-31 06:00:00,,,,,,,,,6.432490598706546e-16,1.0,0.9659258262890683,-0.25881904510252063
2025-12-31 09:00:00,,,,,,,,,6.432490598706546e-16,1.0,0.49999999999999994,-0.8660254037844387
2025-12-31 12:00:00,,,,,,,,,6.432490598706546e-16,1.0,-0.2588190451025208,-0.9659258262890683
2025-12-31 15:00:00,,,,,,,,,6.432490598706546e-16,1.0,-0.8660254037844385,-0.5000000000000004
2025-12-31 18:00:00,,,,,,,,,6.432490598706546e-16,1.0,-0.9659258262890684,0.2588190451025203
2025-12-31 21:00:00,,,,,,,,,6.432490598706546e-16,1.0,-0.5000000000000004,0.8660254037844384
2026-01-01 00:00:00,,,,,,,,,0.017213356155834685,0.9998518392091162,0.25881904510252074,0.9659258262890683
2026-01-01 03:00:00,,,,,,,,,0.017213356155834685,0.9998518392091162,0.8660254037844386,0.5000000000000001
2026-01-01 06:00:00,,,,,,,,,0.017213356155834685,0.9998518392091162,0.9659258262890683,-0.25881904510252063
2026-01-01 09:00:00,,,,,,,,,0.017213356155834685,0.9998518392091162,0.49999999999999994,-0.8660254037844387
2026-01-01 12:00:00,,,,,,,,,0.017213356155834685,0.9998518392091162,-0.2588190451025208,-0.9659258262890683
2026-01-01 15:00:00,,,,,,,,,0.017213356155834685,0.9998518392091162,-0.8660254037844385,-0.5000000000000004
2026-01-01 18:00:00,,,,,,,,,0.017213356155834685,0.9998518392091162,-0.9659258262890684,0.2588190451025203
2026-01-01 21:00:00,,,,,,,,,0.017213356155834685,0.9998518392091162,-0.5000000000000004,0.8660254037844384
2026-01-02 00:00:00,,,,,,,,,0.03442161162274574,0.9994074007397048,0.25881904510252074,0.9659258262890683
2026-01-02 03:00:00,,,,,,,,,0.03442161162274574,0.9994074007397048,0.8660254037844386,0.5000000000000001
2026-01-02 06:00:00,,,,,,,,,0.03442161162274574,0.9994074007397048,0.9659258262890683,-0.25881904510252063
2026-01-02 09:00:00,,,,,,,,,0.03442161162274574,0.9994074007397048,0.49999999999999994,-0.8660254037844387
2026-01-02 12:00:00,,,,,,,,,0.03442161162274574,0.9994074007397048,-0.2588190451025208,-0.9659258262890683
2026-01-02 15:00:00,,,,,,,,,0.03442161162274574,0.9994074007397048,-0.8660254037844385,-0.5000000000000004
2026-01-02 18:00:00,,,,,,,,,0.03442161162274574,0.9994074007397048,-0.9659258262890684,0.2588190451025203
2026-01-02 21:00:00,,,,,,,,,0.03442161162274574,0.9994074007397048,-0.5000000000000004,0.8660254037844384
2026-01-03 00:00:00,,,,,,,,,0.051619667223253764,0.998666816288476,0.25881904510252074,0.9659258262890683
2026-01-03 03:00:00,,,,,,,,,0.051619667223253764,0.998666816288476,0.8660254037844386,0.5000000000000001
2026-01-03 06:00:00,,,,,,,,,0.051619667223253764,0.998666816288476,0.9659258262890683,-0.25881904510252063
2026-01-03 09:00:00,,,,,,,,,0.051619667223253764,0.998666816288476,0.49999999999999994,-0.8660254037844387
2026-01-03 12:00:00,,,,,,,,,0.051619667223253764,0.998666816288476,-0.2588190451025208,-0.9659258262890683
2026-01-03 15:00:00,,,,,,,,,0.051619667223253764,0.998666816288476,-0.8660254037844385,-0.5000000000000004
2026-01-03 18:00:00,,,,,,,,,0.051619667223253764,0.998666816288476,-0.9659258262890684,0.2588190451025203
2026-01-03 21:00:00,,,,,,,,,0.051619667223253764,0.998666816288476,-0.5000000000000004,0.8660254037844384
2026-01-04 00:00:00,,,,,,,,,0.06880242680231986,0.9976303053065857,0.25881904510252074,0.9659258262890683
2026-01-04 03:00:00,,,,,,,,,0.06880242680231986,0.9976303053065857,0.8660254037844386,0.5000000000000001
2026-01-04 06:00:00,,,,,,,,,0.06880242680231986,0.9976303053065857,0.9659258262890683,-0.25881904510252063
2026-01-04 09:00:00,,,,,,,,,0.06880242680231986,0.9976303053065857,0.49999999999999994,-0.8660254037844387
2026-01-04 12:00:00,,,,,,,,,0.06880242680231986,0.9976303053065857,-0.2588190451025208,-0.9659258262890683
2026-01-04 15:00:00,,,,,,,,,0.06880242680231986,0.9976303053065857,-0.8660254037844385,-0.5000000000000004
2026-01-04 18:00:00,,,,,,,,,0.06880242680231986,0.9976303053065857,-0.9659258262890684,0.2588190451025203
2026-01-04 21:00:00,,,,,,,,,0.06880242680231986,0.9976303053065857,-0.5000000000000004,0.8660254037844384
2026-01-05 00:00:00,,,,,,,,,0.08596479873744647,0.9962981749346078,0.25881904510252074,0.9659258262890683
2026-01-05 03:00:00,,,,,,,,,0.08596479873744647,0.9962981749346078,0.8660254037844386,0.5000000000000001
2026-01-05 06:00:00,,,,,,,,,0.08596479873744647,0.9962981749346078,0.9659258262890683,-0.25881904510252063
2026-01-05 09:00:00,,,,,,,,,0.08596479873744647,0.9962981749346078,0.49999999999999994,-0.8660254037844387
2026-01-05 12:00:00,,,,,,,,,0.08596479873744647,0.9962981749346078,-0.2588190451025208,-0.9659258262890683
2026-01-05 15:00:00,,,,,,,,,0.08596479873744647,0.9962981749346078,-0.8660254037844385,-0.5000000000000004
2026-01-05 18:00:00,,,,,,,,,0.08596479873744647,0.9962981749346078,-0.9659258262890684,0.2588190451025203
2026-01-05 21:00:00,,,,,,,,,0.08596479873744647,0.9962981749346078,-0.5000000000000004,0.8660254037844384
2026-01-06 00:00:00,,,,,,,,,0.10310169744743485,0.9946708199115211,0.25881904510252074,0.9659258262890683
2026-01-06 03:00:00,,,,,,,,,0.10310169744743485,0.9946708199115211,0.8660254037844386,0.5000000000000001
2026-01-06 06:00:00,,,,,,,,,0.10310169744743485,0.9946708199115211,0.9659258262890683,-0.25881904510252063
2026-01-06 09:00:00,,,,,,,,,0.10310169744743485,0.9946708199115211,0.49999999999999994,-0.8660254037844387
2026-01-06 12:00:00,,,,,,,,,0.10310169744743485,0.9946708199115211,-0.2588190451025208,-0.9659258262890683
2026-01-06 15:00:00,,,,,,,,,0.10310169744743485,0.9946708199115211,-0.8660254037844385,-0.5000000000000004
2026-01-06 18:00:00,,,,,,,,,0.10310169744743485,0.9946708199115211,-0.9659258262890684,0.2588190451025203
2026-01-06 21:00:00,,,,,,,,,0.10310169744743485,0.9946708199115211,-0.5000000000000004,0.8660254037844384
2026-01-07 00:00:00,,,,,,,,,0.1202080448993527,0.9927487224577402,0.25881904510252074,0.9659258262890683
2026-01-07 03:00:00,,,,,,,,,0.1202080448993527,0.9927487224577402,0.8660254037844386,0.5000000000000001
2026-01-07 06:00:00,,,,,,,,,0.1202080448993527,0.9927487224577402,0.9659258262890683,-0.25881904510252063
2026-01-07 09:00:00,,,,,,,,,0.1202080448993527,0.9927487224577402,0.49999999999999994,-0.8660254037844387
2026-01-07 12:00:00,,,,,,,,,0.1202080448993527,0.9927487224577402,-0.2588190451025208,-0.9659258262890683
2026-01-07 15:00:00,,,,,,,,,0.1202080448993527,0.9927487224577402,-0.8660254037844385,-0.5000000000000004
2026-01-07 18:00:00,,,,,,,,,0.1202080448993527,0.9927487224577402,-0.9659258262890684,0.2588190451025203
2026-01-07 21:00:00,,,,,,,,,0.1202080448993527,0.9927487224577402,-0.5000000000000004,0.8660254037844384
2026-01-08 00:00:00,,,,,,,,,0.13727877211326478,0.9905324521322229,0.25881904510252074,0.9659258262890683
2026-01-08 03:00:00,,,,,,,,,0.13727877211326478,0.9905324521322229,0.8660254037844386,0.5000000000000001
2026-01-08 06:00:00,,,,,,,,,0.13727877211326478,0.9905324521322229,0.9659258262890683,-0.25881904510252063
2026-01-08 09:00:00,,,,,,,,,0.13727877211326478,0.9905324521322229,0.49999999999999994,-0.8660254037844387
2026-01-08 12:00:00,,,,,,,,,0.13727877211326478,0.9905324521322229,-0.2588190451025208,-0.9659258262890683
2026-01-08 15:00:00,,,,,,,,,0.13727877211326478,0.9905324521322229,-0.8660254037844385,-0.5000000000000004
2026-01-08 18:00:00,,,,,,,,,0.13727877211326478,0.9905324521322229,-0.9659258262890684,0.2588190451025203
2026-01-08 21:00:00,,,,,,,,,0.13727877211326478,0.9905324521322229,-0.5000000000000004,0.8660254037844384
2026-01-09 00:00:00,,,,,,,,,0.15430882066428117,0.9880226656636976,0.25881904510252074,0.9659258262890683
2026-01-09 03:00:00,,,,,,,,,0.15430882066428117,0.9880226656636976,0.8660254037844386,0.5000000000000001
2026-01-09 06:00:00,,,,,,,,,0.15430882066428117,0.9880226656636976,0.9659258262890683,-0.25881904510252063
2026-01-09 09:00:00,,,,,,,,,0.15430882066428117,0.9880226656636976,0.49999999999999994,-0.8660254037844387
2026-01-09 12:00:00,,,,,,,,,0.15430882066428117,0.9880226656636976,-0.2588190451025208,-0.9659258262890683
2026-01-09 15:00:00,,,,,,,,,0.15430882066428117,0.9880226656636976,-0.8660254037844385,-0.5000000000000004
2026-01-09 18:00:00,,,,,,,,,0.15430882066428117,0.9880226656636976,-0.9659258262890684,0.2588190451025203
2026-01-09 21:00:00,,,,,,,,,0.15430882066428117,0.9880226656636976,-0.5000000000000004,0.8660254037844384
2026-01-10 00:00:00,,,,,,,,,0.1712931441814776,0.9852201067560606,0.25881904510252074,0.9659258262890683
2026-01-10 03:00:00,,,,,,,,,0.1712931441814776,0.9852201067560606,0.8660254037844386,0.5000000000000001
2026-01-10 06:00:00,,,,,,,,,0.1712931441814776,0.9852201067560606,0.9659258262890683,-0.25881904510252063
2026-01-10 09:00:00,,,,,,,,,0.1712931441814776,0.9852201067560606,0.49999999999999994,-0.8660254037844387
2026-01-10 12:00:00,,,,,,,,,0.1712931441814776,0.9852201067560606,-0.2588190451025208,-0.9659258262890683
2026-01-10 15:00:00,,,,,,,,,0.1712931441814776,0.9852201067560606,-0.8660254037844385,-0.5000000000000004
2026-01-10 18:00:00,,,,,,,,,0.1712931441814776,0.9852201067560606,-0.9659258262890684,0.2588190451025203
2026-01-10 21:00:00,,,,,,,,,0.1712931441814776,0.9852201067560606,-0.5000000000000004,0.8660254037844384
2026-01-11 00:00:00,,,,,,,,,0.1882267098432442,0.9821256058680006,0.25881904510252074,0.9659258262890683
2026-01-11 03:00:00,,,,,,,,,0.1882267098432442,0.9821256058680006,0.8660254037844386,0.5000000000000001
2026-01-11 06:00:00,,,,,,,,,0.1882267098432442,0.9821256058680006,0.9659258262890683,-0.25881904510252063
2026-01-11 09:00:00,,,,,,,,,0.1882267098432442,0.9821256058680006,0.49999999999999994,-0.8660254037844387
2026-01-11 12:00:00,,,,,,,,,0.1882267098432442,0.9821256058680006,-0.2588190451025208,-0.9659258262890683
2026-01-11 15:00:00,,,,,,,,,0.1882267098432442,0.9821256058680006,-0.8660254037844385,-0.5000000000000004
2026-01-11 18:00:00,,,,,,,,,0.1882267098432442,0.9821256058680006,-0.9659258262890684,0.2588190451025203
2026-01-11 21:00:00,,,,,,,,,0.1882267098432442,0.9821256058680006,-0.5000000000000004,0.8660254037844384
2026-01-12 00:00:00,,,,,,,,,0.2051044998686192,0.9787400799669153,0.25881904510252074,0.9659258262890683
2026-01-12 03:00:00,,,,,,,,,0.2051044998686192,0.9787400799669153,0.8660254037844386,0.5000000000000001
2026-01-12 06:00:00,,,,,,,,,0.2051044998686192,0.9787400799669153,0.9659258262890683,-0.25881904510252063
2026-01-12 09:00:00,,,,,,,,,0.2051044998686192,0.9787400799669153,0.49999999999999994,-0.8660254037844387
2026-01-12 12:00:00,,,,,,,,,0.2051044998686192,0.9787400799669153,-0.2588190451025208,-0.9659258262890683
2026-01-12 15:00:00,,,,,,,,,0.2051044998686192,0.9787400799669153,-0.8660254037844385,-0.5000000000000004
2026-01-12 18:00:00,,,,,,,,,0.2051044998686192,0.9787400799669153,-0.9659258262890684,0.2588190451025203
2026-01-12 21:00:00,,,,,,,,,0.2051044998686192,0.9787400799669153,-0.5000000000000004,0.8660254037844384
2026-01-13 00:00:00,,,,,,,,,0.2219215130041655,0.9750645322571948,0.25881904510252074,0.9659258262890683
2026-01-13 03:00:00,,,,,,,,,0.2219215130041655,0.9750645322571948,0.8660254037844386,0.5000000000000001
2026-01-13 06:00:00,,,,,,,,,0.2219215130041655,0.9750645322571948,0.9659258262890683,-0.25881904510252063
2026-01-13 09:00:00,,,,,,,,,0.2219215130041655,0.9750645322571948,0.49999999999999994,-0.8660254037844387
2026-01-13 12:00:00,,,,,,,,,0.2219215130041655,0.9750645322571948,-0.2588190451025208,-0.9659258262890683
2026-01-13 15:00:00,,,,,,,,,0.2219215130041655,0.9750645322571948,-0.8660254037844385,-0.5000000000000004
2026-01-13 18:00:00,,,,,,,,,0.2219215130041655,0.9750645322571948,-0.9659258262890684,0.2588190451025203
2026-01-13 21:00:00,,,,,,,,,0.2219215130041655,0.9750645322571948,-0.5000000000000004,0.8660254037844384
2026-01-14 00:00:00,,,,,,,,,0.2386727660059501,0.9711000518829505,0.25881904510252074,0.9659258262890683
2026-01-14 03:00:00,,,,,,,,,0.2386727660059501,0.9711000518829505,0.8660254037844386,0.5000000000000001
2026-01-14 06:00:00,,,,,,,,,0.2386727660059501,0.9711000518829505,0.9659258262890683,-0.25881904510252063
2026-01-14 09:00:00,,,,,,,,,0.2386727660059501,0.9711000518829505,0.49999999999999994,-0.8660254037844387
2026-01-14 12:00:00,,,,,,,,,0.2386727660059501,0.9711000518829505,-0.2588190451025208,-0.9659258262890683
2026-01-14 15:00:00,,,,,,,,,0.2386727660059501,0.9711000518829505,-0.8660254037844385,-0.5000000000000004
2026-01-14 18:00:00,,,,,,,,,0.2386727660059501,0.9711000518829505,-0.9659258262890684,0.2588190451025203
2026-01-14 21:00:00,,,,,,,,,0.2386727660059501,0.9711000518829505,-0.5000000000000004,0.8660254037844384
2026-01-15 00:00:00,,,,,,,,,0.255353295116187,0.9668478136052775,0.25881904510252074,0.9659258262890683
2026-01-15 03:00:00,,,,,,,,,0.255353295116187,0.9668478136052775,0.8660254037844386,0.5000000000000001
2026-01-15 06:00:00,,,,,,,,,0.255353295116187,0.9668478136052775,0.9659258262890683,-0.25881904510252063
2026-01-15 09:00:00,,,,,,,,,0.255353295116187,0.9668478136052775,0.49999999999999994,-0.8660254037844387
2026-01-15 12:00:00,,,,,,,,,0.255353295116187,0.9668478136052775,-0.2588190451025208,-0.9659258262890683
2026-01-15 15:00:00,,,,,,,,,0.255353295116187,0.9668478136052775,-0.8660254037844385,-0.5000000000000004
2026-01-15 18:00:00,,,,,,,,,0.255353295116187,0.9668478136052775,-0.9659258262890684,0.2588190451025203
2026-01-15 21:00:00,,,,,,,,,0.255353295116187,0.9668478136052775,-0.5000000000000004,0.8660254037844384
2026-01-16 00:00:00,,,,,,,,,0.2719581575341055,0.9623090774541486,0.25881904510252074,0.9659258262890683
2026-01-16 03:00:00,,,,,,,,,0.2719581575341055,0.9623090774541486,0.8660254037844386,0.5000000000000001
2026-01-16 06:00:00,,,,,,,,,0.2719581575341055,0.9623090774541486,0.9659258262890683,-0.25881904510252063
2026-01-16 09:00:00,,,,,,,,,0.2719581575341055,0.9623090774541486,0.49999999999999994,-0.8660254037844387
2026-01-16 12:00:00,,,,,,,,,0.2719581575341055,0.9623090774541486,-0.2588190451025208,-0.9659258262890683
2026-01-16 15:00:00,,,,,,,,,0.2719581575341055,0.9623090774541486,-0.8660254037844385,-0.5000000000000004
2026-01-16 18:00:00,,,,,,,,,0.2719581575341055,0.9623090774541486,-0.9659258262890684,0.2588190451025203
2026-01-16 21:00:00,,,,,,,,,0.2719581575341055,0.9623090774541486,-0.5000000000000004,0.8660254037844384
2026-01-17 00:00:00,,,,,,,,,0.288482432880609,0.9574851883550393,0.25881904510252074,0.9659258262890683
2026-01-17 03:00:00,,,,,,,,,0.288482432880609,0.9574851883550393,0.8660254037844386,0.5000000000000001
2026-01-17 06:00:00,,,,,,,,,0.288482432880609,0.9574851883550393,0.9659258262890683,-0.25881904510252063
2026-01-17 09:00:00,,,,,,,,,0.288482432880609,0.9574851883550393,0.49999999999999994,-0.8660254037844387
2026-01-17 12:00:00,,,,,,,,,0.288482432880609,0.9574851883550393,-0.2588190451025208,-0.9659258262890683
2026-01-17 15:00:00,,,,,,,,,0.288482432880609,0.9574851883550393,-0.8660254037844385,-0.5000000000000004
2026-01-17 18:00:00,,,,,,,,,0.288482432880609,0.9574851883550393,-0.9659258262890684,0.2588190451025203
2026-01-17 21:00:00,,,,,,,,,0.288482432880609,0.9574851883550393,-0.5000000000000004,0.8660254037844384
2026-01-18 00:00:00,,,,,,,,,0.30492122465628907,0.9523775757303974,0.25881904510252074,0.9659258262890683
2026-01-18 03:00:00,,,,,,,,,0.30492122465628907,0.9523775757303974,0.8660254037844386,0.5000000000000001
2026-01-18 06:00:00,,,,,,,,,0.30492122465628907,0.9523775757303974,0.9659258262890683,-0.25881904510252063
2026-01-18 09:00:00,,,,,,,,,0.30492122465628907,0.9523775757303974,0.49999999999999994,-0.8660254037844387
2026-01-18 12:00:00,,,,,,,,,0.30492122465628907,0.9523775757303974,-0.2588190451025208,-0.9659258262890683
2026-01-18 15:00:00,,,,,,,,,0.30492122465628907,0.9523775757303974,-0.8660254037844385,-0.5000000000000004
2026-01-18 18:00:00,,,,,,,,,0.30492122465628907,0.9523775757303974,-0.9659258262890684,0.2588190451025203
2026-01-18 21:00:00,,,,,,,,,0.30492122465628907,0.9523775757303974,-0.5000000000000004,0.8660254037844384
2026-01-19 00:00:00,,,,,,,,,0.3212696616923644,0.9469877530760753,0.25881904510252074,0.9659258262890683
2026-01-19 03:00:00,,,,,,,,,0.3212696616923644,0.9469877530760753,0.8660254037844386,0.5000000000000001
2026-01-19 06:00:00,,,,,,,,,0.3212696616923644,0.9469877530760753,0.9659258262890683,-0.25881904510252063
2026-01-19 09:00:00,,,,,,,,,0.3212696616923644,0.9469877530760753,0.49999999999999994,-0.8660254037844387
2026-01-19 12:00:00,,,,,,,,,0.3212696616923644,0.9469877530760753,-0.2588190451025208,-0.9659258262890683
2026-01-19 15:00:00,,,,,,,,,0.3212696616923644,0.9469877530760753,-0.8660254037844385,-0.5000000000000004
2026-01-19 18:00:00,,,,,,,,,0.3212696616923644,0.9469877530760753,-0.9659258262890684,0.2588190451025203
2026-01-19 21:00:00,,,,,,,,,0.3212696616923644,0.9469877530760753,-0.5000000000000004,0.8660254037844384
2026-01-20 00:00:00,,,,,,,,,0.3375228995941133,0.9413173175128471,0.25881904510252074,0.9659258262890683
2026-01-20 03:00:00,,,,,,,,,0.3375228995941133,0.9413173175128471,0.8660254037844386,0.5000000000000001
2026-01-20 06:00:00,,,,,,,,,0.3375228995941133,0.9413173175128471,0.9659258262890683,-0.25881904510252063
2026-01-20 09:00:00,,,,,,,,,0.3375228995941133,0.9413173175128471,0.49999999999999994,-0.8660254037844387
2026-01-20 12:00:00,,,,,,,,,0.3375228995941133,0.9413173175128471,-0.2588190451025208,-0.9659258262890683
2026-01-20 15:00:00,,,,,,,,,0.3375228995941133,0.9413173175128471,-0.8660254037844385,-0.5000000000000004
2026-01-20 18:00:00,,,,,,,,,0.3375228995941133,0.9413173175128471,-0.9659258262890684,0.2588190451025203
2026-01-20 21:00:00,,,,,,,,,0.3375228995941133,0.9413173175128471,-0.5000000000000004,0.8660254037844384
2026-01-21 00:00:00,,,,,,,,,0.3536761221763716,0.9353679493131483,0.25881904510252074,0.9659258262890683
2026-01-21 03:00:00,,,,,,,,,0.3536761221763716,0.9353679493131483,0.8660254037844386,0.5000000000000001
2026-01-21 06:00:00,,,,,,,,,0.3536761221763716,0.9353679493131483,0.9659258262890683,-0.25881904510252063
2026-01-21 09:00:00,,,,,,,,,0.3536761221763716,0.9353679493131483,0.49999999999999994,-0.8660254037844387
2026-01-21 12:00:00,,,,,,,,,0.3536761221763716,0.9353679493131483,-0.2588190451025208,-0.9659258262890683
2026-01-21 15:00:00,,,,,,,,,0.3536761221763716,0.9353679493131483,-0.8660254037844385,-0.5000000000000004
2026-01-21 18:00:00,,,,,,,,,0.3536761221763716,0.9353679493131483,-0.9659258262890684,0.2588190451025203
2026-01-21 21:00:00,,,,,,,,,0.3536761221763716,0.9353679493131483,-0.5000000000000004,0.8660254037844384
2026-01-22 00:00:00,,,,,,,,,0.3697245428906731,0.9291414114031743,0.25881904510252074,0.9659258262890683
2026-01-22 03:00:00,,,,,,,,,0.3697245428906731,0.9291414114031743,0.8660254037844386,0.5000000000000001
2026-01-22 06:00:00,,,,,,,,,0.3697245428906731,0.9291414114031743,0.9659258262890683,-0.25881904510252063
2026-01-22 09:00:00,,,,,,,,,0.3697245428906731,0.9291414114031743,0.49999999999999994,-0.8660254037844387
2026-01-22 12:00:00,,,,,,,,,0.3697245428906731,0.9291414114031743,-0.2588190451025208,-0.9659258262890683
2026-01-22 15:00:00,,,,,,,,,0.3697245428906731,0.9291414114031743,-0.8660254037844385,-0.5000000000000004
2026-01-22 18:00:00,,,,,,,,,0.3697245428906731,0.9291414114031743,-0.9659258262890684,0.2588190451025203
2026-01-22 21:00:00,,,,,,,,,0.3697245428906731,0.9291414114031743,-0.5000000000000004,0.8660254037844384
2026-01-23 00:00:00,,,,,,,,,0.38566340624360707,0.9226395488404876,0.25881904510252074,0.9659258262890683
2026-01-23 03:00:00,,,,,,,,,0.38566340624360707,0.9226395488404876,0.8660254037844386,0.5000000000000001
2026-01-23 06:00:00,,,,,,,,,0.38566340624360707,0.9226395488404876,0.9659258262890683,-0.25881904510252063
2026-01-23 09:00:00,,,,,,,,,0.38566340624360707,0.9226395488404876,0.49999999999999994,-0.8660254037844387
2026-01-23 12:00:00,,,,,,,,,0.38566340624360707,0.9226395488404876,-0.2588190451025208,-0.9659258262890683
2026-01-23 15:00:00,,,,,,,,,0.38566340624360707,0.9226395488404876,-0.8660254037844385,-0.5000000000000004
2026-01-23 18:00:00,,,,,,,,,0.38566340624360707,0.9226395488404876,-0.9659258262890684,0.2588190451025203
2026-01-23 21:00:00,,,,,,,,,0.38566340624360707,0.9226395488404876,-0.5000000000000004,0.8660254037844384
2026-01-24 00:00:00,,,,,,,,,0.401487989205973,0.9158642882672872,0.25881904510252074,0.9659258262890683
2026-01-24 03:00:00,,,,,,,,,0.401487989205973,0.9158642882672872,0.8660254037844386,0.5000000000000001
2026-01-24 06:00:00,,,,,,,,,0.401487989205973,0.9158642882672872,0.9659258262890683,-0.25881904510252063
2026-01-24 09:00:00,,,,,,,,,0.401487989205973,0.9158642882672872,0.49999999999999994,-0.8660254037844387
2026-01-24 12:00:00,,,,,,,,,0.401487989205973,0.9158642882672872,-0.2588190451025208,-0.9659258262890683
2026-01-24 15:00:00,,,,,,,,,0.401487989205973,0.9158642882672872,-0.8660254037844385,-0.5000000000000004
2026-01-24 18:00:00,,,,,,,,,0.401487989205973,0.9158642882672872,-0.9659258262890684,0.2588190451025203
2026-01-24 21:00:00,,,,,,,,,0.401487989205973,0.9158642882672872,-0.5000000000000004,0.8660254037844384
2026-01-25 00:00:00,,,,,,,,,0.4171936026123168,0.9088176373395029,0.25881904510252074,0.9659258262890683
2026-01-25 03:00:00,,,,,,,,,0.4171936026123168,0.9088176373395029,0.8660254037844386,0.5000000000000001
2026-01-25 06:00:00,,,,,,,,,0.4171936026123168,0.9088176373395029,0.9659258262890683,-0.25881904510252063
2026-01-25 09:00:00,,,,,,,,,0.4171936026123168,0.9088176373395029,0.49999999999999994,-0.8660254037844387
2026-01-25 12:00:00,,,,,,,,,0.4171936026123168,0.9088176373395029,-0.2588190451025208,-0.9659258262890683
2026-01-25 15:00:00,,,,,,,,,0.4171936026123168,0.9088176373395029,-0.8660254037844385,-0.5000000000000004
2026-01-25 18:00:00,,,,,,,,,0.4171936026123168,0.9088176373395029,-0.9659258262890684,0.2588190451025203
2026-01-25 21:00:00,,,,,,,,,0.4171936026123168,0.9088176373395029,-0.5000000000000004,0.8660254037844384
2026-01-26 00:00:00,,,,,,,,,0.4327755925504312,0.901501684131884,0.25881904510252074,0.9659258262890683
2026-01-26 03:00:00,,,,,,,,,0.4327755925504312,0.901501684131884,0.8660254037844386,0.5000000000000001
2026-01-26 06:00:00,,,,,,,,,0.4327755925504312,0.901501684131884,0.9659258262890683,-0.25881904510252063
2026-01-26 09:00:00,,,,,,,,,0.4327755925504312,0.901501684131884,0.49999999999999994,-0.8660254037844387
2026-01-26 12:00:00,,,,,,,,,0.4327755925504312,0.901501684131884,-0.2588190451025208,-0.9659258262890683
2026-01-26 15:00:00,,,,,,,,,0.4327755925504312,0.901501684131884,-0.8660254037844385,-0.5000000000000004
2026-01-26 18:00:00,,,,,,,,,0.4327755925504312,0.901501684131884,-0.9659258262890684,0.2588190451025203
2026-01-26 21:00:00,,,,,,,,,0.4327755925504312,0.901501684131884,-0.5000000000000004,0.8660254037844384
2026-01-27 00:00:00,,,,,,,,,0.4482293417404106,0.893918596519257,0.25881904510252074,0.9659258262890683
2026-01-27 03:00:00,,,,,,,,,0.4482293417404106,0.893918596519257,0.8660254037844386,0.5000000000000001
2026-01-27 06:00:00,,,,,,,,,0.4482293417404106,0.893918596519257,0.9659258262890683,-0.25881904510252063
2026-01-27 09:00:00,,,,,,,,,0.4482293417404106,0.893918596519257,0.49999999999999994,-0.8660254037844387
2026-01-27 12:00:00,,,,,,,,,0.4482293417404106,0.893918596519257,-0.2588190451025208,-0.9659258262890683
2026-01-27 15:00:00,,,,,,,,,0.4482293417404106,0.893918596519257,-0.8660254037844385,-0.5000000000000004
2026-01-27 18:00:00,,,,,,,,,0.4482293417404106,0.893918596519257,-0.9659258262890684,0.2588190451025203
2026-01-27 21:00:00,,,,,,,,,0.4482293417404106,0.893918596519257,-0.5000000000000004,0.8660254037844384
2026-01-28 00:00:00,,,,,,,,,0.4635502709028509,0.886070621534138,0.25881904510252074,0.9659258262890683
2026-01-28 03:00:00,,,,,,,,,0.4635502709028509,0.886070621534138,0.8660254037844386,0.5000000000000001
2026-01-28 06:00:00,,,,,,,,,0.4635502709028509,0.886070621534138,0.9659258262890683,-0.25881904510252063
2026-01-28 09:00:00,,,,,,,,,0.4635502709028509,0.886070621534138,0.49999999999999994,-0.8660254037844387
2026-01-28 12:00:00,,,,,,,,,0.4635502709028509,0.886070621534138,-0.2588190451025208,-0.9659258262890683
2026-01-28 15:00:00,,,,,,,,,0.4635502709028509,0.886070621534138,-0.8660254037844385,-0.5000000000000004
2026-01-28 18:00:00,,,,,,,,,0.4635502709028509,0.886070621534138,-0.9659258262890684,0.2588190451025203
2026-01-28 21:00:00,,,,,,,,,0.4635502709028509,0.886070621534138,-0.5000000000000004,0.8660254037844384
2026-01-29 00:00:00,,,,,,,,,0.47873384011578846,0.8779600847008882,0.25881904510252074,0.9659258262890683
2026-01-29 03:00:00,,,,,,,,,0.47873384011578846,0.8779600847008882,0.8660254037844386,0.5000000000000001
2026-01-29 06:00:00,,,,,,,,,0.47873384011578846,0.8779600847008882,0.9659258262890683,-0.25881904510252063
2026-01-29 09:00:00,,,,,,,,,0.47873384011578846,0.8779600847008882,0.49999999999999994,-0.8660254037844387
2026-01-29 12:00:00,,,,,,,,,0.47873384011578846,0.8779600847008882,-0.2588190451025208,-0.9659258262890683
2026-01-29 15:00:00,,,,,,,,,0.47873384011578846,0.8779600847008882,-0.8660254037844385,-0.5000000000000004
2026-01-29 18:00:00,,,,,,,,,0.47873384011578846,0.8779600847008882,-0.9659258262890684,0.2588190451025203
2026-01-29 21:00:00,,,,,,,,,0.47873384011578846,0.8779600847008882,-0.5000000000000004,0.8660254037844384
2026-01-30 00:00:00,,,,,,,,,0.49377555015997715,0.869589389346611,0.25881904510252074,0.9659258262890683
2026-01-30 03:00:00,,,,,,,,,0.49377555015997715,0.869589389346611,0.8660254037844386,0.5000000000000001
2026-01-30 06:00:00,,,,,,,,,0.49377555015997715,0.869589389346611,0.9659258262890683,-0.25881904510252063
2026-01-30 09:00:00,,,,,,,,,0.49377555015997715,0.869589389346611,0.49999999999999994,-0.8660254037844387
2026-01-30 12:00:00,,,,,,,,,0.49377555015997715,0.869589389346611,-0.2588190451025208,-0.9659258262890683
2026-01-30 15:00:00,,,,,,,,,0.49377555015997715,0.869589389346611,-0.8660254037844385,-0.5000000000000004
2026-01-30 18:00:00,,,,,,,,,0.49377555015997715,0.869589389346611,-0.9659258262890684,0.2588190451025203
2026-01-30 21:00:00,,,,,,,,,0.49377555015997715,0.869589389346611,-0.5000000000000004,0.8660254037844384
2026-01-31 00:00:00,,,,,,,,,0.5086709438521044,0.8609610158889943,0.25881904510252074,0.9659258262890683
2026-01-31 03:00:00,,,,,,,,,0.5086709438521044,0.8609610158889943,0.8660254037844386,0.5000000000000001
2026-01-31 06:00:00,,,,,,,,,0.5086709438521044,0.8609610158889943,0.9659258262890683,-0.25881904510252063
2026-01-31 09:00:00,,,,,,,,,0.5086709438521044,0.8609610158889943,0.49999999999999994,-0.8660254037844387
2026-01-31 12:00:00,,,,,,,,,0.5086709438521044,0.8609610158889943,-0.2588190451025208,-0.9659258262890683
2026-01-31 15:00:00,,,,,,,,,0.5086709438521044,0.8609610158889943,-0.8660254037844385,-0.5000000000000004
2026-01-31 18:00:00,,,,,,,,,0.5086709438521044,0.8609610158889943,-0.9659258262890684,0.2588190451025203
2026-01-31 21:00:00,,,,,,,,,0.5086709438521044,0.8609610158889943,-0.5000000000000004,0.8660254037844384
2026-02-01 00:00:00,,,,,,,,,0.5234156073655503,0.8520775211013093,0.25881904510252074,0.9659258262890683
2026-02-01 03:00:00,,,,,,,,,0.5234156073655503,0.8520775211013093,0.8660254037844386,0.5000000000000001
2026-02-01 06:00:00,,,,,,,,,0.5234156073655503,0.8520775211013093,0.9659258262890683,-0.25881904510252063
2026-02-01 09:00:00,,,,,,,,,0.5234156073655503,0.8520775211013093,0.49999999999999994,-0.8660254037844387
2026-02-01 12:00:00,,,,,,,,,0.5234156073655503,0.8520775211013093,-0.2588190451025208,-0.9659258262890683
2026-02-01 15:00:00,,,,,,,,,0.5234156073655503,0.8520775211013093,-0.8660254037844385,-0.5000000000000004
2026-02-01 18:00:00,,,,,,,,,0.5234156073655503,0.8520775211013093,-0.9659258262890684,0.2588190451025203
2026-02-01 21:00:00,,,,,,,,,0.5234156073655503,0.8520775211013093,-0.5000000000000004,0.8660254037844384
2026-02-02 00:00:00,,,,,,,,,0.5380051715382996,0.8429415373547828,0.25881904510252074,0.9659258262890683
2026-02-02 03:00:00,,,,,,,,,0.5380051715382996,0.8429415373547828,0.8660254037844386,0.5000000000000001
2026-02-02 06:00:00,,,,,,,,,0.5380051715382996,0.8429415373547828,0.9659258262890683,-0.25881904510252063
2026-02-02 09:00:00,,,,,,,,,0.5380051715382996,0.8429415373547828,0.49999999999999994,-0.8660254037844387
2026-02-02 12:00:00,,,,,,,,,0.5380051715382996,0.8429415373547828,-0.2588190451025208,-0.9659258262890683
2026-02-02 15:00:00,,,,,,,,,0.5380051715382996,0.8429415373547828,-0.8660254037844385,-0.5000000000000004
2026-02-02 18:00:00,,,,,,,,,0.5380051715382996,0.8429415373547828,-0.9659258262890684,0.2588190451025203
2026-02-02 21:00:00,,,,,,,,,0.5380051715382996,0.8429415373547828,-0.5000000000000004,0.8660254037844384
2026-02-03 00:00:00,,,,,,,,,0.5524353131676196,0.8335557718385699,0.25881904510252074,0.9659258262890683
2026-02-03 03:00:00,,,,,,,,,0.5524353131676196,0.8335557718385699,0.8660254037844386,0.5000000000000001
2026-02-03 06:00:00,,,,,,,,,0.5524353131676196,0.8335557718385699,0.9659258262890683,-0.25881904510252063
2026-02-03 09:00:00,,,,,,,,,0.5524353131676196,0.8335557718385699,0.49999999999999994,-0.8660254037844387
2026-02-03 12:00:00,,,,,,,,,0.5524353131676196,0.8335557718385699,-0.2588190451025208,-0.9659258262890683
2026-02-03 15:00:00,,,,,,,,,0.5524353131676196,0.8335557718385699,-0.8660254037844385,-0.5000000000000004
2026-02-03 18:00:00,,,,,,,,,0.5524353131676196,0.8335557718385699,-0.9659258262890684,0.2588190451025203
2026-02-03 21:00:00,,,,,,,,,0.5524353131676196,0.8335557718385699,-0.5000000000000004,0.8660254037844384
2026-02-04 00:00:00,,,,,,,,,0.5667017562911176,0.8239230057575542,0.25881904510252074,0.9659258262890683
2026-02-04 03:00:00,,,,,,,,,0.5667017562911176,0.8239230057575542,0.8660254037844386,0.5000000000000001
2026-02-04 06:00:00,,,,,,,,,0.5667017562911176,0.8239230057575542,0.9659258262890683,-0.25881904510252063
2026-02-04 09:00:00,,,,,,,,,0.5667017562911176,0.8239230057575542,0.49999999999999994,-0.8660254037844387
2026-02-04 12:00:00,,,,,,,,,0.5667017562911176,0.8239230057575542,-0.2588190451025208,-0.9659258262890683
2026-02-04 15:00:00,,,,,,,,,0.5667017562911176,0.8239230057575542,-0.8660254037844385,-0.5000000000000004
2026-02-04 18:00:00,,,,,,,,,0.5667017562911176,0.8239230057575542,-0.9659258262890684,0.2588190451025203
2026-02-04 21:00:00,,,,,,,,,0.5667017562911176,0.8239230057575542,-0.5000000000000004,0.8660254037844384
2026-02-05 00:00:00,,,,,,,,,0.5808002734538009,0.8140460935082178,0.25881904510252074,0.9659258262890683
2026-02-05 03:00:00,,,,,,,,,0.5808002734538009,0.8140460935082178,0.8660254037844386,0.5000000000000001
2026-02-05 06:00:00,,,,,,,,,0.5808002734538009,0.8140460935082178,0.9659258262890683,-0.25881904510252063
2026-02-05 09:00:00,,,,,,,,,0.5808002734538009,0.8140460935082178,0.49999999999999994,-0.8660254037844387
2026-02-05 12:00:00,,,,,,,,,0.5808002734538009,0.8140460935082178,-0.2588190451025208,-0.9659258262890683
2026-02-05 15:00:00,,,,,,,,,0.5808002734538009,0.8140460935082178,-0.8660254037844385,-0.5000000000000004
2026-02-05 18:00:00,,,,,,,,,0.5808002734538009,0.8140460935082178,-0.9659258262890684,0.2588190451025203
2026-02-05 21:00:00,,,,,,,,,0.5808002734538009,0.8140460935082178,-0.5000000000000004,0.8660254037844384
2026-02-06 00:00:00,,,,,,,,,0.5947266869607634,0.8039279618328213,0.25881904510252074,0.9659258262890683
2026-02-06 03:00:00,,,,,,,,,0.5947266869607634,0.8039279618328213,0.8660254037844386,0.5000000000000001
2026-02-06 06:00:00,,,,,,,,,0.5947266869607634,0.8039279618328213,0.9659258262890683,-0.25881904510252063
2026-02-06 09:00:00,,,,,,,,,0.5947266869607634,0.8039279618328213,0.49999999999999994,-0.8660254037844387
2026-02-06 12:00:00,,,,,,,,,0.5947266869607634,0.8039279618328213,-0.2588190451025208,-0.9659258262890683
2026-02-06 15:00:00,,,,,,,,,0.5947266869607634,0.8039279618328213,-0.8660254037844385,-0.5000000000000004
2026-02-06 18:00:00,,,,,,,,,0.5947266869607634,0.8039279618328213,-0.9659258262890684,0.2588190451025203
2026-02-06 21:00:00,,,,,,,,,0.5947266869607634,0.8039279618328213,-0.5000000000000004,0.8660254037844384
2026-02-07 00:00:00,,,,,,,,,0.6084768701151261,0.7935716089521474,0.25881904510252074,0.9659258262890683
2026-02-07 03:00:00,,,,,,,,,0.6084768701151261,0.7935716089521474,0.8660254037844386,0.5000000000000001
2026-02-07 06:00:00,,,,,,,,,0.6084768701151261,0.7935716089521474,0.9659258262890683,-0.25881904510252063
2026-02-07 09:00:00,,,,,,,,,0.6084768701151261,0.7935716089521474,0.49999999999999994,-0.8660254037844387
2026-02-07 12:00:00,,,,,,,,,0.6084768701151261,0.7935716089521474,-0.2588190451025208,-0.9659258262890683
2026-02-07 15:00:00,,,,,,,,,0.6084768701151261,0.7935716089521474,-0.8660254037844385,-0.5000000000000004
2026-02-07 18:00:00,,,,,,,,,0.6084768701151261,0.7935716089521474,-0.9659258262890684,0.2588190451025203
2026-02-07 21:00:00,,,,,,,,,0.6084768701151261,0.7935716089521474,-0.5000000000000004,0.8660254037844384
2026-02-08 00:00:00,,,,,,,,,0.6220467484408675,0.7829801036770629,0.25881904510252074,0.9659258262890683
2026-02-08 03:00:00,,,,,,,,,0.6220467484408675,0.7829801036770629,0.8660254037844386,0.5000000000000001
2026-02-08 06:00:00,,,,,,,,,0.6220467484408675,0.7829801036770629,0.9659258262890683,-0.25881904510252063
2026-02-08 09:00:00,,,,,,,,,0.6220467484408675,0.7829801036770629,0.49999999999999994,-0.8660254037844387
2026-02-08 12:00:00,,,,,,,,,0.6220467484408675,0.7829801036770629,-0.2588190451025208,-0.9659258262890683
2026-02-08 15:00:00,,,,,,,,,0.6220467484408675,0.7829801036770629,-0.8660254037844385,-0.5000000000000004
2026-02-08 18:00:00,,,,,,,,,0.6220467484408675,0.7829801036770629,-0.9659258262890684,0.2588190451025203
2026-02-08 21:00:00,,,,,,,,,0.6220467484408675,0.7829801036770629,-0.5000000000000004,0.8660254037844384
2026-02-09 00:00:00,,,,,,,,,0.6354323008901774,0.7721565844991642,0.25881904510252074,0.9659258262890683
2026-02-09 03:00:00,,,,,,,,,0.6354323008901774,0.7721565844991642,0.8660254037844386,0.5000000000000001
2026-02-09 06:00:00,,,,,,,,,0.6354323008901774,0.7721565844991642,0.9659258262890683,-0.25881904510252063
2026-02-09 09:00:00,,,,,,,,,0.6354323008901774,0.7721565844991642,0.49999999999999994,-0.8660254037844387
2026-02-09 12:00:00,,,,,,,,,0.6354323008901774,0.7721565844991642,-0.2588190451025208,-0.9659258262890683
2026-02-09 15:00:00,,,,,,,,,0.6354323008901774,0.7721565844991642,-0.8660254037844385,-0.5000000000000004
2026-02-09 18:00:00,,,,,,,,,0.6354323008901774,0.7721565844991642,-0.9659258262890684,0.2588190451025203
2026-02-09 21:00:00,,,,,,,,,0.6354323008901774,0.7721565844991642,-0.5000000000000004,0.8660254037844384
2026-02-10 00:00:00,,,,,,,,,0.6486295610349814,0.7611042586607747,0.25881904510252074,0.9659258262890683
2026-02-10 03:00:00,,,,,,,,,0.6486295610349814,0.7611042586607747,0.8660254037844386,0.5000000000000001
2026-02-10 06:00:00,,,,,,,,,0.6486295610349814,0.7611042586607747,0.9659258262890683,-0.25881904510252063
2026-02-10 09:00:00,,,,,,,,,0.6486295610349814,0.7611042586607747,0.49999999999999994,-0.8660254037844387
2026-02-10 12:00:00,,,,,,,,,0.6486295610349814,0.7611042586607747,-0.2588190451025208,-0.9659258262890683
2026-02-10 15:00:00,,,,,,,,,0.6486295610349814,0.7611042586607747,-0.8660254037844385,-0.5000000000000004
2026-02-10 18:00:00,,,,,,,,,0.6486295610349814,0.7611042586607747,-0.9659258262890684,0.2588190451025203
2026-02-10 21:00:00,,,,,,,,,0.6486295610349814,0.7611042586607747,-0.5000000000000004,0.8660254037844384
2026-02-11 00:00:00,,,,,,,,,0.6616346182422783,0.7498264012045686,0.25881904510252074,0.9659258262890683
2026-02-11 03:00:00,,,,,,,,,0.6616346182422783,0.7498264012045686,0.8660254037844386,0.5000000000000001
2026-02-11 06:00:00,,,,,,,,,0.6616346182422783,0.7498264012045686,0.9659258262890683,-0.25881904510252063
2026-02-11 09:00:00,,,,,,,,,0.6616346182422783,0.7498264012045686,0.49999999999999994,-0.8660254037844387
2026-02-11 12:00:00,,,,,,,,,0.6616346182422783,0.7498264012045686,-0.2588190451025208,-0.9659258262890683
2026-02-11 15:00:00,,,,,,,,,0.6616346182422783,0.7498264012045686,-0.8660254037844385,-0.5000000000000004
2026-02-11 18:00:00,,,,,,,,,0.6616346182422783,0.7498264012045686,-0.9659258262890684,0.2588190451025203
2026-02-11 21:00:00,,,,,,,,,0.6616346182422783,0.7498264012045686,-0.5000000000000004,0.8660254037844384
2026-02-12 00:00:00,,,,,,,,,0.6744436188329455,0.7383263540031065,0.25881904510252074,0.9659258262890683
2026-02-12 03:00:00,,,,,,,,,0.6744436188329455,0.7383263540031065,0.8660254037844386,0.5000000000000001
2026-02-12 06:00:00,,,,,,,,,0.6744436188329455,0.7383263540031065,0.9659258262890683,-0.25881904510252063
2026-02-12 09:00:00,,,,,,,,,0.6744436188329455,0.7383263540031065,0.49999999999999994,-0.8660254037844387
2026-02-12 12:00:00,,,,,,,,,0.6744436188329455,0.7383263540031065,-0.2588190451025208,-0.9659258262890683
2026-02-12 15:00:00,,,,,,,,,0.6744436188329455,0.7383263540031065,-0.8660254037844385,-0.5000000000000004
2026-02-12 18:00:00,,,,,,,,,0.6744436188329455,0.7383263540031065,-0.9659258262890684,0.2588190451025203
2026-02-12 21:00:00,,,,,,,,,0.6744436188329455,0.7383263540031065,-0.5000000000000004,0.8660254037844384
2026-02-13 00:00:00,,,,,,,,,0.6870527672236669,0.7266075247685656,0.25881904510252074,0.9659258262890683
2026-02-13 03:00:00,,,,,,,,,0.6870527672236669,0.7266075247685656,0.8660254037844386,0.5000000000000001
2026-02-13 06:00:00,,,,,,,,,0.6870527672236669,0.7266075247685656,0.9659258262890683,-0.25881904510252063
2026-02-13 09:00:00,,,,,,,,,0.6870527672236669,0.7266075247685656,0.49999999999999994,-0.8660254037844387
2026-02-13 12:00:00,,,,,,,,,0.6870527672236669,0.7266075247685656,-0.2588190451025208,-0.9659258262890683
2026-02-13 15:00:00,,,,,,,,,0.6870527672236669,0.7266075247685656,-0.8660254037844385,-0.5000000000000004
2026-02-13 18:00:00,,,,,,,,,0.6870527672236669,0.7266075247685656,-0.9659258262890684,0.2588190451025203
2026-02-13 21:00:00,,,,,,,,,0.6870527672236669,0.7266075247685656,-0.5000000000000004,0.8660254037844384
2026-02-14 00:00:00,,,,,,,,,0.699458327051647,0.7146733860429609,0.25881904510252074,0.9659258262890683
2026-02-14 03:00:00,,,,,,,,,0.699458327051647,0.7146733860429609,0.8660254037844386,0.5000000000000001
2026-02-14 06:00:00,,,,,,,,,0.699458327051647,0.7146733860429609,0.9659258262890683,-0.25881904510252063
2026-02-14 09:00:00,,,,,,,,,0.699458327051647,0.7146733860429609,0.49999999999999994,-0.8660254037844387
2026-02-14 12:00:00,,,,,,,,,0.699458327051647,0.7146733860429609,-0.2588190451025208,-0.9659258262890683
2026-02-14 15:00:00,,,,,,,,,0.699458327051647,0.7146733860429609,-0.8660254037844385,-0.5000000000000004
2026-02-14 18:00:00,,,,,,,,,0.699458327051647,0.7146733860429609,-0.9659258262890684,0.2588190451025203
2026-02-14 21:00:00,,,,,,,,,0.699458327051647,0.7146733860429609,-0.5000000000000004,0.8660254037844384
2026-02-15 00:00:00,,,,,,,,,0.7116566222817746,0.7025274741691571,0.25881904510252074,0.9659258262890683
2026-02-15 03:00:00,,,,,,,,,0.7116566222817746,0.7025274741691571,0.8660254037844386,0.5000000000000001
2026-02-15 06:00:00,,,,,,,,,0.7116566222817746,0.7025274741691571,0.9659258262890683,-0.25881904510252063
2026-02-15 09:00:00,,,,,,,,,0.7116566222817746,0.7025274741691571,0.49999999999999994,-0.8660254037844387
2026-02-15 12:00:00,,,,,,,,,0.7116566222817746,0.7025274741691571,-0.2588190451025208,-0.9659258262890683
2026-02-15 15:00:00,,,,,,,,,0.7116566222817746,0.7025274741691571,-0.8660254037844385,-0.5000000000000004
2026-02-15 18:00:00,,,,,,,,,0.7116566222817746,0.7025274741691571,-0.9659258262890684,0.2588190451025203
2026-02-15 21:00:00,,,,,,,,,0.7116566222817746,0.7025274741691571,-0.5000000000000004,0.8660254037844384
2026-02-16 00:00:00,,,,,,,,,0.7236440382959124,0.6901733882429719,0.25881904510252074,0.9659258262890683
2026-02-16 03:00:00,,,,,,,,,0.7236440382959124,0.6901733882429719,0.8660254037844386,0.5000000000000001
2026-02-16 06:00:00,,,,,,,,,0.7236440382959124,0.6901733882429719,0.9659258262890683,-0.25881904510252063
2026-02-16 09:00:00,,,,,,,,,0.7236440382959124,0.6901733882429719,0.49999999999999994,-0.8660254037844387
2026-02-16 12:00:00,,,,,,,,,0.7236440382959124,0.6901733882429719,-0.2588190451025208,-0.9659258262890683
2026-02-16 15:00:00,,,,,,,,,0.7236440382959124,0.6901733882429719,-0.8660254037844385,-0.5000000000000004
2026-02-16 18:00:00,,,,,,,,,0.7236440382959124,0.6901733882429719,-0.9659258262890684,0.2588190451025203
2026-02-16 21:00:00,,,,,,,,,0.7236440382959124,0.6901733882429719,-0.5000000000000004,0.8660254037844384
2026-02-17 00:00:00,,,,,,,,,0.7354170229639855,0.6776147890466889,0.25881904510252074,0.9659258262890683
2026-02-17 03:00:00,,,,,,,,,0.7354170229639855,0.6776147890466889,0.8660254037844386,0.5000000000000001
2026-02-17 06:00:00,,,,,,,,,0.7354170229639855,0.6776147890466889,0.9659258262890683,-0.25881904510252063
2026-02-17 09:00:00,,,,,,,,,0.7354170229639855,0.6776147890466889,0.49999999999999994,-0.8660254037844387
2026-02-17 12:00:00,,,,,,,,,0.7354170229639855,0.6776147890466889,-0.2588190451025208,-0.9659258262890683
2026-02-17 15:00:00,,,,,,,,,0.7354170229639855,0.6776147890466889,-0.8660254037844385,-0.5000000000000004
2026-02-17 18:00:00,,,,,,,,,0.7354170229639855,0.6776147890466889,-0.9659258262890684,0.2588190451025203
2026-02-17 21:00:00,,,,,,,,,0.7354170229639855,0.6776147890466889,-0.5000000000000004,0.8660254037844384
2026-02-18 00:00:00,,,,,,,,,0.7469720876965552,0.6648553979642865,0.25881904510252074,0.9659258262890683
2026-02-18 03:00:00,,,,,,,,,0.7469720876965552,0.6648553979642865,0.8660254037844386,0.5000000000000001
2026-02-18 06:00:00,,,,,,,,,0.7469720876965552,0.6648553979642865,0.9659258262890683,-0.25881904510252063
2026-02-18 09:00:00,,,,,,,,,0.7469720876965552,0.6648553979642865,0.49999999999999994,-0.8660254037844387
2026-02-18 12:00:00,,,,,,,,,0.7469720876965552,0.6648553979642865,-0.2588190451025208,-0.9659258262890683
2026-02-18 15:00:00,,,,,,,,,0.7469720876965552,0.6648553979642865,-0.8660254037844385,-0.5000000000000004
2026-02-18 18:00:00,,,,,,,,,0.7469720876965552,0.6648553979642865,-0.9659258262890684,0.2588190451025203
2026-02-18 21:00:00,,,,,,,,,0.7469720876965552,0.6648553979642865,-0.5000000000000004,0.8660254037844384
2026-02-19 00:00:00,,,,,,,,,0.7583058084785624,0.6518989958787126,0.25881904510252074,0.9659258262890683
2026-02-19 03:00:00,,,,,,,,,0.7583058084785624,0.6518989958787126,0.8660254037844386,0.5000000000000001
2026-02-19 06:00:00,,,,,,,,,0.7583058084785624,0.6518989958787126,0.9659258262890683,-0.25881904510252063
2026-02-19 09:00:00,,,,,,,,,0.7583058084785624,0.6518989958787126,0.49999999999999994,-0.8660254037844387
2026-02-19 12:00:00,,,,,,,,,0.7583058084785624,0.6518989958787126,-0.2588190451025208,-0.9659258262890683
2026-02-19 15:00:00,,,,,,,,,0.7583058084785624,0.6518989958787126,-0.8660254037844385,-0.5000000000000004
2026-02-19 18:00:00,,,,,,,,,0.7583058084785624,0.6518989958787126,-0.9659258262890684,0.2588190451025203
2026-02-19 21:00:00,,,,,,,,,0.7583058084785624,0.6518989958787126,-0.5000000000000004,0.8660254037844384
2026-02-20 00:00:00,,,,,,,,,0.7694148268839378,0.6387494220515272,0.25881904510252074,0.9659258262890683
2026-02-20 03:00:00,,,,,,,,,0.7694148268839378,0.6387494220515272,0.8660254037844386,0.5000000000000001
2026-02-20 06:00:00,,,,,,,,,0.7694148268839378,0.6387494220515272,0.9659258262890683,-0.25881904510252063
2026-02-20 09:00:00,,,,,,,,,0.7694148268839378,0.6387494220515272,0.49999999999999994,-0.8660254037844387
2026-02-20 12:00:00,,,,,,,,,0.7694148268839378,0.6387494220515272,-0.2588190451025208,-0.9659258262890683
2026-02-20 15:00:00,,,,,,,,,0.7694148268839378,0.6387494220515272,-0.8660254037844385,-0.5000000000000004
2026-02-20 18:00:00,,,,,,,,,0.7694148268839378,0.6387494220515272,-0.9659258262890684,0.2588190451025203
2026-02-20 21:00:00,,,,,,,,,0.7694148268839378,0.6387494220515272,-0.5000000000000004,0.8660254037844384
2026-02-21 00:00:00,,,,,,,,,0.7802958510707755,0.6254105729852463,0.25881904510252074,0.9659258262890683
2026-02-21 03:00:00,,,,,,,,,0.7802958510707755,0.6254105729852463,0.8660254037844386,0.5000000000000001
2026-02-21 06:00:00,,,,,,,,,0.7802958510707755,0.6254105729852463,0.9659258262890683,-0.25881904510252063
2026-02-21 09:00:00,,,,,,,,,0.7802958510707755,0.6254105729852463,0.49999999999999994,-0.8660254037844387
2026-02-21 12:00:00,,,,,,,,,0.7802958510707755,0.6254105729852463,-0.2588190451025208,-0.9659258262890683
2026-02-21 15:00:00,,,,,,,,,0.7802958510707755,0.6254105729852463,-0.8660254037844385,-0.5000000000000004
2026-02-21 18:00:00,,,,,,,,,0.7802958510707755,0.6254105729852463,-0.9659258262890684,0.2588190451025203
2026-02-21 21:00:00,,,,,,,,,0.7802958510707755,0.6254105729852463,-0.5000000000000004,0.8660254037844384
2026-02-22 00:00:00,,,,,,,,,0.7909456567567772,0.6118864012687243,0.25881904510252074,0.9659258262890683
2026-02-22 03:00:00,,,,,,,,,0.7909456567567772,0.6118864012687243,0.8660254037844386,0.5000000000000001
2026-02-22 06:00:00,,,,,,,,,0.7909456567567772,0.6118864012687243,0.9659258262890683,-0.25881904510252063
2026-02-22 09:00:00,,,,,,,,,0.7909456567567772,0.6118864012687243,0.49999999999999994,-0.8660254037844387
2026-02-22 12:00:00,,,,,,,,,0.7909456567567772,0.6118864012687243,-0.2588190451025208,-0.9659258262890683
2026-02-22 15:00:00,,,,,,,,,0.7909456567567772,0.6118864012687243,-0.8660254037844385,-0.5000000000000004
2026-02-22 18:00:00,,,,,,,,,0.7909456567567772,0.6118864012687243,-0.9659258262890684,0.2588190451025203
2026-02-22 21:00:00,,,,,,,,,0.7909456567567772,0.6118864012687243,-0.5000000000000004,0.8660254037844384
2026-02-23 00:00:00,,,,,,,,,0.8013610881746766,0.5981809144059165,0.25881904510252074,0.9659258262890683
2026-02-23 03:00:00,,,,,,,,,0.8013610881746766,0.5981809144059165,0.8660254037844386,0.5000000000000001
2026-02-23 06:00:00,,,,,,,,,0.8013610881746766,0.5981809144059165,0.9659258262890683,-0.25881904510252063
2026-02-23 09:00:00,,,,,,,,,0.8013610881746766,0.5981809144059165,0.49999999999999994,-0.8660254037844387
2026-02-23 12:00:00,,,,,,,,,0.8013610881746766,0.5981809144059165,-0.2588190451025208,-0.9659258262890683
2026-02-23 15:00:00,,,,,,,,,0.8013610881746766,0.5981809144059165,-0.8660254037844385,-0.5000000000000004
2026-02-23 18:00:00,,,,,,,,,0.8013610881746766,0.5981809144059165,-0.9659258262890684,0.2588190451025203
2026-02-23 21:00:00,,,,,,,,,0.8013610881746766,0.5981809144059165,-0.5000000000000004,0.8660254037844384
2026-02-24 00:00:00,,,,,,,,,0.8115390590073611,0.5842981736283684,0.25881904510252074,0.9659258262890683
2026-02-24 03:00:00,,,,,,,,,0.8115390590073611,0.5842981736283684,0.8660254037844386,0.5000000000000001
2026-02-24 06:00:00,,,,,,,,,0.8115390590073611,0.5842981736283684,0.9659258262890683,-0.25881904510252063
2026-02-24 09:00:00,,,,,,,,,0.8115390590073611,0.5842981736283684,0.49999999999999994,-0.8660254037844387
2026-02-24 12:00:00,,,,,,,,,0.8115390590073611,0.5842981736283684,-0.2588190451025208,-0.9659258262890683
2026-02-24 15:00:00,,,,,,,,,0.8115390590073611,0.5842981736283684,-0.8660254037844385,-0.5000000000000004
2026-02-24 18:00:00,,,,,,,,,0.8115390590073611,0.5842981736283684,-0.9659258262890684,0.2588190451025203
2026-02-24 21:00:00,,,,,,,,,0.8115390590073611,0.5842981736283684,-0.5000000000000004,0.8660254037844384
2026-02-25 00:00:00,,,,,,,,,0.8214765533024142,0.5702422926917871,0.25881904510252074,0.9659258262890683
2026-02-25 03:00:00,,,,,,,,,0.8214765533024142,0.5702422926917871,0.8660254037844386,0.5000000000000001
2026-02-25 06:00:00,,,,,,,,,0.8214765533024142,0.5702422926917871,0.9659258262890683,-0.25881904510252063
2026-02-25 09:00:00,,,,,,,,,0.8214765533024142,0.5702422926917871,0.49999999999999994,-0.8660254037844387
2026-02-25 12:00:00,,,,,,,,,0.8214765533024142,0.5702422926917871,-0.2588190451025208,-0.9659258262890683
2026-02-25 15:00:00,,,,,,,,,0.8214765533024142,0.5702422926917871,-0.8660254037844385,-0.5000000000000004
2026-02-25 18:00:00,,,,,,,,,0.8214765533024142,0.5702422926917871,-0.9659258262890684,0.2588190451025203
2026-02-25 21:00:00,,,,,,,,,0.8214765533024142,0.5702422926917871,-0.5000000000000004,0.8660254037844384
2026-02-26 00:00:00,,,,,,,,,0.8311706263658079,0.5560174366570446,0.25881904510252074,0.9659258262890683
2026-02-26 03:00:00,,,,,,,,,0.8311706263658079,0.5560174366570446,0.8660254037844386,0.5000000000000001
2026-02-26 06:00:00,,,,,,,,,0.8311706263658079,0.5560174366570446,0.9659258262890683,-0.25881904510252063
2026-02-26 09:00:00,,,,,,,,,0.8311706263658079,0.5560174366570446,0.49999999999999994,-0.8660254037844387
2026-02-26 12:00:00,,,,,,,,,0.8311706263658079,0.5560174366570446,-0.2588190451025208,-0.9659258262890683
2026-02-26 15:00:00,,,,,,,,,0.8311706263658079,0.5560174366570446,-0.8660254037844385,-0.5000000000000004
2026-02-26 18:00:00,,,,,,,,,0.8311706263658079,0.5560174366570446,-0.9659258262890684,0.2588190451025203
2026-02-26 21:00:00,,,,,,,,,0.8311706263658079,0.5560174366570446,-0.5000000000000004,0.8660254037844384
2026-02-27 00:00:00,,,,,,,,,0.8406184056344782,0.5416278206559814,0.25881904510252074,0.9659258262890683
2026-02-27 03:00:00,,,,,,,,,0.8406184056344782,0.5416278206559814,0.8660254037844386,0.5000000000000001
2026-02-27 06:00:00,,,,,,,,,0.8406184056344782,0.5416278206559814,0.9659258262890683,-0.25881904510252063
2026-02-27 09:00:00,,,,,,,,,0.8406184056344782,0.5416278206559814,0.49999999999999994,-0.8660254037844387
2026-02-27 12:00:00,,,,,,,,,0.8406184056344782,0.5416278206559814,-0.2588190451025208,-0.9659258262890683
2026-02-27 15:00:00,,,,,,,,,0.8406184056344782,0.5416278206559814,-0.8660254037844385,-0.5000000000000004
2026-02-27 18:00:00,,,,,,,,,0.8406184056344782,0.5416278206559814,-0.9659258262890684,0.2588190451025203
2026-02-27 21:00:00,,,,,,,,,0.8406184056344782,0.5416278206559814,-0.5000000000000004,0.8660254037844384
2026-02-28 00:00:00,,,,,,,,,0.8498170915275278,0.5270777086423722,0.25881904510252074,0.9659258262890683
2026-02-28 03:00:00,,,,,,,,,0.8498170915275278,0.5270777086423722,0.8660254037844386,0.5000000000000001
2026-02-28 06:00:00,,,,,,,,,0.8498170915275278,0.5270777086423722,0.9659258262890683,-0.25881904510252063
2026-02-28 09:00:00,,,,,,,,,0.8498170915275278,0.5270777086423722,0.49999999999999994,-0.8660254037844387
2026-02-28 12:00:00,,,,,,,,,0.8498170915275278,0.5270777086423722,-0.2588190451025208,-0.9659258262890683
2026-02-28 15:00:00,,,,,,,,,0.8498170915275278,0.5270777086423722,-0.8660254037844385,-0.5000000000000004
2026-02-28 18:00:00,,,,,,,,,0.8498170915275278,0.5270777086423722,-0.9659258262890684,0.2588190451025203
2026-02-28 21:00:00,,,,,,,,,0.8498170915275278,0.5270777086423722,-0.5000000000000004,0.8660254037844384
2026-03-01 00:00:00,,,,,,,,,0.8587639582758029,0.5123714121284237,0.25881904510252074,0.9659258262890683
2026-03-01 03:00:00,,,,,,,,,0.8587639582758029,0.5123714121284237,0.8660254037844386,0.5000000000000001
2026-03-01 06:00:00,,,,,,,,,0.8587639582758029,0.5123714121284237,0.9659258262890683,-0.25881904510252063
2026-03-01 09:00:00,,,,,,,,,0.8587639582758029,0.5123714121284237,0.49999999999999994,-0.8660254037844387
2026-03-01 12:00:00,,,,,,,,,0.8587639582758029,0.5123714121284237,-0.2588190451025208,-0.9659258262890683
2026-03-01 15:00:00,,,,,,,,,0.8587639582758029,0.5123714121284237,-0.8660254037844385,-0.5000000000000004
2026-03-01 18:00:00,,,,,,,,,0.8587639582758029,0.5123714121284237,-0.9659258262890684,0.2588190451025203
2026-03-01 21:00:00,,,,,,,,,0.8587639582758029,0.5123714121284237,-0.5000000000000004,0.8660254037844384
2026-03-02 00:00:00,,,,,,,,,0.8674563547295969,0.49751328890718066,0.25881904510252074,0.9659258262890683
2026-03-02 03:00:00,,,,,,,,,0.8674563547295969,0.49751328890718066,0.8660254037844386,0.5000000000000001
2026-03-02 06:00:00,,,,,,,,,0.8674563547295969,0.49751328890718066,0.9659258262890683,-0.25881904510252063
2026-03-02 09:00:00,,,,,,,,,0.8674563547295969,0.49751328890718066,0.49999999999999994,-0.8660254037844387
2026-03-02 12:00:00,,,,,,,,,0.8674563547295969,0.49751328890718066,-0.2588190451025208,-0.9659258262890683
2026-03-02 15:00:00,,,,,,,,,0.8674563547295969,0.49751328890718066,-0.8660254037844385,-0.5000000000000004
2026-03-02 18:00:00,,,,,,,,,0.8674563547295969,0.49751328890718066,-0.9659258262890684,0.2588190451025203
2026-03-02 21:00:00,,,,,,,,,0.8674563547295969,0.49751328890718066,-0.5000000000000004,0.8660254037844384
2026-03-03 00:00:00,,,,,,,,,0.8758917051442429,0.48250774176121847,0.25881904510252074,0.9659258262890683
2026-03-03 03:00:00,,,,,,,,,0.8758917051442429,0.48250774176121847,0.8660254037844386,0.5000000000000001
2026-03-03 06:00:00,,,,,,,,,0.8758917051442429,0.48250774176121847,0.9659258262890683,-0.25881904510252063
2026-03-03 09:00:00,,,,,,,,,0.8758917051442429,0.48250774176121847,0.49999999999999994,-0.8660254037844387
2026-03-03 12:00:00,,,,,,,,,0.8758917051442429,0.48250774176121847,-0.2588190451025208,-0.9659258262890683
2026-03-03 15:00:00,,,,,,,,,0.8758917051442429,0.48250774176121847,-0.8660254037844385,-0.5000000000000004
2026-03-03 18:00:00,,,,,,,,,0.8758917051442429,0.48250774176121847,-0.9659258262890684,0.2588190451025203
2026-03-03 21:00:00,,,,,,,,,0.8758917051442429,0.48250774176121847,-0.5000000000000004,0.8660254037844384
2026-03-04 00:00:00,,,,,,,,,0.8840675099433636,0.4673592171580022,0.25881904510252074,0.9659258262890683
2026-03-04 03:00:00,,,,,,,,,0.8840675099433636,0.4673592171580022,0.8660254037844386,0.5000000000000001
2026-03-04 06:00:00,,,,,,,,,0.8840675099433636,0.4673592171580022,0.9659258262890683,-0.25881904510252063
2026-03-04 09:00:00,,,,,,,,,0.8840675099433636,0.4673592171580022,0.49999999999999994,-0.8660254037844387
2026-03-04 12:00:00,,,,,,,,,0.8840675099433636,0.4673592171580022,-0.2588190451025208,-0.9659258262890683
2026-03-04 15:00:00,,,,,,,,,0.8840675099433636,0.4673592171580022,-0.8660254037844385,-0.5000000000000004
2026-03-04 18:00:00,,,,,,,,,0.8840675099433636,0.4673592171580022,-0.9659258262890684,0.2588190451025203
2026-03-04 21:00:00,,,,,,,,,0.8840675099433636,0.4673592171580022,-0.5000000000000004,0.8660254037844384
2026-03-05 00:00:00,,,,,,,,,0.8919813464595485,0.45207220393230435,0.25881904510252074,0.9659258262890683
2026-03-05 03:00:00,,,,,,,,,0.8919813464595485,0.45207220393230435,0.8660254037844386,0.5000000000000001
2026-03-05 06:00:00,,,,,,,,,0.8919813464595485,0.45207220393230435,0.9659258262890683,-0.25881904510252063
2026-03-05 09:00:00,,,,,,,,,0.8919813464595485,0.45207220393230435,0.49999999999999994,-0.8660254037844387
2026-03-05 12:00:00,,,,,,,,,0.8919813464595485,0.45207220393230435,-0.2588190451025208,-0.9659258262890683
2026-03-05 15:00:00,,,,,,,,,0.8919813464595485,0.45207220393230435,-0.8660254037844385,-0.5000000000000004
2026-03-05 18:00:00,,,,,,,,,0.8919813464595485,0.45207220393230435,-0.9659258262890684,0.2588190451025203
2026-03-05 21:00:00,,,,,,,,,0.8919813464595485,0.45207220393230435,-0.5000000000000004,0.8660254037844384
2026-03-06 00:00:00,,,,,,,,,0.8996308696522433,0.43665123195606403,0.25881904510252074,0.9659258262890683
2026-03-06 03:00:00,,,,,,,,,0.8996308696522433,0.43665123195606403,0.8660254037844386,0.5000000000000001
2026-03-06 06:00:00,,,,,,,,,0.8996308696522433,0.43665123195606403,0.9659258262890683,-0.25881904510252063
2026-03-06 09:00:00,,,,,,,,,0.8996308696522433,0.43665123195606403,0.49999999999999994,-0.8660254037844387
2026-03-06 12:00:00,,,,,,,,,0.8996308696522433,0.43665123195606403,-0.2588190451025208,-0.9659258262890683
2026-03-06 15:00:00,,,,,,,,,0.8996308696522433,0.43665123195606403,-0.8660254037844385,-0.5000000000000004
2026-03-06 18:00:00,,,,,,,,,0.8996308696522433,0.43665123195606403,-0.9659258262890684,0.2588190451025203
2026-03-06 21:00:00,,,,,,,,,0.8996308696522433,0.43665123195606403,-0.5000000000000004,0.8660254037844384
2026-03-07 00:00:00,,,,,,,,,0.9070138128026359,0.4211008707960896,0.25881904510252074,0.9659258262890683
2026-03-07 03:00:00,,,,,,,,,0.9070138128026359,0.4211008707960896,0.8660254037844386,0.5000000000000001
2026-03-07 06:00:00,,,,,,,,,0.9070138128026359,0.4211008707960896,0.9659258262890683,-0.25881904510252063
2026-03-07 09:00:00,,,,,,,,,0.9070138128026359,0.4211008707960896,0.49999999999999994,-0.8660254037844387
2026-03-07 12:00:00,,,,,,,,,0.9070138128026359,0.4211008707960896,-0.2588190451025208,-0.9659258262890683
2026-03-07 15:00:00,,,,,,,,,0.9070138128026359,0.4211008707960896,-0.8660254037844385,-0.5000000000000004
2026-03-07 18:00:00,,,,,,,,,0.9070138128026359,0.4211008707960896,-0.9659258262890684,0.2588190451025203
2026-03-07 21:00:00,,,,,,,,,0.9070138128026359,0.4211008707960896,-0.5000000000000004,0.8660254037844384
2026-03-08 00:00:00,,,,,,,,,0.9141279881853337,0.40542572835999735,0.25881904510252074,0.9659258262890683
2026-03-08 03:00:00,,,,,,,,,0.9141279881853337,0.40542572835999735,0.8660254037844386,0.5000000000000001
2026-03-08 06:00:00,,,,,,,,,0.9141279881853337,0.40542572835999735,0.9659258262890683,-0.25881904510252063
2026-03-08 09:00:00,,,,,,,,,0.9141279881853337,0.40542572835999735,0.49999999999999994,-0.8660254037844387
2026-03-08 12:00:00,,,,,,,,,0.9141279881853337,0.40542572835999735,-0.2588190451025208,-0.9659258262890683
2026-03-08 15:00:00,,,,,,,,,0.9141279881853337,0.40542572835999735,-0.8660254037844385,-0.5000000000000004
2026-03-08 18:00:00,,,,,,,,,0.9141279881853337,0.40542572835999735,-0.9659258262890684,0.2588190451025203
2026-03-08 21:00:00,,,,,,,,,0.9141279881853337,0.40542572835999735,-0.5000000000000004,0.8660254037844384
2026-03-09 00:00:00,,,,,,,,,0.9209712877166346,0.38963044953078796,0.25881904510252074,0.9659258262890683
2026-03-09 03:00:00,,,,,,,,,0.9209712877166346,0.38963044953078796,0.8660254037844386,0.5000000000000001
2026-03-09 06:00:00,,,,,,,,,0.9209712877166346,0.38963044953078796,0.9659258262890683,-0.25881904510252063
2026-03-09 09:00:00,,,,,,,,,0.9209712877166346,0.38963044953078796,0.49999999999999994,-0.8660254037844387
2026-03-09 12:00:00,,,,,,,,,0.9209712877166346,0.38963044953078796,-0.2588190451025208,-0.9659258262890683
2026-03-09 15:00:00,,,,,,,,,0.9209712877166346,0.38963044953078796,-0.8660254037844385,-0.5000000000000004
2026-03-09 18:00:00,,,,,,,,,0.9209712877166346,0.38963044953078796,-0.9659258262890684,0.2588190451025203
2026-03-09 21:00:00,,,,,,,,,0.9209712877166346,0.38963044953078796,-0.5000000000000004,0.8660254037844384
2026-03-10 00:00:00,,,,,,,,,0.9275416835791966,0.37371971479046906,0.25881904510252074,0.9659258262890683
2026-03-10 03:00:00,,,,,,,,,0.9275416835791966,0.37371971479046906,0.8660254037844386,0.5000000000000001
2026-03-10 06:00:00,,,,,,,,,0.9275416835791966,0.37371971479046906,0.9659258262890683,-0.25881904510252063
2026-03-10 09:00:00,,,,,,,,,0.9275416835791966,0.37371971479046906,0.49999999999999994,-0.8660254037844387
2026-03-10 12:00:00,,,,,,,,,0.9275416835791966,0.37371971479046906,-0.2588190451025208,-0.9659258262890683
2026-03-10 15:00:00,,,,,,,,,0.9275416835791966,0.37371971479046906,-0.8660254037844385,-0.5000000000000004
2026-03-10 18:00:00,,,,,,,,,0.9275416835791966,0.37371971479046906,-0.9659258262890684,0.2588190451025203
2026-03-10 21:00:00,,,,,,,,,0.9275416835791966,0.37371971479046906,-0.5000000000000004,0.8660254037844384
2026-03-11 00:00:00,,,,,,,,,0.9338372288229252,0.35769823883312546,0.25881904510252074,0.9659258262890683
2026-03-11 03:00:00,,,,,,,,,0.9338372288229252,0.35769823883312546,0.8660254037844386,0.5000000000000001
2026-03-11 06:00:00,,,,,,,,,0.9338372288229252,0.35769823883312546,0.9659258262890683,-0.25881904510252063
2026-03-11 09:00:00,,,,,,,,,0.9338372288229252,0.35769823883312546,0.49999999999999994,-0.8660254037844387
2026-03-11 12:00:00,,,,,,,,,0.9338372288229252,0.35769823883312546,-0.2588190451025208,-0.9659258262890683
2026-03-11 15:00:00,,,,,,,,,0.9338372288229252,0.35769823883312546,-0.8660254037844385,-0.5000000000000004
2026-03-11 18:00:00,,,,,,,,,0.9338372288229252,0.35769823883312546,-0.9659258262890684,0.2588190451025203
2026-03-11 21:00:00,,,,,,,,,0.9338372288229252,0.35769823883312546,-0.5000000000000004,0.8660254037844384
2026-03-12 00:00:00,,,,,,,,,0.9398560579418954,0.3415707691678556,0.25881904510252074,0.9659258262890683
2026-03-12 03:00:00,,,,,,,,,0.9398560579418954,0.3415707691678556,0.8660254037844386,0.5000000000000001
2026-03-12 06:00:00,,,,,,,,,0.9398560579418954,0.3415707691678556,0.9659258262890683,-0.25881904510252063
2026-03-12 09:00:00,,,,,,,,,0.9398560579418954,0.3415707691678556,0.49999999999999994,-0.8660254037844387
2026-03-12 12:00:00,,,,,,,,,0.9398560579418954,0.3415707691678556,-0.2588190451025208,-0.9659258262890683
2026-03-12 15:00:00,,,,,,,,,0.9398560579418954,0.3415707691678556,-0.8660254037844385,-0.5000000000000004
2026-03-12 18:00:00,,,,,,,,,0.9398560579418954,0.3415707691678556,-0.9659258262890684,0.2588190451025203
2026-03-12 21:00:00,,,,,,,,,0.9398560579418954,0.3415707691678556,-0.5000000000000004,0.8660254037844384
2026-03-13 00:00:00,,,,,,,,,0.9455963874271426,0.3253420847119801,0.25881904510252074,0.9659258262890683
2026-03-13 03:00:00,,,,,,,,,0.9455963874271426,0.3253420847119801,0.8660254037844386,0.5000000000000001
2026-03-13 06:00:00,,,,,,,,,0.9455963874271426,0.3253420847119801,0.9659258262890683,-0.25881904510252063
2026-03-13 09:00:00,,,,,,,,,0.9455963874271426,0.3253420847119801,0.49999999999999994,-0.8660254037844387
2026-03-13 12:00:00,,,,,,,,,0.9455963874271426,0.3253420847119801,-0.2588190451025208,-0.9659258262890683
2026-03-13 15:00:00,,,,,,,,,0.9455963874271426,0.3253420847119801,-0.8660254037844385,-0.5000000000000004
2026-03-13 18:00:00,,,,,,,,,0.9455963874271426,0.3253420847119801,-0.9659258262890684,0.2588190451025203
2026-03-13 21:00:00,,,,,,,,,0.9455963874271426,0.3253420847119801,-0.5000000000000004,0.8660254037844384
2026-03-14 00:00:00,,,,,,,,,0.9510565162951535,0.30901699437494745,0.25881904510252074,0.9659258262890683
2026-03-14 03:00:00,,,,,,,,,0.9510565162951535,0.30901699437494745,0.8660254037844386,0.5000000000000001
2026-03-14 06:00:00,,,,,,,,,0.9510565162951535,0.30901699437494745,0.9659258262890683,-0.25881904510252063
2026-03-14 09:00:00,,,,,,,,,0.9510565162951535,0.30901699437494745,0.49999999999999994,-0.8660254037844387
2026-03-14 12:00:00,,,,,,,,,0.9510565162951535,0.30901699437494745,-0.2588190451025208,-0.9659258262890683
2026-03-14 15:00:00,,,,,,,,,0.9510565162951535,0.30901699437494745,-0.8660254037844385,-0.5000000000000004
2026-03-14 18:00:00,,,,,,,,,0.9510565162951535,0.30901699437494745,-0.9659258262890684,0.2588190451025203
2026-03-14 21:00:00,,,,,,,,,0.9510565162951535,0.30901699437494745,-0.5000000000000004,0.8660254037844384
2026-03-15 00:00:00,,,,,,,,,0.9562348265919056,0.29260033563334836,0.25881904510252074,0.9659258262890683
2026-03-15 03:00:00,,,,,,,,,0.9562348265919056,0.29260033563334836,0.8660254037844386,0.5000000000000001
2026-03-15 06:00:00,,,,,,,,,0.9562348265919056,0.29260033563334836,0.9659258262890683,-0.25881904510252063
2026-03-15 09:00:00,,,,,,,,,0.9562348265919056,0.29260033563334836,0.49999999999999994,-0.8660254037844387
2026-03-15 12:00:00,,,,,,,,,0.9562348265919056,0.29260033563334836,-0.2588190451025208,-0.9659258262890683
2026-03-15 15:00:00,,,,,,,,,0.9562348265919056,0.29260033563334836,-0.8660254037844385,-0.5000000000000004
2026-03-15 18:00:00,,,,,,,,,0.9562348265919056,0.29260033563334836,-0.9659258262890684,0.2588190451025203
2026-03-15 21:00:00,,,,,,,,,0.9562348265919056,0.29260033563334836,-0.5000000000000004,0.8660254037844384
2026-03-16 00:00:00,,,,,,,,,0.9611297838723007,0.27609697309746883,0.25881904510252074,0.9659258262890683
2026-03-16 03:00:00,,,,,,,,,0.9611297838723007,0.27609697309746883,0.8660254037844386,0.5000000000000001
2026-03-16 06:00:00,,,,,,,,,0.9611297838723007,0.27609697309746883,0.9659258262890683,-0.25881904510252063
2026-03-16 09:00:00,,,,,,,,,0.9611297838723007,0.27609697309746883,0.49999999999999994,-0.8660254037844387
2026-03-16 12:00:00,,,,,,,,,0.9611297838723007,0.27609697309746883,-0.2588190451025208,-0.9659258262890683
2026-03-16 15:00:00,,,,,,,,,0.9611297838723007,0.27609697309746883,-0.8660254037844385,-0.5000000000000004
2026-03-16 18:00:00,,,,,,,,,0.9611297838723007,0.27609697309746883,-0.9659258262890684,0.2588190451025203
2026-03-16 21:00:00,,,,,,,,,0.9611297838723007,0.27609697309746883,-0.5000000000000004,0.8660254037844384
2026-03-17 00:00:00,,,,,,,,,0.9657399376548549,0.2595117970697999,0.25881904510252074,0.9659258262890683
2026-03-17 03:00:00,,,,,,,,,0.9657399376548549,0.2595117970697999,0.8660254037844386,0.5000000000000001
2026-03-17 06:00:00,,,,,,,,,0.9657399376548549,0.2595117970697999,0.9659258262890683,-0.25881904510252063
2026-03-17 09:00:00,,,,,,,,,0.9657399376548549,0.2595117970697999,0.49999999999999994,-0.8660254037844387
2026-03-17 12:00:00,,,,,,,,,0.9657399376548549,0.2595117970697999,-0.2588190451025208,-0.9659258262890683
2026-03-17 15:00:00,,,,,,,,,0.9657399376548549,0.2595117970697999,-0.8660254037844385,-0.5000000000000004
2026-03-17 18:00:00,,,,,,,,,0.9657399376548549,0.2595117970697999,-0.9659258262890684,0.2588190451025203
2026-03-17 21:00:00,,,,,,,,,0.9657399376548549,0.2595117970697999,-0.5000000000000004,0.8660254037844384
2026-03-18 00:00:00,,,,,,,,,0.9700639218515071,0.2428497220959356,0.25881904510252074,0.9659258262890683
2026-03-18 03:00:00,,,,,,,,,0.9700639218515071,0.2428497220959356,0.8660254037844386,0.5000000000000001
2026-03-18 06:00:00,,,,,,,,,0.9700639218515071,0.2428497220959356,0.9659258262890683,-0.25881904510252063
2026-03-18 09:00:00,,,,,,,,,0.9700639218515071,0.2428497220959356,0.49999999999999994,-0.8660254037844387
2026-03-18 12:00:00,,,,,,,,,0.9700639218515071,0.2428497220959356,-0.2588190451025208,-0.9659258262890683
2026-03-18 15:00:00,,,,,,,,,0.9700639218515071,0.2428497220959356,-0.8660254037844385,-0.5000000000000004
2026-03-18 18:00:00,,,,,,,,,0.9700639218515071,0.2428497220959356,-0.9659258262890684,0.2588190451025203
2026-03-18 21:00:00,,,,,,,,,0.9700639218515071,0.2428497220959356,-0.5000000000000004,0.8660254037844384
2026-03-19 00:00:00,,,,,,,,,0.9741004551724205,0.22611568550828828,0.25881904510252074,0.9659258262890683
2026-03-19 03:00:00,,,,,,,,,0.9741004551724205,0.22611568550828828,0.8660254037844386,0.5000000000000001
2026-03-19 06:00:00,,,,,,,,,0.9741004551724205,0.22611568550828828,0.9659258262890683,-0.25881904510252063
2026-03-19 09:00:00,,,,,,,,,0.9741004551724205,0.22611568550828828,0.49999999999999994,-0.8660254037844387
2026-03-19 12:00:00,,,,,,,,,0.9741004551724205,0.22611568550828828,-0.2588190451025208,-0.9659258262890683
2026-03-19 15:00:00,,,,,,,,,0.9741004551724205,0.22611568550828828,-0.8660254037844385,-0.5000000000000004
2026-03-19 18:00:00,,,,,,,,,0.9741004551724205,0.22611568550828828,-0.9659258262890684,0.2588190451025203
2026-03-19 21:00:00,,,,,,,,,0.9741004551724205,0.22611568550828828,-0.5000000000000004,0.8660254037844384
2026-03-20 00:00:00,,,,,,,,,0.9778483415056568,0.20931464596304847,0.25881904510252074,0.9659258262890683
2026-03-20 03:00:00,,,,,,,,,0.9778483415056568,0.20931464596304847,0.8660254037844386,0.5000000000000001
2026-03-20 06:00:00,,,,,,,,,0.9778483415056568,0.20931464596304847,0.9659258262890683,-0.25881904510252063
2026-03-20 09:00:00,,,,,,,,,0.9778483415056568,0.20931464596304847,0.49999999999999994,-0.8660254037844387
2026-03-20 12:00:00,,,,,,,,,0.9778483415056568,0.20931464596304847,-0.2588190451025208,-0.9659258262890683
2026-03-20 15:00:00,,,,,,,,,0.9778483415056568,0.20931464596304847,-0.8660254037844385,-0.5000000000000004
2026-03-20 18:00:00,,,,,,,,,0.9778483415056568,0.20931464596304847,-0.9659258262890684,0.2588190451025203
2026-03-20 21:00:00,,,,,,,,,0.9778483415056568,0.20931464596304847,-0.5000000000000004,0.8660254037844384
2026-03-21 00:00:00,,,,,,,,,0.9813064702716093,0.19245158197082998,0.25881904510252074,0.9659258262890683
2026-03-21 03:00:00,,,,,,,,,0.9813064702716093,0.19245158197082998,0.8660254037844386,0.5000000000000001
2026-03-21 06:00:00,,,,,,,,,0.9813064702716093,0.19245158197082998,0.9659258262890683,-0.25881904510252063
2026-03-21 09:00:00,,,,,,,,,0.9813064702716093,0.19245158197082998,0.49999999999999994,-0.8660254037844387
2026-03-21 12:00:00,,,,,,,,,0.9813064702716093,0.19245158197082998,-0.2588190451025208,-0.9659258262890683
2026-03-21 15:00:00,,,,,,,,,0.9813064702716093,0.19245158197082998,-0.8660254037844385,-0.5000000000000004
2026-03-21 18:00:00,,,,,,,,,0.9813064702716093,0.19245158197082998,-0.9659258262890684,0.2588190451025203
2026-03-21 21:00:00,,,,,,,,,0.9813064702716093,0.19245158197082998,-0.5000000000000004,0.8660254037844384
2026-03-22 00:00:00,,,,,,,,,0.9844738167520922,0.1755314904214282,0.25881904510252074,0.9659258262890683
2026-03-22 03:00:00,,,,,,,,,0.9844738167520922,0.1755314904214282,0.8660254037844386,0.5000000000000001
2026-03-22 06:00:00,,,,,,,,,0.9844738167520922,0.1755314904214282,0.9659258262890683,-0.25881904510252063
2026-03-22 09:00:00,,,,,,,,,0.9844738167520922,0.1755314904214282,0.49999999999999994,-0.8660254037844387
2026-03-22 12:00:00,,,,,,,,,0.9844738167520922,0.1755314904214282,-0.2588190451025208,-0.9659258262890683
2026-03-22 15:00:00,,,,,,,,,0.9844738167520922,0.1755314904214282,-0.8660254037844385,-0.5000000000000004
2026-03-22 18:00:00,,,,,,,,,0.9844738167520922,0.1755314904214282,-0.9659258262890684,0.2588190451025203
2026-03-22 21:00:00,,,,,,,,,0.9844738167520922,0.1755314904214282,-0.5000000000000004,0.8660254037844384
2026-03-23 00:00:00,,,,,,,,,0.9873494423939864,0.15855938510313475,0.25881904510252074,0.9659258262890683
2026-03-23 03:00:00,,,,,,,,,0.9873494423939864,0.15855938510313475,0.8660254037844386,0.5000000000000001
2026-03-23 06:00:00,,,,,,,,,0.9873494423939864,0.15855938510313475,0.9659258262890683,-0.25881904510252063
2026-03-23 09:00:00,,,,,,,,,0.9873494423939864,0.15855938510313475,0.49999999999999994,-0.8660254037844387
2026-03-23 12:00:00,,,,,,,,,0.9873494423939864,0.15855938510313475,-0.2588190451025208,-0.9659258262890683
2026-03-23 15:00:00,,,,,,,,,0.9873494423939864,0.15855938510313475,-0.8660254037844385,-0.5000000000000004
2026-03-23 18:00:00,,,,,,,,,0.9873494423939864,0.15855938510313475,-0.9659258262890684,0.2588190451025203
2026-03-23 21:00:00,,,,,,,,,0.9873494423939864,0.15855938510313475,-0.5000000000000004,0.8660254037844384
2026-03-24 00:00:00,,,,,,,,,0.989932495087353,0.141540295217043,0.25881904510252074,0.9659258262890683
2026-03-24 03:00:00,,,,,,,,,0.989932495087353,0.141540295217043,0.8660254037844386,0.5000000000000001
2026-03-24 06:00:00,,,,,,,,,0.989932495087353,0.141540295217043,0.9659258262890683,-0.25881904510252063
2026-03-24 09:00:00,,,,,,,,,0.989932495087353,0.141540295217043,0.49999999999999994,-0.8660254037844387
2026-03-24 12:00:00,,,,,,,,,0.989932495087353,0.141540295217043,-0.2588190451025208,-0.9659258262890683
2026-03-24 15:00:00,,,,,,,,,0.989932495087353,0.141540295217043,-0.8660254037844385,-0.5000000000000004
2026-03-24 18:00:00,,,,,,,,,0.989932495087353,0.141540295217043,-0.9659258262890684,0.2588190451025203
2026-03-24 21:00:00,,,,,,,,,0.989932495087353,0.141540295217043,-0.5000000000000004,0.8660254037844384
2026-03-25 00:00:00,,,,,,,,,0.9922222094179323,0.12447926388678915,0.25881904510252074,0.9659258262890683
2026-03-25 03:00:00,,,,,,,,,0.9922222094179323,0.12447926388678915,0.8660254037844386,0.5000000000000001
2026-03-25 06:00:00,,,,,,,,,0.9922222094179323,0.12447926388678915,0.9659258262890683,-0.25881904510252063
2026-03-25 09:00:00,,,,,,,,,0.9922222094179323,0.12447926388678915,0.49999999999999994,-0.8660254037844387
2026-03-25 12:00:00,,,,,,,,,0.9922222094179323,0.12447926388678915,-0.2588190451025208,-0.9659258262890683
2026-03-25 15:00:00,,,,,,,,,0.9922222094179323,0.12447926388678915,-0.8660254037844385,-0.5000000000000004
2026-03-25 18:00:00,,,,,,,,,0.9922222094179323,0.12447926388678915,-0.9659258262890684,0.2588190451025203
2026-03-25 21:00:00,,,,,,,,,0.9922222094179323,0.12447926388678915,-0.5000000000000004,0.8660254037844384
2026-03-26 00:00:00,,,,,,,,,0.994217906893952,0.10738134666416309,0.25881904510252074,0.9659258262890683
2026-03-26 03:00:00,,,,,,,,,0.994217906893952,0.10738134666416309,0.8660254037844386,0.5000000000000001
2026-03-26 06:00:00,,,,,,,,,0.994217906893952,0.10738134666416309,0.9659258262890683,-0.25881904510252063
2026-03-26 09:00:00,,,,,,,,,0.994217906893952,0.10738134666416309,0.49999999999999994,-0.8660254037844387
2026-03-26 12:00:00,,,,,,,,,0.994217906893952,0.10738134666416309,-0.2588190451025208,-0.9659258262890683
2026-03-26 15:00:00,,,,,,,,,0.994217906893952,0.10738134666416309,-0.8660254037844385,-0.5000000000000004
2026-03-26 18:00:00,,,,,,,,,0.994217906893952,0.10738134666416309,-0.9659258262890684,0.2588190451025203
2026-03-26 21:00:00,,,,,,,,,0.994217906893952,0.10738134666416309,-0.5000000000000004,0.8660254037844384
2026-03-27 00:00:00,,,,,,,,,0.995918996147179,0.09025161003104117,0.25881904510252074,0.9659258262890683
2026-03-27 03:00:00,,,,,,,,,0.995918996147179,0.09025161003104117,0.8660254037844386,0.5000000000000001
2026-03-27 06:00:00,,,,,,,,,0.995918996147179,0.09025161003104117,0.9659258262890683,-0.25881904510252063
2026-03-27 09:00:00,,,,,,,,,0.995918996147179,0.09025161003104117,0.49999999999999994,-0.8660254037844387
2026-03-27 12:00:00,,,,,,,,,0.995918996147179,0.09025161003104117,-0.2588190451025208,-0.9659258262890683
2026-03-27 15:00:00,,,,,,,,,0.995918996147179,0.09025161003104117,-0.8660254037844385,-0.5000000000000004
2026-03-27 18:00:00,,,,,,,,,0.995918996147179,0.09025161003104117,-0.9659258262890684,0.2588190451025203
2026-03-27 21:00:00,,,,,,,,,0.995918996147179,0.09025161003104117,-0.5000000000000004,0.8660254037844384
2026-03-28 00:00:00,,,,,,,,,0.9973249731081555,0.07309512989807777,0.25881904510252074,0.9659258262890683
2026-03-28 03:00:00,,,,,,,,,0.9973249731081555,0.07309512989807777,0.8660254037844386,0.5000000000000001
2026-03-28 06:00:00,,,,,,,,,0.9973249731081555,0.07309512989807777,0.9659258262890683,-0.25881904510252063
2026-03-28 09:00:00,,,,,,,,,0.9973249731081555,0.07309512989807777,0.49999999999999994,-0.8660254037844387
2026-03-28 12:00:00,,,,,,,,,0.9973249731081555,0.07309512989807777,-0.2588190451025208,-0.9659258262890683
2026-03-28 15:00:00,,,,,,,,,0.9973249731081555,0.07309512989807777,-0.8660254037844385,-0.5000000000000004
2026-03-28 18:00:00,,,,,,,,,0.9973249731081555,0.07309512989807777,-0.9659258262890684,0.2588190451025203
2026-03-28 21:00:00,,,,,,,,,0.9973249731081555,0.07309512989807777,-0.5000000000000004,0.8660254037844384
2026-03-29 00:00:00,,,,,,,,,0.9984354211555643,0.055916990100603484,0.25881904510252074,0.9659258262890683
2026-03-29 03:00:00,,,,,,,,,0.9984354211555643,0.055916990100603484,0.8660254037844386,0.5000000000000001
2026-03-29 06:00:00,,,,,,,,,0.9984354211555643,0.055916990100603484,0.9659258262890683,-0.25881904510252063
2026-03-29 09:00:00,,,,,,,,,0.9984354211555643,0.055916990100603484,0.49999999999999994,-0.8660254037844387
2026-03-29 12:00:00,,,,,,,,,0.9984354211555643,0.055916990100603484,-0.2588190451025208,-0.9659258262890683
2026-03-29 15:00:00,,,,,,,,,0.9984354211555643,0.055916990100603484,-0.8660254037844385,-0.5000000000000004
2026-03-29 18:00:00,,,,,,,,,0.9984354211555643,0.055916990100603484,-0.9659258262890684,0.2588190451025203
2026-03-29 21:00:00,,,,,,,,,0.9984354211555643,0.055916990100603484,-0.5000000000000004,0.8660254037844384
2026-03-30 00:00:00,,,,,,,,,0.9992500112396835,0.03872228089217446,0.25881904510252074,0.9659258262890683
2026-03-30 03:00:00,,,,,,,,,0.9992500112396835,0.03872228089217446,0.8660254037844386,0.5000000000000001
2026-03-30 06:00:00,,,,,,,,,0.9992500112396835,0.03872228089217446,0.9659258262890683,-0.25881904510252063
2026-03-30 09:00:00,,,,,,,,,0.9992500112396835,0.03872228089217446,0.49999999999999994,-0.8660254037844387
2026-03-30 12:00:00,,,,,,,,,0.9992500112396835,0.03872228089217446,-0.2588190451025208,-0.9659258262890683
2026-03-30 15:00:00,,,,,,,,,0.9992500112396835,0.03872228089217446,-0.8660254037844385,-0.5000000000000004
2026-03-30 18:00:00,,,,,,,,,0.9992500112396835,0.03872228089217446,-0.9659258262890684,0.2588190451025203
2026-03-30 21:00:00,,,,,,,,,0.9992500112396835,0.03872228089217446,-0.5000000000000004,0.8660254037844384
2026-03-31 00:00:00,,,,,,,,,0.9997685019798909,0.021516097436222254,0.25881904510252074,0.9659258262890683
2026-03-31 03:00:00,,,,,,,,,0.9997685019798909,0.021516097436222254,0.8660254037844386,0.5000000000000001
2026-03-31 06:00:00,,,,,,,,,0.9997685019798909,0.021516097436222254,0.9659258262890683,-0.25881904510252063
2026-03-31 09:00:00,,,,,,,,,0.9997685019798909,0.021516097436222254,0.49999999999999994,-0.8660254037844387
2026-03-31 12:00:00,,,,,,,,,0.9997685019798909,0.021516097436222254,-0.2588190451025208,-0.9659258262890683
2026-03-31 15:00:00,,,,,,,,,0.9997685019798909,0.021516097436222254,-0.8660254037844385,-0.5000000000000004
2026-03-31 18:00:00,,,,,,,,,0.9997685019798909,0.021516097436222254,-0.9659258262890684,0.2588190451025203
2026-03-31 21:00:00,,,,,,,,,0.9997685019798909,0.021516097436222254,-0.5000000000000004,0.8660254037844384
2026-04-01 00:00:00,,,,,,,,,0.9999907397361901,0.004303538296244289,0.25881904510252074,0.9659258262890683
2026-04-01 03:00:00,,,,,,,,,0.9999907397361901,0.004303538296244289,0.8660254037844386,0.5000000000000001
2026-04-01 06:00:00,,,,,,,,,0.9999907397361901,0.004303538296244289,0.9659258262890683,-0.25881904510252063
2026-04-01 09:00:00,,,,,,,,,0.9999907397361901,0.004303538296244289,0.49999999999999994,-0.8660254037844387
2026-04-01 12:00:00,,,,,,,,,0.9999907397361901,0.004303538296244289,-0.2588190451025208,-0.9659258262890683
2026-04-01 15:00:00,,,,,,,,,0.9999907397361901,0.004303538296244289,-0.8660254037844385,-0.5000000000000004
2026-04-01 18:00:00,,,,,,,,,0.9999907397361901,0.004303538296244289,-0.9659258262890684,0.2588190451025203
2026-04-01 21:00:00,,,,,,,,,0.9999907397361901,0.004303538296244289,-0.5000000000000004,0.8660254037844384
2026-04-02 00:00:00,,,,,,,,,0.9999166586547379,-0.01291029607500882,0.25881904510252074,0.9659258262890683
2026-04-02 03:00:00,,,,,,,,,0.9999166586547379,-0.01291029607500882,0.8660254037844386,0.5000000000000001
2026-04-02 06:00:00,,,,,,,,,0.9999166586547379,-0.01291029607500882,0.9659258262890683,-0.25881904510252063
2026-04-02 09:00:00,,,,,,,,,0.9999166586547379,-0.01291029607500882,0.49999999999999994,-0.8660254037844387
2026-04-02 12:00:00,,,,,,,,,0.9999166586547379,-0.01291029607500882,-0.2588190451025208,-0.9659258262890683
2026-04-02 15:00:00,,,,,,,,,0.9999166586547379,-0.01291029607500882,-0.8660254037844385,-0.5000000000000004
2026-04-02 18:00:00,,,,,,,,,0.9999166586547379,-0.01291029607500882,-0.9659258262890684,0.2588190451025203
2026-04-02 21:00:00,,,,,,,,,0.9999166586547379,-0.01291029607500882,-0.5000000000000004,0.8660254037844384
2026-04-03 00:00:00,,,,,,,,,0.9995462806873573,-0.030120304846908114,0.25881904510252074,0.9659258262890683
2026-04-03 03:00:00,,,,,,,,,0.9995462806873573,-0.030120304846908114,0.8660254037844386,0.5000000000000001
2026-04-03 06:00:00,,,,,,,,,0.9995462806873573,-0.030120304846908114,0.9659258262890683,-0.25881904510252063
2026-04-03 09:00:00,,,,,,,,,0.9995462806873573,-0.030120304846908114,0.49999999999999994,-0.8660254037844387
2026-04-03 12:00:00,,,,,,,,,0.9995462806873573,-0.030120304846908114,-0.2588190451025208,-0.9659258262890683
2026-04-03 15:00:00,,,,,,,,,0.9995462806873573,-0.030120304846908114,-0.8660254037844385,-0.5000000000000004
2026-04-03 18:00:00,,,,,,,,,0.9995462806873573,-0.030120304846908114,-0.9659258262890684,0.2588190451025203
2026-04-03 21:00:00,,,,,,,,,0.9995462806873573,-0.030120304846908114,-0.5000000000000004,0.8660254037844384
2026-04-04 00:00:00,,,,,,,,,0.9988797155850336,-0.04732138832243185,0.25881904510252074,0.9659258262890683
2026-04-04 03:00:00,,,,,,,,,0.9988797155850336,-0.04732138832243185,0.8660254037844386,0.5000000000000001
2026-04-04 06:00:00,,,,,,,,,0.9988797155850336,-0.04732138832243185,0.9659258262890683,-0.25881904510252063
2026-04-04 09:00:00,,,,,,,,,0.9988797155850336,-0.04732138832243185,0.49999999999999994,-0.8660254037844387
2026-04-04 12:00:00,,,,,,,,,0.9988797155850336,-0.04732138832243185,-0.2588190451025208,-0.9659258262890683
2026-04-04 15:00:00,,,,,,,,,0.9988797155850336,-0.04732138832243185,-0.8660254037844385,-0.5000000000000004
2026-04-04 18:00:00,,,,,,,,,0.9988797155850336,-0.04732138832243185,-0.9659258262890684,0.2588190451025203
2026-04-04 21:00:00,,,,,,,,,0.9988797155850336,-0.04732138832243185,-0.5000000000000004,0.8660254037844384
2026-04-05 00:00:00,,,,,,,,,0.9979171608653922,-0.06450844944931623,0.25881904510252074,0.9659258262890683
2026-04-05 03:00:00,,,,,,,,,0.9979171608653922,-0.06450844944931623,0.8660254037844386,0.5000000000000001
2026-04-05 06:00:00,,,,,,,,,0.9979171608653922,-0.06450844944931623,0.9659258262890683,-0.25881904510252063
2026-04-05 09:00:00,,,,,,,,,0.9979171608653922,-0.06450844944931623,0.49999999999999994,-0.8660254037844387
2026-04-05 12:00:00,,,,,,,,,0.9979171608653922,-0.06450844944931623,-0.2588190451025208,-0.9659258262890683
2026-04-05 15:00:00,,,,,,,,,0.9979171608653922,-0.06450844944931623,-0.8660254037844385,-0.5000000000000004
2026-04-05 18:00:00,,,,,,,,,0.9979171608653922,-0.06450844944931623,-0.9659258262890684,0.2588190451025203
2026-04-05 21:00:00,,,,,,,,,0.9979171608653922,-0.06450844944931623,-0.5000000000000004,0.8660254037844384
2026-04-06 00:00:00,,,,,,,,,0.9966589017541702,-0.08167639533042241,0.25881904510252074,0.9659258262890683
2026-04-06 03:00:00,,,,,,,,,0.9966589017541702,-0.08167639533042241,0.8660254037844386,0.5000000000000001
2026-04-06 06:00:00,,,,,,,,,0.9966589017541702,-0.08167639533042241,0.9659258262890683,-0.25881904510252063
2026-04-06 09:00:00,,,,,,,,,0.9966589017541702,-0.08167639533042241,0.49999999999999994,-0.8660254037844387
2026-04-06 12:00:00,,,,,,,,,0.9966589017541702,-0.08167639533042241,-0.2588190451025208,-0.9659258262890683
2026-04-06 15:00:00,,,,,,,,,0.9966589017541702,-0.08167639533042241,-0.8660254037844385,-0.5000000000000004
2026-04-06 18:00:00,,,,,,,,,0.9966589017541702,-0.08167639533042241,-0.9659258262890684,0.2588190451025203
2026-04-06 21:00:00,,,,,,,,,0.9966589017541702,-0.08167639533042241,-0.5000000000000004,0.8660254037844384
2026-04-07 00:00:00,,,,,,,,,0.9951053111006976,-0.09882013873287143,0.25881904510252074,0.9659258262890683
2026-04-07 03:00:00,,,,,,,,,0.9951053111006976,-0.09882013873287143,0.8660254037844386,0.5000000000000001
2026-04-07 06:00:00,,,,,,,,,0.9951053111006976,-0.09882013873287143,0.9659258262890683,-0.25881904510252063
2026-04-07 09:00:00,,,,,,,,,0.9951053111006976,-0.09882013873287143,0.49999999999999994,-0.8660254037844387
2026-04-07 12:00:00,,,,,,,,,0.9951053111006976,-0.09882013873287143,-0.2588190451025208,-0.9659258262890683
2026-04-07 15:00:00,,,,,,,,,0.9951053111006976,-0.09882013873287143,-0.8660254037844385,-0.5000000000000004
2026-04-07 18:00:00,,,,,,,,,0.9951053111006976,-0.09882013873287143,-0.9659258262890684,0.2588190451025203
2026-04-07 21:00:00,,,,,,,,,0.9951053111006976,-0.09882013873287143,-0.5000000000000004,0.8660254037844384
2026-04-08 00:00:00,,,,,,,,,0.9932568492674143,-0.11593459959550041,0.25881904510252074,0.9659258262890683
2026-04-08 03:00:00,,,,,,,,,0.9932568492674143,-0.11593459959550041,0.8660254037844386,0.5000000000000001
2026-04-08 06:00:00,,,,,,,,,0.9932568492674143,-0.11593459959550041,0.9659258262890683,-0.25881904510252063
2026-04-08 09:00:00,,,,,,,,,0.9932568492674143,-0.11593459959550041,0.49999999999999994,-0.8660254037844387
2026-04-08 12:00:00,,,,,,,,,0.9932568492674143,-0.11593459959550041,-0.2588190451025208,-0.9659258262890683
2026-04-08 15:00:00,,,,,,,,,0.9932568492674143,-0.11593459959550041,-0.8660254037844385,-0.5000000000000004
2026-04-08 18:00:00,,,,,,,,,0.9932568492674143,-0.11593459959550041,-0.9659258262890684,0.2588190451025203
2026-04-08 21:00:00,,,,,,,,,0.9932568492674143,-0.11593459959550041,-0.5000000000000004,0.8660254037844384
2026-04-09 00:00:00,,,,,,,,,0.9911140639934547,-0.1330147065341959,0.25881904510252074,0.9659258262890683
2026-04-09 03:00:00,,,,,,,,,0.9911140639934547,-0.1330147065341959,0.8660254037844386,0.5000000000000001
2026-04-09 06:00:00,,,,,,,,,0.9911140639934547,-0.1330147065341959,0.9659258262890683,-0.25881904510252063
2026-04-09 09:00:00,,,,,,,,,0.9911140639934547,-0.1330147065341959,0.49999999999999994,-0.8660254037844387
2026-04-09 12:00:00,,,,,,,,,0.9911140639934547,-0.1330147065341959,-0.2588190451025208,-0.9659258262890683
2026-04-09 15:00:00,,,,,,,,,0.9911140639934547,-0.1330147065341959,-0.8660254037844385,-0.5000000000000004
2026-04-09 18:00:00,,,,,,,,,0.9911140639934547,-0.1330147065341959,-0.9659258262890684,0.2588190451025203
2026-04-09 21:00:00,,,,,,,,,0.9911140639934547,-0.1330147065341959,-0.5000000000000004,0.8660254037844384
2026-04-10 00:00:00,,,,,,,,,0.9886775902323405,-0.1500553983446526,0.25881904510252074,0.9659258262890683
2026-04-10 03:00:00,,,,,,,,,0.9886775902323405,-0.1500553983446526,0.8660254037844386,0.5000000000000001
2026-04-10 06:00:00,,,,,,,,,0.9886775902323405,-0.1500553983446526,0.9659258262890683,-0.25881904510252063
2026-04-10 09:00:00,,,,,,,,,0.9886775902323405,-0.1500553983446526,0.49999999999999994,-0.8660254037844387
2026-04-10 12:00:00,,,,,,,,,0.9886775902323405,-0.1500553983446526,-0.2588190451025208,-0.9659258262890683
2026-04-10 15:00:00,,,,,,,,,0.9886775902323405,-0.1500553983446526,-0.8660254037844385,-0.5000000000000004
2026-04-10 18:00:00,,,,,,,,,0.9886775902323405,-0.1500553983446526,-0.9659258262890684,0.2588190451025203
2026-04-10 21:00:00,,,,,,,,,0.9886775902323405,-0.1500553983446526,-0.5000000000000004,0.8660254037844384
2026-04-11 00:00:00,,,,,,,,,0.9859481499638304,-0.16705162550211924,0.25881904510252074,0.9659258262890683
2026-04-11 03:00:00,,,,,,,,,0.9859481499638304,-0.16705162550211924,0.8660254037844386,0.5000000000000001
2026-04-11 06:00:00,,,,,,,,,0.9859481499638304,-0.16705162550211924,0.9659258262890683,-0.25881904510252063
2026-04-11 09:00:00,,,,,,,,,0.9859481499638304,-0.16705162550211924,0.49999999999999994,-0.8660254037844387
2026-04-11 12:00:00,,,,,,,,,0.9859481499638304,-0.16705162550211924,-0.2588190451025208,-0.9659258262890683
2026-04-11 15:00:00,,,,,,,,,0.9859481499638304,-0.16705162550211924,-0.8660254037844385,-0.5000000000000004
2026-04-11 18:00:00,,,,,,,,,0.9859481499638304,-0.16705162550211924,-0.9659258262890684,0.2588190451025203
2026-04-11 21:00:00,,,,,,,,,0.9859481499638304,-0.16705162550211924,-0.5000000000000004,0.8660254037844384
2026-04-12 00:00:00,,,,,,,,,0.9829265519799822,-0.18399835165768005,0.25881904510252074,0.9659258262890683
2026-04-12 03:00:00,,,,,,,,,0.9829265519799822,-0.18399835165768005,0.8660254037844386,0.5000000000000001
2026-04-12 06:00:00,,,,,,,,,0.9829265519799822,-0.18399835165768005,0.9659258262890683,-0.25881904510252063
2026-04-12 09:00:00,,,,,,,,,0.9829265519799822,-0.18399835165768005,0.49999999999999994,-0.8660254037844387
2026-04-12 12:00:00,,,,,,,,,0.9829265519799822,-0.18399835165768005,-0.2588190451025208,-0.9659258262890683
2026-04-12 15:00:00,,,,,,,,,0.9829265519799822,-0.18399835165768005,-0.8660254037844385,-0.5000000000000004
2026-04-12 18:00:00,,,,,,,,,0.9829265519799822,-0.18399835165768005,-0.9659258262890684,0.2588190451025203
2026-04-12 21:00:00,,,,,,,,,0.9829265519799822,-0.18399835165768005,-0.5000000000000004,0.8660254037844384
2026-04-13 00:00:00,,,,,,,,,0.9796136916454901,-0.20089055513063506,0.25881904510252074,0.9659258262890683
2026-04-13 03:00:00,,,,,,,,,0.9796136916454901,-0.20089055513063506,0.8660254037844386,0.5000000000000001
2026-04-13 06:00:00,,,,,,,,,0.9796136916454901,-0.20089055513063506,0.9659258262890683,-0.25881904510252063
2026-04-13 09:00:00,,,,,,,,,0.9796136916454901,-0.20089055513063506,0.49999999999999994,-0.8660254037844387
2026-04-13 12:00:00,,,,,,,,,0.9796136916454901,-0.20089055513063506,-0.2588190451025208,-0.9659258262890683
2026-04-13 15:00:00,,,,,,,,,0.9796136916454901,-0.20089055513063506,-0.8660254037844385,-0.5000000000000004
2026-04-13 18:00:00,,,,,,,,,0.9796136916454901,-0.20089055513063506,-0.9659258262890684,0.2588190451025203
2026-04-13 21:00:00,,,,,,,,,0.9796136916454901,-0.20089055513063506,-0.5000000000000004,0.8660254037844384
2026-04-14 00:00:00,,,,,,,,,0.9760105506323683,-0.21772323039653177,0.25881904510252074,0.9659258262890683
2026-04-14 03:00:00,,,,,,,,,0.9760105506323683,-0.21772323039653177,0.8660254037844386,0.5000000000000001
2026-04-14 06:00:00,,,,,,,,,0.9760105506323683,-0.21772323039653177,0.9659258262890683,-0.25881904510252063
2026-04-14 09:00:00,,,,,,,,,0.9760105506323683,-0.21772323039653177,0.49999999999999994,-0.8660254037844387
2026-04-14 12:00:00,,,,,,,,,0.9760105506323683,-0.21772323039653177,-0.2588190451025208,-0.9659258262890683
2026-04-14 15:00:00,,,,,,,,,0.9760105506323683,-0.21772323039653177,-0.8660254037844385,-0.5000000000000004
2026-04-14 18:00:00,,,,,,,,,0.9760105506323683,-0.21772323039653177,-0.9659258262890684,0.2588190451025203
2026-04-14 21:00:00,,,,,,,,,0.9760105506323683,-0.21772323039653177,-0.5000000000000004,0.8660254037844384
2026-04-15 00:00:00,,,,,,,,,0.9721181966290613,-0.23449138957040985,0.25881904510252074,0.9659258262890683
2026-04-15 03:00:00,,,,,,,,,0.9721181966290613,-0.23449138957040985,0.8660254037844386,0.5000000000000001
2026-04-15 06:00:00,,,,,,,,,0.9721181966290613,-0.23449138957040985,0.9659258262890683,-0.25881904510252063
2026-04-15 09:00:00,,,,,,,,,0.9721181966290613,-0.23449138957040985,0.49999999999999994,-0.8660254037844387
2026-04-15 12:00:00,,,,,,,,,0.9721181966290613,-0.23449138957040985,-0.2588190451025208,-0.9659258262890683
2026-04-15 15:00:00,,,,,,,,,0.9721181966290613,-0.23449138957040985,-0.8660254037844385,-0.5000000000000004
2026-04-15 18:00:00,,,,,,,,,0.9721181966290613,-0.23449138957040985,-0.9659258262890684,0.2588190451025203
2026-04-15 21:00:00,,,,,,,,,0.9721181966290613,-0.23449138957040985,-0.5000000000000004,0.8660254037844384
2026-04-16 00:00:00,,,,,,,,,0.9679377830240642,-0.25119006388481935,0.25881904510252074,0.9659258262890683
2026-04-16 03:00:00,,,,,,,,,0.9679377830240642,-0.25119006388481935,0.8660254037844386,0.5000000000000001
2026-04-16 06:00:00,,,,,,,,,0.9679377830240642,-0.25119006388481935,0.9659258262890683,-0.25881904510252063
2026-04-16 09:00:00,,,,,,,,,0.9679377830240642,-0.25119006388481935,0.49999999999999994,-0.8660254037844387
2026-04-16 12:00:00,,,,,,,,,0.9679377830240642,-0.25119006388481935,-0.2588190451025208,-0.9659258262890683
2026-04-16 15:00:00,,,,,,,,,0.9679377830240642,-0.25119006388481935,-0.8660254037844385,-0.5000000000000004
2026-04-16 18:00:00,,,,,,,,,0.9679377830240642,-0.25119006388481935,-0.9659258262890684,0.2588190451025203
2026-04-16 21:00:00,,,,,,,,,0.9679377830240642,-0.25119006388481935,-0.5000000000000004,0.8660254037844384
2026-04-17 00:00:00,,,,,,,,,0.9634705485641488,-0.2678143051621742,0.25881904510252074,0.9659258262890683
2026-04-17 03:00:00,,,,,,,,,0.9634705485641488,-0.2678143051621742,0.8660254037844386,0.5000000000000001
2026-04-17 06:00:00,,,,,,,,,0.9634705485641488,-0.2678143051621742,0.9659258262890683,-0.25881904510252063
2026-04-17 09:00:00,,,,,,,,,0.9634705485641488,-0.2678143051621742,0.49999999999999994,-0.8660254037844387
2026-04-17 12:00:00,,,,,,,,,0.9634705485641488,-0.2678143051621742,-0.2588190451025208,-0.9659258262890683
2026-04-17 15:00:00,,,,,,,,,0.9634705485641488,-0.2678143051621742,-0.8660254037844385,-0.5000000000000004
2026-04-17 18:00:00,,,,,,,,,0.9634705485641488,-0.2678143051621742,-0.9659258262890684,0.2588190451025203
2026-04-17 21:00:00,,,,,,,,,0.9634705485641488,-0.2678143051621742,-0.5000000000000004,0.8660254037844384
2026-04-18 00:00:00,,,,,,,,,0.9587178169872964,-0.2843591872810034,0.25881904510252074,0.9659258262890683
2026-04-18 03:00:00,,,,,,,,,0.9587178169872964,-0.2843591872810034,0.8660254037844386,0.5000000000000001
2026-04-18 06:00:00,,,,,,,,,0.9587178169872964,-0.2843591872810034,0.9659258262890683,-0.25881904510252063
2026-04-18 09:00:00,,,,,,,,,0.9587178169872964,-0.2843591872810034,0.49999999999999994,-0.8660254037844387
2026-04-18 12:00:00,,,,,,,,,0.9587178169872964,-0.2843591872810034,-0.2588190451025208,-0.9659258262890683
2026-04-18 15:00:00,,,,,,,,,0.9587178169872964,-0.2843591872810034,-0.8660254037844385,-0.5000000000000004
2026-04-18 18:00:00,,,,,,,,,0.9587178169872964,-0.2843591872810034,-0.9659258262890684,0.2588190451025203
2026-04-18 21:00:00,,,,,,,,,0.9587178169872964,-0.2843591872810034,-0.5000000000000004,0.8660254037844384
2026-04-19 00:00:00,,,,,,,,,0.9536809966304457,-0.30081980763566735,0.25881904510252074,0.9659258262890683
2026-04-19 03:00:00,,,,,,,,,0.9536809966304457,-0.30081980763566735,0.8660254037844386,0.5000000000000001
2026-04-19 06:00:00,,,,,,,,,0.9536809966304457,-0.30081980763566735,0.9659258262890683,-0.25881904510252063
2026-04-19 09:00:00,,,,,,,,,0.9536809966304457,-0.30081980763566735,0.49999999999999994,-0.8660254037844387
2026-04-19 12:00:00,,,,,,,,,0.9536809966304457,-0.30081980763566735,-0.2588190451025208,-0.9659258262890683
2026-04-19 15:00:00,,,,,,,,,0.9536809966304457,-0.30081980763566735,-0.8660254037844385,-0.5000000000000004
2026-04-19 18:00:00,,,,,,,,,0.9536809966304457,-0.30081980763566735,-0.9659258262890684,0.2588190451025203
2026-04-19 21:00:00,,,,,,,,,0.9536809966304457,-0.30081980763566735,-0.5000000000000004,0.8660254037844384
2026-04-20 00:00:00,,,,,,,,,0.9483615800121715,-0.3171912885891061,0.25881904510252074,0.9659258262890683
2026-04-20 03:00:00,,,,,,,,,0.9483615800121715,-0.3171912885891061,0.8660254037844386,0.5000000000000001
2026-04-20 06:00:00,,,,,,,,,0.9483615800121715,-0.3171912885891061,0.9659258262890683,-0.25881904510252063
2026-04-20 09:00:00,,,,,,,,,0.9483615800121715,-0.3171912885891061,0.49999999999999994,-0.8660254037844387
2026-04-20 12:00:00,,,,,,,,,0.9483615800121715,-0.3171912885891061,-0.2588190451025208,-0.9659258262890683
2026-04-20 15:00:00,,,,,,,,,0.9483615800121715,-0.3171912885891061,-0.8660254037844385,-0.5000000000000004
2026-04-20 18:00:00,,,,,,,,,0.9483615800121715,-0.3171912885891061,-0.9659258262890684,0.2588190451025203
2026-04-20 21:00:00,,,,,,,,,0.9483615800121715,-0.3171912885891061,-0.5000000000000004,0.8660254037844384
2026-04-21 00:00:00,,,,,,,,,0.9427611433904207,-0.3334687789181868,0.25881904510252074,0.9659258262890683
2026-04-21 03:00:00,,,,,,,,,0.9427611433904207,-0.3334687789181868,0.8660254037844386,0.5000000000000001
2026-04-21 06:00:00,,,,,,,,,0.9427611433904207,-0.3334687789181868,0.9659258262890683,-0.25881904510252063
2026-04-21 09:00:00,,,,,,,,,0.9427611433904207,-0.3334687789181868,0.49999999999999994,-0.8660254037844387
2026-04-21 12:00:00,,,,,,,,,0.9427611433904207,-0.3334687789181868,-0.2588190451025208,-0.9659258262890683
2026-04-21 15:00:00,,,,,,,,,0.9427611433904207,-0.3334687789181868,-0.8660254037844385,-0.5000000000000004
2026-04-21 18:00:00,,,,,,,,,0.9427611433904207,-0.3334687789181868,-0.9659258262890684,0.2588190451025203
2026-04-21 21:00:00,,,,,,,,,0.9427611433904207,-0.3334687789181868,-0.5000000000000004,0.8660254037844384
2026-04-22 00:00:00,,,,,,,,,0.9368813462954315,-0.3496474552512284,0.25881904510252074,0.9659258262890683
2026-04-22 03:00:00,,,,,,,,,0.9368813462954315,-0.3496474552512284,0.8660254037844386,0.5000000000000001
2026-04-22 06:00:00,,,,,,,,,0.9368813462954315,-0.3496474552512284,0.9659258262890683,-0.25881904510252063
2026-04-22 09:00:00,,,,,,,,,0.9368813462954315,-0.3496474552512284,0.49999999999999994,-0.8660254037844387
2026-04-22 12:00:00,,,,,,,,,0.9368813462954315,-0.3496474552512284,-0.2588190451025208,-0.9659258262890683
2026-04-22 15:00:00,,,,,,,,,0.9368813462954315,-0.3496474552512284,-0.8660254037844385,-0.5000000000000004
2026-04-22 18:00:00,,,,,,,,,0.9368813462954315,-0.3496474552512284,-0.9659258262890684,0.2588190451025203
2026-04-22 21:00:00,,,,,,,,,0.9368813462954315,-0.3496474552512284,-0.5000000000000004,0.8660254037844384
2026-04-23 00:00:00,,,,,,,,,0.9307239310379795,-0.36572252349726897,0.25881904510252074,0.9659258262890683
2026-04-23 03:00:00,,,,,,,,,0.9307239310379795,-0.36572252349726897,0.8660254037844386,0.5000000000000001
2026-04-23 06:00:00,,,,,,,,,0.9307239310379795,-0.36572252349726897,0.9659258262890683,-0.25881904510252063
2026-04-23 09:00:00,,,,,,,,,0.9307239310379795,-0.36572252349726897,0.49999999999999994,-0.8660254037844387
2026-04-23 12:00:00,,,,,,,,,0.9307239310379795,-0.36572252349726897,-0.2588190451025208,-0.9659258262890683
2026-04-23 15:00:00,,,,,,,,,0.9307239310379795,-0.36572252349726897,-0.8660254037844385,-0.5000000000000004
2026-04-23 18:00:00,,,,,,,,,0.9307239310379795,-0.36572252349726897,-0.9659258262890684,0.2588190451025203
2026-04-23 21:00:00,,,,,,,,,0.9307239310379795,-0.36572252349726897,-0.5000000000000004,0.8660254037844384
2026-04-24 00:00:00,,,,,,,,,0.9242907221930933,-0.3816892202666588,0.25881904510252074,0.9659258262890683
2026-04-24 03:00:00,,,,,,,,,0.9242907221930933,-0.3816892202666588,0.8660254037844386,0.5000000000000001
2026-04-24 06:00:00,,,,,,,,,0.9242907221930933,-0.3816892202666588,0.9659258262890683,-0.25881904510252063
2026-04-24 09:00:00,,,,,,,,,0.9242907221930933,-0.3816892202666588,0.49999999999999994,-0.8660254037844387
2026-04-24 12:00:00,,,,,,,,,0.9242907221930933,-0.3816892202666588,-0.2588190451025208,-0.9659258262890683
2026-04-24 15:00:00,,,,,,,,,0.9242907221930933,-0.3816892202666588,-0.8660254037844385,-0.5000000000000004
2026-04-24 18:00:00,,,,,,,,,0.9242907221930933,-0.3816892202666588,-0.9659258262890684,0.2588190451025203
2026-04-24 21:00:00,,,,,,,,,0.9242907221930933,-0.3816892202666588,-0.5000000000000004,0.8660254037844384
2026-04-25 00:00:00,,,,,,,,,0.9175836260593937,-0.39754281428255595,0.25881904510252074,0.9659258262890683
2026-04-25 03:00:00,,,,,,,,,0.9175836260593937,-0.39754281428255595,0.8660254037844386,0.5000000000000001
2026-04-25 06:00:00,,,,,,,,,0.9175836260593937,-0.39754281428255595,0.9659258262890683,-0.25881904510252063
2026-04-25 09:00:00,,,,,,,,,0.9175836260593937,-0.39754281428255595,0.49999999999999994,-0.8660254037844387
2026-04-25 12:00:00,,,,,,,,,0.9175836260593937,-0.39754281428255595,-0.2588190451025208,-0.9659258262890683
2026-04-25 15:00:00,,,,,,,,,0.9175836260593937,-0.39754281428255595,-0.8660254037844385,-0.5000000000000004
2026-04-25 18:00:00,,,,,,,,,0.9175836260593937,-0.39754281428255595,-0.9659258262890684,0.2588190451025203
2026-04-25 21:00:00,,,,,,,,,0.9175836260593937,-0.39754281428255595,-0.5000000000000004,0.8660254037844384
2026-04-26 00:00:00,,,,,,,,,0.9106046300942162,-0.4132786077829042,0.25881904510252074,0.9659258262890683
2026-04-26 03:00:00,,,,,,,,,0.9106046300942162,-0.4132786077829042,0.8660254037844386,0.5000000000000001
2026-04-26 06:00:00,,,,,,,,,0.9106046300942162,-0.4132786077829042,0.9659258262890683,-0.25881904510252063
2026-04-26 09:00:00,,,,,,,,,0.9106046300942162,-0.4132786077829042,0.49999999999999994,-0.8660254037844387
2026-04-26 12:00:00,,,,,,,,,0.9106046300942162,-0.4132786077829042,-0.2588190451025208,-0.9659258262890683
2026-04-26 15:00:00,,,,,,,,,0.9106046300942162,-0.4132786077829042,-0.8660254037844385,-0.5000000000000004
2026-04-26 18:00:00,,,,,,,,,0.9106046300942162,-0.4132786077829042,-0.9659258262890684,0.2588190451025203
2026-04-26 21:00:00,,,,,,,,,0.9106046300942162,-0.4132786077829042,-0.5000000000000004,0.8660254037844384
2026-04-27 00:00:00,,,,,,,,,0.9033558023246845,-0.4288919379124835,0.25881904510252074,0.9659258262890683
2026-04-27 03:00:00,,,,,,,,,0.9033558023246845,-0.4288919379124835,0.8660254037844386,0.5000000000000001
2026-04-27 06:00:00,,,,,,,,,0.9033558023246845,-0.4288919379124835,0.9659258262890683,-0.25881904510252063
2026-04-27 09:00:00,,,,,,,,,0.9033558023246845,-0.4288919379124835,0.49999999999999994,-0.8660254037844387
2026-04-27 12:00:00,,,,,,,,,0.9033558023246845,-0.4288919379124835,-0.2588190451025208,-0.9659258262890683
2026-04-27 15:00:00,,,,,,,,,0.9033558023246845,-0.4288919379124835,-0.8660254037844385,-0.5000000000000004
2026-04-27 18:00:00,,,,,,,,,0.9033558023246845,-0.4288919379124835,-0.9659258262890684,0.2588190451025203
2026-04-27 21:00:00,,,,,,,,,0.9033558023246845,-0.4288919379124835,-0.5000000000000004,0.8660254037844384
2026-04-28 00:00:00,,,,,,,,,0.895839290734909,-0.4443781781046132,0.25881904510252074,0.9659258262890683
2026-04-28 03:00:00,,,,,,,,,0.895839290734909,-0.4443781781046132,0.8660254037844386,0.5000000000000001
2026-04-28 06:00:00,,,,,,,,,0.895839290734909,-0.4443781781046132,0.9659258262890683,-0.25881904510252063
2026-04-28 09:00:00,,,,,,,,,0.895839290734909,-0.4443781781046132,0.49999999999999994,-0.8660254037844387
2026-04-28 12:00:00,,,,,,,,,0.895839290734909,-0.4443781781046132,-0.2588190451025208,-0.9659258262890683
2026-04-28 15:00:00,,,,,,,,,0.895839290734909,-0.4443781781046132,-0.8660254037844385,-0.5000000000000004
2026-04-28 18:00:00,,,,,,,,,0.895839290734909,-0.4443781781046132,-0.9659258262890684,0.2588190451025203
2026-04-28 21:00:00,,,,,,,,,0.895839290734909,-0.4443781781046132,-0.5000000000000004,0.8660254037844384
2026-04-29 00:00:00,,,,,,,,,0.8880573226294932,-0.45973273945210397,0.25881904510252074,0.9659258262890683
2026-04-29 03:00:00,,,,,,,,,0.8880573226294932,-0.45973273945210397,0.8660254037844386,0.5000000000000001
2026-04-29 06:00:00,,,,,,,,,0.8880573226294932,-0.45973273945210397,0.9659258262890683,-0.25881904510252063
2026-04-29 09:00:00,,,,,,,,,0.8880573226294932,-0.45973273945210397,0.49999999999999994,-0.8660254037844387
2026-04-29 12:00:00,,,,,,,,,0.8880573226294932,-0.45973273945210397,-0.2588190451025208,-0.9659258262890683
2026-04-29 15:00:00,,,,,,,,,0.8880573226294932,-0.45973273945210397,-0.8660254037844385,-0.5000000000000004
2026-04-29 18:00:00,,,,,,,,,0.8880573226294932,-0.45973273945210397,-0.9659258262890684,0.2588190451025203
2026-04-29 21:00:00,,,,,,,,,0.8880573226294932,-0.45973273945210397,-0.5000000000000004,0.8660254037844384
2026-04-30 00:00:00,,,,,,,,,0.8800122039735357,-0.47495107206704995,0.25881904510252074,0.9659258262890683
2026-04-30 03:00:00,,,,,,,,,0.8800122039735357,-0.47495107206704995,0.8660254037844386,0.5000000000000001
2026-04-30 06:00:00,,,,,,,,,0.8800122039735357,-0.47495107206704995,0.9659258262890683,-0.25881904510252063
2026-04-30 09:00:00,,,,,,,,,0.8800122039735357,-0.47495107206704995,0.49999999999999994,-0.8660254037844387
2026-04-30 12:00:00,,,,,,,,,0.8800122039735357,-0.47495107206704995,-0.2588190451025208,-0.9659258262890683
2026-04-30 15:00:00,,,,,,,,,0.8800122039735357,-0.47495107206704995,-0.8660254037844385,-0.5000000000000004
2026-04-30 18:00:00,,,,,,,,,0.8800122039735357,-0.47495107206704995,-0.9659258262890684,0.2588190451025203
2026-04-30 21:00:00,,,,,,,,,0.8800122039735357,-0.47495107206704995,-0.5000000000000004,0.8660254037844384
