Is Daylight,Distance to Solar Noon,Average Temperature (Day),Average Wind Direction (Day),Relative Humidity,Average Wind Speed (Period),Average Barometric Pressure (Period),Power Generated,day_of_year_sin,day_of_year_cos,hour_sin,hour_cos
0.0,0.7420033759045692,0.75,0.7714285714285714,0.7093023255813953,0.2,0.32380952380952266,0,-0.8800122039735356,-0.4749510720670502,0.25881904510252074,0.9659258262890683
0.0,0.5299310765688044,0.75,0.7714285714285714,0.7325581395348837,0.125,0.3523809523809547,0,-0.8800122039735356,-0.4749510720670502,0.8660254037844386,0.5000000000000001
1.0,0.3178587781496633,0.75,0.7714285714285714,0.6511627906976745,0.0,0.39047619047619264,5418,-0.8800122039735356,-0.4749510720670502,0.9659258262890683,-0.25881904510252063
1.0,0.10578647881389852,0.75,0.7714285714285714,0.22093023255813954,0.0,0.40952380952380807,25477,-0.8800122039735356,-0.4749510720670502,0.49999999999999994,-0.8660254037844387
1.0,0.013888481946201209,0.75,0.7714285714285714,0.08139534883720928,0.07500000000000001,0.39047619047619264,30069,-0.8800122039735356,-0.4749510720670502,-0.2588190451025208,-0.9659258262890683
1.0,0.22596078128196598,0.75,0.7714285714285714,0.0697674418604651,0.5750000000000001,0.3523809523809547,16280,-0.8800122039735356,-0.4749510720670502,-0.8660254037844385,-0.5000000000000004
1.0,0.43803308061773083,0.75,0.7714285714285714,0.25581395348837205,0.375,0.33333333333333215,515,-0.8800122039735356,-0.4749510720670502,-0.9659258262890684,0.2588190451025203
0.0,0.6501053799534955,0.75,0.7714285714285714,0.4069767441860465,0.15000000000000002,0.3619047619047606,0,-0.8800122039735356,-0.4749510720670502,-0.5000000000000004,0.8660254037844384
0.0,0.7440348246352981,0.8333333333333335,0.7999999999999999,0.6162790697674418,0.15000000000000002,0.3619047619047606,0,-0.888057322629493,-0.4597327394521046,0.25881904510252074,0.9659258262890683
0.0,0.5314159472273613,0.8333333333333335,0.7999999999999999,0.4069767441860465,0.0,0.37142857142857366,0,-0.888057322629493,-0.4597327394521046,0.8660254037844386,0.5000000000000001
1.0,0.3187970698194244,0.8333333333333335,0.7999999999999999,0.46511627906976744,0.0,0.3999999999999986,4939,-0.888057322629493,-0.4597327394521046,0.9659258262890683,-0.25881904510252063
1.0,0.10617819241148749,0.8333333333333335,0.7999999999999999,0.5813953488372092,0.0,0.4190476190476211,24335,-0.888057322629493,-0.4597327394521046,0.49999999999999994,-0.8660254037844387
1.0,0.014043345504160719,0.8333333333333335,0.7999999999999999,0.10465116279069764,0.225,0.3809523809523796,29025,-0.888057322629493,-0.4597327394521046,-0.2588190451025208,-0.9659258262890683
1.0,0.22666222291209762,0.8333333333333335,0.7999999999999999,0.18604651162790697,0.45,0.34285714285714164,15408,-0.888057322629493,-0.4597327394521046,-0.8660254037844385,-0.5000000000000004
1.0,0.43928110032003453,0.8333333333333335,0.7999999999999999,0.5930232558139534,0.275,0.34285714285714164,491,-0.888057322629493,-0.4597327394521046,-0.9659258262890684,0.2588190451025203
0.0,0.6518999777279714,0.8333333333333335,0.7999999999999999,0.7093023255813953,0.125,0.3523809523809547,0,-0.888057322629493,-0.4597327394521046,-0.5000000000000004,0.8660254037844384
0.0,0.7471017078887564,0.8611111111111112,0.7999999999999999,0.6744186046511627,0.15000000000000002,0.34285714285714164,0,-0.8958392907349089,-0.4443781781046134,0.25881904510252074,0.9659258262890683
0.0,0.5336576602466983,0.8611111111111112,0.7999999999999999,0.7441860465116279,0.15000000000000002,0.3619047619047606,0,-0.8958392907349089,-0.4443781781046134,0.8660254037844386,0.5000000000000001
1.0,0.3202136126046401,0.8611111111111112,0.7999999999999999,0.569767441860465,0.0,0.3809523809523796,4854,-0.8958392907349089,-0.4443781781046134,0.9659258262890683,-0.25881904510252063
1.0,0.10676956496258189,0.8611111111111112,0.7999999999999999,0.6395348837209303,0.07500000000000001,0.3809523809523796,23855,-0.8958392907349089,-0.4443781781046134,0.49999999999999994,-0.8660254037844387
1.0,0.014277144103811201,0.8611111111111112,0.7999999999999999,0.22093023255813954,0.25,0.34285714285714164,28339,-0.8958392907349089,-0.4443781781046134,-0.2588190451025208,-0.9659258262890683
1.0,0.22772119174586938,0.8611111111111112,0.7999999999999999,0.1511627906976744,0.5,0.31428571428571317,15308,-0.8958392907349089,-0.4443781781046134,-0.8660254037844385,-0.5000000000000004
1.0,0.4411652393879275,0.8611111111111112,0.7999999999999999,0.45348837209302323,0.35000000000000003,0.31428571428571317,455,-0.8958392907349089,-0.4443781781046134,-0.9659258262890684,0.2588190451025203
0.0,0.6546092870299857,0.8611111111111112,0.7999999999999999,0.6511627906976745,0.15000000000000002,0.3523809523809547,0,-0.8958392907349089,-0.4443781781046134,-0.5000000000000004,0.8660254037844384
0.0,0.7491595553792914,0.9444444444444446,0.8285714285714285,0.6860465116279069,0.0,0.33333333333333215,0,-0.9033558023246842,-0.4288919379124841,0.25881904510252074,0.9659258262890683
0.0,0.5351618267487508,0.9444444444444446,0.8285714285714285,0.7441860465116279,0.15000000000000002,0.32380952380952266,0,-0.9033558023246842,-0.4288919379124841,0.8660254037844386,0.5000000000000001
1.0,0.32116409811821023,0.9444444444444446,0.8285714285714285,0.6511627906976745,0.0,0.34285714285714164,4750,-0.9033558023246842,-0.4288919379124841,0.9659258262890683,-0.25881904510252063
1.0,0.10716636948766958,0.9444444444444446,0.8285714285714285,0.5813953488372092,0.07500000000000001,0.3523809523809547,23555,-0.9033558023246842,-0.4288919379124841,0.49999999999999994,-0.8660254037844387
1.0,0.01443402056720594,0.9444444444444446,0.8285714285714285,0.5581395348837208,0.15000000000000002,0.2952380952380942,27741,-0.9033558023246842,-0.4288919379124841,-0.2588190451025208,-0.9659258262890683
1.0,0.22843174919774653,0.9444444444444446,0.8285714285714285,0.18604651162790697,0.375,0.25714285714285623,14917,-0.9033558023246842,-0.4288919379124841,-0.8660254037844385,-0.5000000000000004
1.0,0.4424294778282872,0.9444444444444446,0.8285714285714285,0.1511627906976744,0.42500000000000004,0.24761904761904674,429,-0.9033558023246842,-0.4288919379124841,-0.9659258262890684,0.2588190451025203
0.0,0.6564272064588277,0.9444444444444446,0.8285714285714285,0.22093023255813954,0.125,0.2761904761904752,0,-0.9033558023246842,-0.4288919379124841,-0.5000000000000004,0.8660254037844384
0.0,0.7510729035749614,0.9722222222222223,0.7999999999999999,0.45348837209302323,0.07500000000000001,0.2761904761904752,0,-0.9106046300942162,-0.41327860778290443,0.25881904510252074,0.9659258262890683
0.0,0.536239246299055,0.9722222222222223,0.7999999999999999,0.6511627906976745,0.17500000000000002,0.26666666666666927,0,-0.9106046300942162,-0.41327860778290443,0.8660254037844386,0.5000000000000001
1.0,0.3214055890231486,0.9722222222222223,0.7999999999999999,0.5465116279069768,0.0,0.3047619047619037,4804,-0.9106046300942162,-0.41327860778290443,0.9659258262890683,-0.25881904510252063
1.0,0.10657193174724214,0.9722222222222223,0.7999999999999999,0.5813953488372092,0.07500000000000001,0.32380952380952266,23551,-0.9106046300942162,-0.41327860778290443,0.49999999999999994,-0.8660254037844387
1.0,0.015864386952999236,0.9722222222222223,0.7999999999999999,0.4069767441860465,0.125,0.28571428571428825,27963,-0.9106046300942162,-0.41327860778290443,-0.2588190451025208,-0.9659258262890683
1.0,0.2306980442289057,0.9722222222222223,0.7999999999999999,0.05813953488372092,0.55,0.25714285714285623,14980,-0.9106046300942162,-0.41327860778290443,-0.8660254037844385,-0.5000000000000004
1.0,0.44553170150481214,0.9722222222222223,0.7999999999999999,0.4302325581395348,0.375,0.26666666666666927,423,-0.9106046300942162,-0.41327860778290443,-0.9659258262890684,0.2588190451025203
0.0,0.6603653587807186,0.9722222222222223,0.7999999999999999,0.26744186046511625,0.2,0.2952380952380942,0,-0.9106046300942162,-0.41327860778290443,-0.5000000000000004,0.8660254037844384
0.0,0.7521123703249265,0.9166666666666665,0.8285714285714285,0.49999999999999994,0.15000000000000002,0.28571428571428825,0,-0.9175836260593934,-0.3975428142825566,0.25881904510252074,0.9659258262890683
0.0,0.5369986176243596,0.9166666666666665,0.8285714285714285,0.6860465116279069,0.07500000000000001,0.28571428571428825,0,-0.9175836260593934,-0.3975428142825566,0.8660254037844386,0.5000000000000001
1.0,0.3218848640071693,0.9166666666666665,0.8285714285714285,0.441860465116279,0.07500000000000001,0.31428571428571317,4562,-0.9175836260593934,-0.3975428142825566,0.9659258262890683,-0.25881904510252063
1.0,0.10677111038997888,0.9166666666666665,0.8285714285714285,0.6046511627906976,0.07500000000000001,0.32380952380952266,22761,-0.9175836260593934,-0.3975428142825566,0.49999999999999994,-0.8660254037844387
1.0,0.015945303734922846,0.9166666666666665,0.8285714285714285,0.17441860465116277,0.4,0.2952380952380942,28193,-0.9175836260593934,-0.3975428142825566,-0.2588190451025208,-0.9659258262890683
1.0,0.23105905735211327,0.9166666666666665,0.8285714285714285,0.2906976744186046,0.45,0.25714285714285623,14835,-0.9175836260593934,-0.3975428142825566,-0.8660254037844385,-0.5000000000000004
1.0,0.44617281005268006,0.9166666666666665,0.8285714285714285,0.49999999999999994,0.35000000000000003,0.24761904761904674,375,-0.9175836260593934,-0.3975428142825566,-0.9659258262890684,0.2588190451025203
0.0,0.6612865636698704,0.9166666666666665,0.8285714285714285,0.5930232558139534,0.2,0.26666666666666927,0,-0.9175836260593934,-0.3975428142825566,-0.5000000000000004,0.8660254037844384
0.0,0.7540473306719405,0.5555555555555556,0.7999999999999999,0.7790697674418605,0.2,0.26666666666666927,0,-0.9242907221930934,-0.3816892202666586,0.25881904510252074,0.9659258262890683
0.0,0.5380888900708445,0.5555555555555556,0.7999999999999999,0.8488372093023255,0.17500000000000002,0.24761904761904674,0,-0.9242907221930934,-0.3816892202666586,0.8660254037844386,0.5000000000000001
1.0,0.32213044946974845,0.5555555555555556,0.7999999999999999,0.8139534883720929,0.2,0.26666666666666927,2963,-0.9242907221930934,-0.3816892202666586,0.9659258262890683,-0.25881904510252063
1.0,0.10617200795202875,0.5555555555555556,0.7999999999999999,0.627906976744186,0.35000000000000003,0.2761904761904752,24553,-0.9242907221930934,-0.3816892202666586,0.49999999999999994,-0.8660254037844387
1.0,0.017389094073402257,0.5555555555555556,0.7999999999999999,0.5465116279069768,0.55,0.23809523809523725,29986,-0.9242907221930934,-0.3816892202666586,-0.2588190451025208,-0.9659258262890683
1.0,0.23334753467449834,0.5555555555555556,0.7999999999999999,0.6511627906976745,0.625,0.21904761904761827,15403,-0.9242907221930934,-0.3816892202666586,-0.8660254037844385,-0.5000000000000004
1.0,0.4493059752755944,0.5555555555555556,0.7999999999999999,0.8488372093023255,0.55,0.23809523809523725,379,-0.9242907221930934,-0.3816892202666586,-0.9659258262890684,0.2588190451025203
0.0,0.6652644158766904,0.5555555555555556,0.7999999999999999,0.8837209302325582,0.325,0.25714285714285623,0,-0.9242907221930934,-0.3816892202666586,-0.5000000000000004,0.8660254037844384
0.0,0.7561477140808366,0.6111111111111112,0.8571428571428571,0.8837209302325582,0.17500000000000002,0.26666666666666927,0,-0.9307239310379793,-0.3657225234972692,0.25881904510252074,0.9659258262890683
0.0,0.539622453608513,0.6111111111111112,0.8571428571428571,0.8488372093023255,0.125,0.25714285714285623,0,-0.9307239310379793,-0.3657225234972692,0.8660254037844386,0.5000000000000001
1.0,0.3230971922195658,0.6111111111111112,0.8571428571428571,0.8488372093023255,0.0,0.2761904761904752,249,-0.9307239310379793,-0.3657225234972692,0.9659258262890683,-0.25881904510252063
1.0,0.10657193174724214,0.6111111111111112,0.8571428571428571,0.6860465116279069,0.125,0.28571428571428825,9910,-0.9307239310379793,-0.3657225234972692,0.49999999999999994,-0.8660254037844387
1.0,0.01755599106604005,0.6111111111111112,0.8571428571428571,0.5232558139534884,0.25,0.25714285714285623,28515,-0.9307239310379793,-0.3657225234972692,-0.2588190451025208,-0.9659258262890683
1.0,0.2340812515383637,0.6111111111111112,0.8571428571428571,0.5465116279069768,0.35000000000000003,0.20952380952380878,17490,-0.9307239310379793,-0.3657225234972692,-0.8660254037844385,-0.5000000000000004
1.0,0.450606512927311,0.6111111111111112,0.8571428571428571,0.6860465116279069,0.15000000000000002,0.22857142857142776,773,-0.9307239310379793,-0.3657225234972692,-0.9659258262890684,0.2588190451025203
0.0,0.6671317733996346,0.6111111111111112,0.8571428571428571,0.8488372093023255,0.15000000000000002,0.25714285714285623,0,-0.9307239310379793,-0.3657225234972692,-0.5000000000000004,0.8660254037844384
0.0,0.7593190438441428,0.5833333333333335,0.5714285714285714,0.8139534883720929,0.17500000000000002,0.26666666666666927,0,-0.9368813462954315,-0.34964745525122826,0.25881904510252074,0.9659258262890683
0.0,0.5419379520781316,0.5833333333333335,0.5714285714285714,0.7441860465116279,0.17500000000000002,0.25714285714285623,0,-0.9368813462954315,-0.34964745525122826,0.8660254037844386,0.5000000000000001
1.0,0.3245568593954966,0.5833333333333335,0.5714285714285714,0.7790697674418605,0.2,0.28571428571428825,65,-0.9368813462954315,-0.34964745525122826,0.9659258262890683,-0.25881904510252063
1.0,0.10717576762948527,0.5833333333333335,0.5714285714285714,0.6860465116279069,0.125,0.3047619047619037,5219,-0.9368813462954315,-0.34964745525122826,0.49999999999999994,-0.8660254037844387
1.0,0.017807985560861002,0.5833333333333335,0.5714285714285714,0.569767441860465,0.375,0.26666666666666927,10789,-0.9368813462954315,-0.34964745525122826,-0.2588190451025208,-0.9659258262890683
1.0,0.23518907732687236,0.5833333333333335,0.5714285714285714,0.627906976744186,0.5,0.24761904761904674,5208,-0.9368813462954315,-0.34964745525122826,-0.8660254037844385,-0.5000000000000004
1.0,0.4525701690928837,0.5833333333333335,0.5714285714285714,0.7441860465116279,0.17500000000000002,0.24761904761904674,60,-0.9368813462954315,-0.34964745525122826,-0.9659258262890684,0.2588190451025203
0.0,0.6699512617755186,0.5833333333333335,0.5714285714285714,0.7790697674418605,0.325,0.26666666666666927,0,-0.9368813462954315,-0.34964745525122826,-0.5000000000000004,0.8660254037844384
0.0,0.7613030774690644,0.6111111111111112,0.7714285714285714,0.7790697674418605,0.17500000000000002,0.26666666666666927,0,-0.9427611433904206,-0.33346877891818705,0.25881904510252074,0.9659258262890683
0.0,0.543059362228457,0.6111111111111112,0.7714285714285714,0.7790697674418605,0.17500000000000002,0.2761904761904752,0,-0.9427611433904206,-0.33346877891818705,0.8660254037844386,0.5000000000000001
1.0,0.3248156469878496,0.6111111111111112,0.7714285714285714,0.7441860465116279,0.17500000000000002,0.3047619047619037,1346,-0.9427611433904206,-0.33346877891818705,0.9659258262890683,-0.25881904510252063
1.0,0.10657193174724214,0.6111111111111112,0.7714285714285714,0.627906976744186,0.07500000000000001,0.34285714285714164,18380,-0.9427611433904206,-0.33346877891818705,0.49999999999999994,-0.8660254037844387
1.0,0.01927444491770027,0.6111111111111112,0.7714285714285714,0.5232558139534884,0.4,0.31428571428571317,28891,-0.9427611433904206,-0.33346877891818705,-0.2588190451025208,-0.9659258262890683
1.0,0.23751816107493137,0.6111111111111112,0.7714285714285714,0.569767441860465,0.45,0.3047619047619037,14687,-0.9427611433904206,-0.33346877891818705,-0.8660254037844385,-0.5000000000000004
1.0,0.4557618763155388,0.6111111111111112,0.7714285714285714,0.7790697674418605,0.375,0.32380952380952266,345,-0.9427611433904206,-0.33346877891818705,-0.9659258262890684,0.2588190451025203
0.0,0.6740055915561463,0.6111111111111112,0.7714285714285714,0.8139534883720929,0.2,0.3523809523809547,0,-0.9427611433904206,-0.33346877891818705,-0.5000000000000004,0.8660254037844384
0.0,0.7634449921768514,0.5277777777777779,0.7999999999999999,0.8488372093023255,0.25,0.3523809523809547,0,-0.9483615800121716,-0.31719128858910595,0.25881904510252074,0.9659258262890683
0.0,0.5446223805490286,0.5277777777777779,0.7999999999999999,0.8488372093023255,0.07500000000000001,0.3523809523809547,0,-0.9483615800121716,-0.31719128858910595,0.8660254037844386,0.5000000000000001
1.0,0.32579976983782954,0.5277777777777779,0.7999999999999999,0.8139534883720929,0.07500000000000001,0.37142857142857366,292,-0.9483615800121716,-0.31719128858910595,0.9659258262890683,-0.25881904510252063
1.0,0.10697715821000683,0.5277777777777779,0.7999999999999999,0.6860465116279069,0.07500000000000001,0.37142857142857366,10767,-0.9483615800121716,-0.31719128858910595,0.49999999999999994,-0.8660254037844387
1.0,0.019448113925527193,0.5277777777777779,0.7999999999999999,0.627906976744186,0.525,0.34285714285714164,27641,-0.9483615800121716,-0.31719128858910595,-0.2588190451025208,-0.9659258262890683
1.0,0.2382707255533499,0.5277777777777779,0.7999999999999999,0.7093023255813953,0.5750000000000001,0.31428571428571317,13835,-0.9483615800121716,-0.31719128858910595,-0.8660254037844385,-0.5000000000000004
1.0,0.457093336264549,0.5277777777777779,0.7999999999999999,0.8488372093023255,0.45,0.33333333333333215,145,-0.9483615800121716,-0.31719128858910595,-0.9659258262890684,0.2588190451025203
0.0,0.6759159469757481,0.5277777777777779,0.7999999999999999,0.8488372093023255,0.25,0.3619047619047606,0,-0.9483615800121716,-0.31719128858910595,-0.5000000000000004,0.8660254037844384
0.0,0.7666792545669632,0.5,0.7714285714285714,0.8837209302325582,0.325,0.37142857142857366,0,-0.9536809966304455,-0.300819807635668,0.25881904510252074,0.9659258262890683
0.0,0.5469825176715567,0.5,0.7714285714285714,0.8023255813953487,0.2,0.37142857142857366,0,-0.9536809966304455,-0.300819807635668,0.8660254037844386,0.5000000000000001
1.0,0.3272857816927738,0.5,0.7714285714285714,0.8372093023255813,0.125,0.3999999999999986,229,-0.9536809966304455,-0.300819807635668,0.9659258262890683,-0.25881904510252063
1.0,0.1075890457139908,0.5,0.7714285714285714,0.7790697674418605,0.17500000000000002,0.42857142857142705,4349,-0.9536809966304455,-0.300819807635668,0.49999999999999994,-0.8660254037844387
1.0,0.019710351689127083,0.5,0.7714285714285714,0.627906976744186,0.4,0.3809523809523796,19126,-0.9536809966304455,-0.300819807635668,-0.2588190451025208,-0.9659258262890683
1.0,0.23940708766791005,0.5,0.7714285714285714,0.6860465116279069,0.525,0.3523809523809547,14692,-0.9536809966304455,-0.300819807635668,-0.8660254037844385,-0.5000000000000004
1.0,0.45910382364669305,0.5,0.7714285714285714,0.7674418604651163,0.325,0.3809523809523796,436,-0.9536809966304455,-0.300819807635668,-0.9659258262890684,0.2588190451025203
0.0,0.6788005596254759,0.5,0.7714285714285714,0.8372093023255813,0.225,0.3999999999999986,0,-0.9536809966304455,-0.300819807635668,-0.5000000000000004,0.8660254037844384
0.0,0.7665409268988267,0.5277777777777779,0.7999999999999999,0.7674418604651163,0.2,0.3999999999999986,0,-0.9587178169872964,-0.2843591872810036,0.25881904510252074,0.9659258262890683
0.0,0.5465512618482985,0.5277777777777779,0.7999999999999999,0.7674418604651163,0.15000000000000002,0.37142857142857366,0,-0.9587178169872964,-0.2843591872810036,0.8660254037844386,0.5000000000000001
1.0,0.32656159679777036,0.5277777777777779,0.7999999999999999,0.8023255813953487,0.125,0.3999999999999986,408,-0.9587178169872964,-0.2843591872810036,0.9659258262890683,-0.25881904510252063
1.0,0.10657193174724214,0.5277777777777779,0.7999999999999999,0.6744186046511627,0.07500000000000001,0.42857142857142705,11376,-0.9587178169872964,-0.2843591872810036,0.49999999999999994,-0.8660254037844387
1.0,0.021020394727620996,0.5277777777777779,0.7999999999999999,0.5465116279069768,0.4,0.39047619047619264,28611,-0.9587178169872964,-0.2843591872810036,-0.2588190451025208,-0.9659258262890683
1.0,0.24101005977814918,0.5277777777777779,0.7999999999999999,0.5930232558139534,0.42500000000000004,0.3619047619047606,14587,-0.9587178169872964,-0.2843591872810036,-0.8660254037844385,-0.5000000000000004
1.0,0.4609997248286774,0.5277777777777779,0.7999999999999999,0.7790697674418605,0.35000000000000003,0.39047619047619264,239,-0.9587178169872964,-0.2843591872810036,-0.9659258262890684,0.2588190451025203
0.0,0.6809893898792055,0.5277777777777779,0.7999999999999999,0.8023255813953487,0.17500000000000002,0.42857142857142705,0,-0.9587178169872964,-0.2843591872810036,-0.5000000000000004,0.8660254037844384
0.0,0.7698049410578895,0.5555555555555556,0.7999999999999999,0.8023255813953487,0.125,0.4380952380952401,0,-0.9634705485641486,-0.26781430516217486,0.25881904510252074,0.9659258262890683
0.0,0.5489317837631643,0.5555555555555556,0.7999999999999999,0.8488372093023255,0.07500000000000001,0.4380952380952401,0,-0.9634705485641486,-0.26781430516217486,0.8660254037844386,0.5000000000000001
1.0,0.3280586255518156,0.5555555555555556,0.7999999999999999,0.8139534883720929,0.125,0.466666666666665,250,-0.9634705485641486,-0.26781430516217486,0.9659258262890683,-0.25881904510252063
1.0,0.10718546825709038,0.5555555555555556,0.7999999999999999,0.6860465116279069,0.17500000000000002,0.4952380952380935,15149,-0.9634705485641486,-0.26781430516217486,0.49999999999999994,-0.8660254037844387
1.0,0.02129035137859333,0.5555555555555556,0.7999999999999999,0.569767441860465,0.375,0.45714285714285907,28581,-0.9634705485641486,-0.26781430516217486,-0.2588190451025208,-0.9659258262890683
1.0,0.2421635086733185,0.5555555555555556,0.7999999999999999,0.627906976744186,0.525,0.4380952380952401,13787,-0.9634705485641486,-0.26781430516217486,-0.8660254037844385,-0.5000000000000004
1.0,0.4630366668846673,0.5555555555555556,0.7999999999999999,0.7441860465116279,0.45,0.466666666666665,218,-0.9634705485641486,-0.26781430516217486,-0.9659258262890684,0.2588190451025203
0.0,0.6839098241793925,0.5555555555555556,0.7999999999999999,0.8023255813953487,0.325,0.485714285714284,0,-0.9634705485641486,-0.26781430516217486,-0.5000000000000004,0.8660254037844384
0.0,0.7719955550611532,0.5,0.7714285714285714,0.8372093023255813,0.225,0.485714285714284,0,-0.9679377830240642,-0.25119006388481957,0.25881904510252074,0.9659258262890683
0.0,0.5505294486227341,0.5,0.7714285714285714,0.8488372093023255,0.17500000000000002,0.466666666666665,0,-0.9679377830240642,-0.25119006388481957,0.8660254037844386,0.5000000000000001
1.0,0.3290633431009387,0.5,0.7714285714285714,0.8837209302325582,0.17500000000000002,0.5047619047619065,413,-0.9679377830240642,-0.25119006388481957,0.9659258262890683,-0.25881904510252063
1.0,0.10759723757914313,0.5,0.7714285714285714,0.7441860465116279,0.125,0.5047619047619065,17412,-0.9679377830240642,-0.25119006388481957,0.49999999999999994,-0.8660254037844387
1.0,0.021471529366987326,0.5,0.7714285714285714,0.569767441860465,0.4,0.44761904761904603,28239,-0.9679377830240642,-0.25119006388481957,-0.2588190451025208,-0.9659258262890683
1.0,0.24293763580540642,0.5,0.7714285714285714,0.6511627906976745,0.55,0.4190476190476211,13397,-0.9679377830240642,-0.25119006388481957,-0.8660254037844385,-0.5000000000000004
1.0,0.4644037413272019,0.5,0.7714285714285714,0.8023255813953487,0.45,0.4380952380952401,193,-0.9679377830240642,-0.25119006388481957,-0.9659258262890684,0.2588190451025203
0.0,0.6858698468489974,0.5,0.7714285714285714,0.8837209302325582,0.325,0.45714285714285907,0,-0.9679377830240642,-0.25119006388481957,-0.5000000000000004,0.8660254037844384
0.0,0.7740682756862928,0.4722222222222223,0.7714285714285714,0.8837209302325582,0.275,0.466666666666665,0,-0.9721181966290612,-0.23449138957041052,0.25881904510252074,0.9659258262890683
0.0,0.5517067544804546,0.4722222222222223,0.7714285714285714,0.8023255813953487,0.225,0.45714285714285907,0,-0.9721181966290612,-0.23449138957041052,0.8660254037844386,0.5000000000000001
1.0,0.3293452332746164,0.4722222222222223,0.7714285714285714,0.8023255813953487,0.225,0.466666666666665,685,-0.9721181966290612,-0.23449138957041052,0.9659258262890683,-0.25881904510252063
1.0,0.10698371206877813,0.4722222222222223,0.7714285714285714,0.6744186046511627,0.17500000000000002,0.47619047619047805,16170,-0.9721181966290612,-0.23449138957041052,0.49999999999999994,-0.8660254037844387
1.0,0.02298047056139505,0.4722222222222223,0.7714285714285714,0.569767441860465,0.525,0.4380952380952401,28148,-0.9721181966290612,-0.23449138957041052,-0.2588190451025208,-0.9659258262890683
1.0,0.2453419917672333,0.4722222222222223,0.7714285714285714,0.6162790697674418,0.5,0.4190476190476211,13455,-0.9721181966290612,-0.23449138957041052,-0.8660254037844385,-0.5000000000000004
1.0,0.4677035129730715,0.4722222222222223,0.7714285714285714,0.7674418604651163,0.35000000000000003,0.44761904761904603,198,-0.9721181966290612,-0.23449138957041052,-0.9659258262890684,0.2588190451025203
0.0,0.6900650341789097,0.4722222222222223,0.7714285714285714,0.7441860465116279,0.275,0.485714285714284,0,-0.9721181966290612,-0.23449138957041052,-0.5000000000000004,0.8660254037844384
0.0,0.7762852132862271,0.5555555555555556,0.6571428571428571,0.7093023255813953,0.25,0.4952380952380935,0,-0.9760105506323682,-0.21772323039653224,0.25881904510252074,0.9659258262890683
0.0,0.5533227151471678,0.5555555555555556,0.6571428571428571,0.6744186046511627,0.17500000000000002,0.485714285714284,0,-0.9760105506323682,-0.21772323039653224,0.8660254037844386,0.5000000000000001
1.0,0.3303602170081085,0.5555555555555556,0.6571428571428571,0.6511627906976745,0.07500000000000001,0.5238095238095255,332,-0.9760105506323682,-0.21772323039653224,0.9659258262890683,-0.25881904510252063
1.0,0.10739771886904917,0.5555555555555556,0.6571428571428571,0.569767441860465,0.25,0.5619047619047635,5866,-0.9760105506323682,-0.21772323039653224,0.49999999999999994,-0.8660254037844387
1.0,0.023167441610968696,0.5555555555555556,0.6571428571428571,0.441860465116279,0.25,0.5333333333333314,22094,-0.9760105506323682,-0.21772323039653224,-0.2588190451025208,-0.9659258262890683
1.0,0.24612993975002803,0.5555555555555556,0.6571428571428571,0.46511627906976744,0.42500000000000004,0.5047619047619065,13893,-0.9760105506323682,-0.21772323039653224,-0.8660254037844385,-0.5000000000000004
1.0,0.46909243788908733,0.5555555555555556,0.6571428571428571,0.6511627906976745,0.225,0.4952380952380935,154,-0.9760105506323682,-0.21772323039653224,-0.9659258262890684,0.2588190451025203
0.0,0.6920549360281466,0.5555555555555556,0.6571428571428571,0.6744186046511627,0.15000000000000002,0.5047619047619065,0,-0.9760105506323682,-0.21772323039653224,-0.5000000000000004,0.8660254037844384
0.0,0.7796331800845913,0.5,0.7142857142857143,0.7441860465116279,0.15000000000000002,0.5047619047619065,0,-0.9796136916454901,-0.20089055513063528,0.25881904510252074,0.9659258262890683
0.0,0.555763100833012,0.5,0.7142857142857143,0.8372093023255813,0.0,0.485714285714284,0,-0.9796136916454901,-0.20089055513063528,0.8660254037844386,0.5000000000000001
1.0,0.33189302066480897,0.5,0.7142857142857143,0.8023255813953487,0.0,0.5142857142857125,4342,-0.9796136916454901,-0.20089055513063528,0.9659258262890683,-0.25881904510252063
1.0,0.1080229414132296,0.5,0.7142857142857143,0.48837209302325585,0.25,0.5428571428571445,24175,-0.9796136916454901,-0.20089055513063528,0.49999999999999994,-0.8660254037844387
1.0,0.023449800179308276,0.5,0.7142857142857143,0.4069767441860465,0.375,0.5142857142857125,29378,-0.9796136916454901,-0.20089055513063528,-0.2588190451025208,-0.9659258262890683
1.0,0.2473198794308876,0.5,0.7142857142857143,0.4302325581395348,0.375,0.47619047619047805,13686,-0.9796136916454901,-0.20089055513063528,-0.8660254037844385,-0.5000000000000004
1.0,0.47118995959909055,0.5,0.7142857142857143,0.5930232558139534,0.2,0.45714285714285907,112,-0.9796136916454901,-0.20089055513063528,-0.9659258262890684,0.2588190451025203
0.0,0.6950600388506699,0.5,0.7142857142857143,0.6162790697674418,0.15000000000000002,0.47619047619047805,0,-0.9796136916454901,-0.20089055513063528,-0.5000000000000004,0.8660254037844384
0.0,0.7806332347694388,0.5833333333333335,0.5714285714285714,0.7441860465116279,0.07500000000000001,0.485714285714284,0,-0.9829265519799822,-0.18399835165767986,0.25881904510252074,0.9659258262890683
0.0,0.5561539848862389,0.5833333333333335,0.5714285714285714,0.7674418604651163,0.125,0.47619047619047805,0,-0.9829265519799822,-0.18399835165767986,0.8660254037844386,0.5000000000000001
1.0,0.331674735003039,0.5833333333333335,0.5714285714285714,0.7674418604651163,0.07500000000000001,0.485714285714284,4232,-0.9829265519799822,-0.18399835165767986,0.9659258262890683,-0.25881904510252063
1.0,0.10719548511983903,0.5833333333333335,0.5714285714285714,0.569767441860465,0.225,0.4952380952380935,22783,-0.9829265519799822,-0.18399835165767986,0.49999999999999994,-0.8660254037844387
1.0,0.024886426187695855,0.5833333333333335,0.5714285714285714,0.5465116279069768,0.225,0.47619047619047805,24479,-0.9829265519799822,-0.18399835165767986,-0.2588190451025208,-0.9659258262890683
1.0,0.2493656769875194,0.5833333333333335,0.5714285714285714,0.569767441860465,0.25,0.466666666666665,1628,-0.9829265519799822,-0.18399835165767986,-0.8660254037844385,-0.5000000000000004
1.0,0.4738449268707194,0.5833333333333335,0.5714285714285714,0.7790697674418605,0.275,0.47619047619047805,0,-0.9829265519799822,-0.18399835165767986,-0.9659258262890684,0.2588190451025203
0.0,0.6983241767539192,0.5833333333333335,0.5714285714285714,0.7790697674418605,0.15000000000000002,0.485714285714284,0,-0.9829265519799822,-0.18399835165767986,-0.5000000000000004,0.8660254037844384
0.0,0.7828892562832401,0.6388888888888888,0.7714285714285714,0.8488372093023255,0.2,0.5047619047619065,0,-0.9859481499638303,-0.1670516255021195,0.25881904510252074,0.9659258262890683
0.0,0.5577975120912302,0.6388888888888888,0.7714285714285714,0.8837209302325582,0.2,0.5047619047619065,0,-0.9859481499638303,-0.1670516255021195,0.8660254037844386,0.5000000000000001
1.0,0.33270576789922013,0.6388888888888888,0.7714285714285714,0.8139534883720929,0.15000000000000002,0.5238095238095255,650,-0.9859481499638303,-0.1670516255021195,0.9659258262890683,-0.25881904510252063
1.0,0.10761402279058649,0.6388888888888888,0.7714285714285714,0.6511627906976745,0.225,0.5428571428571445,9141,-0.9859481499638303,-0.1670516255021195,0.49999999999999994,-0.8660254037844387
1.0,0.02508038282575848,0.6388888888888888,0.7714285714285714,0.569767441860465,0.275,0.5238095238095255,25527,-0.9859481499638303,-0.1670516255021195,-0.2588190451025208,-0.9659258262890683
1.0,0.2501721279343921,0.6388888888888888,0.7714285714285714,0.7093023255813953,0.375,0.5047619047619065,12847,-0.9859481499638303,-0.1670516255021195,-0.8660254037844385,-0.5000000000000004
1.0,0.47526387212640214,0.6388888888888888,0.7714285714285714,0.8488372093023255,0.35000000000000003,0.4952380952380935,122,-0.9859481499638303,-0.1670516255021195,-0.9659258262890684,0.2588190451025203
0.0,0.7003556172350357,0.6388888888888888,0.7714285714285714,0.8488372093023255,0.375,0.4952380952380935,0,-0.9859481499638303,-0.1670516255021195,-0.5000000000000004,0.8660254037844384
0.0,0.7850408184544629,0.5833333333333335,0.7428571428571428,0.8488372093023255,0.2,0.466666666666665,0,-0.9886775902323404,-0.15005539834465262,0.25881904510252074,0.9659258262890683
0.0,0.559024039719882,0.5833333333333335,0.7428571428571428,0.7790697674418605,0.325,0.45714285714285907,0,-0.9886775902323404,-0.15005539834465262,0.8660254037844386,0.5000000000000001
1.0,0.3330072600686775,0.5833333333333335,0.7428571428571428,0.8139534883720929,0.2,0.47619047619047805,997,-0.9886775902323404,-0.15005539834465262,0.9659258262890683,-0.25881904510252063
1.0,0.10699048133409647,0.5833333333333335,0.7428571428571428,0.6511627906976745,0.25,0.485714285714284,12786,-0.9886775902323404,-0.15005539834465262,0.49999999999999994,-0.8660254037844387
1.0,0.02662895974144306,0.5833333333333335,0.7428571428571428,0.5930232558139534,0.5,0.466666666666665,28277,-0.9886775902323404,-0.15005539834465262,-0.2588190451025208,-0.9659258262890683
1.0,0.25264573847602406,0.5833333333333335,0.7428571428571428,0.6511627906976745,0.6000000000000001,0.45714285714285907,12816,-0.9886775902323404,-0.15005539834465262,-0.8660254037844385,-0.5000000000000004
1.0,0.47866251812722865,0.5833333333333335,0.7428571428571428,0.7441860465116279,0.4,0.4380952380952401,81,-0.9886775902323404,-0.15005539834465262,-0.9659258262890684,0.2588190451025203
0.0,0.7046792968618095,0.5833333333333335,0.7428571428571428,0.8139534883720929,0.275,0.45714285714285907,0,-0.9886775902323404,-0.15005539834465262,-0.5000000000000004,0.8660254037844384
0.0,0.7873244431714865,0.6666666666666667,0.7999999999999999,0.8488372093023255,0.0,0.45714285714285907,0,-0.9911140639934546,-0.13301470653419636,0.25881904510252074,0.9659258262890683
0.0,0.5606867390241823,0.6666666666666667,0.7999999999999999,0.8372093023255813,0.07500000000000001,0.44761904761904603,0,-0.9911140639934546,-0.13301470653419636,0.8660254037844386,0.5000000000000001
1.0,0.3340490348768783,0.6666666666666667,0.7999999999999999,0.7790697674418605,0.0,0.4952380952380935,4026,-0.9911140639934546,-0.13301470653419636,0.9659258262890683,-0.25881904510252063
1.0,0.10741133072957418,0.6666666666666667,0.7999999999999999,0.6511627906976745,0.125,0.5142857142857125,23081,-0.9911140639934546,-0.13301470653419636,0.49999999999999994,-0.8660254037844387
1.0,0.02682903575868851,0.6666666666666667,0.7999999999999999,0.2325581395348837,0.4,0.485714285714284,27284,-0.9911140639934546,-0.13301470653419636,-0.2588190451025208,-0.9659258262890683
1.0,0.25346673990599267,0.6666666666666667,0.7999999999999999,0.3953488372093023,0.42500000000000004,0.45714285714285907,12287,-0.9911140639934546,-0.13301470653419636,-0.8660254037844385,-0.5000000000000004
1.0,0.48010444405329683,0.6666666666666667,0.7999999999999999,0.6511627906976745,0.4,0.44761904761904603,79,-0.9911140639934546,-0.13301470653419636,-0.9659258262890684,0.2588190451025203
0.0,0.7067421482006009,0.6666666666666667,0.7999999999999999,0.7441860465116279,0.2,0.466666666666665,0,-0.9911140639934546,-0.13301470653419636,-0.5000000000000004,0.8660254037844384
0.0,0.7907735043871774,0.75,0.7999999999999999,0.7790697674418605,0.15000000000000002,0.466666666666665,0,-0.9932568492674143,-0.11593459959550066,0.25881904510252074,0.9659258262890683
0.0,0.5631979888808809,0.75,0.7999999999999999,0.7093023255813953,0.07500000000000001,0.45714285714285907,0,-0.9932568492674143,-0.11593459959550066,0.8660254037844386,0.5000000000000001
1.0,0.33562247337458445,0.75,0.7999999999999999,0.8139534883720929,0.07500000000000001,0.47619047619047805,3974,-0.9932568492674143,-0.11593459959550066,0.9659258262890683,-0.25881904510252063
1.0,0.10804695786828791,0.75,0.7999999999999999,0.6860465116279069,0.125,0.485714285714284,23119,-0.9932568492674143,-0.11593459959550066,0.49999999999999994,-0.8660254037844387
1.0,0.027131219062343538,0.75,0.7999999999999999,0.6046511627906976,0.15000000000000002,0.4380952380952401,26858,-0.9932568492674143,-0.11593459959550066,-0.2588190451025208,-0.9659258262890683
1.0,0.25470673456864,0.75,0.7999999999999999,0.26744186046511625,0.525,0.3999999999999986,12109,-0.9932568492674143,-0.11593459959550066,-0.8660254037844385,-0.5000000000000004
1.0,0.4822822500749366,0.75,0.7999999999999999,0.48837209302325585,0.45,0.40952380952380807,65,-0.9932568492674143,-0.11593459959550066,-0.9659258262890684,0.2588190451025203
0.0,0.7098577655812329,0.75,0.7999999999999999,0.7093023255813953,0.275,0.4380952380952401,0,-0.9932568492674143,-0.11593459959550066,-0.5000000000000004,0.8660254037844384
0.0,0.7918209741778323,0.6666666666666667,0.7999999999999999,0.8139534883720929,0.07500000000000001,0.4380952380952401,0,-0.9951053111006974,-0.09882013873287211,0.25881904510252074,0.9659258262890683
0.0,0.5636159279964147,0.6666666666666667,0.7999999999999999,0.8837209302325582,0.125,0.4190476190476211,0,-0.9951053111006974,-0.09882013873287211,0.8660254037844386,0.5000000000000001
1.0,0.33541088089837356,0.6666666666666667,0.7999999999999999,0.8837209302325582,0.125,0.4380952380952401,3749,-0.9951053111006974,-0.09882013873287211,0.9659258262890683,-0.25881904510252063
1.0,0.10720583471695605,0.6666666666666667,0.7999999999999999,0.6046511627906976,0.07500000000000001,0.44761904761904603,22695,-0.9951053111006974,-0.09882013873287211,0.49999999999999994,-0.8660254037844387
1.0,0.02860187380542003,0.6666666666666667,0.7999999999999999,0.4302325581395348,0.325,0.4190476190476211,27114,-0.9951053111006974,-0.09882013873287211,-0.2588190451025208,-0.9659258262890683
1.0,0.2568069209034612,0.6666666666666667,0.7999999999999999,0.4069767441860465,0.4,0.39047619047619264,12017,-0.9951053111006974,-0.09882013873287211,-0.8660254037844385,-0.5000000000000004
1.0,0.48501196708487876,0.6666666666666667,0.7999999999999999,0.48837209302325585,0.4,0.39047619047619264,59,-0.9951053111006974,-0.09882013873287211,-0.9659258262890684,0.2588190451025203
0.0,0.7132170141829198,0.6666666666666667,0.7999999999999999,0.5581395348837208,0.275,0.4190476190476211,0,-0.9951053111006974,-0.09882013873287211,-0.5000000000000004,0.8660254037844384
0.0,0.7953127234714026,0.6944444444444444,0.7999999999999999,0.6162790697674418,0.07500000000000001,0.40952380952380807,0,-0.99665890175417,-0.08167639533042288,0.25881904510252074,0.9659258262890683
0.0,0.5661568223771023,0.6944444444444444,0.7999999999999999,0.7674418604651163,0.15000000000000002,0.3999999999999986,0,-0.99665890175417,-0.08167639533042288,0.8660254037844386,0.5000000000000001
1.0,0.3370009212828022,0.6944444444444444,0.7999999999999999,0.6511627906976745,0.0,0.42857142857142705,3894,-0.99665890175417,-0.08167639533042288,0.9659258262890683,-0.25881904510252063
1.0,0.10784502018850198,0.6944444444444444,0.7999999999999999,0.569767441860465,0.17500000000000002,0.44761904761904603,23066,-0.99665890175417,-0.08167639533042288,0.49999999999999994,-0.8660254037844387
1.0,0.028913542330133164,0.6944444444444444,0.7999999999999999,0.3837209302325581,0.375,0.40952380952380807,27072,-0.99665890175417,-0.08167639533042288,-0.2588190451025208,-0.9659258262890683
1.0,0.2580694434244334,0.6944444444444444,0.7999999999999999,0.49999999999999994,0.525,0.3809523809523796,11864,-0.99665890175417,-0.08167639533042288,-0.8660254037844385,-0.5000000000000004
1.0,0.4872253445187336,0.6944444444444444,0.7999999999999999,0.6511627906976745,0.275,0.39047619047619264,51,-0.99665890175417,-0.08167639533042288,-0.9659258262890684,0.2588190451025203
0.0,0.7163812456130337,0.6944444444444444,0.7999999999999999,0.7790697674418605,0.2,0.40952380952380807,0,-0.99665890175417,-0.08167639533042288,-0.5000000000000004,0.8660254037844384
0.0,0.7964831143206516,0.6666666666666667,0.7999999999999999,0.7790697674418605,0.15000000000000002,0.40952380952380807,0,-0.9979171608653922,-0.06450844944931625,0.25881904510252074,0.9659258262890683
0.0,0.5670084986159913,0.6666666666666667,0.7999999999999999,0.8488372093023255,0.17500000000000002,0.3999999999999986,0,-0.9979171608653922,-0.06450844944931625,0.8660254037844386,0.5000000000000001
1.0,0.3375338829113313,0.6666666666666667,0.7999999999999999,0.8139534883720929,0.15000000000000002,0.42857142857142705,3661,-0.9979171608653922,-0.06450844944931625,0.9659258262890683,-0.25881904510252063
1.0,0.10805926720667108,0.6666666666666667,0.7999999999999999,0.627906976744186,0.15000000000000002,0.44761904761904603,22534,-0.9979171608653922,-0.06450844944931625,0.49999999999999994,-0.8660254037844387
1.0,0.029018009922324027,0.6666666666666667,0.7999999999999999,0.4186046511627907,0.325,0.40952380952380807,26744,-0.9979171608653922,-0.06450844944931625,-0.2588190451025208,-0.9659258262890683
1.0,0.25849262654360783,0.6666666666666667,0.7999999999999999,0.627906976744186,0.45,0.3999999999999986,11627,-0.9979171608653922,-0.06450844944931625,-0.8660254037844385,-0.5000000000000004
1.0,0.487967242248268,0.6666666666666667,0.7999999999999999,0.8837209302325582,0.375,0.4190476190476211,43,-0.9979171608653922,-0.06450844944931625,-0.9659258262890684,0.2588190451025203
0.0,0.7174418579529281,0.6666666666666667,0.7999999999999999,0.8837209302325582,0.25,0.4380952380952401,0,-0.9979171608653922,-0.06450844944931625,-0.5000000000000004,0.8660254037844384
0.0,0.7987337030063497,0.6666666666666667,0.7999999999999999,0.8837209302325582,0.25,0.44761904761904603,0,-0.9988797155850335,-0.04732138832243232,0.25881904510252074,0.9659258262890683
0.0,0.5682976013882434,0.6666666666666667,0.7999999999999999,0.9186046511627906,0.07500000000000001,0.42857142857142705,0,-0.9988797155850335,-0.04732138832243232,0.8660254037844386,0.5000000000000001
1.0,0.33786149977013696,0.6666666666666667,0.7999999999999999,0.9186046511627906,0.15000000000000002,0.44761904761904603,3615,-0.9988797155850335,-0.04732138832243232,0.9659258262890683,-0.25881904510252063
1.0,0.10742539815203056,0.6666666666666667,0.7999999999999999,0.6860465116279069,0.07500000000000001,0.44761904761904603,22037,-0.9988797155850335,-0.04732138832243232,0.49999999999999994,-0.8660254037844387
1.0,0.03061336489041081,0.6666666666666667,0.7999999999999999,0.48837209302325585,0.15000000000000002,0.3999999999999986,26026,-0.9988797155850335,-0.04732138832243232,-0.2588190451025208,-0.9659258262890683
1.0,0.26104946650851724,0.6666666666666667,0.7999999999999999,0.5232558139534884,0.5,0.3523809523809547,1728,-0.9988797155850335,-0.04732138832243232,-0.8660254037844385,-0.5000000000000004
1.0,0.49148556812662375,0.6666666666666667,0.7999999999999999,0.6860465116279069,0.375,0.39047619047619264,0,-0.9988797155850335,-0.04732138832243232,-0.9659258262890684,0.2588190451025203
0.0,0.72192166974473,0.6666666666666667,0.7999999999999999,0.7790697674418605,0.125,0.4190476190476211,0,-0.9988797155850335,-0.04732138832243232,-0.5000000000000004,0.8660254037844384
0.0,0.8022888184896907,0.5277777777777779,0.8285714285714285,0.8837209302325582,0.325,0.4190476190476211,0,-0.9995462806873573,-0.03012030484690836,0.25881904510252074,0.9659258262890683
0.0,0.5708831399215822,0.5277777777777779,0.8285714285714285,0.9186046511627906,0.2,0.40952380952380807,0,-0.9995462806873573,-0.03012030484690836,0.8660254037844386,0.5000000000000001
1.0,0.3394774613534738,0.5277777777777779,0.8285714285714285,0.9186046511627906,0.2,0.4380952380952401,2406,-0.9995462806873573,-0.03012030484690836,0.9659258262890683,-0.25881904510252063
1.0,0.10807178278536525,0.5277777777777779,0.8285714285714285,0.5930232558139534,0.225,0.4380952380952401,22113,-0.9995462806873573,-0.03012030484690836,0.49999999999999994,-0.8660254037844387
1.0,0.03093655720707817,0.5277777777777779,0.8285714285714285,0.569767441860465,0.5,0.3999999999999986,26823,-0.9995462806873573,-0.03012030484690836,-0.2588190451025208,-0.9659258262890683
1.0,0.26234223577518667,0.5277777777777779,0.8285714285714285,0.6511627906976745,0.525,0.39047619047619264,10798,-0.9995462806873573,-0.03012030484690836,-0.8660254037844385,-0.5000000000000004
1.0,0.49374791434329507,0.5277777777777779,0.8285714285714285,0.8488372093023255,0.275,0.42857142857142705,0,-0.9995462806873573,-0.03012030484690836,-0.9659258262890684,0.2588190451025203
0.0,0.7251535929114036,0.5277777777777779,0.8285714285714285,0.8837209302325582,0.275,0.45714285714285907,0,-0.9995462806873573,-0.03012030484690836,-0.5000000000000004,0.8660254037844384
0.0,0.804675562445583,0.5555555555555556,0.7714285714285714,0.8837209302325582,0.2,0.466666666666665,0,-0.9999166586547379,-0.012910296075008843,0.25881904510252074,0.9659258262890683
0.0,0.5726189537076857,0.5555555555555556,0.7714285714285714,0.8488372093023255,0.15000000000000002,0.45714285714285907,0,-0.9999166586547379,-0.012910296075008843,0.8660254037844386,0.5000000000000001
1.0,0.34056234496978843,0.5555555555555556,0.7714285714285714,0.8488372093023255,0.15000000000000002,0.45714285714285907,373,-0.9999166586547379,-0.012910296075008843,0.9659258262890683,-0.25881904510252063
1.0,0.10850573623189114,0.5555555555555556,0.7714285714285714,0.7093023255813953,0.125,0.47619047619047805,13921,-0.9999166586547379,-0.012910296075008843,0.49999999999999994,-0.8660254037844387
1.0,0.031153533930341114,0.5555555555555556,0.7714285714285714,0.569767441860465,0.375,0.4380952380952401,26393,-0.9999166586547379,-0.012910296075008843,-0.2588190451025208,-0.9659258262890683
1.0,0.26321014266823844,0.5555555555555556,0.7714285714285714,0.627906976744186,0.375,0.44761904761904603,11093,-0.9999166586547379,-0.012910296075008843,-0.8660254037844385,-0.5000000000000004
1.0,0.4952667514061357,0.5555555555555556,0.7714285714285714,0.7093023255813953,0.275,0.45714285714285907,47,-0.9999166586547379,-0.012910296075008843,-0.9659258262890684,0.2588190451025203
0.0,0.727323360144033,0.5555555555555556,0.7714285714285714,0.7790697674418605,0.2,0.466666666666665,0,-0.9999166586547379,-0.012910296075008843,-0.5000000000000004,0.8660254037844384
0.0,0.8069862953890823,0.6388888888888888,0.7999999999999999,0.7790697674418605,0.125,0.47619047619047805,0,-0.9999907397361901,0.004303538296243821,0.25881904510252074,0.9659258262890683
0.0,0.573946396095438,0.6388888888888888,0.7999999999999999,0.8488372093023255,0.125,0.485714285714284,0,-0.9999907397361901,0.004303538296243821,0.8660254037844386,0.5000000000000001
1.0,0.3409064968017935,0.6388888888888888,0.7999999999999999,0.8023255813953487,0.0,0.5333333333333314,3110,-0.9999907397361901,0.004303538296243821,0.9659258262890683,-0.25881904510252063
1.0,0.10786659750814903,0.6388888888888888,0.7999999999999999,0.6511627906976745,0.07500000000000001,0.5428571428571445,21023,-0.9999907397361901,0.004303538296243821,0.49999999999999994,-0.8660254037844387
1.0,0.032775963209830374,0.6388888888888888,0.7999999999999999,0.4186046511627907,0.225,0.5047619047619065,25702,-0.9999907397361901,0.004303538296243821,-0.2588190451025208,-0.9659258262890683
1.0,0.26581586250347483,0.6388888888888888,0.7999999999999999,0.45348837209302323,0.45,0.466666666666665,10972,-0.9999907397361901,0.004303538296243821,-0.8660254037844385,-0.5000000000000004
1.0,0.49885576179711927,0.6388888888888888,0.7999999999999999,0.627906976744186,0.375,0.485714285714284,0,-0.9999907397361901,0.004303538296243821,-0.9659258262890684,0.2588190451025203
0.0,0.7318956610907638,0.6388888888888888,0.7999999999999999,0.6162790697674418,0.0,0.5047619047619065,0,-0.9999907397361901,0.004303538296243821,-0.5000000000000004,0.8660254037844384
0.0,0.8094032503423514,0.6666666666666667,0.7999999999999999,0.6162790697674418,0.0,0.4952380952380935,0,-0.9997685019798909,0.021516097436222233,0.25881904510252074,0.9659258262890683
0.0,0.575703181312986,0.6666666666666667,0.7999999999999999,0.7441860465116279,0.125,0.485714285714284,0,-0.9997685019798909,0.021516097436222233,0.8660254037844386,0.5000000000000001
1.0,0.3420031122836206,0.6666666666666667,0.7999999999999999,0.7093023255813953,0.0,0.47619047619047805,3715,-0.9997685019798909,0.021516097436222233,0.9659258262890683,-0.25881904510252063
1.0,0.10830304325425519,0.6666666666666667,0.7999999999999999,0.6627906976744187,0.07500000000000001,0.47619047619047805,18312,-0.9997685019798909,0.021516097436222233,0.49999999999999994,-0.8660254037844387
1.0,0.03299968719944515,0.6666666666666667,0.7999999999999999,0.4186046511627907,0.55,0.44761904761904603,19583,-0.9997685019798909,0.021516097436222233,-0.2588190451025208,-0.9659258262890683
1.0,0.26669975622881054,0.6666666666666667,0.7999999999999999,0.5232558139534884,0.4,0.4190476190476211,6135,-0.9997685019798909,0.021516097436222233,-0.8660254037844385,-0.5000000000000004
1.0,0.5003998252581758,0.6666666666666667,0.7999999999999999,0.7790697674418605,0.2,0.45714285714285907,178,-0.9997685019798909,0.021516097436222233,-0.9659258262890684,0.2588190451025203
0.0,0.734099895204165,0.6666666666666667,0.7999999999999999,0.8139534883720929,0.225,0.44761904761904603,0,-0.9997685019798909,0.021516097436222233,-0.5000000000000004,0.8660254037844384
0.0,0.813054467394246,0.6944444444444444,0.7428571428571428,0.8139534883720929,0.25,0.4380952380952401,0,-0.9992500112396835,0.03872228089217399,0.25881904510252074,0.9659258262890683
0.0,0.578357100883835,0.6944444444444444,0.7428571428571428,0.8488372093023255,0.15000000000000002,0.4190476190476211,0,-0.9992500112396835,0.03872228089217399,0.8660254037844386,0.5000000000000001
1.0,0.34365973437342395,0.6944444444444444,0.7428571428571428,0.7790697674418605,0.0,0.45714285714285907,53,-0.9992500112396835,0.03872228089217399,0.9659258262890683,-0.25881904510252063
1.0,0.10896236786301292,0.6944444444444444,0.7428571428571428,0.6860465116279069,0.15000000000000002,0.47619047619047805,7496,-0.9992500112396835,0.03872228089217399,0.49999999999999994,-0.8660254037844387
1.0,0.033337660988356686,0.6944444444444444,0.7428571428571428,0.5581395348837208,0.42500000000000004,0.466666666666665,19260,-0.9992500112396835,0.03872228089217399,-0.2588190451025208,-0.9659258262890683
1.0,0.26803502749876773,0.6944444444444444,0.7428571428571428,0.7209302325581395,0.225,0.4190476190476211,4961,-0.9992500112396835,0.03872228089217399,-0.8660254037844385,-0.5000000000000004
1.0,0.5027323940091788,0.6944444444444444,0.7428571428571428,0.8488372093023255,0.325,0.40952380952380807,0,-0.9992500112396835,0.03872228089217399,-0.9659258262890684,0.2588190451025203
0.0,0.7374297605195899,0.6944444444444444,0.7428571428571428,0.8837209302325582,0.4,0.4190476190476211,0,-0.9992500112396835,0.03872228089217399,-0.5000000000000004,0.8660254037844384
0.0,0.815505974474282,0.6388888888888888,0.5142857142857142,0.8837209302325582,0.17500000000000002,0.40952380952380807,0,-0.9984354211555643,0.05591699010060302,0.25881904510252074,0.9659258262890683
0.0,0.5801390006715195,0.6388888888888888,0.5142857142857142,0.8488372093023255,0.2,0.3619047619047606,0,-0.9984354211555643,0.05591699010060302,0.8660254037844386,0.5000000000000001
1.0,0.3447720268687568,0.6388888888888888,0.5142857142857142,0.8139534883720929,0.125,0.37142857142857366,1093,-0.9984354211555643,0.05591699010060302,0.9659258262890683,-0.25881904510252063
1.0,0.10940505214937049,0.6388888888888888,0.5142857142857142,0.6860465116279069,0.07500000000000001,0.37142857142857366,11844,-0.9984354211555643,0.05591699010060302,0.49999999999999994,-0.8660254037844387
1.0,0.03356458307772712,0.6388888888888888,0.5142857142857142,0.569767441860465,0.0,0.33333333333333215,11357,-0.9984354211555643,0.05591699010060302,-0.2588190451025208,-0.9659258262890683
1.0,0.2689315568804898,0.6388888888888888,0.5142857142857142,0.5930232558139534,0.225,0.2761904761904752,3375,-0.9984354211555643,0.05591699010060302,-0.8660254037844385,-0.5000000000000004
1.0,0.5042985306832525,0.6388888888888888,0.5142857142857142,0.6511627906976745,0.35000000000000003,0.26666666666666927,0,-0.9984354211555643,0.05591699010060302,-0.9659258262890684,0.2588190451025203
0.0,0.7396655054026388,0.6388888888888888,0.5142857142857142,0.8837209302325582,0.325,0.25714285714285623,0,-0.9984354211555643,0.05591699010060302,-0.5000000000000004,0.8660254037844384
0.0,0.8166601740841835,0.6111111111111112,0.7142857142857143,0.9186046511627906,0.375,0.23809523809523725,0,-0.9973249731081555,0.07309512989807776,0.25881904510252074,0.9659258262890683
0.0,0.5806197615024028,0.6111111111111112,0.7142857142857143,0.8837209302325582,0.42500000000000004,0.25714285714285623,0,-0.9973249731081555,0.07309512989807776,0.8660254037844386,0.5000000000000001
1.0,0.34457934800399864,0.6111111111111112,0.7142857142857143,0.8837209302325582,0.2,0.2952380952380942,1653,-0.9973249731081555,0.07309512989807776,0.9659258262890683,-0.25881904510252063
1.0,0.10853893450559449,0.6111111111111112,0.7142857142857143,0.7790697674418605,0.325,0.34285714285714164,5957,-0.9973249731081555,0.07309512989807776,0.49999999999999994,-0.8660254037844387
1.0,0.03510413950052104,0.6111111111111112,0.7142857142857143,0.6046511627906976,0.4,0.3619047619047606,21177,-0.9973249731081555,0.07309512989807776,-0.2588190451025208,-0.9659258262890683
1.0,0.27114455299892526,0.6111111111111112,0.7142857142857143,0.6511627906976745,0.375,0.3809523809523796,9729,-0.9973249731081555,0.07309512989807776,-0.8660254037844385,-0.5000000000000004
1.0,0.5071849655807058,0.6111111111111112,0.7142857142857143,0.7790697674418605,0.35000000000000003,0.40952380952380807,0,-0.9973249731081555,0.07309512989807776,-0.9659258262890684,0.2588190451025203
0.0,0.7432253790791099,0.6111111111111112,0.7142857142857143,0.8139534883720929,0.45,0.44761904761904603,0,-0.9973249731081555,0.07309512989807776,-0.5000000000000004,0.8660254037844384
0.0,0.8191360963505456,0.6388888888888888,0.7714285714285714,0.7790697674418605,0.375,0.45714285714285907,0,-0.9959189961471792,0.0902516100310407,0.25881904510252074,0.9659258262890683
0.0,0.5824183795880075,0.6388888888888888,0.7714285714285714,0.8139534883720929,0.25,0.45714285714285907,0,-0.9959189961471792,0.0902516100310407,0.8660254037844386,0.5000000000000001
1.0,0.34570066190884574,0.6388888888888888,0.7714285714285714,0.7790697674418605,0.2,0.485714285714284,2198,-0.9959189961471792,0.0902516100310407,0.9659258262890683,-0.25881904510252063
1.0,0.10898294514630757,0.6388888888888888,0.7714285714285714,0.49999999999999994,0.17500000000000002,0.5047619047619065,20493,-0.9959189961471792,0.0902516100310407,0.49999999999999994,-0.8660254037844387
1.0,0.035337433040565504,0.6388888888888888,0.7714285714285714,0.47674418604651164,0.375,0.4952380952380935,18931,-0.9959189961471792,0.0902516100310407,-0.2588190451025208,-0.9659258262890683
1.0,0.2720551507197273,0.6388888888888888,0.7714285714285714,0.5465116279069768,0.275,0.485714285714284,11566,-0.9959189961471792,0.0902516100310407,-0.8660254037844385,-0.5000000000000004
1.0,0.5087728674822654,0.6388888888888888,0.7714285714285714,0.7790697674418605,0.375,0.5047619047619065,0,-0.9959189961471792,0.0902516100310407,-0.9659258262890684,0.2588190451025203
0.0,0.7454905842448035,0.6388888888888888,0.7714285714285714,0.8488372093023255,0.35000000000000003,0.5238095238095255,0,-0.9959189961471792,0.0902516100310407,-0.5000000000000004,0.8660254037844384
0.0,0.8228767364514125,0.6666666666666667,0.7714285714285714,0.9186046511627906,0.17500000000000002,0.5333333333333314,0,-0.994217906893952,0.10738134666416306,0.25881904510252074,0.9659258262890683
0.0,0.585135744178257,0.6666666666666667,0.7714285714285714,0.8837209302325582,0.0,0.5428571428571445,0,-0.994217906893952,0.10738134666416306,0.8660254037844386,0.5000000000000001
1.0,0.3473947519051016,0.6666666666666667,0.7714285714285714,0.8139534883720929,0.125,0.5619047619047635,532,-0.994217906893952,0.10738134666416306,0.9659258262890683,-0.25881904510252063
1.0,0.10965375871532254,0.6666666666666667,0.7714285714285714,0.6860465116279069,0.125,0.5904761904761919,22044,-0.994217906893952,0.10738134666416306,0.49999999999999994,-0.8660254037844387
1.0,0.03568989498216784,0.6666666666666667,0.7714285714285714,0.5232558139534884,0.07500000000000001,0.5428571428571445,27732,-0.994217906893952,0.10738134666416306,-0.2588190451025208,-0.9659258262890683
1.0,0.2734308872553233,0.6666666666666667,0.7714285714285714,0.6511627906976745,0.55,0.5428571428571445,11398,-0.994217906893952,0.10738134666416306,-0.8660254037844385,-0.5000000000000004
1.0,0.5111718795284786,0.6666666666666667,0.7714285714285714,0.9186046511627906,0.55,0.5619047619047635,0,-0.994217906893952,0.10738134666416306,-0.9659258262890684,0.2588190451025203
0.0,0.7489128727182577,0.6666666666666667,0.7714285714285714,0.9186046511627906,0.525,0.5904761904761919,0,-0.994217906893952,0.10738134666416306,-0.5000000000000004,0.8660254037844384
0.0,0.824063914345352,0.6388888888888888,0.7714285714285714,0.9186046511627906,0.35000000000000003,0.6095238095238109,0,-0.9922222094179324,0.12447926388678869,0.25881904510252074,0.9659258262890683
0.0,0.5856358091022486,0.6388888888888888,0.7714285714285714,0.9534883720930232,0.17500000000000002,0.6095238095238109,0,-0.9922222094179324,0.12447926388678869,0.8660254037844386,0.5000000000000001
1.0,0.3472077038591452,0.6388888888888888,0.7714285714285714,0.9534883720930232,0.0,0.6476190476190489,0,-0.9922222094179324,0.12447926388678869,0.9659258262890683,-0.25881904510252063
1.0,0.10877959953266533,0.6388888888888888,0.7714285714285714,0.7790697674418605,0.07500000000000001,0.6571428571428584,15458,-0.9922222094179324,0.12447926388678869,0.49999999999999994,-0.8660254037844387
1.0,0.03725116713477306,0.6388888888888888,0.7714285714285714,0.6627906976744187,0.07500000000000001,0.5999999999999979,27357,-0.9922222094179324,0.12447926388678869,-0.2588190451025208,-0.9659258262890683
1.0,0.27567927237787654,0.6388888888888888,0.7714285714285714,0.47674418604651164,0.55,0.5619047619047635,10975,-0.9922222094179324,0.12447926388678869,-0.8660254037844385,-0.5000000000000004
1.0,0.5141073776209799,0.6388888888888888,0.7714285714285714,0.6860465116279069,0.4,0.5523809523809504,0,-0.9922222094179324,0.12447926388678869,-0.9659258262890684,0.2588190451025203
0.0,0.7525354828640833,0.6388888888888888,0.7714285714285714,0.7790697674418605,0.275,0.5428571428571445,0,-0.9922222094179324,0.12447926388678869,-0.5000000000000004,0.8660254037844384
0.0,0.8278531565795938,0.6666666666666667,0.7428571428571428,0.8139534883720929,0.17500000000000002,0.5238095238095255,0,-0.989932495087353,0.141540295217043,0.25881904510252074,0.9659258262890683
0.0,0.5883869026912684,0.6666666666666667,0.7428571428571428,0.8023255813953487,0.0,0.5047619047619065,0,-0.989932495087353,0.141540295217043,0.8660254037844386,0.5000000000000001
1.0,0.3489206497195667,0.6666666666666667,0.7428571428571428,0.8837209302325582,0.07500000000000001,0.5142857142857125,3816,-0.989932495087353,0.141540295217043,0.9659258262890683,-0.25881904510252063
1.0,0.10945439583124131,0.6666666666666667,0.7428571428571428,0.7209302325581395,0.07500000000000001,0.5047619047619065,23843,-0.989932495087353,0.141540295217043,0.49999999999999994,-0.8660254037844387
1.0,0.037614519481418994,0.6666666666666667,0.7428571428571428,0.47674418604651164,0.6000000000000001,0.44761904761904603,27645,-0.989932495087353,0.141540295217043,-0.2588190451025208,-0.9659258262890683
1.0,0.2770807733697444,0.6666666666666667,0.7428571428571428,0.5465116279069768,0.625,0.4190476190476211,11063,-0.989932495087353,0.141540295217043,-0.8660254037844385,-0.5000000000000004
1.0,0.5165470272580697,0.6666666666666667,0.7428571428571428,0.6744186046511627,0.225,0.3999999999999986,0,-0.989932495087353,0.141540295217043,-0.9659258262890684,0.2588190451025203
0.0,0.7560132802297715,0.6666666666666667,0.7428571428571428,0.7441860465116279,0.5750000000000001,0.40952380952380807,0,-0.989932495087353,0.141540295217043,-0.5000000000000004,0.8660254037844384
0.0,0.8303977037053448,0.5555555555555556,0.7428571428571428,0.8023255813953487,0.375,0.40952380952380807,0,-0.9873494423939864,0.15855938510313475,0.25881904510252074,0.9659258262890683
0.0,0.5902343135679576,0.5555555555555556,0.7428571428571428,0.7674418604651163,0.325,0.4190476190476211,0,-0.9873494423939864,0.15855938510313475,0.8660254037844386,0.5000000000000001
1.0,0.35007092343057045,0.5555555555555556,0.7428571428571428,0.7093023255813953,0.225,0.45714285714285907,3837,-0.9873494423939864,0.15855938510313475,0.9659258262890683,-0.25881904510252063
1.0,0.10990753420980681,0.5555555555555556,0.7428571428571428,0.3837209302325581,0.125,0.4952380952380935,24973,-0.9873494423939864,0.15855938510313475,0.49999999999999994,-0.8660254037844387
1.0,0.03785851735191537,0.5555555555555556,0.7428571428571428,0.25581395348837205,0.4,0.466666666666665,28183,-0.9873494423939864,0.15855938510313475,-0.2588190451025208,-0.9659258262890683
1.0,0.27802190657267906,0.5555555555555556,0.7428571428571428,0.4186046511627907,0.65,0.4380952380952401,10894,-0.9873494423939864,0.15855938510313475,-0.8660254037844385,-0.5000000000000004
1.0,0.5181852967100662,0.5555555555555556,0.7428571428571428,0.6162790697674418,0.5,0.44761904761904603,0,-0.9873494423939864,0.15855938510313475,-0.9659258262890684,0.2588190451025203
0.0,0.7583486868474535,0.5555555555555556,0.7428571428571428,0.6162790697674418,0.275,0.466666666666665,0,-0.9873494423939864,0.15855938510313475,-0.5000000000000004,0.8660254037844384
0.0,0.832957109299723,0.41666666666666674,0.7999999999999999,0.6395348837209303,0.4,0.47619047619047805,0,-0.9844738167520923,0.17553149042142777,0.25881904510252074,0.9659258262890683
0.0,0.5920925121878469,0.41666666666666674,0.7999999999999999,0.6395348837209303,0.275,0.47619047619047805,0,-0.9844738167520923,0.17553149042142777,0.8660254037844386,0.5000000000000001
1.0,0.35122791507597073,0.41666666666666674,0.7999999999999999,0.5232558139534884,0.325,0.485714285714284,3755,-0.9844738167520923,0.17553149042142777,0.9659258262890683,-0.25881904510252063
1.0,0.11036331888071815,0.41666666666666674,0.7999999999999999,0.3255813953488372,0.42500000000000004,0.4952380952380935,25334,-0.9844738167520923,0.17553149042142777,0.49999999999999994,-0.8660254037844387
1.0,0.03810393965549295,0.41666666666666674,0.7999999999999999,0.3720930232558139,0.65,0.4380952380952401,29016,-0.9844738167520923,0.17553149042142777,-0.2588190451025208,-0.9659258262890683
1.0,0.2789685367673691,0.41666666666666674,0.7999999999999999,0.3720930232558139,0.7250000000000001,0.40952380952380807,10179,-0.9844738167520923,0.17553149042142777,-0.8660254037844385,-0.5000000000000004
1.0,0.5198331329626216,0.41666666666666674,0.7999999999999999,0.5813953488372092,0.45,0.4190476190476211,0,-0.9844738167520923,0.17553149042142777,-0.9659258262890684,0.2588190451025203
0.0,0.7606977300744978,0.41666666666666674,0.7999999999999999,0.3720930232558139,0.325,0.42857142857142705,0,-0.9844738167520923,0.17553149042142777,-0.5000000000000004,0.8660254037844384
0.0,0.8354803403435543,0.5277777777777779,0.8571428571428571,0.20930232558139533,0.35000000000000003,0.4190476190476211,0,-0.9813064702716093,0.19245158197082995,0.25881904510252074,0.9659258262890683
0.0,0.593556221673873,0.5277777777777779,0.8571428571428571,0.25581395348837205,0.35000000000000003,0.42857142857142705,0,-0.9813064702716093,0.19245158197082995,0.8660254037844386,0.5000000000000001
1.0,0.3516321030041916,0.5277777777777779,0.8571428571428571,0.2325581395348837,0.25,0.466666666666665,0,-0.9813064702716093,0.19245158197082995,0.9659258262890683,-0.25881904510252063
1.0,0.1097079852511339,0.5277777777777779,0.8571428571428571,0.2325581395348837,0.5,0.47619047619047805,0,-0.9813064702716093,0.19245158197082995,0.49999999999999994,-0.8660254037844387
1.0,0.039818794842882387,0.5277777777777779,0.8571428571428571,0.16279069767441862,0.5,0.45714285714285907,0,-0.9813064702716093,0.19245158197082995,-0.2588190451025208,-0.9659258262890683
1.0,0.28174291351256375,0.5277777777777779,0.8571428571428571,0.2441860465116279,0.525,0.44761904761904603,0,-0.9813064702716093,0.19245158197082995,-0.8660254037844385,-0.5000000000000004
1.0,0.5236670321822451,0.5277777777777779,0.8571428571428571,0.3255813953488372,0.25,0.4952380952380935,0,-0.9813064702716093,0.19245158197082995,-0.9659258262890684,0.2588190451025203
0.0,0.7655911508519264,0.5277777777777779,0.8571428571428571,0.12790697674418605,0.225,0.5333333333333314,0,-0.9813064702716093,0.19245158197082995,-0.5000000000000004,0.8660254037844384
0.0,0.838073513434894,0.5833333333333335,0.8857142857142857,0.2906976744186046,0.375,0.5809523809523789,0,-0.9778483415056567,0.20931464596304888,0.25881904510252074,0.9659258262890683
0.0,0.595437853776208,0.5833333333333335,0.8857142857142857,0.313953488372093,0.325,0.5904761904761919,0,-0.9778483415056567,0.20931464596304888,0.8660254037844386,0.5000000000000001
1.0,0.35280219411752206,0.5833333333333335,0.8857142857142857,0.2325581395348837,0.225,0.6380952380952358,0,-0.9778483415056567,0.20931464596304888,0.9659258262890683,-0.25881904510252063
1.0,0.11016653354221242,0.5833333333333335,0.8857142857142857,0.17441860465116277,0.5,0.6571428571428584,0,-0.9778483415056567,0.20931464596304888,0.49999999999999994,-0.8660254037844387
1.0,0.040071787540808514,0.5833333333333335,0.8857142857142857,0.12790697674418605,0.35000000000000003,0.6380952380952358,0,-0.9778483415056567,0.20931464596304888,-0.2588190451025208,-0.9659258262890683
1.0,0.28270744719949453,0.5833333333333335,0.8857142857142857,0.17441860465116277,0.42500000000000004,0.6190476190476168,10727,-0.9778483415056567,0.20931464596304888,-0.8660254037844385,-0.5000000000000004
1.0,0.5253431077748041,0.5833333333333335,0.8857142857142857,0.3720930232558139,0.275,0.6476190476190489,0,-0.9778483415056567,0.20931464596304888,-0.9659258262890684,0.2588190451025203
0.0,0.7679787674334901,0.5833333333333335,0.8857142857142857,0.1511627906976744,0.17500000000000002,0.6761904761904773,0,-0.9778483415056567,0.20931464596304888,-0.5000000000000004,0.8660254037844384
0.0,0.8419920023472238,0.6111111111111112,0.7714285714285714,0.08139534883720928,0.0,0.6952380952380963,0,-0.9741004551724206,0.22611568550828803,0.25881904510252074,0.9659258262890683
0.0,0.5982811468670978,0.6111111111111112,0.7714285714285714,0.4069767441860465,0.125,0.7047619047619023,0,-0.9741004551724206,0.22611568550828803,0.8660254037844386,0.5000000000000001
1.0,0.3545702923035953,0.6111111111111112,0.7714285714285714,0.4069767441860465,0.0,0.7428571428571438,3687,-0.9741004551724206,0.22611568550828803,0.9659258262890683,-0.25881904510252063
1.0,0.11085943682346927,0.6111111111111112,0.7714285714285714,0.08139534883720928,0.0,0.7523809523809533,23961,-0.9741004551724206,0.22611568550828803,0.49999999999999994,-0.8660254037844387
1.0,0.0404540791643681,0.6111111111111112,0.7714285714285714,0.0,0.125,0.7047619047619023,27438,-0.9741004551724206,0.22611568550828803,-0.2588190451025208,-0.9659258262890683
1.0,0.28416493372787055,0.6111111111111112,0.7714285714285714,0.046511627906976716,0.45,0.6761904761904773,10116,-0.9741004551724206,0.22611568550828803,-0.8660254037844385,-0.5000000000000004
1.0,0.5278757892079965,0.6111111111111112,0.7714285714285714,0.1395348837209302,0.325,0.6857142857142833,0,-0.9741004551724206,0.22611568550828803,-0.9659258262890684,0.2588190451025203
0.0,0.771586643771499,0.6111111111111112,0.7714285714285714,0.5581395348837208,0.17500000000000002,0.6857142857142833,0,-0.9741004551724206,0.22611568550828803,-0.5000000000000004,0.8660254037844384
0.0,0.8446236782130654,0.6388888888888888,0.7999999999999999,0.7093023255813953,0.0,0.6666666666666679,0,-0.970063921851507,0.2428497220959358,0.25881904510252074,0.9659258262890683
0.0,0.6001907167402707,0.6388888888888888,0.7999999999999999,0.5465116279069768,0.07500000000000001,0.6476190476190489,0,-0.970063921851507,0.2428497220959358,0.8660254037844386,0.5000000000000001
1.0,0.3557577561840995,0.6388888888888888,0.7999999999999999,0.7093023255813953,0.0,0.6666666666666679,3473,-0.970063921851507,0.2428497220959358,0.9659258262890683,-0.25881904510252063
1.0,0.11132479471130474,0.6388888888888888,0.7999999999999999,0.569767441860465,0.125,0.6666666666666679,22832,-0.970063921851507,0.2428497220959358,0.49999999999999994,-0.8660254037844387
1.0,0.04071082818582495,0.6388888888888888,0.7999999999999999,0.25581395348837205,0.0,0.5904761904761919,26285,-0.970063921851507,0.2428497220959358,-0.2588190451025208,-0.9659258262890683
1.0,0.28514378874199614,0.6388888888888888,0.7999999999999999,0.19767441860465113,0.35000000000000003,0.5428571428571445,9756,-0.970063921851507,0.2428497220959358,-0.8660254037844385,-0.5000000000000004
1.0,0.5295767502147908,0.6388888888888888,0.7999999999999999,0.3023255813953488,0.35000000000000003,0.5238095238095255,0,-0.970063921851507,0.2428497220959358,-0.9659258262890684,0.2588190451025203
0.0,0.7740097116875856,0.6388888888888888,0.7999999999999999,0.6744186046511627,0.225,0.5333333333333314,0,-0.970063921851507,0.2428497220959358,-0.5000000000000004,0.8660254037844384
0.0,0.8472365403794271,0.7222222222222223,0.7999999999999999,0.7093023255813953,0.17500000000000002,0.5333333333333314,0,-0.965739937654855,0.25951179706979943,0.25881904510252074,0.9659258262890683
0.0,0.6017123605045878,0.7222222222222223,0.7999999999999999,0.6046511627906976,0.07500000000000001,0.5333333333333314,0,-0.965739937654855,0.25951179706979943,0.8660254037844386,0.5000000000000001
1.0,0.35618818062974855,0.7222222222222223,0.7999999999999999,0.7674418604651163,0.07500000000000001,0.5523809523809504,3359,-0.965739937654855,0.25951179706979943,0.9659258262890683,-0.25881904510252063
1.0,0.1106640007549092,0.7222222222222223,0.7999999999999999,0.5930232558139534,0.15000000000000002,0.5714285714285694,7478,-0.965739937654855,0.25951179706979943,0.49999999999999994,-0.8660254037844387
1.0,0.042462839627641434,0.7222222222222223,0.7999999999999999,0.3023255813953488,0.0,0.5238095238095255,21210,-0.965739937654855,0.25951179706979943,-0.2588190451025208,-0.9659258262890683
1.0,0.2879870195024808,0.7222222222222223,0.7999999999999999,0.2325581395348837,0.45,0.4952380952380935,9209,-0.965739937654855,0.25951179706979943,-0.8660254037844385,-0.5000000000000004
1.0,0.53351119937732,0.7222222222222223,0.7999999999999999,0.5116279069767442,0.275,0.5047619047619065,0,-0.965739937654855,0.25951179706979943,-0.9659258262890684,0.2588190451025203
0.0,0.7790353792521594,0.7222222222222223,0.7999999999999999,0.6511627906976745,0.17500000000000002,0.5238095238095255,0,-0.965739937654855,0.25951179706979943,-0.5000000000000004,0.8660254037844384
0.0,0.8499035108371552,0.75,0.7999999999999999,0.6162790697674418,0.07500000000000001,0.5238095238095255,0,-0.9611297838723007,0.27609697309746883,0.25881904510252074,0.9659258262890683
0.0,0.6036464234770932,0.75,0.7999999999999999,0.5813953488372092,0.07500000000000001,0.5238095238095255,0,-0.9611297838723007,0.27609697309746883,0.8660254037844386,0.5000000000000001
1.0,0.35738933520040767,0.75,0.7999999999999999,0.6744186046511627,0.0,0.5523809523809504,3225,-0.9611297838723007,0.27609697309746883,0.9659258262890683,-0.25881904510252063
1.0,0.11113224784034564,0.75,0.7999999999999999,0.6511627906976745,0.07500000000000001,0.5714285714285694,21798,-0.9611297838723007,0.27609697309746883,0.49999999999999994,-0.8660254037844387
1.0,0.04272750094405129,0.75,0.7999999999999999,0.46511627906976744,0.0,0.5238095238095255,15159,-0.9611297838723007,0.27609697309746883,-0.2588190451025208,-0.9659258262890683
1.0,0.28898458922073694,0.75,0.7999999999999999,0.11627906976744184,0.375,0.4952380952380935,9169,-0.9611297838723007,0.27609697309746883,-0.8660254037844385,-0.5000000000000004
1.0,0.5352416765807988,0.75,0.7999999999999999,0.16279069767441862,0.35000000000000003,0.5047619047619065,0,-0.9611297838723007,0.27609697309746883,-0.9659258262890684,0.2588190451025203
0.0,0.7814987648574845,0.75,0.7999999999999999,0.3255813953488372,0.0,0.5238095238095255,0,-0.9611297838723007,0.27609697309746883,-0.5000000000000004,0.8660254037844384
0.0,0.8525864516279424,0.7777777777777779,0.8571428571428571,0.441860465116279,0.0,0.5238095238095255,0,-0.9562348265919058,0.2926003356333479,0.25881904510252074,0.9659258262890683
0.0,0.6055920670722164,0.7777777777777779,0.8571428571428571,0.6395348837209303,0.0,0.5238095238095255,0,-0.9562348265919058,0.2926003356333479,0.8660254037844386,0.5000000000000001
1.0,0.3585976825164904,0.7777777777777779,0.8571428571428571,0.7790697674418605,0.0,0.5428571428571445,2718,-0.9562348265919058,0.2926003356333479,0.9659258262890683,-0.25881904510252063
1.0,0.11160329887738787,0.7777777777777779,0.8571428571428571,0.6046511627906976,0.07500000000000001,0.5523809523809504,20460,-0.9562348265919058,0.2926003356333479,0.49999999999999994,-0.8660254037844387
1.0,0.04299374710267311,0.7777777777777779,0.8571428571428571,0.5465116279069768,0.125,0.4952380952380935,24427,-0.9562348265919058,0.2926003356333479,-0.2588190451025208,-0.9659258262890683
1.0,0.28998813165839915,0.7777777777777779,0.8571428571428571,0.11627906976744184,0.275,0.45714285714285907,8399,-0.9562348265919058,0.2926003356333479,-0.8660254037844385,-0.5000000000000004
1.0,0.5369825162141252,0.7777777777777779,0.8571428571428571,0.2441860465116279,0.225,0.466666666666665,0,-0.9562348265919058,0.2926003356333479,-0.9659258262890684,0.2588190451025203
0.0,0.7839769007698512,0.7777777777777779,0.8571428571428571,0.3953488372093023,0.07500000000000001,0.485714285714284,0,-0.9562348265919058,0.2926003356333479,-0.5000000000000004,0.8660254037844384
0.0,0.8566411214759272,0.4722222222222223,0.7999999999999999,0.5581395348837208,0.25,0.485714285714284,0,-0.9510565162951536,0.30901699437494723,0.25881904510252074,0.9659258262890683
0.0,0.6085324764339898,0.4722222222222223,0.7999999999999999,0.7093023255813953,0.125,0.4952380952380935,0,-0.9510565162951536,0.30901699437494723,0.8660254037844386,0.5000000000000001
1.0,0.3604238323086761,0.4722222222222223,0.7999999999999999,0.8837209302325582,0.25,0.5142857142857125,542,-0.9510565162951536,0.30901699437494723,0.9659258262890683,-0.25881904510252063
1.0,0.11231518726673861,0.4722222222222223,0.7999999999999999,0.627906976744186,0.15000000000000002,0.5619047619047635,13884,-0.9510565162951536,0.30901699437494723,0.49999999999999994,-0.8660254037844387
1.0,0.04339611919953377,0.4722222222222223,0.7999999999999999,0.5232558139534884,0.325,0.5142857142857125,25929,-0.9510565162951536,0.30901699437494723,-0.2588190451025208,-0.9659258262890683
1.0,0.2915047642414712,0.4722222222222223,0.7999999999999999,0.6511627906976745,0.42500000000000004,0.5047619047619065,9282,-0.9510565162951536,0.30901699437494723,-0.8660254037844385,-0.5000000000000004
1.0,0.539613408366785,0.4722222222222223,0.7999999999999999,0.8023255813953487,0.275,0.5238095238095255,0,-0.9510565162951536,0.30901699437494723,-0.9659258262890684,0.2588190451025203
0.0,0.7877220534087224,0.4722222222222223,0.7999999999999999,0.8023255813953487,0.2,0.5523809523809504,0,-0.9510565162951536,0.30901699437494723,-0.5000000000000004,0.8660254037844384
0.0,0.8580008198483174,0.38888888888888884,0.7428571428571428,0.8023255813953487,0.0,0.5428571428571445,0,-0.9455963874271428,0.3253420847119795,0.25881904510252074,0.9659258262890683
0.0,0.6095185177771737,0.38888888888888884,0.7428571428571428,0.8023255813953487,0.17500000000000002,0.5428571428571445,0,-0.9455963874271428,0.3253420847119795,0.8660254037844386,0.5000000000000001
1.0,0.3610362147894064,0.38888888888888884,0.7428571428571428,0.8023255813953487,0.07500000000000001,0.5714285714285694,385,-0.9455963874271428,0.3253420847119795,0.9659258262890683,-0.25881904510252063
1.0,0.1125539127182626,0.38888888888888884,0.7428571428571428,0.6744186046511627,0.2,0.5904761904761919,17121,-0.9455963874271428,0.3253420847119795,0.49999999999999994,-0.8660254037844387
1.0,0.04353105077721612,0.38888888888888884,0.7428571428571428,0.6744186046511627,0.525,0.5428571428571445,25347,-0.9455963874271428,0.3253420847119795,-0.2588190451025208,-0.9659258262890683
1.0,0.29201335376498355,0.38888888888888884,0.7428571428571428,0.8023255813953487,0.45,0.5428571428571445,7136,-0.9455963874271428,0.3253420847119795,-0.8660254037844385,-0.5000000000000004
1.0,0.5404956558361272,0.38888888888888884,0.7428571428571428,0.8372093023255813,0.375,0.5714285714285694,0,-0.9455963874271428,0.3253420847119795,-0.9659258262890684,0.2588190451025203
0.0,0.7889779579072711,0.38888888888888884,0.7428571428571428,0.8023255813953487,0.25,0.5904761904761919,0,-0.9455963874271428,0.3253420847119795,-0.5000000000000004,0.8660254037844384
0.0,0.8593479128129003,0.4444444444444444,0.7428571428571428,0.8023255813953487,0.35000000000000003,0.6095238095238109,0,-0.9398560579418953,0.341570769167856,0.25881904510252074,0.9659258262890683
0.0,0.6101149088425021,0.4444444444444444,0.7428571428571428,0.7674418604651163,0.35000000000000003,0.6190476190476168,0,-0.9398560579418953,0.341570769167856,0.8660254037844386,0.5000000000000001
1.0,0.36088190395548037,0.4444444444444444,0.7428571428571428,0.7674418604651163,0.225,0.6571428571428584,1142,-0.9398560579418953,0.341570769167856,0.9659258262890683,-0.25881904510252063
1.0,0.11164889998508204,0.4444444444444444,0.7428571428571428,0.6162790697674418,0.275,0.6857142857142833,21070,-0.9398560579418953,0.341570769167856,0.49999999999999994,-0.8660254037844387
1.0,0.04518676540965114,0.4444444444444444,0.7428571428571428,0.5116279069767442,0.4,0.6571428571428584,25392,-0.9398560579418953,0.341570769167856,-0.2588190451025208,-0.9659258262890683
1.0,0.29441976938004943,0.4444444444444444,0.7428571428571428,0.6511627906976745,0.42500000000000004,0.6476190476190489,8283,-0.9398560579418953,0.341570769167856,-0.8660254037844385,-0.5000000000000004
1.0,0.5436527742670713,0.4444444444444444,0.7428571428571428,0.7674418604651163,0.375,0.6571428571428584,0,-0.9398560579418953,0.341570769167856,-0.9659258262890684,0.2588190451025203
0.0,0.7928857782374694,0.4444444444444444,0.7428571428571428,0.8837209302325582,0.2,0.6666666666666679,0,-0.9398560579418953,0.341570769167856,-0.5000000000000004,0.8660254037844384
0.0,0.8634702798971865,0.6111111111111112,0.7714285714285714,0.8372093023255813,0.07500000000000001,0.6571428571428584,0,-0.9338372288229252,0.35769823883312546,0.25881904510252074,0.9659258262890683
0.0,0.6131026792292902,0.6111111111111112,0.7714285714285714,0.8372093023255813,0.07500000000000001,0.6571428571428584,0,-0.9338372288229252,0.35769823883312546,0.8660254037844386,0.5000000000000001
1.0,0.3627350785613939,0.6111111111111112,0.7714285714285714,0.8372093023255813,0.0,0.6761904761904773,2581,-0.9338372288229252,0.35769823883312546,0.9659258262890683,-0.25881904510252063
1.0,0.11236747789349752,0.6111111111111112,0.7714285714285714,0.7093023255813953,0.0,0.6857142857142833,21774,-0.9338372288229252,0.35769823883312546,0.49999999999999994,-0.8660254037844387
1.0,0.04560278419873378,0.6111111111111112,0.7714285714285714,0.3720930232558139,0.07500000000000001,0.6190476190476168,25064,-0.9338372288229252,0.35769823883312546,-0.2588190451025208,-0.9659258262890683
1.0,0.29597038486663013,0.6111111111111112,0.7714285714285714,0.3720930232558139,0.35000000000000003,0.5714285714285694,8524,-0.9338372288229252,0.35769823883312546,-0.8660254037844385,-0.5000000000000004
1.0,0.5463379855345264,0.6111111111111112,0.7714285714285714,0.3604651162790698,0.325,0.5619047619047635,0,-0.9338372288229252,0.35769823883312546,-0.9659258262890684,0.2588190451025203
0.0,0.7967055862024228,0.6111111111111112,0.7714285714285714,0.5930232558139534,0.07500000000000001,0.5714285714285694,0,-0.9338372288229252,0.35769823883312546,-0.5000000000000004,0.8660254037844384
0.0,0.866239439220825,0.7222222222222223,0.3714285714285714,0.5581395348837208,0.0,0.5714285714285694,0,-0.9275416835791965,0.3737197147904692,0.25881904510252074,0.9659258262890683
0.0,0.6151096843583611,0.7222222222222223,0.3714285714285714,0.6162790697674418,0.0,0.5619047619047635,0,-0.9275416835791965,0.3737197147904692,0.8660254037844386,0.5000000000000001
1.0,0.3639799294958973,0.7222222222222223,0.3714285714285714,0.2325581395348837,0.2,0.5714285714285694,2921,-0.9275416835791965,0.3737197147904692,0.9659258262890683,-0.25881904510252063
1.0,0.11285017555005697,0.7222222222222223,0.3714285714285714,0.08139534883720928,0.17500000000000002,0.5809523809523789,21804,-0.9275416835791965,0.3737197147904692,0.49999999999999994,-0.8660254037844387
1.0,0.045882240736741874,0.7222222222222223,0.3714285714285714,0.03488372093023254,0.0,0.5333333333333314,25219,-0.9275416835791965,0.3737197147904692,-0.2588190451025208,-0.9659258262890683
1.0,0.2970119955992058,0.7222222222222223,0.3714285714285714,0.08139534883720928,0.0,0.5142857142857125,8453,-0.9275416835791965,0.3737197147904692,-0.8660254037844385,-0.5000000000000004
1.0,0.548141749545046,0.7222222222222223,0.3714285714285714,0.16279069767441862,0.0,0.5238095238095255,0,-0.9275416835791965,0.3737197147904692,-0.9659258262890684,0.2588190451025203
0.0,0.7992715044075099,0.7222222222222223,0.3714285714285714,0.49999999999999994,0.0,0.5428571428571445,0,-0.9275416835791965,0.3737197147904692,-0.5000000000000004,0.8660254037844384
0.0,0.8690255093333407,0.75,0.8571428571428571,0.5116279069767442,0.0,0.5428571428571445,0,-0.9209712877166347,0.38963044953078774,0.25881904510252074,0.9659258262890683
0.0,0.6171289465782698,0.75,0.8571428571428571,0.5581395348837208,0.0,0.5142857142857125,0,-0.9209712877166347,0.38963044953078774,0.8660254037844386,0.5000000000000001
1.0,0.365232383823199,0.75,0.8571428571428571,0.5930232558139534,0.125,0.5333333333333314,2603,-0.9209712877166347,0.38963044953078774,0.9659258262890683,-0.25881904510252063
1.0,0.11333582106812809,0.75,0.8571428571428571,0.569767441860465,0.125,0.5523809523809504,20869,-0.9209712877166347,0.38963044953078774,0.49999999999999994,-0.8660254037844387
1.0,0.04616340402790133,0.75,0.8571428571428571,0.5813953488372092,0.07500000000000001,0.4952380952380935,24209,-0.9209712877166347,0.38963044953078774,-0.2588190451025208,-0.9659258262890683
1.0,0.2980599667829722,0.75,0.8571428571428571,0.1395348837209302,0.275,0.466666666666665,5542,-0.9209712877166347,0.38963044953078774,-0.8660254037844385,-0.5000000000000004
1.0,0.5499565295380431,0.75,0.8571428571428571,0.12790697674418605,0.275,0.47619047619047805,0,-0.9209712877166347,0.38963044953078774,-0.9659258262890684,0.2588190451025203
0.0,0.8018530932097375,0.75,0.8571428571428571,0.3372093023255814,0.0,0.4952380952380935,0,-0.9209712877166347,0.38963044953078774,-0.5000000000000004,0.8660254037844384
0.0,0.8718286469773697,0.7222222222222223,0.7999999999999999,0.6162790697674418,0.125,0.5047619047619065,0,-0.9141279881853337,0.4054257283599973,0.25881904510252074,0.9659258262890683
0.0,0.619160577717096,0.7222222222222223,0.7999999999999999,0.4302325581395348,0.0,0.4952380952380935,0,-0.9141279881853337,0.4054257283599973,0.8660254037844386,0.5000000000000001
1.0,0.36649250937344574,0.7222222222222223,0.7999999999999999,0.7093023255813953,0.07500000000000001,0.5142857142857125,2461,-0.9141279881853337,0.4054257283599973,0.9659258262890683,-0.25881904510252063
1.0,0.11382444102979541,0.7222222222222223,0.7999999999999999,0.6511627906976745,0.125,0.5428571428571445,10461,-0.9141279881853337,0.4054257283599973,0.49999999999999994,-0.8660254037844387
1.0,0.046446288738189796,0.7222222222222223,0.7999999999999999,0.45348837209302323,0.07500000000000001,0.4952380952380935,0,-0.9141279881853337,0.4054257283599973,-0.2588190451025208,-0.9659258262890683
1.0,0.29911435799846375,0.7222222222222223,0.7999999999999999,0.22093023255813954,0.17500000000000002,0.45714285714285907,7934,-0.9141279881853337,0.4054257283599973,-0.8660254037844385,-0.5000000000000004
1.0,0.5517824263421139,0.7222222222222223,0.7999999999999999,0.3372093023255814,0.325,0.485714285714284,0,-0.9141279881853337,0.4054257283599973,-0.9659258262890684,0.2588190451025203
0.0,0.8044504946857642,0.7222222222222223,0.7999999999999999,0.5116279069767442,0.0,0.5142857142857125,0,-0.9141279881853337,0.4054257283599973,-0.5000000000000004,0.8660254037844384
0.0,0.8760656955906704,0.7222222222222223,0.7999999999999999,0.48837209302325585,0.07500000000000001,0.5238095238095255,0,-0.9070138128026362,0.42110087079608916,0.25881904510252074,0.9659258262890683
0.0,0.6222314666157053,0.7222222222222223,0.7999999999999999,0.5581395348837208,0.0,0.5142857142857125,0,-0.9070138128026362,0.42110087079608916,0.8660254037844386,0.5000000000000001
1.0,0.3683972376407403,0.7222222222222223,0.7999999999999999,0.7674418604651163,0.0,0.5428571428571445,2497,-0.9070138128026362,0.42110087079608916,0.9659258262890683,-0.25881904510252063
1.0,0.11456300866577515,0.7222222222222223,0.7999999999999999,0.627906976744186,0.17500000000000002,0.5523809523809504,20597,-0.9070138128026362,0.42110087079608916,0.49999999999999994,-0.8660254037844387
1.0,0.04687388173352491,0.7222222222222223,0.7999999999999999,0.5465116279069768,0.07500000000000001,0.5047619047619065,23672,-0.9070138128026362,0.42110087079608916,-0.2588190451025208,-0.9659258262890683
1.0,0.3007081097918664,0.7222222222222223,0.7999999999999999,0.16279069767441862,0.15000000000000002,0.47619047619047805,7775,-0.9070138128026362,0.42110087079608916,-0.8660254037844385,-0.5000000000000004
1.0,0.5545423387668315,0.7222222222222223,0.7999999999999999,0.4069767441860465,0.15000000000000002,0.485714285714284,0,-0.9070138128026362,0.42110087079608916,-0.9659258262890684,0.2588190451025203
0.0,0.8083765677417966,0.7222222222222223,0.7999999999999999,0.441860465116279,0.17500000000000002,0.5142857142857125,0,-0.9070138128026362,0.42110087079608916,-0.5000000000000004,0.8660254037844384
0.0,0.8789121904478103,0.5,0.7999999999999999,0.8023255813953487,0.275,0.5333333333333314,0,-0.8996308696522434,0.4366512319560638,0.25881904510252074,0.9659258262890683
0.0,0.6242945223615604,0.5,0.7999999999999999,0.9186046511627906,0.225,0.5428571428571445,0,-0.8996308696522434,0.4366512319560638,0.8660254037844386,0.5000000000000001
1.0,0.3696768551919341,0.5,0.7999999999999999,0.9534883720930232,0.15000000000000002,0.5714285714285694,1384,-0.8996308696522434,0.4366512319560638,0.9659258262890683,-0.25881904510252063
1.0,0.11505918710568419,0.5,0.7999999999999999,0.6511627906976745,0.0,0.5904761904761919,20680,-0.8996308696522434,0.4366512319560638,0.49999999999999994,-0.8660254037844387
1.0,0.04716114240490069,0.5,0.7999999999999999,0.5232558139534884,0.35000000000000003,0.5428571428571445,24472,-0.8996308696522434,0.4366512319560638,-0.2588190451025208,-0.9659258262890683
1.0,0.30177881049115063,0.5,0.7999999999999999,0.7441860465116279,0.375,0.5238095238095255,7800,-0.8996308696522434,0.4366512319560638,-0.8660254037844385,-0.5000000000000004
1.0,0.5563964776607768,0.5,0.7999999999999999,0.9186046511627906,0.42500000000000004,0.5714285714285694,0,-0.8996308696522434,0.4366512319560638,-0.9659258262890684,0.2588190451025203
0.0,0.8110141457470268,0.5,0.7999999999999999,0.9186046511627906,0.375,0.6190476190476168,0,-0.8996308696522434,0.4366512319560638,-0.5000000000000004,0.8660254037844384
0.0,0.8832150315535623,0.36111111111111116,0.7999999999999999,0.9186046511627906,0.2,0.6476190476190489,0,-0.8919813464595487,0.45207220393230374,0.25881904510252074,0.9659258262890683
0.0,0.6274130958533166,0.36111111111111116,0.7999999999999999,0.9186046511627906,0.0,0.6380952380952358,0,-0.8919813464595487,0.45207220393230374,0.8660254037844386,0.5000000000000001
1.0,0.3716111592364475,0.36111111111111116,0.7999999999999999,0.8837209302325582,0.15000000000000002,0.6761904761904773,221,-0.8919813464595487,0.45207220393230374,0.9659258262890683,-0.25881904510252063
1.0,0.11580922353620185,0.36111111111111116,0.7999999999999999,0.8488372093023255,0.07500000000000001,0.6857142857142833,13923,-0.8919813464595487,0.45207220393230374,0.49999999999999994,-0.8660254037844387
1.0,0.04759537358837868,0.36111111111111116,0.7999999999999999,0.7441860465116279,0.42500000000000004,0.6571428571428584,15242,-0.8919813464595487,0.45207220393230374,-0.2588190451025208,-0.9659258262890683
1.0,0.3033973102052479,0.36111111111111116,0.7999999999999999,0.7441860465116279,0.375,0.6285714285714299,3727,-0.8919813464595487,0.45207220393230374,-0.8660254037844385,-0.5000000000000004
1.0,0.5591992459054935,0.36111111111111116,0.7999999999999999,0.9186046511627906,0.375,0.6476190476190489,0,-0.8919813464595487,0.45207220393230374,-0.9659258262890684,0.2588190451025203
0.0,0.8150011825223626,0.36111111111111116,0.7999999999999999,0.8837209302325582,0.35000000000000003,0.6666666666666679,0,-0.8919813464595487,0.45207220393230374,-0.5000000000000004,0.8660254037844384
0.0,0.884680357047003,0.4444444444444444,0.7999999999999999,0.9534883720930232,0.35000000000000003,0.6666666666666679,0,-0.8840675099433637,0.46735921715800205,0.25881904510252074,0.9659258262890683
0.0,0.6280827691425678,0.4444444444444444,0.7999999999999999,1.0,0.225,0.6761904761904773,0,-0.8840675099433637,0.46735921715800205,0.8660254037844386,0.5000000000000001
1.0,0.3714851812381327,0.4444444444444444,0.7999999999999999,0.9534883720930232,0.125,0.7047619047619023,113,-0.8840675099433637,0.46735921715800205,0.9659258262890683,-0.25881904510252063
1.0,0.11488759425032116,0.4444444444444444,0.7999999999999999,0.9186046511627906,0.0,0.7047619047619023,15058,-0.8840675099433637,0.46735921715800205,0.49999999999999994,-0.8660254037844387
1.0,0.04931265507844892,0.4444444444444444,0.7999999999999999,0.6744186046511627,0.5,0.6571428571428584,23748,-0.8840675099433637,0.46735921715800205,-0.2588190451025208,-0.9659258262890683
1.0,0.3059102420662605,0.4444444444444444,0.7999999999999999,0.5930232558139534,0.375,0.6285714285714299,7480,-0.8840675099433637,0.46735921715800205,-0.8660254037844385,-0.5000000000000004
0.0,0.5625078299706955,0.4444444444444444,0.7999999999999999,0.8837209302325582,0.42500000000000004,0.6285714285714299,0,-0.8840675099433637,0.46735921715800205,-0.9659258262890684,0.2588190451025203
0.0,0.8191054178751307,0.4444444444444444,0.7999999999999999,0.9186046511627906,0.25,0.6285714285714299,0,-0.8840675099433637,0.46735921715800205,-0.5000000000000004,0.8660254037844384
0.0,0.8875848155143892,0.38888888888888884,0.8285714285714285,0.9534883720930232,0.2,0.5904761904761919,0,-0.8758917051442433,0.48250774176121763,0.25881904510252074,0.9659258262890683
0.0,0.6301866109723232,0.38888888888888884,0.8285714285714285,1.0,0.17500000000000002,0.5523809523809504,0,-0.8758917051442433,0.48250774176121763,0.8660254037844386,0.5000000000000001
1.0,0.3727884073468809,0.38888888888888884,0.8285714285714285,1.0,0.225,0.5714285714285694,186,-0.8758917051442433,0.48250774176121763,0.9659258262890683,-0.25881904510252063
1.0,0.11539020280481488,0.38888888888888884,0.8285714285714285,0.8023255813953487,0.07500000000000001,0.5619047619047635,15471,-0.8758917051442433,0.48250774176121763,0.49999999999999994,-0.8660254037844387
1.0,0.04961066224496239,0.38888888888888884,0.8285714285714285,0.7441860465116279,0.125,0.485714285714284,22378,-0.8758917051442433,0.48250774176121763,-0.2588190451025208,-0.9659258262890683
1.0,0.30700886587040477,0.38888888888888884,0.8285714285714285,0.6511627906976745,0.225,0.4380952380952401,7629,-0.8758917051442433,0.48250774176121763,-0.8660254037844385,-0.5000000000000004
0.0,0.5644070704124706,0.38888888888888884,0.8285714285714285,0.8837209302325582,0.275,0.4380952380952401,0,-0.8758917051442433,0.48250774176121763,-0.9659258262890684,0.2588190451025203
0.0,0.821805274037913,0.38888888888888884,0.8285714285714285,0.9186046511627906,0.225,0.45714285714285907,0,-0.8758917051442433,0.48250774176121763,-0.5000000000000004,0.8660254037844384
0.0,0.8905074552109681,0.4722222222222223,0.42857142857142855,0.8023255813953487,0.07500000000000001,0.42857142857142705,0,-0.8674563547295971,0.4975132889071803,0.25881904510252074,0.9659258262890683
0.0,0.6323036228500263,0.4722222222222223,0.42857142857142855,0.8837209302325582,0.125,0.37142857142857366,0,-0.8674563547295971,0.4975132889071803,0.8660254037844386,0.5000000000000001
1.0,0.3740997904890844,0.4722222222222223,0.42857142857142855,0.8372093023255813,0.0,0.3523809523809547,0,-0.8674563547295971,0.4975132889071803,0.9659258262890683,-0.25881904510252063
1.0,0.11589595904476607,0.4722222222222223,0.42857142857142855,0.8139534883720929,0.0,0.3999999999999986,0,-0.8674563547295971,0.4975132889071803,0.49999999999999994,-0.8660254037844387
1.0,0.049910534740510805,0.4722222222222223,0.42857142857142855,0.627906976744186,0.42500000000000004,0.37142857142857366,0,-0.8674563547295971,0.4975132889071803,-0.2588190451025208,-0.9659258262890683
1.0,0.30811436710145274,0.4722222222222223,0.42857142857142855,0.8139534883720929,0.2,0.3809523809523796,0,-0.8674563547295971,0.4975132889071803,-0.8660254037844385,-0.5000000000000004
0.0,0.5663181994623946,0.4722222222222223,0.42857142857142855,0.7093023255813953,0.0,0.4380952380952401,0,-0.8674563547295971,0.4975132889071803,-0.9659258262890684,0.2588190451025203
0.0,0.8245220318233365,0.4722222222222223,0.42857142857142855,0.6511627906976745,0.5750000000000001,0.42857142857142705,0,-0.8674563547295971,0.4975132889071803,-0.5000000000000004,0.8660254037844384
0.0,0.8934484475453539,0.6388888888888888,0.39999999999999997,0.569767441860465,0.325,0.4952380952380935,0,-0.858763958275803,0.5123714121284235,0.25881904510252074,0.9659258262890683
0.0,0.6344339285198636,0.6388888888888888,0.39999999999999997,0.8139534883720929,0.375,0.5238095238095255,0,-0.858763958275803,0.5123714121284235,0.8660254037844386,0.5000000000000001
1.0,0.3754194094943732,0.6388888888888888,0.39999999999999997,0.8837209302325582,0.15000000000000002,0.5809523809523789,0,-0.858763958275803,0.5123714121284235,0.9659258262890683,-0.25881904510252063
1.0,0.11640489046888278,0.6388888888888888,0.39999999999999997,0.8488372093023255,0.15000000000000002,0.6190476190476168,1283,-0.858763958275803,0.5123714121284235,0.49999999999999994,-0.8660254037844387
1.0,0.0502122908975662,0.6388888888888888,0.39999999999999997,0.5465116279069768,0.45,0.5904761904761919,8637,-0.858763958275803,0.5123714121284235,-0.2588190451025208,-0.9659258262890683
1.0,0.3092268099230567,0.6388888888888888,0.39999999999999997,0.49999999999999994,0.375,0.5714285714285694,1209,-0.858763958275803,0.5123714121284235,-0.8660254037844385,-0.5000000000000004
0.0,0.568241328948547,0.6388888888888888,0.39999999999999997,0.5232558139534884,0.525,0.5714285714285694,0,-0.858763958275803,0.5123714121284235,-0.9659258262890684,0.2588190451025203
0.0,0.8272558488906611,0.6388888888888888,0.39999999999999997,0.7441860465116279,0.275,0.5523809523809504,0,-0.858763958275803,0.5123714121284235,-0.5000000000000004,0.8660254037844384
0.0,0.8978947274124606,0.5833333333333335,0.42857142857142855,0.7093023255813953,0.225,0.5238095238095255,0,-0.8498170915275277,0.5270777086423724,0.25881904510252074,0.9659258262890683
0.0,0.637654587299063,0.5833333333333335,0.42857142857142855,0.8139534883720929,0.17500000000000002,0.485714285714284,0,-0.8498170915275277,0.5270777086423724,0.8660254037844386,0.5000000000000001
1.0,0.37741444718566547,0.5833333333333335,0.42857142857142855,0.8837209302325582,0.35000000000000003,0.466666666666665,168,-0.8498170915275277,0.5270777086423724,0.9659258262890683,-0.25881904510252063
1.0,0.11717430707226781,0.5833333333333335,0.42857142857142855,0.8488372093023255,0.375,0.485714285714284,1054,-0.8498170915275277,0.5270777086423724,0.49999999999999994,-0.8660254037844387
1.0,0.05066849354884111,0.5833333333333335,0.42857142857142855,0.8837209302325582,0.375,0.42857142857142705,1200,-0.8498170915275277,0.5270777086423724,-0.2588190451025208,-0.9659258262890683
1.0,0.31090863366223875,0.5833333333333335,0.42857142857142855,0.8488372093023255,0.375,0.3809523809523796,683,-0.8498170915275277,0.5270777086423724,-0.8660254037844385,-0.5000000000000004
0.0,0.5711487737756363,0.5833333333333335,0.42857142857142855,0.8488372093023255,0.35000000000000003,0.3999999999999986,0,-0.8498170915275277,0.5270777086423724,-0.9659258262890684,0.2588190451025203
0.0,0.8313889138890339,0.5833333333333335,0.42857142857142855,0.9186046511627906,0.225,0.42857142857142705,0,-0.8498170915275277,0.5270777086423724,-0.5000000000000004,0.8660254037844384
0.0,0.8138611364975367,0.5555555555555556,0.6285714285714286,0.8837209302325582,0.225,0.42857142857142705,0,-0.8406184056344783,0.5416278206559811,0.25881904510252074,0.9659258262890683
0.0,0.5527974522402919,0.5555555555555556,0.6285714285714286,0.8837209302325582,0.125,0.45714285714285907,0,-0.8406184056344783,0.5416278206559811,0.8660254037844386,0.5000000000000001
1.0,0.29173376706642357,0.5555555555555556,0.6285714285714286,0.8837209302325582,0.225,0.5142857142857125,357,-0.8406184056344783,0.5416278206559811,0.9659258262890683,-0.25881904510252063
1.0,0.03067008189255526,0.5555555555555556,0.6285714285714286,0.7441860465116279,0.0,0.5619047619047635,10258,-0.8406184056344783,0.5416278206559811,0.49999999999999994,-0.8660254037844387
1.0,0.13799626378902438,0.5555555555555556,0.6285714285714286,0.627906976744186,0.35000000000000003,0.5619047619047635,17127,-0.8406184056344783,0.5416278206559811,-0.2588190451025208,-0.9659258262890683
1.0,0.39905994896289276,0.5555555555555556,0.6285714285714286,0.6860465116279069,0.325,0.5523809523809504,8167,-0.8406184056344783,0.5416278206559811,-0.8660254037844385,-0.5000000000000004
0.0,0.6601236332201373,0.5555555555555556,0.6285714285714286,0.8488372093023255,0.07500000000000001,0.5523809523809504,0,-0.8406184056344783,0.5416278206559811,-0.9659258262890684,0.2588190451025203
0.0,0.9211873183940057,0.5555555555555556,0.6285714285714286,0.8023255813953487,0.125,0.5619047619047635,0,-0.8406184056344783,0.5416278206559811,-0.5000000000000004,0.8660254037844384
0.0,0.8165914850611421,0.4444444444444444,0.5428571428571428,0.8372093023255813,0.0,0.5523809523809504,0,-0.8311706263658079,0.5560174366570446,0.25881904510252074,0.9659258262890683
0.0,0.5546990273223874,0.4444444444444444,0.5428571428571428,0.8837209302325582,0.07500000000000001,0.5142857142857125,0,-0.8311706263658079,0.5560174366570446,0.8660254037844386,0.5000000000000001
1.0,0.292806568667009,0.4444444444444444,0.5428571428571428,0.8023255813953487,0.125,0.485714285714284,9,-0.8311706263658079,0.5560174366570446,0.9659258262890683,-0.25881904510252063
1.0,0.030914110011630573,0.4444444444444444,0.5428571428571428,0.7441860465116279,0.17500000000000002,0.45714285714285907,7259,-0.8311706263658079,0.5560174366570446,0.49999999999999994,-0.8660254037844387
1.0,0.13858101006808277,0.4444444444444444,0.5428571428571428,0.6744186046511627,0.5,0.3619047619047606,6669,-0.8311706263658079,0.5560174366570446,-0.2588190451025208,-0.9659258262890683
1.0,0.40047346780683757,0.4444444444444444,0.5428571428571428,0.8837209302325582,0.525,0.25714285714285623,95,-0.8311706263658079,0.5560174366570446,-0.8660254037844385,-0.5000000000000004
0.0,0.6623659264622159,0.4444444444444444,0.5428571428571428,0.8488372093023255,0.325,0.3523809523809547,0,-0.8311706263658079,0.5560174366570446,-0.9659258262890684,0.2588190451025203
0.0,0.9242583851175944,0.4444444444444444,0.5428571428571428,0.8372093023255813,0.275,0.4380952380952401,0,-0.8311706263658079,0.5560174366570446,-0.5000000000000004,0.8660254037844384
0.0,0.8193392247243936,0.36111111111111116,0.7999999999999999,0.7674418604651163,0.225,0.47619047619047805,0,-0.8214765533024145,0.5702422926917867,0.25881904510252074,0.9659258262890683
0.0,0.5566127137521675,0.36111111111111116,0.7999999999999999,0.8023255813953487,0.125,0.5047619047619065,0,-0.8214765533024145,0.5702422926917867,0.8660254037844386,0.5000000000000001
1.0,0.29388620277994143,0.36111111111111116,0.7999999999999999,0.7674418604651163,0.275,0.5523809523809504,1661,-0.8214765533024145,0.5702422926917867,0.9659258262890683,-0.25881904510252063
1.0,0.03115969180771532,0.36111111111111116,0.7999999999999999,0.6395348837209303,0.325,0.6190476190476168,16038,-0.8214765533024145,0.5702422926917867,0.49999999999999994,-0.8660254037844387
1.0,0.13916947967222212,0.36111111111111116,0.7999999999999999,0.47674418604651164,0.45,0.6095238095238109,21373,-0.8214765533024145,0.5702422926917867,-0.2588190451025208,-0.9659258262890683
1.0,0.40189599064444825,0.36111111111111116,0.7999999999999999,0.5813953488372092,0.55,0.6190476190476168,5500,-0.8214765533024145,0.5702422926917867,-0.8660254037844385,-0.5000000000000004
0.0,0.6646225016166742,0.36111111111111116,0.7999999999999999,0.6744186046511627,0.4,0.6571428571428584,0,-0.8214765533024145,0.5702422926917867,-0.9659258262890684,0.2588190451025203
0.0,0.9273490125889005,0.36111111111111116,0.7999999999999999,0.6976744186046511,0.275,0.6761904761904773,0,-0.8214765533024145,0.5702422926917867,-0.5000000000000004,0.8660254037844384
0.0,0.8221045213961633,0.3055555555555556,0.8285714285714285,0.6976744186046511,0.15000000000000002,0.7047619047619023,0,-0.8115390590073611,0.5842981736283683,0.25881904510252074,0.9659258262890683
0.0,0.5585386288574535,0.3055555555555556,0.8285714285714285,0.8023255813953487,0.0,0.7047619047619023,0,-0.8115390590073611,0.5842981736283683,0.8660254037844386,0.5000000000000001
1.0,0.294972736318744,0.3055555555555556,0.8285714285714285,0.872093023255814,0.07500000000000001,0.7142857142857153,1721,-0.8115390590073611,0.5842981736283683,0.9659258262890683,-0.25881904510252063
1.0,0.03140684378003435,0.3055555555555556,0.8285714285714285,0.6162790697674418,0.07500000000000001,0.7523809523809533,16251,-0.8115390590073611,0.5842981736283683,0.49999999999999994,-0.8660254037844387
1.0,0.13976171018301023,0.3055555555555556,0.8285714285714285,0.48837209302325585,0.125,0.7333333333333343,17465,-0.8115390590073611,0.5842981736283683,-0.2588190451025208,-0.9659258262890683
1.0,0.4033276027217199,0.3055555555555556,0.8285714285714285,0.441860465116279,0.2,0.7333333333333343,4638,-0.8115390590073611,0.5842981736283683,-0.8660254037844385,-0.5000000000000004
0.0,0.6668934961770531,0.3055555555555556,0.8285714285714285,0.5116279069767442,0.17500000000000002,0.7333333333333343,0,-0.8115390590073611,0.5842981736283683,-0.9659258262890684,0.2588190451025203
0.0,0.9304593887157627,0.3055555555555556,0.8285714285714285,0.5581395348837208,0.0,0.7523809523809533,0,-0.8115390590073611,0.5842981736283683,-0.5000000000000004,0.8660254037844384
0.0,0.8248875446518179,0.5,0.8285714285714285,0.5581395348837208,0.07500000000000001,0.7619047619047628,0,-0.801361088174677,0.5981809144059158,0.25881904510252074,0.9659258262890683
0.0,0.5604768890494435,0.5,0.8285714285714285,0.6744186046511627,0.0,0.7714285714285687,0,-0.801361088174677,0.5981809144059158,0.8660254037844386,0.5000000000000001
1.0,0.29606623436369267,0.5,0.8285714285714285,0.7674418604651163,0.125,0.8095238095238066,1365,-0.801361088174677,0.5981809144059158,0.9659258262890683,-0.25881904510252063
1.0,0.031655578761318144,0.5,0.8285714285714285,0.5581395348837208,0.2,0.8285714285714292,19412,-0.801361088174677,0.5981809144059158,0.49999999999999994,-0.8660254037844387
1.0,0.14035773734876766,0.5,0.8285714285714285,0.46511627906976744,0.0,0.7809523809523817,24013,-0.801361088174677,0.5981809144059158,-0.2588190451025208,-0.9659258262890683
1.0,0.4047683920345186,0.5,0.8285714285714285,0.569767441860465,0.35000000000000003,0.7428571428571438,7449,-0.801361088174677,0.5981809144059158,-0.8660254037844385,-0.5000000000000004
0.0,0.6691790476368931,0.5,0.8285714285714285,0.7441860465116279,0.17500000000000002,0.7428571428571438,0,-0.801361088174677,0.5981809144059158,-0.9659258262890684,0.2588190451025203
0.0,0.9335897023226438,0.5,0.8285714285714285,0.9186046511627906,0.125,0.7428571428571438,0,-0.801361088174677,0.5981809144059158,-0.5000000000000004,0.8660254037844384
0.0,0.8276884649833481,0.5555555555555556,0.8285714285714285,0.8372093023255813,0.0,0.7238095238095212,0,-0.7909456567567774,0.6118864012687242,0.25881904510252074,0.9659258262890683
0.0,0.5624276144058292,0.5555555555555556,0.8285714285714285,0.8837209302325582,0.0,0.7238095238095212,0,-0.7909456567567774,0.6118864012687242,0.8660254037844386,0.5000000000000001
1.0,0.29716676474493403,0.5555555555555556,0.8285714285714285,0.9534883720930232,0.0,0.7047619047619023,1309,-0.7909456567567774,0.6118864012687242,0.9659258262890683,-0.25881904510252063
1.0,0.03190591416741519,0.5555555555555556,0.8285714285714285,0.8139534883720929,0.07500000000000001,0.7047619047619023,19306,-0.7909456567567774,0.6118864012687242,0.49999999999999994,-0.8660254037844387
1.0,0.140957596917815,0.5555555555555556,0.8285714285714285,0.7093023255813953,0.0,0.6476190476190489,24011,-0.7909456567567774,0.6118864012687242,-0.2588190451025208,-0.9659258262890683
1.0,0.4062184474953339,0.5555555555555556,0.8285714285714285,0.47674418604651164,0.275,0.5999999999999979,7336,-0.7909456567567774,0.6118864012687242,-0.8660254037844385,-0.5000000000000004
0.0,0.6714792971562291,0.5555555555555556,0.8285714285714285,0.8488372093023255,0.375,0.6095238095238109,0,-0.7909456567567774,0.6118864012687242,-0.9659258262890684,0.2588190451025203
0.0,0.936740147733748,0.5555555555555556,0.8285714285714285,0.8488372093023255,0.17500000000000002,0.5999999999999979,0,-0.7909456567567774,0.6118864012687242,-0.5000000000000004,0.8660254037844384
0.0,0.8305717347794956,0.4444444444444444,0.7428571428571428,0.8837209302325582,0.25,0.5999999999999979,0,-0.780295851070776,0.6254105729852457,0.25881904510252074,0.9659258262890683
0.0,0.5648837339358425,0.4444444444444444,0.7428571428571428,0.8837209302325582,0.225,0.5714285714285694,0,-0.780295851070776,0.6254105729852457,0.8660254037844386,0.5000000000000001
1.0,0.29919573217556594,0.4444444444444444,0.7428571428571428,0.9186046511627906,0.0,0.5523809523809504,115,-0.780295851070776,0.6254105729852457,0.9659258262890683,-0.25881904510252063
1.0,0.03350773133191282,0.4444444444444444,0.7428571428571428,0.7790697674418605,0.17500000000000002,0.5523809523809504,5851,-0.780295851070776,0.6254105729852457,0.49999999999999994,-0.8660254037844387
1.0,0.13978293185269877,0.4444444444444444,0.7428571428571428,0.8139534883720929,0.225,0.47619047619047805,3697,-0.780295851070776,0.6254105729852457,-0.2588190451025208,-0.9659258262890683
1.0,0.4054709326963518,0.4444444444444444,0.7428571428571428,0.9186046511627906,0.25,0.42857142857142705,696,-0.780295851070776,0.6254105729852457,-0.8660254037844385,-0.5000000000000004
0.0,0.6711589344566286,0.4444444444444444,0.7428571428571428,0.9186046511627906,0.4,0.40952380952380807,0,-0.780295851070776,0.6254105729852457,-0.9659258262890684,0.2588190451025203
0.0,0.9368469353002815,0.4444444444444444,0.7428571428571428,0.8372093023255813,0.375,0.3809523809523796,0,-0.780295851070776,0.6254105729852457,-0.5000000000000004,0.8660254037844384
0.0,0.8334045957771439,0.41666666666666674,0.7714285714285714,0.8023255813953487,0.5750000000000001,0.37142857142857366,0,-0.7694148268839381,0.6387494220515268,0.25881904510252074,0.9659258262890683
0.0,0.5668581521791543,0.41666666666666674,0.7714285714285714,0.8023255813953487,0.6000000000000001,0.3523809523809547,0,-0.7694148268839381,0.6387494220515268,0.8660254037844386,0.5000000000000001
1.0,0.30031170766454107,0.41666666666666674,0.7714285714285714,0.8023255813953487,0.525,0.3619047619047606,1209,-0.7694148268839381,0.6387494220515268,0.9659258262890683,-0.25881904510252063
1.0,0.03376526406655144,0.41666666666666674,0.7714285714285714,0.7093023255813953,0.35000000000000003,0.3809523809523796,19618,-0.7694148268839381,0.6387494220515268,0.49999999999999994,-0.8660254037844387
1.0,0.14038384187239672,0.41666666666666674,0.7714285714285714,0.6511627906976745,0.5,0.37142857142857366,24686,-0.7694148268839381,0.6387494220515268,-0.2588190451025208,-0.9659258262890683
1.0,0.4069302854703864,0.41666666666666674,0.7714285714285714,0.7441860465116279,0.375,0.37142857142857366,4927,-0.7694148268839381,0.6387494220515268,-0.8660254037844385,-0.5000000000000004
0.0,0.673476729068376,0.41666666666666674,0.7714285714285714,0.8023255813953487,0.375,0.40952380952380807,0,-0.7694148268839381,0.6387494220515268,-0.9659258262890684,0.2588190451025203
0.0,0.9400231735829891,0.41666666666666674,0.7714285714285714,0.8023255813953487,0.625,0.45714285714285907,0,-0.7694148268839381,0.6387494220515268,-0.5000000000000004,0.8660254037844384
0.0,0.8362558222453296,0.36111111111111116,0.7714285714285714,0.8372093023255813,0.275,0.47619047619047805,0,-0.7583058084785625,0.6518989958787125,0.25881904510252074,0.9659258262890683
0.0,0.5688453701544776,0.36111111111111116,0.7714285714285714,0.8837209302325582,0.125,0.5142857142857125,0,-0.7583058084785625,0.6518989958787125,0.8660254037844386,0.5000000000000001
1.0,0.3014349180636256,0.36111111111111116,0.7714285714285714,0.8837209302325582,0.225,0.5619047619047635,381,-0.7583058084785625,0.6518989958787125,0.9659258262890683,-0.25881904510252063
1.0,0.03402446597277362,0.36111111111111116,0.7714285714285714,0.6744186046511627,0.225,0.5809523809523789,14852,-0.7583058084785625,0.6518989958787125,0.49999999999999994,-0.8660254037844387
1.0,0.1409886466257897,0.36111111111111116,0.7714285714285714,0.5930232558139534,0.35000000000000003,0.5523809523809504,24073,-0.7583058084785625,0.6518989958787125,-0.2588190451025208,-0.9659258262890683
1.0,0.40839909871664165,0.36111111111111116,0.7714285714285714,0.6511627906976745,0.225,0.5619047619047635,4945,-0.7583058084785625,0.6518989958787125,-0.8660254037844385,-0.5000000000000004
0.0,0.6758095508074936,0.36111111111111116,0.7714285714285714,0.7441860465116279,0.225,0.5809523809523789,0,-0.7583058084785625,0.6518989958787125,-0.9659258262890684,0.2588190451025203
0.0,0.9432200028983455,0.36111111111111116,0.7714285714285714,0.8023255813953487,0.225,0.6190476190476168,0,-0.7583058084785625,0.6518989958787125,-0.5000000000000004,0.8660254037844384
0.0,0.8391255929256553,0.41666666666666674,0.7714285714285714,0.8837209302325582,0.225,0.6476190476190489,0,-0.7469720876965551,0.6648553979642866,0.25881904510252074,0.9659258262890683
0.0,0.570845513439246,0.41666666666666674,0.7714285714285714,0.9534883720930232,0.17500000000000002,0.6571428571428584,0,-0.7469720876965551,0.6648553979642866,0.8660254037844386,0.5000000000000001
1.0,0.302565433952837,0.41666666666666674,0.7714285714285714,0.8372093023255813,0.17500000000000002,0.6952380952380963,207,-0.7469720876965551,0.6648553979642866,0.9659258262890683,-0.25881904510252063
1.0,0.034285354466427866,0.41666666666666674,0.7714285714285714,0.7093023255813953,0.25,0.7523809523809533,8425,-0.7469720876965551,0.6648553979642866,0.49999999999999994,-0.8660254037844387
1.0,0.14159738644431624,0.41666666666666674,0.7714285714285714,0.6744186046511627,0.25,0.7238095238095212,9466,-0.7469720876965551,0.6648553979642866,-0.2588190451025208,-0.9659258262890683
1.0,0.4098774659307254,0.41666666666666674,0.7714285714285714,0.6744186046511627,0.375,0.7238095238095212,3303,-0.7469720876965551,0.6648553979642866,-0.8660254037844385,-0.5000000000000004
0.0,0.6781575445005109,0.41666666666666674,0.7714285714285714,0.6744186046511627,0.275,0.7523809523809533,0,-0.7469720876965551,0.6648553979642866,-0.9659258262890684,0.2588190451025203
0.0,0.9464376239869201,0.41666666666666674,0.7714285714285714,0.7674418604651163,0.25,0.7523809523809533,0,-0.7469720876965551,0.6648553979642866,-0.5000000000000004,0.8660254037844384
0.0,0.8420140893095949,0.5,0.7714285714285714,0.9186046511627906,0.15000000000000002,0.7619047619047628,0,-0.7354170229639858,0.6776147890466887,0.25881904510252074,0.9659258262890683
0.0,0.5728587076108939,0.5,0.7714285714285714,0.9534883720930232,0.2,0.7523809523809533,0,-0.7354170229639858,0.6776147890466887,0.8660254037844386,0.5000000000000001
1.0,0.30370332682881646,0.5,0.7714285714285714,0.8488372093023255,0.0,0.7809523809523817,162,-0.7354170229639858,0.6776147890466887,0.9659258262890683,-0.25881904510252063
1.0,0.03454794513011542,0.5,0.7714285714285714,0.8488372093023255,0.125,0.8000000000000007,4780,-0.7354170229639858,0.6776147890466887,0.49999999999999994,-0.8660254037844387
1.0,0.14221009799292053,0.5,0.7714285714285714,0.8139534883720929,0.07500000000000001,0.7428571428571438,12683,-0.7354170229639858,0.6776147890466887,-0.2588190451025208,-0.9659258262890683
1.0,0.41136547877499796,0.5,0.7714285714285714,0.8488372093023255,0.4,0.6952380952380963,6774,-0.7354170229639858,0.6776147890466887,-0.8660254037844385,-0.5000000000000004
0.0,0.680520860473699,0.5,0.7714285714285714,0.9186046511627906,0.2,0.6952380952380963,0,-0.7354170229639858,0.6776147890466887,-0.9659258262890684,0.2588190451025203
0.0,0.9496762421724,0.5,0.7714285714285714,0.9186046511627906,0.0,0.7142857142857153,0,-0.7354170229639858,0.6776147890466887,-0.5000000000000004,0.8660254037844384
0.0,0.8449214956384927,0.5,0.7714285714285714,0.9186046511627906,0.0,0.7142857142857153,0,-0.7236440382959124,0.690173388242972,0.25881904510252074,0.9659258262890683
0.0,0.5748850819133489,0.5,0.7714285714285714,0.9534883720930232,0.0,0.7047619047619023,0,-0.7236440382959124,0.690173388242972,0.8660254037844386,0.5000000000000001
1.0,0.3048486681882051,0.5,0.7714285714285714,0.9534883720930232,0.0,0.7047619047619023,915,-0.7236440382959124,0.690173388242972,0.9659258262890683,-0.25881904510252063
1.0,0.034812254463061194,0.5,0.7714285714285714,0.9186046511627906,0.125,0.7142857142857153,17909,-0.7236440382959124,0.690173388242972,0.49999999999999994,-0.8660254037844387
1.0,0.1428268206864176,0.5,0.7714285714285714,0.569767441860465,0.225,0.6476190476190489,22652,-0.7236440382959124,0.690173388242972,-0.2588190451025208,-0.9659258262890683
1.0,0.4128632344115615,0.5,0.7714285714285714,0.7093023255813953,0.5,0.5999999999999979,6592,-0.7236440382959124,0.690173388242972,-0.8660254037844385,-0.5000000000000004
0.0,0.6828996481367053,0.5,0.7714285714285714,0.7441860465116279,0.25,0.5904761904761919,0,-0.7236440382959124,0.690173388242972,-0.9659258262890684,0.2588190451025203
0.0,0.9529360618618492,0.5,0.7714285714285714,0.8488372093023255,0.2,0.5904761904761919,0,-0.7236440382959124,0.690173388242972,-0.5000000000000004,0.8660254037844384
0.0,0.8463823489253676,0.6666666666666667,0.2571428571428571,0.8837209302325582,0.07500000000000001,0.5904761904761919,0,-0.711656622281775,0.7025274741691566,0.25881904510252074,0.9659258262890683
0.0,0.5759032527471134,0.6666666666666667,0.2571428571428571,0.9186046511627906,0.0,0.5714285714285694,0,-0.711656622281775,0.7025274741691566,0.8660254037844386,0.5000000000000001
1.0,0.30542415565223563,0.6666666666666667,0.2571428571428571,0.8372093023255813,0.0,0.6095238095238109,934,-0.711656622281775,0.7025274741691566,0.9659258262890683,-0.25881904510252063
1.0,0.034945059473981376,0.6666666666666667,0.2571428571428571,0.441860465116279,0.17500000000000002,0.6285714285714299,17598,-0.711656622281775,0.7025274741691566,0.49999999999999994,-0.8660254037844387
1.0,0.14313669812860777,0.6666666666666667,0.2571428571428571,0.3023255813953488,0.15000000000000002,0.5619047619047635,22910,-0.711656622281775,0.7025274741691566,-0.2588190451025208,-0.9659258262890683
1.0,0.413615794306862,0.6666666666666667,0.2571428571428571,0.1511627906976744,0.17500000000000002,0.5333333333333314,6731,-0.711656622281775,0.7025274741691566,-0.8660254037844385,-0.5000000000000004
0.0,0.6840948904851162,0.6666666666666667,0.2571428571428571,0.27906976744186046,0.225,0.5523809523809504,0,-0.711656622281775,0.7025274741691566,-0.9659258262890684,0.2588190451025203
0.0,0.954573987579994,0.6666666666666667,0.2571428571428571,0.3837209302325581,0.225,0.5714285714285694,0,-0.711656622281775,0.7025274741691566,-0.5000000000000004,0.8660254037844384
0.0,0.8507937870126482,0.75,0.3714285714285714,0.3604651162790698,0.275,0.5904761904761919,0,-0.6994583270516471,0.7146733860429608,0.25881904510252074,0.9659258262890683
0.0,0.5789778915528883,0.75,0.3714285714285714,0.46511627906976744,0.2,0.5904761904761919,0,-0.6994583270516471,0.7146733860429608,0.8660254037844386,0.5000000000000001
1.0,0.30716199517650483,0.75,0.3714285714285714,0.46511627906976744,0.2,0.6095238095238109,746,-0.6994583270516471,0.7146733860429608,0.9659258262890683,-0.25881904510252063
1.0,0.035346099716744885,0.75,0.3714285714285714,0.18604651162790697,0.17500000000000002,0.6285714285714299,17752,-0.6994583270516471,0.7146733860429608,0.49999999999999994,-0.8660254037844387
1.0,0.14407245808397356,0.75,0.3714285714285714,0.2906976744186046,0.07500000000000001,0.5714285714285694,22523,-0.6994583270516471,0.7146733860429608,-0.2588190451025208,-0.9659258262890683
1.0,0.4158883535437335,0.75,0.3714285714285714,0.1511627906976744,0.0,0.5428571428571445,6614,-0.6994583270516471,0.7146733860429608,-0.8660254037844385,-0.5000000000000004
0.0,0.687704249920117,0.75,0.3714285714285714,0.27906976744186046,0.0,0.5619047619047635,0,-0.6994583270516471,0.7146733860429608,-0.9659258262890684,0.2588190451025203
0.0,0.9595201453798768,0.75,0.3714285714285714,0.3953488372093023,0.07500000000000001,0.5619047619047635,0,-0.6994583270516471,0.7146733860429608,-0.5000000000000004,0.8660254037844384
0.0,0.8552741313627642,0.5833333333333335,0.11428571428571428,0.7093023255813953,0.0,0.5714285714285694,0,-0.6870527672236675,0.7266075247685652,0.25881904510252074,0.9659258262890683
0.0,0.5825596707002569,0.5833333333333335,0.11428571428571428,0.8837209302325582,0.0,0.5523809523809504,0,-0.6870527672236675,0.7266075247685652,0.8660254037844386,0.5000000000000001
1.0,0.30984521003774973,0.5833333333333335,0.11428571428571428,0.8837209302325582,0.0,0.5809523809523789,595,-0.6870527672236675,0.7266075247685652,0.9659258262890683,-0.25881904510252063
1.0,0.03713074937524242,0.5833333333333335,0.11428571428571428,0.7441860465116279,0.07500000000000001,0.5999999999999979,16232,-0.6870527672236675,0.7266075247685652,0.49999999999999994,-0.8660254037844387
1.0,0.14318637271159979,0.5833333333333335,0.11428571428571428,0.6860465116279069,0.2,0.5523809523809504,21472,-0.6870527672236675,0.7266075247685652,-0.2588190451025208,-0.9659258262890683
1.0,0.41590083337410716,0.5833333333333335,0.11428571428571428,0.4186046511627907,0.0,0.5333333333333314,5578,-0.6870527672236675,0.7266075247685652,-0.8660254037844385,-0.5000000000000004
0.0,0.6886152949532379,0.5833333333333335,0.11428571428571428,0.627906976744186,0.07500000000000001,0.5523809523809504,0,-0.6870527672236675,0.7266075247685652,-0.9659258262890684,0.2588190451025203
0.0,0.9613297556157453,0.5833333333333335,0.11428571428571428,0.7093023255813953,0.0,0.5809523809523789,0,-0.6870527672236675,0.7266075247685652,-0.5000000000000004,0.8660254037844384
0.0,0.856766636579322,0.6111111111111112,0.22857142857142854,0.8023255813953487,0.0,0.5904761904761919,0,-0.6744436188329457,0.7383263540031063,0.25881904510252074,0.9659258262890683
0.0,0.583600661795276,0.6111111111111112,0.22857142857142854,0.8488372093023255,0.0,0.5999999999999979,0,-0.6744436188329457,0.7383263540031063,0.8660254037844386,0.5000000000000001
1.0,0.3104346870112303,0.6111111111111112,0.22857142857142854,0.8837209302325582,0.07500000000000001,0.6190476190476168,585,-0.6744436188329457,0.7383263540031063,0.9659258262890683,-0.25881904510252063
1.0,0.03726871222718444,0.6111111111111112,0.22857142857142854,0.7441860465116279,0.07500000000000001,0.6380952380952358,16124,-0.6744436188329457,0.7383263540031063,0.49999999999999994,-0.8660254037844387
1.0,0.14349992398119632,0.6111111111111112,0.22857142857142854,0.6511627906976745,0.07500000000000001,0.5999999999999979,21511,-0.6744436188329457,0.7383263540031063,-0.2588190451025208,-0.9659258262890683
1.0,0.4166658987652422,0.6111111111111112,0.22857142857142854,0.4069767441860465,0.0,0.5714285714285694,5527,-0.6744436188329457,0.7383263540031063,-0.8660254037844385,-0.5000000000000004
0.0,0.6898318735492879,0.6111111111111112,0.22857142857142854,0.6511627906976745,0.0,0.5809523809523789,0,-0.6744436188329457,0.7383263540031063,-0.9659258262890684,0.2588190451025203
0.0,0.9629978483333338,0.6111111111111112,0.22857142857142854,0.7441860465116279,0.0,0.5999999999999979,0,-0.6744436188329457,0.7383263540031063,-0.5000000000000004,0.8660254037844384
0.0,0.8597665210636654,0.41666666666666674,0.7999999999999999,0.7790697674418605,0.0,0.5999999999999979,0,-0.661634618242279,0.749826401204568,0.25881904510252074,0.9659258262890683
0.0,0.5856930183312686,0.41666666666666674,0.7999999999999999,0.8372093023255813,0.15000000000000002,0.6095238095238109,0,-0.661634618242279,0.749826401204568,0.8660254037844386,0.5000000000000001
1.0,0.31161951559887185,0.41666666666666674,0.7999999999999999,0.9186046511627906,0.17500000000000002,0.6285714285714299,512,-0.661634618242279,0.749826401204568,0.9659258262890683,-0.25881904510252063
1.0,0.037546011949851445,0.41666666666666674,0.7999999999999999,0.7790697674418605,0.0,0.6571428571428584,15771,-0.661634618242279,0.749826401204568,0.49999999999999994,-0.8660254037844387
1.0,0.14413015220688027,0.41666666666666674,0.7999999999999999,0.7093023255813953,0.45,0.6095238095238109,21856,-0.661634618242279,0.749826401204568,-0.2588190451025208,-0.9659258262890683
1.0,0.4182036549392771,0.41666666666666674,0.7999999999999999,0.8023255813953487,0.4,0.5809523809523789,4702,-0.661634618242279,0.749826401204568,-0.8660254037844385,-0.5000000000000004
0.0,0.6922771585882974,0.41666666666666674,0.7999999999999999,0.9534883720930232,0.325,0.5904761904761919,0,-0.661634618242279,0.749826401204568,-0.9659258262890684,0.2588190451025203
0.0,0.9663506613206941,0.41666666666666674,0.7999999999999999,0.9186046511627906,0.275,0.6095238095238109,0,-0.661634618242279,0.749826401204568,-0.5000000000000004,0.8660254037844384
0.0,0.8627864053584328,0.3333333333333335,0.7428571428571428,0.9186046511627906,0.15000000000000002,0.6190476190476168,0,-0.6486295610349818,0.7611042586607742,0.25881904510252074,0.9659258262890683
0.0,0.5877993240452726,0.3333333333333335,0.7428571428571428,0.8372093023255813,0.125,0.6285714285714299,0,-0.6486295610349818,0.7611042586607742,0.8660254037844386,0.5000000000000001
1.0,0.3128122427321124,0.3333333333333335,0.7428571428571428,0.8372093023255813,0.17500000000000002,0.6285714285714299,0,-0.6486295610349818,0.7611042586607742,0.9659258262890683,-0.25881904510252063
1.0,0.03782516141895207,0.3333333333333335,0.7428571428571428,0.8372093023255813,0.125,0.6476190476190489,3113,-0.6486295610349818,0.7611042586607742,0.49999999999999994,-0.8660254037844387
1.0,0.1447645813185431,0.3333333333333335,0.7428571428571428,0.8023255813953487,0.225,0.6285714285714299,7669,-0.6486295610349818,0.7611042586607742,-0.2588190451025208,-0.9659258262890683
1.0,0.41975166263170344,0.3333333333333335,0.7428571428571428,0.7674418604651163,0.225,0.5999999999999979,5693,-0.6486295610349818,0.7611042586607742,-0.8660254037844385,-0.5000000000000004
0.0,0.6947387439448636,0.3333333333333335,0.7428571428571428,0.8837209302325582,0.25,0.6285714285714299,0,-0.6486295610349818,0.7611042586607742,-0.9659258262890684,0.2588190451025203
0.0,0.9697258252580238,0.3333333333333335,0.7428571428571428,0.8372093023255813,0.2,0.6476190476190489,0,-0.6486295610349818,0.7611042586607742,-0.5000000000000004,0.8660254037844384
0.0,0.8658341660102565,0.41666666666666674,0.7428571428571428,0.8837209302325582,0.17500000000000002,0.6380952380952358,0,-0.6354323008901775,0.7721565844991641,0.25881904510252074,0.9659258262890683
0.0,0.5903880075141981,0.41666666666666674,0.7428571428571428,0.8837209302325582,0.07500000000000001,0.6476190476190489,0,-0.6354323008901775,0.7721565844991641,0.8660254037844386,0.5000000000000001
1.0,0.31494184901813954,0.41666666666666674,0.7428571428571428,0.8837209302325582,0.125,0.6952380952380963,53,-0.6354323008901775,0.7721565844991641,0.9659258262890683,-0.25881904510252063
1.0,0.03949569143870465,0.41666666666666674,0.7428571428571428,0.8488372093023255,0.125,0.7333333333333343,4089,-0.6354323008901775,0.7721565844991641,0.49999999999999994,-0.8660254037844387
1.0,0.14355312848168877,0.41666666666666674,0.7428571428571428,0.7441860465116279,0.275,0.7047619047619023,14702,-0.6354323008901775,0.7721565844991641,-0.2588190451025208,-0.9659258262890683
1.0,0.4189992869777473,0.41666666666666674,0.7428571428571428,0.6744186046511627,0.35000000000000003,0.6857142857142833,4839,-0.6354323008901775,0.7721565844991641,-0.8660254037844385,-0.5000000000000004
0.0,0.6944454454738058,0.41666666666666674,0.7428571428571428,0.7441860465116279,0.25,0.6952380952380963,0,-0.6354323008901775,0.7721565844991641,-0.9659258262890684,0.2588190451025203
0.0,0.9698916030532406,0.41666666666666674,0.7428571428571428,0.6395348837209303,0.07500000000000001,0.6952380952380963,0,-0.6354323008901775,0.7721565844991641,-0.5000000000000004,0.8660254037844384
0.0,0.868889552053845,0.36111111111111116,0.7714285714285714,0.8023255813953487,0.07500000000000001,0.6857142857142833,0,-0.622046748440868,0.7829801036770624,0.25881904510252074,0.9659258262890683
0.0,0.5925206258253892,0.36111111111111116,0.7714285714285714,0.8023255813953487,0.0,0.6476190476190489,0,-0.622046748440868,0.7829801036770624,0.8660254037844386,0.5000000000000001
1.0,0.316151700513557,0.36111111111111116,0.7714285714285714,0.7674418604651163,0.07500000000000001,0.6476190476190489,523,-0.622046748440868,0.7829801036770624,0.9659258262890683,-0.25881904510252063
1.0,0.039782774285101165,0.36111111111111116,0.7714285714285714,0.5348837209302326,0.125,0.6380952380952358,16265,-0.622046748440868,0.7829801036770624,0.49999999999999994,-0.8660254037844387
1.0,0.14418881336768963,0.36111111111111116,0.7714285714285714,0.26744186046511625,0.0,0.5999999999999979,22287,-0.622046748440868,0.7829801036770624,-0.2588190451025208,-0.9659258262890683
1.0,0.42055773867952184,0.36111111111111116,0.7714285714285714,0.5348837209302326,0.275,0.5714285714285694,6352,-0.622046748440868,0.7829801036770624,-0.8660254037844385,-0.5000000000000004
0.0,0.6969266649079776,0.36111111111111116,0.7714285714285714,0.8023255813953487,0.55,0.5904761904761919,0,-0.622046748440868,0.7829801036770624,-0.9659258262890684,0.2588190451025203
0.0,0.9732955911364335,0.36111111111111116,0.7714285714285714,0.8023255813953487,0.2,0.5999999999999979,0,-0.622046748440868,0.7829801036770624,-0.5000000000000004,0.8660254037844384
0.0,0.8704249350893682,0.3333333333333335,0.7714285714285714,0.7325581395348837,0.0,0.5809523809523789,0,-0.6084768701151264,0.7935716089521472,0.25881904510252074,0.9659258262890683
0.0,0.593592302728812,0.3333333333333335,0.7714285714285714,0.8023255813953487,0.125,0.5714285714285694,0,-0.6084768701151264,0.7935716089521472,0.8660254037844386,0.5000000000000001
1.0,0.3167596703682559,0.3333333333333335,0.7714285714285714,0.8023255813953487,0.0,0.6095238095238109,534,-0.6084768701151264,0.7935716089521472,0.9659258262890683,-0.25881904510252063
1.0,0.03992703892432329,0.3333333333333335,0.7714285714285714,0.6744186046511627,0.07500000000000001,0.6380952380952358,15976,-0.6084768701151264,0.7935716089521472,0.49999999999999994,-0.8660254037844387
1.0,0.14450825486056787,0.3333333333333335,0.7714285714285714,0.6511627906976745,0.07500000000000001,0.5904761904761919,21808,-0.6084768701151264,0.7935716089521472,-0.2588190451025208,-0.9659258262890683
1.0,0.4213408872211241,0.3333333333333335,0.7714285714285714,0.6162790697674418,0.35000000000000003,0.5619047619047635,6518,-0.6084768701151264,0.7935716089521472,-0.8660254037844385,-0.5000000000000004
0.0,0.6981735195816803,0.3333333333333335,0.7714285714285714,0.9534883720930232,0.5,0.5714285714285694,0,-0.6084768701151264,0.7935716089521472,-0.9659258262890684,0.2588190451025203
0.0,0.9750061519422363,0.3333333333333335,0.7714285714285714,1.0,0.0,0.5809523809523789,0,-0.6084768701151264,0.7935716089521472,-0.5000000000000004,0.8660254037844384
0.0,0.873511209515177,0.38888888888888884,0.45714285714285713,0.9186046511627906,0.125,0.5619047619047635,0,-0.594726686960764,0.8039279618328208,0.25881904510252074,0.9659258262890683
0.0,0.5957464809438019,0.38888888888888884,0.45714285714285713,0.872093023255814,0.15000000000000002,0.5333333333333314,0,-0.594726686960764,0.8039279618328208,0.8660254037844386,0.5000000000000001
1.0,0.31798175237242654,0.38888888888888884,0.45714285714285713,0.9534883720930232,0.125,0.5333333333333314,377,-0.594726686960764,0.8039279618328208,0.9659258262890683,-0.25881904510252063
1.0,0.04021702380105128,0.38888888888888884,0.45714285714285713,0.6744186046511627,0.17500000000000002,0.5523809523809504,15727,-0.594726686960764,0.8039279618328208,0.49999999999999994,-0.8660254037844387
1.0,0.14515036619465896,0.38888888888888884,0.45714285714285713,0.48837209302325585,0.0,0.5047619047619065,21630,-0.594726686960764,0.8039279618328208,-0.2588190451025208,-0.9659258262890683
1.0,0.4229150947660342,0.38888888888888884,0.45714285714285713,0.4186046511627907,0.0,0.485714285714284,5778,-0.594726686960764,0.8039279618328208,-0.8660254037844385,-0.5000000000000004
0.0,0.7006798233374095,0.38888888888888884,0.45714285714285713,0.7441860465116279,0.0,0.5047619047619065,0,-0.594726686960764,0.8039279618328208,-0.9659258262890684,0.2588190451025203
0.0,0.9784445519087847,0.38888888888888884,0.45714285714285713,0.7325581395348837,0.0,0.5428571428571445,0,-0.594726686960764,0.8039279618328208,-0.5000000000000004,0.8660254037844384
0.0,0.876607894035261,0.3333333333333335,0.39999999999999997,0.8372093023255813,0.0,0.5428571428571445,0,-0.5808002734538013,0.8140460935082175,0.25881904510252074,0.9659258262890683
0.0,0.598374758885942,0.3333333333333335,0.39999999999999997,0.872093023255814,0.125,0.5428571428571445,0,-0.5808002734538013,0.8140460935082175,0.8660254037844386,0.5000000000000001
1.0,0.32014162465324675,0.3333333333333335,0.39999999999999997,0.872093023255814,0.07500000000000001,0.5523809523809504,0,-0.5808002734538013,0.8140460935082175,0.9659258262890683,-0.25881904510252063
1.0,0.04190849042055141,0.3333333333333335,0.39999999999999997,0.8023255813953487,0.15000000000000002,0.5619047619047635,11153,-0.5808002734538013,0.8140460935082175,0.49999999999999994,-0.8660254037844387
1.0,0.1439273061531024,0.3333333333333335,0.39999999999999997,0.7674418604651163,0.125,0.5238095238095255,13434,-0.5808002734538013,0.8140460935082175,-0.2588190451025208,-0.9659258262890683
1.0,0.4221604403857978,0.3333333333333335,0.39999999999999997,0.5581395348837208,0.07500000000000001,0.4952380952380935,1789,-0.5808002734538013,0.8140460935082175,-0.8660254037844385,-0.5000000000000004
0.0,0.7003935755351165,0.3333333333333335,0.39999999999999997,0.6162790697674418,0.0,0.5047619047619065,0,-0.5808002734538013,0.8140460935082175,-0.9659258262890684,0.2588190451025203
0.0,0.978626709767812,0.3333333333333335,0.39999999999999997,0.7441860465116279,0.0,0.4952380952380935,0,-0.5808002734538013,0.8140460935082175,-0.5000000000000004,0.8660254037844384
0.0,0.8781666885542634,0.36111111111111116,0.9999999999999999,0.7325581395348837,0.0,0.5047619047619065,0,-0.5667017562911184,0.8239230057575536,0.25881904510252074,0.9659258262890683
0.0,0.5994635656512833,0.36111111111111116,0.9999999999999999,0.8023255813953487,0.0,0.5238095238095255,0,-0.5667017562911184,0.8239230057575536,0.8660254037844386,0.5000000000000001
1.0,0.3207604427483034,0.36111111111111116,0.9999999999999999,0.8023255813953487,0.0,0.5333333333333314,80,-0.5667017562911184,0.8239230057575536,0.9659258262890683,-0.25881904510252063
1.0,0.04205731984532333,0.36111111111111116,0.9999999999999999,0.8488372093023255,0.17500000000000002,0.5428571428571445,618,-0.5667017562911184,0.8239230057575536,0.49999999999999994,-0.8660254037844387
1.0,0.14424846448199166,0.36111111111111116,0.9999999999999999,0.7093023255813953,0.0,0.5047619047619065,2606,-0.5667017562911184,0.8239230057575536,-0.2588190451025208,-0.9659258262890683
1.0,0.42295158738497174,0.36111111111111116,0.9999999999999999,0.7790697674418605,0.15000000000000002,0.47619047619047805,915,-0.5667017562911184,0.8239230057575536,-0.8660254037844385,-0.5000000000000004
0.0,0.7016547102879517,0.36111111111111116,0.9999999999999999,0.7093023255813953,0.0,0.45714285714285907,0,-0.5667017562911184,0.8239230057575536,-0.9659258262890684,0.2588190451025203
0.0,0.9803578331909316,0.36111111111111116,0.9999999999999999,0.8023255813953487,0.17500000000000002,0.45714285714285907,0,-0.5667017562911184,0.8239230057575536,-0.5000000000000004,0.8660254037844384
0.0,0.8813001305975063,0.36111111111111116,0.9428571428571428,0.7674418604651163,0.07500000000000001,0.4380952380952401,0,-0.5524353131676203,0.8335557718385695,0.25881904510252074,0.9659258262890683
0.0,0.6016522510784835,0.36111111111111116,0.9428571428571428,0.8023255813953487,0.15000000000000002,0.39047619047619264,0,-0.5524353131676203,0.8335557718385695,0.8660254037844386,0.5000000000000001
1.0,0.32200437155946077,0.36111111111111116,0.9428571428571428,0.8023255813953487,0.0,0.3523809523809547,69,-0.5524353131676203,0.8335557718385695,0.9659258262890683,-0.25881904510252063
1.0,0.042356492040437975,0.36111111111111116,0.9428571428571428,0.7441860465116279,0.0,0.3809523809523796,1340,-0.5524353131676203,0.8335557718385695,0.49999999999999994,-0.8660254037844387
1.0,0.14489404798629615,0.36111111111111116,0.9428571428571428,0.8837209302325582,0.0,0.3809523809523796,2726,-0.5524353131676203,0.8335557718385695,-0.2588190451025208,-0.9659258262890683
1.0,0.42454192750531894,0.36111111111111116,0.9428571428571428,0.8372093023255813,0.0,0.39047619047619264,68,-0.5524353131676203,0.8335557718385695,-0.8660254037844385,-0.5000000000000004
0.0,0.7041898070243418,0.36111111111111116,0.9428571428571428,0.8837209302325582,0.0,0.4190476190476211,0,-0.5524353131676203,0.8335557718385695,-0.9659258262890684,0.2588190451025203
0.0,0.9838376865433643,0.36111111111111116,0.9428571428571428,0.8837209302325582,0.0,0.44761904761904603,0,-0.5524353131676203,0.8335557718385695,-0.5000000000000004,0.8660254037844384
0.0,0.8844310684250621,0.38888888888888884,0.7999999999999999,0.9186046511627906,0.0,0.47619047619047805,0,-0.5380051715382992,0.8429415373547832,0.25881904510252074,0.9659258262890683
0.0,0.6043084044610565,0.38888888888888884,0.7999999999999999,0.9186046511627906,0.225,0.4952380952380935,0,-0.5380051715382992,0.8429415373547832,0.8660254037844386,0.5000000000000001
1.0,0.3241857414136744,0.38888888888888884,0.7999999999999999,0.8837209302325582,0.15000000000000002,0.5428571428571445,0,-0.5380051715382992,0.8429415373547832,0.9659258262890683,-0.25881904510252063
1.0,0.04406307744966873,0.38888888888888884,0.7999999999999999,0.8488372093023255,0.17500000000000002,0.5904761904761919,13893,-0.5380051715382992,0.8429415373547832,0.49999999999999994,-0.8660254037844387
1.0,0.14366224702204827,0.38888888888888884,0.7999999999999999,0.7674418604651163,0.275,0.5809523809523789,11407,-0.5380051715382992,0.8429415373547832,-0.2588190451025208,-0.9659258262890683
1.0,0.423784910986054,0.38888888888888884,0.7999999999999999,0.7441860465116279,0.275,0.5999999999999979,633,-0.5380051715382992,0.8429415373547832,-0.8660254037844385,-0.5000000000000004
0.0,0.703907574033436,0.38888888888888884,0.7999999999999999,0.7674418604651163,0.25,0.6380952380952358,0,-0.5380051715382992,0.8429415373547832,-0.9659258262890684,0.2588190451025203
0.0,0.9840302370808179,0.38888888888888884,0.7999999999999999,0.8023255813953487,0.2,0.6857142857142833,0,-0.5380051715382992,0.8429415373547832,-0.5000000000000004,0.8660254037844384
0.0,0.8860137721541611,0.3055555555555556,0.6571428571428571,0.8372093023255813,0.125,0.7047619047619023,0,-0.5234156073655503,0.8520775211013093,0.25881904510252074,0.9659258262890683
0.0,0.6054147095710054,0.3055555555555556,0.6571428571428571,0.8023255813953487,0.07500000000000001,0.7047619047619023,0,-0.5234156073655503,0.8520775211013093,0.8660254037844386,0.5000000000000001
1.0,0.3248156469878496,0.3055555555555556,0.6571428571428571,0.8372093023255813,0.07500000000000001,0.7333333333333343,11,-0.5234156073655503,0.8520775211013093,0.9659258262890683,-0.25881904510252063
1.0,0.044216584404693775,0.3055555555555556,0.6571428571428571,0.8023255813953487,0.07500000000000001,0.7809523809523817,1353,-0.5234156073655503,0.8520775211013093,0.49999999999999994,-0.8660254037844387
1.0,0.143985139602797,0.3055555555555556,0.6571428571428571,0.8023255813953487,0.125,0.7238095238095212,10939,-0.5234156073655503,0.8520775211013093,-0.2588190451025208,-0.9659258262890683
1.0,0.4245842021859529,0.3055555555555556,0.6571428571428571,0.7441860465116279,0.07500000000000001,0.6857142857142833,4273,-0.5234156073655503,0.8520775211013093,-0.8660254037844385,-0.5000000000000004
0.0,0.7051832647691086,0.3055555555555556,0.6571428571428571,0.8837209302325582,0.2,0.7047619047619023,0,-0.5234156073655503,0.8520775211013093,-0.9659258262890684,0.2588190451025203
0.0,0.9857823273522645,0.3055555555555556,0.6571428571428571,0.9534883720930232,0.0,0.7047619047619023,0,-0.5234156073655503,0.8520775211013093,-0.5000000000000004,0.8660254037844384
0.0,0.8891953846010614,0.41666666666666674,0.3142857142857143,0.9186046511627906,0.0,0.6761904761904773,0,-0.5086709438521042,0.8609610158889945,0.25881904510252074,0.9659258262890683
0.0,0.6076386455921591,0.41666666666666674,0.3142857142857143,0.9534883720930232,0.125,0.6571428571428584,0,-0.5086709438521042,0.8609610158889945,0.8660254037844386,0.5000000000000001
1.0,0.044525168490978186,0.41666666666666674,0.3142857142857143,0.7674418604651163,0.2,0.6761904761904773,7229,-0.5086709438521042,0.8609610158889945,0.49999999999999994,-0.8660254037844387
1.0,0.14463423102563544,0.41666666666666674,0.3142857142857143,0.7093023255813953,0.0,0.6095238095238109,18371,-0.5086709438521042,0.8609610158889945,-0.2588190451025208,-0.9659258262890683
1.0,0.4261909700345377,0.41666666666666674,0.3142857142857143,0.46511627906976744,0.0,0.5904761904761919,5918,-0.5086709438521042,0.8609610158889945,-0.8660254037844385,-0.5000000000000004
0.0,0.7077477081268164,0.41666666666666674,0.3142857142857143,0.6511627906976745,0.0,0.5999999999999979,0,-0.5086709438521042,0.8609610158889945,-0.9659258262890684,0.2588190451025203
0.0,0.9893044471357185,0.41666666666666674,0.3142857142857143,0.6744186046511627,0.07500000000000001,0.6380952380952358,0,-0.5086709438521042,0.8609610158889945,-0.5000000000000004,0.8660254037844384
0.0,0.8923612265388482,0.36111111111111116,0.1714285714285714,0.7674418604651163,0.0,0.6571428571428584,0,-0.49377555015997737,0.8695893893466109,0.25881904510252074,0.9659258262890683
0.0,0.6103231941407483,0.36111111111111116,0.1714285714285714,0.8837209302325582,0.07500000000000001,0.6380952380952358,0,-0.49377555015997737,0.8695893893466109,0.8660254037844386,0.5000000000000001
1.0,0.3282851626592722,0.36111111111111116,0.1714285714285714,0.9186046511627906,0.07500000000000001,0.6285714285714299,191,-0.49377555015997737,0.8695893893466109,0.9659258262890683,-0.25881904510252063
1.0,0.04624713026117235,0.36111111111111116,0.1714285714285714,0.8023255813953487,0.125,0.6476190476190489,14064,-0.49377555015997737,0.8695893893466109,0.49999999999999994,-0.8660254037844387
1.0,0.1433935635612624,0.36111111111111116,0.1714285714285714,0.7093023255813953,0.15000000000000002,0.6095238095238109,20574,-0.49377555015997737,0.8695893893466109,-0.2588190451025208,-0.9659258262890683
1.0,0.42543159595936225,0.36111111111111116,0.1714285714285714,0.7093023255813953,0.0,0.5809523809523789,5548,-0.49377555015997737,0.8695893893466109,-0.8660254037844385,-0.5000000000000004
0.0,0.7074696274408384,0.36111111111111116,0.1714285714285714,0.6162790697674418,0.0,0.5999999999999979,0,-0.49377555015997737,0.8695893893466109,-0.9659258262890684,0.2588190451025203
0.0,0.9895076598389382,0.36111111111111116,0.1714285714285714,0.8023255813953487,0.07500000000000001,0.6190476190476168,0,-0.49377555015997737,0.8695893893466109,-0.5000000000000004,0.8660254037844384
0.0,0.8939683500373916,0.3055555555555556,0.7714285714285714,0.9186046511627906,0.0,0.6190476190476168,0,-0.4787338401157883,0.8779600847008883,0.25881904510252074,0.9659258262890683
0.0,0.61144737524423,0.3055555555555556,0.7714285714285714,1.0,0.15000000000000002,0.6190476190476168,0,-0.4787338401157883,0.8779600847008883,0.8660254037844386,0.5000000000000001
1.0,0.3289264013676919,0.3055555555555556,0.7714285714285714,1.0,0.07500000000000001,0.6285714285714299,0,-0.4787338401157883,0.8779600847008883,0.9659258262890683,-0.25881904510252063
1.0,0.04640542749115389,0.3055555555555556,0.7714285714285714,0.9534883720930232,0.17500000000000002,0.6666666666666679,2184,-0.4787338401157883,0.8779600847008883,0.49999999999999994,-0.8660254037844387
1.0,0.14371820780971908,0.3055555555555556,0.7714285714285714,0.8372093023255813,0.225,0.6285714285714299,2907,-0.4787338401157883,0.8779600847008883,-0.2588190451025208,-0.9659258262890683
1.0,0.4262391816862572,0.3055555555555556,0.7714285714285714,0.7674418604651163,0.275,0.6190476190476168,469,-0.4787338401157883,0.8779600847008883,-0.8660254037844385,-0.5000000000000004
0.0,0.7087601555627951,0.3055555555555556,0.7714285714285714,0.7674418604651163,0.225,0.6095238095238109,0,-0.4787338401157883,0.8779600847008883,-0.9659258262890684,0.2588190451025203
0.0,0.9912811294393332,0.3055555555555556,0.7714285714285714,0.7674418604651163,0.225,0.6380952380952358,0,-0.4787338401157883,0.8779600847008883,-0.5000000000000004,0.8660254037844384
0.0,0.8955809861102916,0.38888888888888884,0.7714285714285714,0.8023255813953487,0.225,0.6476190476190489,0,-0.4635502709028512,0.8860706215341378,0.25881904510252074,0.9659258262890683
0.0,0.6125754134998387,0.38888888888888884,0.7714285714285714,0.8372093023255813,0.275,0.6571428571428584,0,-0.4635502709028512,0.8860706215341378,0.8660254037844386,0.5000000000000001
1.0,0.3295698408893858,0.38888888888888884,0.7714285714285714,0.9534883720930232,0.2,0.6666666666666679,0,-0.4635502709028512,0.8860706215341378,0.9659258262890683,-0.25881904510252063
1.0,0.04656426827893279,0.38888888888888884,0.7714285714285714,0.7790697674418605,0.225,0.6857142857142833,10230,-0.4635502709028512,0.8860706215341378,0.49999999999999994,-0.8660254037844387
1.0,0.1440439657558551,0.38888888888888884,0.7714285714285714,0.7093023255813953,0.125,0.6285714285714299,19145,-0.4635502709028512,0.8860706215341378,-0.2588190451025208,-0.9659258262890683
1.0,0.4270495383663081,0.38888888888888884,0.7714285714285714,0.6511627906976745,0.25,0.6380952380952358,5666,-0.4635502709028512,0.8860706215341378,-0.8660254037844385,-0.5000000000000004
0.0,0.710055110976761,0.38888888888888884,0.7714285714285714,0.8372093023255813,0.125,0.6476190476190489,0,-0.4635502709028512,0.8860706215341378,-0.9659258262890684,0.2588190451025203
0.0,0.9930606835872141,0.38888888888888884,0.7714285714285714,0.8837209302325582,0.0,0.6761904761904773,0,-0.4635502709028512,0.8860706215341378,-0.5000000000000004,0.8660254037844384
0.0,0.8987741186826516,0.3055555555555556,0.9142857142857143,0.8837209302325582,0.125,0.6571428571428584,0,-0.4482293417404106,0.893918596519257,0.25881904510252074,0.9659258262890683
0.0,0.6152822827498182,0.3055555555555556,0.9142857142857143,0.9186046511627906,0.0,0.6666666666666679,0,-0.4482293417404106,0.893918596519257,0.8660254037844386,0.5000000000000001
1.0,0.3317904459003611,0.3055555555555556,0.9142857142857143,1.0,0.0,0.6857142857142833,0,-0.4482293417404106,0.893918596519257,0.9659258262890683,-0.25881904510252063
1.0,0.048298609967527696,0.3055555555555556,0.9142857142857143,1.0,0.07500000000000001,0.6857142857142833,5857,-0.4482293417404106,0.893918596519257,0.49999999999999994,-0.8660254037844387
1.0,0.14279588830626427,0.3055555555555556,0.9142857142857143,0.7674418604651163,0.125,0.6095238095238109,14677,-0.4482293417404106,0.893918596519257,-0.2588190451025208,-0.9659258262890683
1.0,0.4262877251557214,0.3055555555555556,0.9142857142857143,0.6395348837209303,0.07500000000000001,0.5904761904761919,3724,-0.4482293417404106,0.893918596519257,-0.8660254037844385,-0.5000000000000004
0.0,0.7097795610885547,0.3055555555555556,0.9142857142857143,0.8372093023255813,0.15000000000000002,0.5809523809523789,0,-0.4482293417404106,0.893918596519257,-0.9659258262890684,0.2588190451025203
0.0,0.9932713979380118,0.3055555555555556,0.9142857142857143,0.8023255813953487,0.17500000000000002,0.5714285714285694,0,-0.4482293417404106,0.893918596519257,-0.5000000000000004,0.8660254037844384
0.0,0.9004005783561293,0.3333333333333335,0.14285714285714285,0.7325581395348837,0.275,0.5523809523809504,0,-0.4327755925504317,0.9015016841318838,0.25881904510252074,0.9659258262890683
0.0,0.6164208035129666,0.3333333333333335,0.14285714285714285,0.7674418604651163,0.325,0.5428571428571445,0,-0.4327755925504317,0.9015016841318838,0.8660254037844386,0.5000000000000001
1.0,0.3324410295864275,0.3333333333333335,0.14285714285714285,0.7674418604651163,0.325,0.5523809523809504,188,-0.4327755925504317,0.9015016841318838,0.9659258262890683,-0.25881904510252063
1.0,0.04846125565988838,0.3333333333333335,0.14285714285714285,0.7325581395348837,0.17500000000000002,0.5619047619047635,13982,-0.4327755925504317,0.9015016841318838,0.49999999999999994,-0.8660254037844387
1.0,0.14312118060760928,0.3333333333333335,0.14285714285714285,0.5813953488372092,0.15000000000000002,0.5238095238095255,21285,-0.4327755925504317,0.9015016841318838,-0.2588190451025208,-0.9659258262890683
1.0,0.4271009545341484,0.3333333333333335,0.14285714285714285,0.6162790697674418,0.0,0.4952380952380935,5652,-0.4327755925504317,0.9015016841318838,-0.8660254037844385,-0.5000000000000004
0.0,0.7110807284606875,0.3333333333333335,0.14285714285714285,0.8023255813953487,0.125,0.5142857142857125,0,-0.4327755925504317,0.9015016841318838,-0.9659258262890684,0.2588190451025203
0.0,0.9950605023872267,0.3333333333333335,0.14285714285714285,0.7325581395348837,0.0,0.5714285714285694,0,-0.4327755925504317,0.9015016841318838,-0.5000000000000004,0.8660254037844384
0.0,0.9036130315208223,0.3333333333333335,0.39999999999999997,0.8023255813953487,0.125,0.5999999999999979,0,-0.41719360261231697,0.9088176373395028,0.25881904510252074,0.9659258262890683
0.0,0.6191436366796399,0.3333333333333335,0.39999999999999997,0.872093023255814,0.125,0.6285714285714299,0,-0.41719360261231697,0.9088176373395028,0.8660254037844386,0.5000000000000001
1.0,0.33467424183845745,0.3333333333333335,0.39999999999999997,0.8372093023255813,0.15000000000000002,0.6571428571428584,117,-0.41719360261231697,0.9088176373395028,0.9659258262890683,-0.25881904510252063
1.0,0.050204847913898655,0.3333333333333335,0.39999999999999997,0.6744186046511627,0.15000000000000002,0.7142857142857153,13253,-0.41719360261231697,0.9088176373395028,0.49999999999999994,-0.8660254037844387
1.0,0.14186720835161873,0.3333333333333335,0.39999999999999997,0.48837209302325585,0.0,0.6666666666666679,20321,-0.41719360261231697,0.9088176373395028,-0.2588190451025208,-0.9659258262890683
1.0,0.42633660227617753,0.3333333333333335,0.39999999999999997,0.3720930232558139,0.0,0.6476190476190489,5999,-0.41719360261231697,0.9088176373395028,-0.8660254037844385,-0.5000000000000004
0.0,0.71080599711736,0.3333333333333335,0.39999999999999997,0.47674418604651164,0.0,0.6761904761904773,0,-0.41719360261231697,0.9088176373395028,-0.9659258262890684,0.2588190451025203
0.0,0.9952753919585425,0.3333333333333335,0.39999999999999997,0.6627906976744187,0.125,0.7142857142857153,0,-0.41719360261231697,0.9088176373395028,-0.5000000000000004,0.8660254037844384
0.0,0.9036130315208223,0.25,0.05714285714285715,0.627906976744186,0.0,0.7047619047619023,0,-0.4014879892059737,0.9158642882672868,0.25881904510252074,0.9659258262890683
0.0,0.6191436366796399,0.25,0.05714285714285715,0.6976744186046511,0.0,0.6952380952380963,0,-0.4014879892059737,0.9158642882672868,0.8660254037844386,0.5000000000000001
1.0,0.33467424183845745,0.25,0.05714285714285715,0.8372093023255813,0.0,0.7238095238095212,110,-0.4014879892059737,0.9158642882672868,0.9659258262890683,-0.25881904510252063
1.0,0.050204847913898655,0.25,0.05714285714285715,0.7325581395348837,0.17500000000000002,0.7428571428571438,13734,-0.4014879892059737,0.9158642882672868,0.49999999999999994,-0.8660254037844387
1.0,0.14186720835161873,0.25,0.05714285714285715,0.5581395348837208,0.0,0.6952380952380963,20887,-0.4014879892059737,0.9158642882672868,-0.2588190451025208,-0.9659258262890683
1.0,0.42633660227617753,0.25,0.05714285714285715,0.6744186046511627,0.07500000000000001,0.6666666666666679,5603,-0.4014879892059737,0.9158642882672868,-0.8660254037844385,-0.5000000000000004
0.0,0.71080599711736,0.25,0.05714285714285715,0.7325581395348837,0.07500000000000001,0.6571428571428584,0,-0.4014879892059737,0.9158642882672868,-0.9659258262890684,0.2588190451025203
0.0,0.9952753919585425,0.25,0.05714285714285715,0.7674418604651163,0.0,0.6666666666666679,0,-0.4014879892059737,0.9158642882672868,-0.5000000000000004,0.8660254037844384
0.0,0.9052534660377723,0.22222222222222232,0.7428571428571428,0.8372093023255813,0.15000000000000002,0.6571428571428584,0,-0.38566340624360745,0.9226395488404875,0.25881904510252074,0.9659258262890683
0.0,0.6202927600280201,0.22222222222222232,0.7428571428571428,0.872093023255814,0.15000000000000002,0.6476190476190489,0,-0.38566340624360745,0.9226395488404875,0.8660254037844386,0.5000000000000001
1.0,0.335332054018268,0.22222222222222232,0.7428571428571428,0.9534883720930232,0.15000000000000002,0.6190476190476168,140,-0.38566340624360745,0.9226395488404875,0.9659258262890683,-0.25881904510252063
1.0,0.05037134800851575,0.22222222222222232,0.7428571428571428,0.8372093023255813,0.0,0.6380952380952358,12328,-0.38566340624360745,0.9226395488404875,0.49999999999999994,-0.8660254037844387
1.0,0.14219201942557141,0.22222222222222232,0.7428571428571428,0.7674418604651163,0.275,0.5904761904761919,11715,-0.38566340624360745,0.9226395488404875,-0.2588190451025208,-0.9659258262890683
1.0,0.4271527254353236,0.22222222222222232,0.7428571428571428,0.6976744186046511,0.25,0.5714285714285694,3854,-0.38566340624360745,0.9226395488404875,-0.8660254037844385,-0.5000000000000004
0.0,0.7121134314450759,0.22222222222222232,0.7428571428571428,0.7674418604651163,0.2,0.5523809523809504,0,-0.38566340624360745,0.9226395488404875,-0.9659258262890684,0.2588190451025203
0.0,0.9970741374548279,0.22222222222222232,0.7428571428571428,0.7674418604651163,0.15000000000000002,0.5619047619047635,0,-0.38566340624360745,0.9226395488404875,-0.5000000000000004,0.8660254037844384
0.0,0.9084854304525082,0.22222222222222232,0.9142857142857143,0.7674418604651163,0.15000000000000002,0.5523809523809504,0,-0.3697245428906732,0.9291414114031743,0.25881904510252074,0.9659258262890683
0.0,0.6230317129374,0.22222222222222232,0.9142857142857143,0.8372093023255813,0.225,0.5619047619047635,0,-0.3697245428906732,0.9291414114031743,0.8660254037844386,0.5000000000000001
1.0,0.33757799542229194,0.22222222222222232,0.9142857142857143,0.8372093023255813,0.07500000000000001,0.5428571428571445,90,-0.3697245428906732,0.9291414114031743,0.9659258262890683,-0.25881904510252063
1.0,0.052124277907183804,0.22222222222222232,0.9142857142857143,0.7325581395348837,0.2,0.5904761904761919,3336,-0.3697245428906732,0.9291414114031743,0.49999999999999994,-0.8660254037844387
1.0,0.14093210103225925,0.22222222222222232,0.9142857142857143,0.7325581395348837,0.225,0.5619047619047635,15878,-0.3697245428906732,0.9291414114031743,-0.2588190451025208,-0.9659258262890683
1.0,0.4263858185473674,0.22222222222222232,0.9142857142857143,0.6627906976744187,0.0,0.5619047619047635,5654,-0.3697245428906732,0.9291414114031743,-0.8660254037844385,-0.5000000000000004
0.0,0.7118395360624755,0.22222222222222232,0.9142857142857143,0.6976744186046511,0.0,0.5714285714285694,0,-0.3697245428906732,0.9291414114031743,-0.9659258262890684,0.2588190451025203
0.0,0.9972932535775835,0.22222222222222232,0.9142857142857143,0.8372093023255813,0.07500000000000001,0.5809523809523789,0,-0.3697245428906732,0.9291414114031743,-0.5000000000000004,0.8660254037844384
0.0,0.9101399956389432,0.19444444444444442,0.14285714285714285,0.872093023255814,0.07500000000000001,0.5999999999999979,0,-0.3536761221763721,0.935367949313148,0.25881904510252074,0.9659258262890683
0.0,0.6241915580320807,0.19444444444444442,0.14285714285714285,0.9186046511627906,0.07500000000000001,0.6476190476190489,0,-0.3536761221763721,0.935367949313148,0.8660254037844386,0.5000000000000001
1.0,0.33824311950859454,0.19444444444444442,0.14285714285714285,0.49999999999999994,0.17500000000000002,0.7142857142857153,108,-0.3536761221763721,0.935367949313148,0.9659258262890683,-0.25881904510252063
1.0,0.05229468190173194,0.19444444444444442,0.14285714285714285,0.4069767441860465,0.15000000000000002,0.7523809523809533,13962,-0.3536761221763721,0.935367949313148,0.49999999999999994,-0.8660254037844387
1.0,0.14125641804608918,0.19444444444444442,0.14285714285714285,0.47674418604651164,0.17500000000000002,0.7142857142857153,21545,-0.3536761221763721,0.935367949313148,-0.2588190451025208,-0.9659258262890683
1.0,0.42720485565295185,0.19444444444444442,0.14285714285714285,0.6162790697674418,0.275,0.7428571428571438,5580,-0.3536761221763721,0.935367949313148,-0.8660254037844385,-0.5000000000000004
0.0,0.7131532941764379,0.19444444444444442,0.14285714285714285,0.6395348837209303,0.15000000000000002,0.7904761904761877,0,-0.3536761221763721,0.935367949313148,-0.9659258262890684,0.2588190451025203
0.0,0.9991017317833005,0.19444444444444442,0.14285714285714285,0.7674418604651163,0.0,0.8285714285714292,0,-0.3536761221763721,0.935367949313148,-0.5000000000000004,0.8660254037844384
0.0,0.9133916665445495,0.25,0.3142857142857143,0.872093023255814,0.15000000000000002,0.8380952380952387,0,-0.33752289959411347,0.941317317512847,0.25881904510252074,0.9659258262890683
0.0,0.6269467901766743,0.25,0.3142857142857143,0.8372093023255813,0.15000000000000002,0.8285714285714292,0,-0.33752289959411347,0.941317317512847,0.8660254037844386,0.5000000000000001
1.0,0.3405019138087991,0.25,0.3142857142857143,0.7674418604651163,0.25,0.8380952380952387,98,-0.33752289959411347,0.941317317512847,0.9659258262890683,-0.25881904510252063
1.0,0.05405703744092381,0.25,0.3142857142857143,0.6976744186046511,0.07500000000000001,0.8761904761904731,13185,-0.33752289959411347,0.941317317512847,0.49999999999999994,-0.8660254037844387
1.0,0.13999050035128638,0.25,0.3142857142857143,0.4302325581395348,0.07500000000000001,0.8000000000000007,20658,-0.33752289959411347,0.941317317512847,-0.2588190451025208,-0.9659258262890683
1.0,0.42643537671916165,0.25,0.3142857142857143,0.7441860465116279,0.15000000000000002,0.7428571428571438,5430,-0.33752289959411347,0.941317317512847,-0.8660254037844385,-0.5000000000000004
0.0,0.7128802530870368,0.25,0.3142857142857143,0.6395348837209303,0.07500000000000001,0.7333333333333343,0,-0.33752289959411347,0.941317317512847,-0.9659258262890684,0.2588190451025203
0.0,0.999325129454912,0.25,0.3142857142857143,0.6976744186046511,0.07500000000000001,0.7523809523809533,0,-0.33752289959411347,0.941317317512847,-0.5000000000000004,0.8660254037844384
0.0,0.9133916665445495,0.22222222222222232,0.7999999999999999,0.7674418604651163,0.0,0.7047619047619023,0,-0.32126966169236515,0.9469877530760751,0.25881904510252074,0.9659258262890683
0.0,0.6269467901766743,0.22222222222222232,0.7999999999999999,0.8023255813953487,0.0,0.6666666666666679,0,-0.32126966169236515,0.9469877530760751,0.8660254037844386,0.5000000000000001
1.0,0.3405019138087991,0.22222222222222232,0.7999999999999999,0.8023255813953487,0.225,0.6666666666666679,25,-0.32126966169236515,0.9469877530760751,0.9659258262890683,-0.25881904510252063
1.0,0.05405703744092381,0.22222222222222232,0.7999999999999999,0.6744186046511627,0.0,0.6666666666666679,12722,-0.32126966169236515,0.9469877530760751,0.49999999999999994,-0.8660254037844387
1.0,0.13999050035128638,0.22222222222222232,0.7999999999999999,0.6162790697674418,0.125,0.5904761904761919,17127,-0.32126966169236515,0.9469877530760751,-0.2588190451025208,-0.9659258262890683
1.0,0.42643537671916165,0.22222222222222232,0.7999999999999999,0.7441860465116279,0.0,0.5333333333333314,4287,-0.32126966169236515,0.9469877530760751,-0.8660254037844385,-0.5000000000000004
0.0,0.7128802530870368,0.22222222222222232,0.7999999999999999,0.7093023255813953,0.325,0.485714285714284,0,-0.32126966169236515,0.9469877530760751,-0.9659258262890684,0.2588190451025203
0.0,0.999325129454912,0.22222222222222232,0.7999999999999999,0.8837209302325582,0.275,0.4952380952380935,0,-0.32126966169236515,0.9469877530760751,-0.5000000000000004,0.8660254037844384
0.0,0.9166546476688102,0.3055555555555556,0.7428571428571428,0.8837209302325582,0.2,0.466666666666665,0,-0.3049212246562894,0.9523775757303973,0.25881904510252074,0.9659258262890683
0.0,0.6297116056210517,0.3055555555555556,0.7428571428571428,0.8372093023255813,0.0,0.4380952380952401,0,-0.3049212246562894,0.9523775757303973,0.8660254037844386,0.5000000000000001
1.0,0.3427685644899167,0.3055555555555556,0.7428571428571428,0.872093023255814,0.07500000000000001,0.44761904761904603,101,-0.3049212246562894,0.9523775757303973,0.9659258262890683,-0.25881904510252063
1.0,0.05582552335878175,0.3055555555555556,0.7428571428571428,0.7674418604651163,0.0,0.466666666666665,12297,-0.3049212246562894,0.9523775757303973,0.49999999999999994,-0.8660254037844387
1.0,0.13872017919668814,0.3055555555555556,0.7428571428571428,0.6162790697674418,0.2,0.3999999999999986,15931,-0.3049212246562894,0.9523775757303973,-0.2588190451025208,-0.9659258262890683
1.0,0.4256632212444467,0.3055555555555556,0.7428571428571428,0.8023255813953487,0.35000000000000003,0.3809523809523796,2812,-0.3049212246562894,0.9523775757303973,-0.8660254037844385,-0.5000000000000004
0.0,0.7126062623755817,0.3055555555555556,0.7428571428571428,0.7674418604651163,0.7250000000000001,0.3619047619047606,0,-0.3049212246562894,0.9523775757303973,-0.9659258262890684,0.2588190451025203
0.0,0.9995493035067166,0.3055555555555556,0.7428571428571428,0.8837209302325582,0.17500000000000002,0.3523809523809547,0,-0.3049212246562894,0.9523775757303973,-0.5000000000000004,0.8660254037844384
0.0,0.9166546476688102,0.19444444444444442,0.7999999999999999,0.6744186046511627,0.55,0.34285714285714164,0,-0.2884824328806098,0.9574851883550389,0.25881904510252074,0.9659258262890683
0.0,0.6297116056210517,0.19444444444444442,0.7999999999999999,0.6395348837209303,0.55,0.3523809523809547,0,-0.2884824328806098,0.9574851883550389,0.8660254037844386,0.5000000000000001
1.0,0.3427685644899167,0.19444444444444442,0.7999999999999999,0.6046511627906976,0.35000000000000003,0.39047619047619264,75,-0.2884824328806098,0.9574851883550389,0.9659258262890683,-0.25881904510252063
1.0,0.05582552335878175,0.19444444444444442,0.7999999999999999,0.49999999999999994,0.375,0.4190476190476211,12944,-0.2884824328806098,0.9574851883550389,0.49999999999999994,-0.8660254037844387
1.0,0.13872017919668814,0.19444444444444442,0.7999999999999999,0.4302325581395348,0.5,0.37142857142857366,17309,-0.2884824328806098,0.9574851883550389,-0.2588190451025208,-0.9659258262890683
1.0,0.4256632212444467,0.19444444444444442,0.7999999999999999,0.5465116279069768,0.4,0.3523809523809547,3618,-0.2884824328806098,0.9574851883550389,-0.8660254037844385,-0.5000000000000004
0.0,0.7126062623755817,0.19444444444444442,0.7999999999999999,0.6046511627906976,0.5,0.39047619047619264,0,-0.2884824328806098,0.9574851883550389,-0.9659258262890684,0.2588190451025203
0.0,0.9995493035067166,0.19444444444444442,0.7999999999999999,0.569767441860465,0.25,0.4190476190476211,0,-0.2884824328806098,0.9574851883550389,-0.5000000000000004,0.8660254037844384
0.0,0.919928997675636,0.08333333333333348,0.42857142857142855,0.627906976744186,0.2,0.40952380952380807,0,-0.27195815753410524,0.9623090774541487,0.25881904510252074,0.9659258262890683
0.0,0.632486054779511,0.08333333333333348,0.42857142857142855,0.7209302325581395,0.15000000000000002,0.42857142857142705,0,-0.27195815753410524,0.9623090774541487,0.8660254037844386,0.5000000000000001
1.0,0.3450431128000097,0.08333333333333348,0.42857142857142855,0.8023255813953487,0.17500000000000002,0.44761904761904603,0,-0.27195815753410524,0.9623090774541487,0.9659258262890683,-0.25881904510252063
1.0,0.05760017082050831,0.08333333333333348,0.42857142857142855,0.6976744186046511,0.325,0.44761904761904603,738,-0.27195815753410524,0.9623090774541487,0.49999999999999994,-0.8660254037844387
1.0,0.13744543258332798,0.08333333333333348,0.42857142857142855,0.7674418604651163,0.15000000000000002,0.39047619047619264,4194,-0.27195815753410524,0.9623090774541487,-0.2588190451025208,-0.9659258262890683
1.0,0.42488837456282935,0.08333333333333348,0.42857142857142855,0.8372093023255813,0.0,0.33333333333333215,223,-0.27195815753410524,0.9623090774541487,-0.8660254037844385,-0.5000000000000004
0.0,0.7123313165423307,0.08333333333333348,0.42857142857142855,0.9186046511627906,0.2,0.2952380952380942,0,-0.27195815753410524,0.9623090774541487,-0.9659258262890684,0.2588190451025203
0.0,0.9997742594384557,0.08333333333333348,0.42857142857142855,0.872093023255814,0.25,0.2761904761904752,0,-0.27195815753410524,0.9623090774541487,-0.5000000000000004,0.8660254037844384
0.0,0.919928997675636,0.11111111111111116,0.5714285714285714,0.9186046511627906,0.2,0.25714285714285623,0,-0.2553532951161881,0.9668478136052773,0.25881904510252074,0.9659258262890683
0.0,0.632486054779511,0.11111111111111116,0.5714285714285714,0.8023255813953487,0.17500000000000002,0.25714285714285623,0,-0.2553532951161881,0.9668478136052773,0.8660254037844386,0.5000000000000001
1.0,0.3450431128000097,0.11111111111111116,0.5714285714285714,0.7674418604651163,0.2,0.26666666666666927,0,-0.2553532951161881,0.9668478136052773,0.9659258262890683,-0.25881904510252063
1.0,0.05760017082050831,0.11111111111111116,0.5714285714285714,0.7325581395348837,0.225,0.31428571428571317,10192,-0.2553532951161881,0.9668478136052773,0.49999999999999994,-0.8660254037844387
1.0,0.13744543258332798,0.11111111111111116,0.5714285714285714,0.6046511627906976,0.4,0.2952380952380942,13049,-0.2553532951161881,0.9668478136052773,-0.2588190451025208,-0.9659258262890683
1.0,0.42488837456282935,0.11111111111111116,0.5714285714285714,0.5465116279069768,0.375,0.2952380952380942,198,-0.2553532951161881,0.9668478136052773,-0.8660254037844385,-0.5000000000000004
0.0,0.7123313165423307,0.11111111111111116,0.5714285714285714,0.9186046511627906,0.2,0.32380952380952266,0,-0.2553532951161881,0.9668478136052773,-0.9659258262890684,0.2588190451025203
0.0,0.9997742594384557,0.11111111111111116,0.5714285714285714,0.872093023255814,0.125,0.37142857142857366,0,-0.2553532951161881,0.9668478136052773,-0.5000000000000004,0.8660254037844384
0.0,0.9232147761455611,0.0277777777777779,0.11428571428571428,0.7209302325581395,0.07500000000000001,0.39047619047619264,0,-0.23867276600594997,0.9711000518829505,0.25881904510252074,0.9659258262890683
0.0,0.6352701880663506,0.0277777777777779,0.11428571428571428,0.9186046511627906,0.07500000000000001,0.3999999999999986,0,-0.23867276600594997,0.9711000518829505,0.8660254037844386,0.5000000000000001
1.0,0.3473256009037638,0.0277777777777779,0.11428571428571428,0.9186046511627906,0.225,0.42857142857142705,0,-0.23867276600594997,0.9711000518829505,0.9659258262890683,-0.25881904510252063
1.0,0.05938101282455328,0.0277777777777779,0.11428571428571428,0.8372093023255813,0.25,0.485714285714284,4935,-0.23867276600594997,0.9711000518829505,0.49999999999999994,-0.8660254037844387
1.0,0.13616623667899216,0.0277777777777779,0.11428571428571428,0.6976744186046511,0.17500000000000002,0.466666666666665,8729,-0.23867276600594997,0.9711000518829505,-0.2588190451025208,-0.9659258262890683
1.0,0.4241108238415791,0.0277777777777779,0.11428571428571428,0.8023255813953487,0.5,0.485714285714284,1599,-0.23867276600594997,0.9711000518829505,-0.8660254037844385,-0.5000000000000004
0.0,0.7120554119207895,0.0277777777777779,0.11428571428571428,0.8023255813953487,0.4,0.5142857142857125,0,-0.23867276600594997,0.9711000518829505,-0.9659258262890684,0.2588190451025203
0.0,1.0000000000000002,0.0277777777777779,0.11428571428571428,0.8023255813953487,0.15000000000000002,0.5238095238095255,0,-0.23867276600594997,0.9711000518829505,-0.5000000000000004,0.8660254037844384
0.0,0.9232147761455611,0.0277777777777779,0.7999999999999999,0.569767441860465,0.25,0.5333333333333314,0,-0.22192151300416674,0.9750645322571945,0.25881904510252074,0.9659258262890683
0.0,0.6352701880663506,0.0277777777777779,0.7999999999999999,0.5116279069767442,0.225,0.5428571428571445,0,-0.22192151300416674,0.9750645322571945,0.8660254037844386,0.5000000000000001
1.0,0.3473256009037638,0.0277777777777779,0.7999999999999999,0.6860465116279069,0.0,0.5428571428571445,0,-0.22192151300416674,0.9750645322571945,0.9659258262890683,-0.25881904510252063
1.0,0.05938101282455328,0.0277777777777779,0.7999999999999999,0.5348837209302326,0.07500000000000001,0.5333333333333314,13602,-0.22192151300416674,0.9750645322571945,0.49999999999999994,-0.8660254037844387
1.0,0.13616623667899216,0.0277777777777779,0.7999999999999999,0.3488372093023256,0.125,0.45714285714285907,22524,-0.22192151300416674,0.9750645322571945,-0.2588190451025208,-0.9659258262890683
1.0,0.4241108238415791,0.0277777777777779,0.7999999999999999,0.5232558139534884,0.35000000000000003,0.40952380952380807,6311,-0.22192151300416674,0.9750645322571945,-0.8660254037844385,-0.5000000000000004
0.0,0.7120554119207895,0.0277777777777779,0.7999999999999999,0.6627906976744187,0.25,0.40952380952380807,0,-0.22192151300416674,0.9750645322571945,-0.9659258262890684,0.2588190451025203
0.0,1.0000000000000002,0.0277777777777779,0.7999999999999999,0.627906976744186,0.35000000000000003,0.4190476190476211,0,-0.22192151300416674,0.9750645322571945,-0.5000000000000004,0.8660254037844384
0.0,0.9248144685765439,0.13888888888888906,0.5428571428571428,0.569767441860465,0.17500000000000002,0.4190476190476211,0,-0.20510449986861926,0.9787400799669153,0.25881904510252074,0.9659258262890683
0.0,0.6368698804973333,0.13888888888888906,0.5428571428571428,0.5930232558139534,0.15000000000000002,0.466666666666665,0,-0.20510449986861926,0.9787400799669153,0.8660254037844386,0.5000000000000001
1.0,0.34892529241812287,0.13888888888888906,0.5428571428571428,0.7325581395348837,0.17500000000000002,0.5428571428571445,37,-0.20510449986861926,0.9787400799669153,0.9659258262890683,-0.25881904510252063
1.0,0.06098070525553597,0.13888888888888906,0.5428571428571428,0.7674418604651163,0.15000000000000002,0.6095238095238109,8699,-0.20510449986861926,0.9787400799669153,0.49999999999999994,-0.8660254037844387
1.0,0.13456654424800948,0.13888888888888906,0.5428571428571428,0.6976744186046511,0.2,0.6190476190476168,10968,-0.20510449986861926,0.9787400799669153,-0.2588190451025208,-0.9659258262890683
1.0,0.42251113232722,0.13888888888888906,0.5428571428571428,0.6395348837209303,0.275,0.6285714285714299,3407,-0.20510449986861926,0.9787400799669153,-0.8660254037844385,-0.5000000000000004
0.0,0.7104557194898068,0.13888888888888906,0.5428571428571428,0.6976744186046511,0.225,0.6571428571428584,0,-0.20510449986861926,0.9787400799669153,-0.9659258262890684,0.2588190451025203
0.0,0.9984003075690172,0.13888888888888906,0.5428571428571428,0.7674418604651163,0.35000000000000003,0.7047619047619023,0,-0.20510449986861926,0.9787400799669153,-0.5000000000000004,0.8660254037844384
0.0,0.9248144685765439,0.19444444444444442,0.7142857142857143,0.7674418604651163,0.35000000000000003,0.7142857142857153,0,-0.1882267098432439,0.9821256058680006,0.25881904510252074,0.9659258262890683
0.0,0.6368698804973333,0.19444444444444442,0.7142857142857143,0.8372093023255813,0.275,0.7142857142857153,0,-0.1882267098432439,0.9821256058680006,0.8660254037844386,0.5000000000000001
1.0,0.34892529241812287,0.19444444444444442,0.7142857142857143,0.9534883720930232,0.0,0.7523809523809533,0,-0.1882267098432439,0.9821256058680006,0.9659258262890683,-0.25881904510252063
1.0,0.06098070525553597,0.19444444444444442,0.7142857142857143,0.7674418604651163,0.2,0.8000000000000007,7715,-0.1882267098432439,0.9821256058680006,0.49999999999999994,-0.8660254037844387
1.0,0.13456654424800948,0.19444444444444442,0.7142857142857143,0.5232558139534884,0.35000000000000003,0.7809523809523817,18824,-0.1882267098432439,0.9821256058680006,-0.2588190451025208,-0.9659258262890683
1.0,0.42251113232722,0.19444444444444442,0.7142857142857143,0.5232558139534884,0.4,0.7904761904761877,5367,-0.1882267098432439,0.9821256058680006,-0.8660254037844385,-0.5000000000000004
0.0,0.7104557194898068,0.19444444444444442,0.7142857142857143,0.6627906976744187,0.25,0.8190476190476197,0,-0.1882267098432439,0.9821256058680006,-0.9659258262890684,0.2588190451025203
0.0,0.9984003075690172,0.19444444444444442,0.7142857142857143,0.7325581395348837,0.225,0.8380952380952387,0,-0.1882267098432439,0.9821256058680006,-0.5000000000000004,0.8660254037844384
0.0,0.9264141600909029,0.0277777777777779,0.7999999999999999,0.6860465116279069,0.15000000000000002,0.8476190476190482,0,-0.1712931441814778,0.9852201067560606,0.25881904510252074,0.9659258262890683
0.0,0.638469572928316,0.0277777777777779,0.7999999999999999,0.7906976744186047,0.125,0.8285714285714292,0,-0.1712931441814778,0.9852201067560606,0.8660254037844386,0.5000000000000001
1.0,0.3505249848491056,0.0277777777777779,0.7999999999999999,0.7906976744186047,0.0,0.8380952380952387,91,-0.1712931441814778,0.9852201067560606,0.9659258262890683,-0.25881904510252063
1.0,0.06258039676989505,0.0277777777777779,0.7999999999999999,0.6976744186046511,0.0,0.8761904761904731,12388,-0.1712931441814778,0.9852201067560606,0.49999999999999994,-0.8660254037844387
1.0,0.13296685181702678,0.0277777777777779,0.7999999999999999,0.5465116279069768,0.0,0.8095238095238066,20205,-0.1712931441814778,0.9852201067560606,-0.2588190451025208,-0.9659258262890683
1.0,0.4209114398962373,0.0277777777777779,0.7999999999999999,0.5465116279069768,0.0,0.7714285714285687,5310,-0.1712931441814778,0.9852201067560606,-0.8660254037844385,-0.5000000000000004
0.0,0.7088560270588241,0.0277777777777779,0.7999999999999999,0.569767441860465,0.07500000000000001,0.7523809523809533,0,-0.1712931441814778,0.9852201067560606,-0.9659258262890684,0.2588190451025203
0.0,0.9968006151380348,0.0277777777777779,0.7999999999999999,0.569767441860465,0.125,0.7523809523809533,0,-0.1712931441814778,0.9852201067560606,-0.5000000000000004,0.8660254037844384
0.0,0.9264141600909029,0.19444444444444442,0.3142857142857143,0.627906976744186,0.07500000000000001,0.7238095238095212,0,-0.154308820664281,0.9880226656636976,0.25881904510252074,0.9659258262890683
0.0,0.638469572928316,0.19444444444444442,0.3142857142857143,0.7325581395348837,0.07500000000000001,0.7047619047619023,0,-0.154308820664281,0.9880226656636976,0.8660254037844386,0.5000000000000001
1.0,0.3505249848491056,0.19444444444444442,0.3142857142857143,0.6976744186046511,0.0,0.6761904761904773,104,-0.154308820664281,0.9880226656636976,0.9659258262890683,-0.25881904510252063
1.0,0.06258039676989505,0.19444444444444442,0.3142857142857143,0.6627906976744187,0.0,0.6761904761904773,881,-0.154308820664281,0.9880226656636976,0.49999999999999994,-0.8660254037844387
1.0,0.13296685181702678,0.19444444444444442,0.3142857142857143,0.8372093023255813,0.15000000000000002,0.5619047619047635,2223,-0.154308820664281,0.9880226656636976,-0.2588190451025208,-0.9659258262890683
1.0,0.4209114398962373,0.19444444444444442,0.3142857142857143,0.8372093023255813,0.25,0.485714285714284,612,-0.154308820664281,0.9880226656636976,-0.8660254037844385,-0.5000000000000004
0.0,0.7088560270588241,0.19444444444444442,0.3142857142857143,1.0,0.25,0.3999999999999986,0,-0.154308820664281,0.9880226656636976,-0.9659258262890684,0.2588190451025203
0.0,0.9968006151380348,0.19444444444444442,0.3142857142857143,0.9534883720930232,0.25,0.37142857142857366,0,-0.154308820664281,0.9880226656636976,-0.5000000000000004,0.8660254037844384
0.0,0.9280138525218855,0.16666666666666674,0.7142857142857143,0.8023255813953487,0.17500000000000002,0.33333333333333215,0,-0.13727877211326517,0.9905324521322227,0.25881904510252074,0.9659258262890683
0.0,0.6400692644426751,0.16666666666666674,0.7142857142857143,0.872093023255814,0.07500000000000001,0.3619047619047606,0,-0.13727877211326517,0.9905324521322227,0.8660254037844386,0.5000000000000001
1.0,0.3521246772800883,0.16666666666666674,0.7142857142857143,0.872093023255814,0.0,0.39047619047619264,0,-0.13727877211326517,0.9905324521322227,0.9659258262890683,-0.25881904510252063
1.0,0.06418008920087775,0.16666666666666674,0.7142857142857143,0.6395348837209303,0.225,0.40952380952380807,13034,-0.13727877211326517,0.9905324521322227,0.49999999999999994,-0.8660254037844387
1.0,0.13136715938604407,0.16666666666666674,0.7142857142857143,0.6627906976744187,0.275,0.39047619047619264,10962,-0.13727877211326517,0.9905324521322227,-0.2588190451025208,-0.9659258262890683
1.0,0.4193117474652547,0.16666666666666674,0.7142857142857143,0.6627906976744187,0.275,0.3809523809523796,2553,-0.13727877211326517,0.9905324521322227,-0.8660254037844385,-0.5000000000000004
0.0,0.7072563355444651,0.16666666666666674,0.7142857142857143,0.7674418604651163,0.17500000000000002,0.39047619047619264,0,-0.13727877211326517,0.9905324521322227,-0.9659258262890684,0.2588190451025203
0.0,0.9952009227070518,0.16666666666666674,0.7142857142857143,0.7325581395348837,0.35000000000000003,0.4190476190476211,0,-0.13727877211326517,0.9905324521322227,-0.5000000000000004,0.8660254037844384
0.0,0.9280138525218855,0.13888888888888906,0.34285714285714286,0.8372093023255813,0.0,0.3999999999999986,0,-0.12020804489935275,0.9927487224577402,0.25881904510252074,0.9659258262890683
0.0,0.6400692644426751,0.13888888888888906,0.34285714285714286,0.9186046511627906,0.125,0.40952380952380807,0,-0.12020804489935275,0.9927487224577402,0.8660254037844386,0.5000000000000001
1.0,0.3521246772800883,0.13888888888888906,0.34285714285714286,0.8023255813953487,0.0,0.42857142857142705,0,-0.12020804489935275,0.9927487224577402,0.9659258262890683,-0.25881904510252063
1.0,0.06418008920087775,0.13888888888888906,0.34285714285714286,0.7325581395348837,0.0,0.45714285714285907,8491,-0.12020804489935275,0.9927487224577402,0.49999999999999994,-0.8660254037844387
1.0,0.13136715938604407,0.13888888888888906,0.34285714285714286,0.7325581395348837,0.2,0.42857142857142705,12958,-0.12020804489935275,0.9927487224577402,-0.2588190451025208,-0.9659258262890683
1.0,0.4193117474652547,0.13888888888888906,0.34285714285714286,0.6395348837209303,0.125,0.3999999999999986,6769,-0.12020804489935275,0.9927487224577402,-0.8660254037844385,-0.5000000000000004
0.0,0.7072563355444651,0.13888888888888906,0.34285714285714286,0.6627906976744187,0.07500000000000001,0.39047619047619264,0,-0.12020804489935275,0.9927487224577402,-0.9659258262890684,0.2588190451025203
0.0,0.9952009227070518,0.13888888888888906,0.34285714285714286,0.7325581395348837,0.15000000000000002,0.39047619047619264,0,-0.12020804489935275,0.9927487224577402,-0.5000000000000004,0.8660254037844384
0.0,0.9296135449528683,0.25,0.3714285714285714,0.8023255813953487,0.225,0.3809523809523796,0,-0.10310169744743544,0.9946708199115211,0.25881904510252074,0.9659258262890683
0.0,0.6416689568736578,0.25,0.3714285714285714,0.8023255813953487,0.15000000000000002,0.34285714285714164,0,-0.10310169744743544,0.9946708199115211,0.8660254037844386,0.5000000000000001
1.0,0.35372436971107096,0.25,0.3714285714285714,0.8023255813953487,0.125,0.32380952380952266,0,-0.10310169744743544,0.9946708199115211,0.9659258262890683,-0.25881904510252063
1.0,0.06577978163186043,0.25,0.3714285714285714,0.7674418604651163,0.17500000000000002,0.34285714285714164,2014,-0.10310169744743544,0.9946708199115211,0.49999999999999994,-0.8660254037844387
1.0,0.129767467871685,0.25,0.3714285714285714,0.7325581395348837,0.25,0.31428571428571317,1672,-0.10310169744743544,0.9946708199115211,-0.2588190451025208,-0.9659258262890683
1.0,0.4177120550342719,0.25,0.3714285714285714,0.6744186046511627,0.25,0.28571428571428825,212,-0.10310169744743544,0.9946708199115211,-0.8660254037844385,-0.5000000000000004
0.0,0.7056566431134824,0.25,0.3714285714285714,0.7325581395348837,0.15000000000000002,0.2761904761904752,0,-0.10310169744743544,0.9946708199115211,-0.9659258262890684,0.2588190451025203
0.0,0.9936012311926928,0.25,0.3714285714285714,0.7093023255813953,0.55,0.22857142857142776,0,-0.10310169744743544,0.9946708199115211,-0.5000000000000004,0.8660254037844384
0.0,0.9279135234852685,0.13888888888888906,0.7714285714285714,0.8372093023255813,0.75,0.16190476190476133,0,-0.0859647987374467,0.9962981749346077,0.25881904510252074,0.9659258262890683
0.0,0.6404705815057671,0.13888888888888906,0.7714285714285714,0.8837209302325582,0.375,0.15238095238095184,0,-0.0859647987374467,0.9962981749346077,0.8660254037844386,0.5000000000000001
1.0,0.35302763952626587,0.13888888888888906,0.7714285714285714,0.9186046511627906,0.6000000000000001,0.18095238095238386,0,-0.0859647987374467,0.9962981749346077,0.9659258262890683,-0.25881904510252063
1.0,0.06558469754676446,0.13888888888888906,0.7714285714285714,0.9534883720930232,0.625,0.2952380952380942,7417,-0.0859647987374467,0.9962981749346077,0.49999999999999994,-0.8660254037844387
1.0,0.12946090677369546,0.13888888888888906,0.7714285714285714,0.49999999999999994,0.7000000000000001,0.31428571428571317,20992,-0.0859647987374467,0.9962981749346077,-0.2588190451025208,-0.9659258262890683
1.0,0.41690384875319686,0.13888888888888906,0.7714285714285714,0.627906976744186,0.65,0.3619047619047606,5808,-0.0859647987374467,0.9962981749346077,-0.8660254037844385,-0.5000000000000004
0.0,0.7043467907326982,0.13888888888888906,0.7714285714285714,0.627906976744186,0.5,0.40952380952380807,0,-0.0859647987374467,0.9962981749346077,-0.9659258262890684,0.2588190451025203
0.0,0.9917897327121995,0.13888888888888906,0.7714285714285714,0.6046511627906976,0.4,0.47619047619047805,0,-0.0859647987374467,0.9962981749346077,-0.5000000000000004,0.8660254037844384
0.0,0.9295104284638702,0.13888888888888906,0.7999999999999999,0.6627906976744187,0.25,0.5333333333333314,0,-0.06880242680232064,0.9976303053065857,0.25881904510252074,0.9659258262890683
0.0,0.642067486484369,0.13888888888888906,0.7999999999999999,0.6627906976744187,0.225,0.5809523809523789,0,-0.06880242680232064,0.9976303053065857,0.8660254037844386,0.5000000000000001
1.0,0.35462454450486763,0.13888888888888906,0.7999999999999999,0.6976744186046511,0.2,0.6571428571428584,0,-0.06880242680232064,0.9976303053065857,0.9659258262890683,-0.25881904510252063
1.0,0.06718160252536623,0.13888888888888906,0.7999999999999999,0.627906976744186,0.0,0.7333333333333343,13246,-0.06880242680232064,0.9976303053065857,0.49999999999999994,-0.8660254037844387
1.0,0.12786400087847008,0.13888888888888906,0.7999999999999999,0.46511627906976744,0.125,0.7238095238095212,22387,-0.06880242680232064,0.9976303053065857,-0.2588190451025208,-0.9659258262890683
1.0,0.41530694377459504,0.13888888888888906,0.7999999999999999,0.441860465116279,0.0,0.7428571428571438,6491,-0.06880242680232064,0.9976303053065857,-0.8660254037844385,-0.5000000000000004
0.0,0.7027498857540964,0.13888888888888906,0.7999999999999999,0.6627906976744187,0.2,0.7714285714285687,0,-0.06880242680232064,0.9976303053065857,-0.9659258262890684,0.2588190451025203
0.0,0.9901928277335977,0.13888888888888906,0.7999999999999999,0.6976744186046511,0.0,0.8000000000000007,0,-0.06880242680232064,0.9976303053065857,-0.5000000000000004,0.8660254037844384
0.0,0.9295104284638702,0.08333333333333348,0.3142857142857143,0.8023255813953487,0.0,0.8000000000000007,0,-0.05161966722325418,0.9986668162884759,0.25881904510252074,0.9659258262890683
0.0,0.642067486484369,0.08333333333333348,0.3142857142857143,0.872093023255814,0.0,0.8190476190476197,0,-0.05161966722325418,0.9986668162884759,0.8660254037844386,0.5000000000000001
1.0,0.35462454450486763,0.08333333333333348,0.3142857142857143,0.9186046511627906,0.0,0.8476190476190482,0,-0.05161966722325418,0.9986668162884759,0.9659258262890683,-0.25881904510252063
1.0,0.06718160252536623,0.08333333333333348,0.3142857142857143,0.7674418604651163,0.07500000000000001,0.8952380952380956,6570,-0.05161966722325418,0.9986668162884759,0.49999999999999994,-0.8660254037844387
1.0,0.12786400087847008,0.08333333333333348,0.3142857142857143,0.6627906976744187,0.125,0.8476190476190482,13748,-0.05161966722325418,0.9986668162884759,-0.2588190451025208,-0.9659258262890683
1.0,0.41530694377459504,0.08333333333333348,0.3142857142857143,0.6046511627906976,0.0,0.8380952380952387,1869,-0.05161966722325418,0.9986668162884759,-0.8660254037844385,-0.5000000000000004
0.0,0.7027498857540964,0.08333333333333348,0.3142857142857143,0.7325581395348837,0.0,0.8380952380952387,0,-0.05161966722325418,0.9986668162884759,-0.9659258262890684,0.2588190451025203
0.0,0.9901928277335977,0.08333333333333348,0.3142857142857143,0.7325581395348837,0.0,0.8666666666666671,0,-0.05161966722325418,0.9986668162884759,-0.5000000000000004,0.8660254037844384
0.0,0.9294076712913253,0.25,0.2571428571428571,0.8372093023255813,0.0,0.8571428571428541,0,-0.034421611622745804,0.9994074007397048,0.25881904510252074,0.9659258262890683
0.0,0.6424646301601903,0.25,0.2571428571428571,0.872093023255814,0.07500000000000001,0.8571428571428541,0,-0.034421611622745804,0.9994074007397048,0.8660254037844386,0.5000000000000001
1.0,0.35552158902905534,0.25,0.2571428571428571,0.872093023255814,0.0,0.8476190476190482,101,-0.034421611622745804,0.9994074007397048,0.9659258262890683,-0.25881904510252063
1.0,0.06857854698129676,0.25,0.2571428571428571,0.8372093023255813,0.2,0.8666666666666671,11039,-0.034421611622745804,0.9994074007397048,0.49999999999999994,-0.8660254037844387
1.0,0.12596715557417318,0.25,0.2571428571428571,0.7674418604651163,0.0,0.8095238095238066,14950,-0.034421611622745804,0.9994074007397048,-0.2588190451025208,-0.9659258262890683
1.0,0.41291019670530815,0.25,0.2571428571428571,0.6162790697674418,0.0,0.7619047619047628,6341,-0.034421611622745804,0.9994074007397048,-0.8660254037844385,-0.5000000000000004
0.0,0.699853237836443,0.25,0.2571428571428571,0.7674418604651163,0.07500000000000001,0.7523809523809533,0,-0.034421611622745804,0.9994074007397048,-0.9659258262890684,0.2588190451025203
0.0,0.9867962798842017,0.25,0.2571428571428571,0.8372093023255813,0.125,0.7523809523809533,0,-0.034421611622745804,0.9994074007397048,-0.5000000000000004,0.8660254037844384
0.0,0.9294076712913253,0.25,0.8285714285714285,0.872093023255814,0.07500000000000001,0.7428571428571438,0,-0.01721335615583528,0.9998518392091162,0.25881904510252074,0.9659258262890683
0.0,0.6424646301601903,0.25,0.8285714285714285,0.9186046511627906,0.0,0.7428571428571438,0,-0.01721335615583528,0.9998518392091162,0.8660254037844386,0.5000000000000001
1.0,0.35552158902905534,0.25,0.8285714285714285,0.9186046511627906,0.0,0.7619047619047628,0,-0.01721335615583528,0.9998518392091162,0.9659258262890683,-0.25881904510252063
1.0,0.06857854698129676,0.25,0.8285714285714285,0.8837209302325582,0.125,0.7809523809523817,3729,-0.01721335615583528,0.9998518392091162,0.49999999999999994,-0.8660254037844387
1.0,0.12596715557417318,0.25,0.8285714285714285,0.8372093023255813,0.07500000000000001,0.7333333333333343,8365,-0.01721335615583528,0.9998518392091162,-0.2588190451025208,-0.9659258262890683
1.0,0.41291019670530815,0.25,0.8285714285714285,0.6744186046511627,0.0,0.7047619047619023,6822,-0.01721335615583528,0.9998518392091162,-0.8660254037844385,-0.5000000000000004
0.0,0.699853237836443,0.25,0.8285714285714285,0.9186046511627906,0.2,0.6857142857142833,0,-0.01721335615583528,0.9998518392091162,-0.9659258262890684,0.2588190451025203
0.0,0.9867962798842017,0.25,0.8285714285714285,0.8837209302325582,0.07500000000000001,0.7047619047619023,0,-0.01721335615583528,0.9998518392091162,-0.5000000000000004,0.8660254037844384
0.0,0.9310017998170294,0.22222222222222232,0.9428571428571428,0.872093023255814,0.0,0.6952380952380963,0,6.432490598706546e-16,1.0,0.25881904510252074,0.9659258262890683
0.0,0.6440587577692708,0.22222222222222232,0.9428571428571428,0.9186046511627906,0.125,0.6952380952380963,0,6.432490598706546e-16,1.0,0.8660254037844386,0.5000000000000001
1.0,0.35711571663813585,0.22222222222222232,0.9428571428571428,0.9534883720930232,0.225,0.6952380952380963,15,6.432490598706546e-16,1.0,0.9659258262890683,-0.25881904510252063
1.0,0.07017267550700085,0.22222222222222232,0.9428571428571428,0.9186046511627906,0.15000000000000002,0.7142857142857153,12426,6.432490598706546e-16,1.0,0.49999999999999994,-0.8660254037844387
1.0,0.12437302796509264,0.22222222222222232,0.9428571428571428,0.8372093023255813,0.07500000000000001,0.6380952380952358,22458,6.432490598706546e-16,1.0,-0.2588190451025208,-0.9659258262890683
1.0,0.41131606909622764,0.22222222222222232,0.9428571428571428,0.8023255813953487,0.15000000000000002,0.6095238095238109,7453,6.432490598706546e-16,1.0,-0.8660254037844385,-0.5000000000000004
0.0,0.6982591102273625,0.22222222222222232,0.9428571428571428,0.8372093023255813,0.15000000000000002,0.6380952380952358,0,6.432490598706546e-16,1.0,-0.9659258262890684,0.2588190451025203
0.0,0.9852021513584975,0.22222222222222232,0.9428571428571428,0.9186046511627906,0.17500000000000002,0.6761904761904773,0,6.432490598706546e-16,1.0,-0.5000000000000004,0.8660254037844384
0.0,0.9293052706853623,0.16666666666666674,0.8285714285714285,0.9534883720930232,0.17500000000000002,0.6857142857142833,0,0.017213356155833904,0.9998518392091162,0.25881904510252074,0.9659258262890683
0.0,0.642860394317487,0.16666666666666674,0.8285714285714285,0.9534883720930232,0.0,0.6857142857142833,0,0.017213356155833904,0.9998518392091162,0.8660254037844386,0.5000000000000001
1.0,0.35641551794961174,0.16666666666666674,0.8285714285714285,0.9534883720930232,0.125,0.7047619047619023,0,0.017213356155833904,0.9998518392091162,0.9659258262890683,-0.25881904510252063
1.0,0.06997064158173649,0.16666666666666674,0.8285714285714285,0.9534883720930232,0.07500000000000001,0.7428571428571438,2423,0.017213356155833904,0.9998518392091162,0.49999999999999994,-0.8660254037844387
1.0,0.12407689621047371,0.16666666666666674,0.8285714285714285,0.9534883720930232,0.07500000000000001,0.6857142857142833,15177,0.017213356155833904,0.9998518392091162,-0.2588190451025208,-0.9659258262890683
1.0,0.410521772578349,0.16666666666666674,0.8285714285714285,0.9534883720930232,0.2,0.6666666666666679,5904,0.017213356155833904,0.9998518392091162,-0.8660254037844385,-0.5000000000000004
0.0,0.6969666489462242,0.16666666666666674,0.8285714285714285,0.9186046511627906,0.225,0.6571428571428584,0,0.017213356155833904,0.9998518392091162,-0.9659258262890684,0.2588190451025203
0.0,0.9834115253140995,0.16666666666666674,0.8285714285714285,0.8837209302325582,0.125,0.6666666666666679,0,0.017213356155833904,0.9998518392091162,-0.5000000000000004,0.8660254037844384
0.0,0.9292032248127341,0.13888888888888906,0.05714285714285715,0.9186046511627906,0.2,0.6571428571428584,0,0.017213356155834685,0.9998518392091162,0.25881904510252074,0.9659258262890683
0.0,0.6432547872058715,0.13888888888888906,0.05714285714285715,0.872093023255814,0.17500000000000002,0.6666666666666679,0,0.017213356155834685,0.9998518392091162,0.8660254037844386,0.5000000000000001
1.0,0.35730634868238537,0.13888888888888906,0.05714285714285715,0.9186046511627906,0.225,0.6666666666666679,0,0.017213356155834685,0.9998518392091162,0.9659258262890683,-0.25881904510252063
1.0,0.07135791107552278,0.13888888888888906,0.05714285714285715,0.872093023255814,0.125,0.6952380952380963,9650,0.017213356155834685,0.9998518392091162,0.49999999999999994,-0.8660254037844387
1.0,0.12219318887229835,0.13888888888888906,0.05714285714285715,0.872093023255814,0.0,0.6285714285714299,17059,0.017213356155834685,0.9998518392091162,-0.2588190451025208,-0.9659258262890683
1.0,0.40814162647916097,0.13888888888888906,0.05714285714285715,0.8023255813953487,0.15000000000000002,0.5809523809523789,6573,0.017213356155834685,0.9998518392091162,-0.8660254037844385,-0.5000000000000004
0.0,0.694090065002647,0.13888888888888906,0.05714285714285715,0.8372093023255813,0.125,0.5714285714285694,0,0.017213356155834685,0.9998518392091162,-0.9659258262890684,0.2588190451025203
0.0,0.9800385026095096,0.13888888888888906,0.05714285714285715,0.872093023255814,0.0,0.5619047619047635,0,0.017213356155834685,0.9998518392091162,-0.5000000000000004,0.8660254037844384
0.0,0.9275156785923899,0.25,0.6857142857142857,0.9534883720930232,0.07500000000000001,0.5238095238095255,0,0.03442161162274574,0.9994074007397048,0.25881904510252074,0.9659258262890683
0.0,0.6420619610772818,0.25,0.6857142857142857,0.9534883720930232,0.225,0.5142857142857125,0,0.03442161162274574,0.9994074007397048,0.8660254037844386,0.5000000000000001
1.0,0.3566082435621737,0.25,0.6857142857142857,0.9534883720930232,0.25,0.44761904761904603,0,0.03442161162274574,0.9994074007397048,0.9659258262890683,-0.25881904510252063
1.0,0.07115452604706554,0.25,0.6857142857142857,0.9186046511627906,0.15000000000000002,0.42857142857142705,998,0.03442161162274574,0.9994074007397048,0.49999999999999994,-0.8660254037844387
1.0,0.12190185289237751,0.25,0.6857142857142857,0.8837209302325582,0.35000000000000003,0.40952380952380807,3831,0.03442161162274574,0.9994074007397048,-0.2588190451025208,-0.9659258262890683
1.0,0.40735557132410927,0.25,0.6857142857142857,0.6976744186046511,0.4,0.4190476190476211,4368,0.03442161162274574,0.9994074007397048,-0.8660254037844385,-0.5000000000000004
0.0,0.6928092888392173,0.25,0.6857142857142857,0.6976744186046511,0.35000000000000003,0.44761904761904603,0,0.03442161162274574,0.9994074007397048,-0.9659258262890684,0.2588190451025203
0.0,0.9782630063543255,0.25,0.6857142857142857,0.8023255813953487,0.2,0.4952380952380935,0,0.03442161162274574,0.9994074007397048,-0.5000000000000004,0.8660254037844384
0.0,0.9258339611815458,0.05555555555555558,0.8285714285714285,0.7674418604651163,0.07500000000000001,0.5047619047619065,0,0.051619667223253764,0.998666816288476,0.25881904510252074,0.9659258262890683
0.0,0.6408732551717936,0.05555555555555558,0.8285714285714285,0.8372093023255813,0.15000000000000002,0.5333333333333314,0,0.051619667223253764,0.998666816288476,0.8660254037844386,0.5000000000000001
1.0,0.3559125491620415,0.05555555555555558,0.8285714285714285,0.8372093023255813,0.07500000000000001,0.5428571428571445,6,0.051619667223253764,0.998666816288476,0.9659258262890683,-0.25881904510252063
1.0,0.07095184315228928,0.05555555555555558,0.8285714285714285,0.5465116279069768,0.0,0.5809523809523789,10848,0.051619667223253764,0.998666816288476,0.49999999999999994,-0.8660254037844387
1.0,0.12161152428179792,0.05555555555555558,0.8285714285714285,0.46511627906976744,0.17500000000000002,0.5428571428571445,20941,0.051619667223253764,0.998666816288476,-0.2588190451025208,-0.9659258262890683
1.0,0.40657223029155015,0.05555555555555558,0.8285714285714285,0.4186046511627907,0.325,0.5333333333333314,7581,0.051619667223253764,0.998666816288476,-0.8660254037844385,-0.5000000000000004
0.0,0.6915329363013023,0.05555555555555558,0.8285714285714285,0.627906976744186,0.07500000000000001,0.5428571428571445,0,0.051619667223253764,0.998666816288476,-0.9659258262890684,0.2588190451025203
0.0,0.9764936423110545,0.05555555555555558,0.8285714285714285,0.7209302325581395,0.2,0.5619047619047635,0,0.051619667223253764,0.998666816288476,-0.5000000000000004,0.8660254037844384
0.0,0.9274170764746434,0.0,0.7428571428571428,0.7209302325581395,0.0,0.5714285714285694,0,0.06880242680231986,0.9976303053065857,0.25881904510252074,0.9659258262890683
0.0,0.6424563704648911,0.0,0.7428571428571428,0.6860465116279069,0.0,0.5904761904761919,0,0.06880242680231986,0.9976303053065857,0.8660254037844386,0.5000000000000001
1.0,0.35749566445513903,0.0,0.7428571428571428,0.7209302325581395,0.07500000000000001,0.6190476190476168,13,0.06880242680231986,0.9976303053065857,0.9659258262890683,-0.25881904510252063
1.0,0.07253495844538682,0.0,0.7428571428571428,0.6627906976744187,0.0,0.6952380952380963,11696,0.06880242680231986,0.9976303053065857,0.49999999999999994,-0.8660254037844387
1.0,0.12002840898870037,0.0,0.7428571428571428,0.5465116279069768,0.07500000000000001,0.6571428571428584,20749,0.06880242680231986,0.9976303053065857,-0.2588190451025208,-0.9659258262890683
1.0,0.4049891149984526,0.0,0.7428571428571428,0.441860465116279,0.0,0.6571428571428584,6851,0.06880242680231986,0.9976303053065857,-0.8660254037844385,-0.5000000000000004
0.0,0.6899498210082047,0.0,0.7428571428571428,0.627906976744186,0.2,0.7047619047619023,0,0.06880242680231986,0.9976303053065857,-0.9659258262890684,0.2588190451025203
0.0,0.9749105270179569,0.0,0.7428571428571428,0.6976744186046511,0.0,0.7238095238095212,0,0.06880242680231986,0.9976303053065857,-0.5000000000000004,0.8660254037844384
0.0,0.9274170764746434,0.11111111111111116,0.08571428571428572,0.7325581395348837,0.0,0.7047619047619023,0,0.08596479873744647,0.9962981749346078,0.25881904510252074,0.9659258262890683
0.0,0.6424563704648911,0.11111111111111116,0.08571428571428572,0.6976744186046511,0.07500000000000001,0.6857142857142833,0,0.08596479873744647,0.9962981749346078,0.8660254037844386,0.5000000000000001
1.0,0.35749566445513903,0.11111111111111116,0.08571428571428572,0.627906976744186,0.0,0.6857142857142833,0,0.08596479873744647,0.9962981749346078,0.9659258262890683,-0.25881904510252063
1.0,0.07253495844538682,0.11111111111111116,0.08571428571428572,0.627906976744186,0.0,0.6857142857142833,1847,0.08596479873744647,0.9962981749346078,0.49999999999999994,-0.8660254037844387
1.0,0.12002840898870037,0.11111111111111116,0.08571428571428572,0.9186046511627906,0.0,0.6476190476190489,4988,0.08596479873744647,0.9962981749346078,-0.2588190451025208,-0.9659258262890683
1.0,0.4049891149984526,0.11111111111111116,0.08571428571428572,0.9534883720930232,0.125,0.6666666666666679,1175,0.08596479873744647,0.9962981749346078,-0.8660254037844385,-0.5000000000000004
0.0,0.6899498210082047,0.11111111111111116,0.08571428571428572,0.9186046511627906,0.0,0.6952380952380963,0,0.08596479873744647,0.9962981749346078,-0.9659258262890684,0.2588190451025203
0.0,0.9749105270179569,0.11111111111111116,0.08571428571428572,0.8372093023255813,0.17500000000000002,0.7333333333333343,0,0.08596479873744647,0.9962981749346078,-0.5000000000000004,0.8660254037844384
0.0,0.9273188144242541,0.19444444444444442,0.45714285714285713,0.8372093023255813,0.0,0.7333333333333343,0,0.10310169744743485,0.9946708199115211,0.25881904510252074,0.9659258262890683
0.0,0.6428494195830717,0.19444444444444442,0.45714285714285713,0.9186046511627906,0.0,0.7523809523809533,0,0.10310169744743485,0.9946708199115211,0.8660254037844386,0.5000000000000001
1.0,0.3583800247418894,0.19444444444444442,0.45714285714285713,0.8372093023255813,0.15000000000000002,0.7428571428571438,0,0.10310169744743485,0.9946708199115211,0.9659258262890683,-0.25881904510252063
1.0,0.07391063081733051,0.19444444444444442,0.45714285714285713,0.8372093023255813,0.15000000000000002,0.7809523809523817,2312,0.10310169744743485,0.9946708199115211,0.49999999999999994,-0.8660254037844387
1.0,0.11816142544818686,0.19444444444444442,0.45714285714285713,0.7674418604651163,0.07500000000000001,0.7428571428571438,15975,0.10310169744743485,0.9946708199115211,-0.2588190451025208,-0.9659258262890683
1.0,0.40263081937274575,0.19444444444444442,0.45714285714285713,0.7674418604651163,0.0,0.7333333333333343,7508,0.10310169744743485,0.9946708199115211,-0.8660254037844385,-0.5000000000000004
0.0,0.6871002142139281,0.19444444444444442,0.45714285714285713,0.9186046511627906,0.225,0.7523809523809533,0,0.10310169744743485,0.9946708199115211,-0.9659258262890684,0.2588190451025203
0.0,0.9715696090551104,0.19444444444444442,0.45714285714285713,0.8837209302325582,0.0,0.7714285714285687,0,0.10310169744743485,0.9946708199115211,-0.5000000000000004,0.8660254037844384
0.0,0.9239733930896394,0.19444444444444442,0.0,0.9186046511627906,0.125,0.7428571428571438,0,0.1202080448993527,0.9927487224577402,0.25881904510252074,0.9659258262890683
0.0,0.6404815562401823,0.19444444444444442,0.0,0.9186046511627906,0.125,0.7523809523809533,0,0.1202080448993527,0.9927487224577402,0.8660254037844386,0.5000000000000001
1.0,0.356989720307349,0.19444444444444442,0.0,0.872093023255814,0.07500000000000001,0.7428571428571438,0,0.1202080448993527,0.9927487224577402,0.9659258262890683,-0.25881904510252063
1.0,0.0734978834578919,0.19444444444444442,0.0,0.8372093023255813,0.07500000000000001,0.7714285714285687,8716,0.1202080448993527,0.9927487224577402,0.49999999999999994,-0.8660254037844387
1.0,0.11759661389927648,0.19444444444444442,0.0,0.7674418604651163,0.0,0.7142857142857153,20917,0.1202080448993527,0.9927487224577402,-0.2588190451025208,-0.9659258262890683
1.0,0.40108845074873356,0.19444444444444442,0.0,0.7325581395348837,0.0,0.6761904761904773,7239,0.1202080448993527,0.9927487224577402,-0.8660254037844385,-0.5000000000000004
0.0,0.684580286681567,0.19444444444444442,0.0,0.8372093023255813,0.15000000000000002,0.6571428571428584,0,0.1202080448993527,0.9927487224577402,-0.9659258262890684,0.2588190451025203
0.0,0.968072123531024,0.19444444444444442,0.0,0.8372093023255813,0.2,0.6476190476190489,0,0.1202080448993527,0.9927487224577402,-0.5000000000000004,0.8660254037844384
0.0,0.9238815428213627,0.16666666666666674,0.08571428571428572,0.872093023255814,0.17500000000000002,0.6380952380952358,0,0.13727877211326478,0.9905324521322229,0.25881904510252074,0.9659258262890683
0.0,0.6408759711275335,0.16666666666666674,0.08571428571428572,0.872093023255814,0.15000000000000002,0.6666666666666679,0,0.13727877211326478,0.9905324521322229,0.8660254037844386,0.5000000000000001
1.0,0.3578703985170805,0.16666666666666674,0.08571428571428572,0.9186046511627906,0.07500000000000001,0.6761904761904773,0,0.13727877211326478,0.9905324521322229,0.9659258262890683,-0.25881904510252063
1.0,0.07486482590662755,0.16666666666666674,0.08571428571428572,0.8023255813953487,0.125,0.7047619047619023,8436,0.13727877211326478,0.9905324521322229,0.49999999999999994,-0.8660254037844387
1.0,0.11574340812816036,0.16666666666666674,0.08571428571428572,0.8372093023255813,0.15000000000000002,0.6571428571428584,7129,0.13727877211326478,0.9905324521322229,-0.2588190451025208,-0.9659258262890683
1.0,0.39874898073861337,0.16666666666666674,0.08571428571428572,0.7674418604651163,0.17500000000000002,0.6666666666666679,7093,0.13727877211326478,0.9905324521322229,-0.8660254037844385,-0.5000000000000004
0.0,0.6817545533490663,0.16666666666666674,0.08571428571428572,0.872093023255814,0.0,0.6857142857142833,0,0.13727877211326478,0.9905324521322229,-0.9659258262890684,0.2588190451025203
0.0,0.9647601259595192,0.16666666666666674,0.08571428571428572,0.872093023255814,0.0,0.7047619047619023,0,0.13727877211326478,0.9905324521322229,-0.5000000000000004,0.8660254037844384
0.0,0.9222204466917465,0.19444444444444442,0.2857142857142857,0.9186046511627906,0.125,0.7047619047619023,0,0.15430882066428117,0.9880226656636976,0.25881904510252074,0.9659258262890683
0.0,0.6396994728152084,0.19444444444444442,0.2857142857142857,0.9534883720930232,0.15000000000000002,0.7238095238095212,0,0.15430882066428117,0.9880226656636976,0.8660254037844386,0.5000000000000001
1.0,0.3571784989386705,0.19444444444444442,0.2857142857142857,0.9534883720930232,0.0,0.7523809523809533,3,0.15430882066428117,0.9880226656636976,0.9659258262890683,-0.25881904510252063
1.0,0.07465752506213238,0.19444444444444442,0.2857142857142857,0.9534883720930232,0.17500000000000002,0.7809523809523817,12752,0.15430882066428117,0.9880226656636976,0.49999999999999994,-0.8660254037844387
1.0,0.11546611023874057,0.19444444444444442,0.2857142857142857,0.4302325581395348,0.325,0.7428571428571438,23728,0.15430882066428117,0.9880226656636976,-0.2588190451025208,-0.9659258262890683
1.0,0.3979870841152786,0.19444444444444442,0.2857142857142857,0.2906976744186046,0.15000000000000002,0.7428571428571438,8333,0.15430882066428117,0.9880226656636976,-0.8660254037844385,-0.5000000000000004
0.0,0.6805080579918166,0.19444444444444442,0.2857142857142857,0.3604651162790698,0.25,0.8000000000000007,0,0.15430882066428117,0.9880226656636976,-0.9659258262890684,0.2588190451025203
0.0,0.9630290318683546,0.19444444444444442,0.2857142857142857,0.3720930232558139,0.25,0.8476190476190482,0,0.15430882066428117,0.9880226656636976,-0.5000000000000004,0.8660254037844384
0.0,0.920565029961983,0.38888888888888884,0.19999999999999998,0.45348837209302323,0.25,0.8666666666666671,0,0.1712931441814776,0.9852201067560606,0.25881904510252074,0.9659258262890683
0.0,0.638526997563883,0.38888888888888884,0.19999999999999998,0.5813953488372092,0.35000000000000003,0.9047619047619051,0,0.1712931441814776,0.9852201067560606,0.8660254037844386,0.5000000000000001
1.0,0.35648896516578327,0.38888888888888884,0.19999999999999998,0.5465116279069768,0.125,0.9428571428571395,3,0.1712931441814776,0.9852201067560606,0.9659258262890683,-0.25881904510252063
1.0,0.07445093368430705,0.38888888888888884,0.19999999999999998,0.6395348837209303,0.25,1.0,12646,0.1712931441814776,0.9852201067560606,0.49999999999999994,-0.8660254037844387
1.0,0.1151897601381277,0.38888888888888884,0.19999999999999998,0.313953488372093,0.125,0.9619047619047585,23280,0.1712931441814776,0.9852201067560606,-0.2588190451025208,-0.9659258262890683
1.0,0.39722779253622753,0.38888888888888884,0.19999999999999998,0.5116279069767442,0.17500000000000002,0.9428571428571395,8262,0.1712931441814776,0.9852201067560606,-0.8660254037844385,-0.5000000000000004
0.0,0.6792658240177037,0.38888888888888884,0.19999999999999998,0.4302325581395348,0.15000000000000002,0.9714285714285715,0,0.1712931441814776,0.9852201067560606,-0.9659258262890684,0.2588190451025203
0.0,0.9613038564158035,0.38888888888888884,0.19999999999999998,0.7325581395348837,0.125,0.9904761904761905,0,0.1712931441814776,0.9852201067560606,-0.5000000000000004,0.8660254037844384
0.0,0.9204794668150087,0.16666666666666674,0.05714285714285715,0.7325581395348837,0.0,0.9714285714285715,0,0.1882267098432442,0.9821256058680006,0.25881904510252074,0.9659258262890683
0.0,0.6389227278061065,0.16666666666666674,0.05714285714285715,0.7325581395348837,0.15000000000000002,0.9619047619047585,0,0.1882267098432442,0.9821256058680006,0.8660254037844386,0.5000000000000001
1.0,0.35736598971382777,0.16666666666666674,0.05714285714285715,0.8023255813953487,0.07500000000000001,0.9714285714285715,0,0.1882267098432442,0.9821256058680006,0.9659258262890683,-0.25881904510252063
1.0,0.0758092507049255,0.16666666666666674,0.05714285714285715,0.7325581395348837,0.07500000000000001,0.980952380952381,12521,0.1882267098432442,0.9821256058680006,0.49999999999999994,-0.8660254037844387
1.0,0.11335014881168809,0.16666666666666674,0.05714285714285715,0.7325581395348837,0.125,0.9047619047619051,22737,0.1882267098432442,0.9821256058680006,-0.2588190451025208,-0.9659258262890683
1.0,0.3949068878205904,0.16666666666666674,0.05714285714285715,0.6744186046511627,0.125,0.8285714285714292,7538,0.1882267098432442,0.9821256058680006,-0.8660254037844385,-0.5000000000000004
0.0,0.676463625912869,0.16666666666666674,0.05714285714285715,0.4302325581395348,0.07500000000000001,0.8000000000000007,0,0.1882267098432442,0.9821256058680006,-0.9659258262890684,0.2588190451025203
0.0,0.9580203649217715,0.16666666666666674,0.05714285714285715,0.7325581395348837,0.0,0.7904761904761877,0,0.1882267098432442,0.9821256058680006,-0.5000000000000004,0.8660254037844384
0.0,0.9188326553476429,0.4722222222222223,0.22857142857142854,0.6627906976744187,0.0,0.7714285714285687,0,0.2051044998686192,0.9787400799669153,0.25881904510252074,0.9659258262890683
0.0,0.6377555708049336,0.4722222222222223,0.22857142857142854,0.5116279069767442,0.225,0.7619047619047628,0,0.2051044998686192,0.9787400799669153,0.8660254037844386,0.5000000000000001
1.0,0.3566784853456007,0.4722222222222223,0.22857142857142854,0.3953488372093023,0.2,0.7714285714285687,128,0.2051044998686192,0.9787400799669153,0.9659258262890683,-0.25881904510252063
1.0,0.07560140080289135,0.4722222222222223,0.22857142857142854,0.3953488372093023,0.42500000000000004,0.7904761904761877,815,0.2051044998686192,0.9787400799669153,0.49999999999999994,-0.8660254037844387
1.0,0.11307834516415294,0.4722222222222223,0.22857142857142854,0.4186046511627907,0.325,0.7523809523809533,0,0.2051044998686192,0.9787400799669153,-0.2588190451025208,-0.9659258262890683
1.0,0.39415543062348596,0.4722222222222223,0.22857142857142854,0.3255813953488372,0.4,0.7142857142857153,0,0.2051044998686192,0.9787400799669153,-0.8660254037844385,-0.5000000000000004
0.0,0.6752325151661952,0.4722222222222223,0.22857142857142854,0.441860465116279,0.225,0.7333333333333343,0,0.2051044998686192,0.9787400799669153,-0.9659258262890684,0.2588190451025203
0.0,0.9563095997089047,0.4722222222222223,0.22857142857142854,0.441860465116279,0.2,0.7619047619047628,0,0.2051044998686192,0.9787400799669153,-0.5000000000000004,0.8660254037844384
0.0,0.9171120455972653,0.5277777777777779,0.34285714285714286,0.5813953488372092,0.17500000000000002,0.7809523809523817,0,0.2219215130041655,0.9750645322571948,0.25881904510252074,0.9659258262890683
0.0,0.6369893825498831,0.5277777777777779,0.34285714285714286,0.5813953488372092,0.2,0.7809523809523817,0,0.2219215130041655,0.9750645322571948,0.8660254037844386,0.5000000000000001
1.0,0.3568667185858776,0.5277777777777779,0.34285714285714286,0.7674418604651163,0.225,0.7809523809523817,0,0.2219215130041655,0.9750645322571948,0.9659258262890683,-0.25881904510252063
1.0,0.0767440555384955,0.5277777777777779,0.34285714285714286,0.3720930232558139,0.225,0.8095238095238066,12826,0.2219215130041655,0.9750645322571948,0.49999999999999994,-0.8660254037844387
1.0,0.11098126984984508,0.5277777777777779,0.34285714285714286,0.2441860465116279,0.17500000000000002,0.7523809523809533,22992,0.2219215130041655,0.9750645322571948,-0.2588190451025208,-0.9659258262890683
1.0,0.39110393289722717,0.5277777777777779,0.34285714285714286,0.17441860465116277,0.07500000000000001,0.7047619047619023,8465,0.2219215130041655,0.9750645322571948,-0.8660254037844385,-0.5000000000000004
0.0,0.6712265968612328,0.5277777777777779,0.34285714285714286,0.6395348837209303,0.0,0.7142857142857153,0,0.2219215130041655,0.9750645322571948,-0.9659258262890684,0.2588190451025203
0.0,0.9513492599086149,0.5277777777777779,0.34285714285714286,0.49999999999999994,0.0,0.7238095238095212,0,0.2219215130041655,0.9750645322571948,-0.5000000000000004,0.8660254037844384
0.0,0.9154793153017101,0.36111111111111116,0.22857142857142854,0.6976744186046511,0.125,0.7142857142857153,0,0.2386727660059501,0.9711000518829505,0.25881904510252074,0.9659258262890683
0.0,0.6358314366993109,0.36111111111111116,0.22857142857142854,0.8372093023255813,0.0,0.7047619047619023,0,0.2386727660059501,0.9711000518829505,0.8660254037844386,0.5000000000000001
1.0,0.35618355718028805,0.36111111111111116,0.22857142857142854,0.872093023255814,0.0,0.7047619047619023,18,0.2386727660059501,0.9711000518829505,0.9659258262890683,-0.25881904510252063
1.0,0.07653567766126523,0.36111111111111116,0.22857142857142854,0.7674418604651163,0.07500000000000001,0.7238095238095212,12654,0.2386727660059501,0.9711000518829505,0.49999999999999994,-0.8660254037844387
1.0,0.11071486328209248,0.36111111111111116,0.22857142857142854,0.7441860465116279,0.15000000000000002,0.6571428571428584,22639,0.2386727660059501,0.9711000518829505,-0.2588190451025208,-0.9659258262890683
1.0,0.3903627418844917,0.36111111111111116,0.22857142857142854,0.3023255813953488,0.07500000000000001,0.6285714285714299,8636,0.2386727660059501,0.9711000518829505,-0.8660254037844385,-0.5000000000000004
0.0,0.6700106214035144,0.36111111111111116,0.22857142857142854,0.47674418604651164,0.0,0.6380952380952358,0,0.2386727660059501,0.9711000518829505,-0.9659258262890684,0.2588190451025203
0.0,0.9496585009225372,0.36111111111111116,0.22857142857142854,0.5813953488372092,0.07500000000000001,0.6476190476190489,0,0.2386727660059501,0.9711000518829505,-0.5000000000000004,0.8660254037844384
0.0,0.9138521113298655,0.38888888888888884,0.34285714285714286,0.7325581395348837,0.0,0.6380952380952358,0,0.255353295116187,0.9668478136052775,0.25881904510252074,0.9659258262890683
0.0,0.6346774094146471,0.38888888888888884,0.34285714285714286,0.7674418604651163,0.0,0.6285714285714299,0,0.255353295116187,0.9668478136052775,0.8660254037844386,0.5000000000000001
1.0,0.35550270749942875,0.38888888888888884,0.34285714285714286,0.8023255813953487,0.125,0.6380952380952358,15,0.255353295116187,0.9668478136052775,0.9659258262890683,-0.25881904510252063
1.0,0.07632800558421035,0.38888888888888884,0.34285714285714286,0.4302325581395348,0.225,0.6571428571428584,12969,0.255353295116187,0.9668478136052775,0.49999999999999994,-0.8660254037844387
1.0,0.11044935775534301,0.38888888888888884,0.34285714285714286,0.6511627906976745,0.15000000000000002,0.6095238095238109,23144,0.255353295116187,0.9668478136052775,-0.2588190451025208,-0.9659258262890683
1.0,0.38962405967056146,0.38888888888888884,0.34285714285714286,0.2906976744186046,0.07500000000000001,0.5904761904761919,8684,0.255353295116187,0.9668478136052775,-0.8660254037844385,-0.5000000000000004
0.0,0.6687987615857798,0.38888888888888884,0.34285714285714286,0.5813953488372092,0.07500000000000001,0.5999999999999979,0,0.255353295116187,0.9668478136052775,-0.9659258262890684,0.2588190451025203
0.0,0.9479734635009982,0.38888888888888884,0.34285714285714286,0.5232558139534884,0.07500000000000001,0.6380952380952358,0,0.255353295116187,0.9668478136052775,-0.5000000000000004,0.8660254037844384
0.0,0.9121599049951167,0.36111111111111116,0.3142857142857143,0.6395348837209303,0.0,0.6476190476190489,0,0.2719581575341055,0.9623090774541486,0.25881904510252074,0.9659258262890683
0.0,0.6339267707624214,0.36111111111111116,0.3142857142857143,0.7325581395348837,0.0,0.6761904761904773,0,0.2719581575341055,0.9623090774541486,0.8660254037844386,0.5000000000000001
1.0,0.35569363652972613,0.36111111111111116,0.3142857142857143,0.7674418604651163,0.0,0.7047619047619023,21,0.2719581575341055,0.9623090774541486,0.9659258262890683,-0.25881904510252063
1.0,0.07746050138040722,0.36111111111111116,0.3142857142857143,0.6744186046511627,0.17500000000000002,0.7523809523809533,12728,0.2719581575341055,0.9623090774541486,0.49999999999999994,-0.8660254037844387
1.0,0.10837529427662304,0.36111111111111116,0.3142857142857143,0.5930232558139534,0.07500000000000001,0.6952380952380963,23077,0.2719581575341055,0.9623090774541486,-0.2588190451025208,-0.9659258262890683
1.0,0.38660842850931837,0.36111111111111116,0.3142857142857143,0.48837209302325585,0.0,0.6761904761904773,3049,0.2719581575341055,0.9623090774541486,-0.8660254037844385,-0.5000000000000004
1.0,0.6648415636586371,0.36111111111111116,0.3142857142857143,0.47674418604651164,0.0,0.6857142857142833,0,0.2719581575341055,0.9623090774541486,-0.9659258262890684,0.2588190451025203
0.0,0.9430746978913325,0.36111111111111116,0.3142857142857143,0.5232558139534884,0.0,0.7238095238095212,0,0.2719581575341055,0.9623090774541486,-0.5000000000000004,0.8660254037844384
0.0,0.9105465072080013,0.2777777777777779,0.14285714285714285,0.6627906976744187,0.0,0.7238095238095212,0,0.288482432880609,0.9574851883550393,0.25881904510252074,0.9659258262890683
0.0,0.632781778636626,0.2777777777777779,0.14285714285714285,0.8023255813953487,0.0,0.7142857142857153,0,0.288482432880609,0.9574851883550393,0.8660254037844386,0.5000000000000001
1.0,0.35501705006525075,0.2777777777777779,0.14285714285714285,0.872093023255814,0.0,0.7142857142857153,189,0.288482432880609,0.9574851883550393,0.9659258262890683,-0.25881904510252063
1.0,0.07725232149387548,0.2777777777777779,0.14285714285714285,0.7674418604651163,0.0,0.7333333333333343,12474,0.288482432880609,0.9574851883550393,0.49999999999999994,-0.8660254037844387
1.0,0.10811506850183475,0.2777777777777779,0.14285714285714285,0.7674418604651163,0.2,0.6666666666666679,22482,0.288482432880609,0.9574851883550393,-0.2588190451025208,-0.9659258262890683
1.0,0.3858797970732101,0.2777777777777779,0.14285714285714285,0.6395348837209303,0.0,0.6380952380952358,8277,0.288482432880609,0.9574851883550393,-0.8660254037844385,-0.5000000000000004
1.0,0.6636445256445853,0.2777777777777779,0.14285714285714285,0.5581395348837208,0.0,0.6380952380952358,0,0.288482432880609,0.9574851883550393,-0.9659258262890684,0.2588190451025203
0.0,0.9414092542159607,0.2777777777777779,0.14285714285714285,0.7325581395348837,0.0,0.6761904761904773,0,0.288482432880609,0.9574851883550393,-0.5000000000000004,0.8660254037844384
0.0,0.9089385321661294,0.36111111111111116,0.3714285714285714,0.9186046511627906,0.15000000000000002,0.6952380952380963,0,0.30492122465628907,0.9523775757303974,0.25881904510252074,0.9659258262890683
0.0,0.6316406344967218,0.36111111111111116,0.3714285714285714,0.872093023255814,0.0,0.7142857142857153,0,0.30492122465628907,0.9523775757303974,0.8660254037844386,0.5000000000000001
1.0,0.3543427377439379,0.36111111111111116,0.3714285714285714,0.9186046511627906,0.125,0.7333333333333343,52,0.30492122465628907,0.9523775757303974,0.9659258262890683,-0.25881904510252063
1.0,0.07704484099115388,0.36111111111111116,0.3714285714285714,0.6744186046511627,0.2,0.7714285714285687,12545,0.30492122465628907,0.9523775757303974,0.49999999999999994,-0.8660254037844387
1.0,0.10785571810258868,0.36111111111111116,0.3714285714285714,0.46511627906976744,0.07500000000000001,0.7428571428571438,23065,0.30492122465628907,0.9523775757303974,-0.2588190451025208,-0.9659258262890683
1.0,0.3851536148553727,0.36111111111111116,0.3714285714285714,0.3255813953488372,0.0,0.7333333333333343,8581,0.30492122465628907,0.9523775757303974,-0.8660254037844385,-0.5000000000000004
1.0,0.6624515125247803,0.36111111111111116,0.3714285714285714,0.5116279069767442,0.0,0.7333333333333343,0,0.30492122465628907,0.9523775757303974,-0.9659258262890684,0.2588190451025203
0.0,0.9397494092775643,0.36111111111111116,0.3714285714285714,0.6046511627906976,0.07500000000000001,0.7428571428571438,0,0.30492122465628907,0.9523775757303974,-0.5000000000000004,0.8660254037844384
0.0,0.9072741251920541,0.36111111111111116,0.3714285714285714,0.7674418604651163,0.0,0.7333333333333343,0,0.3212696616923644,0.9469877530760753,0.25881904510252074,0.9659258262890683
0.0,0.6309051989635983,0.36111111111111116,0.3714285714285714,0.7325581395348837,0.0,0.7238095238095212,0,0.3212696616923644,0.9469877530760753,0.8660254037844386,0.5000000000000001
1.0,0.3545362736517661,0.36111111111111116,0.3714285714285714,0.7325581395348837,0.0,0.7238095238095212,23,0.3212696616923644,0.9469877530760753,0.9659258262890683,-0.25881904510252063
1.0,0.07816734742331025,0.36111111111111116,0.3714285714285714,0.3953488372093023,0.15000000000000002,0.7428571428571438,13489,0.3212696616923644,0.9469877530760753,0.49999999999999994,-0.8660254037844387
1.0,0.10580424022948054,0.36111111111111116,0.3714285714285714,0.3604651162790698,0.125,0.6761904761904773,23615,0.3212696616923644,0.9469877530760753,-0.2588190451025208,-0.9659258262890683
1.0,0.38217316554131275,0.36111111111111116,0.3714285714285714,0.19767441860465113,0.0,0.6380952380952358,9129,0.3212696616923644,0.9469877530760753,-0.8660254037844385,-0.5000000000000004
1.0,0.6585420917697686,0.36111111111111116,0.3714285714285714,0.3953488372093023,0.07500000000000001,0.6380952380952358,0,0.3212696616923644,0.9469877530760753,-0.9659258262890684,0.2588190451025203
0.0,0.9349110179982244,0.36111111111111116,0.3714285714285714,0.6162790697674418,0.07500000000000001,0.6476190476190489,0,0.3212696616923644,0.9469877530760753,-0.5000000000000004,0.8660254037844384
0.0,0.9056796886808189,0.36111111111111116,0.34285714285714286,0.6976744186046511,0.0,0.6380952380952358,0,0.3375228995941133,0.9413173175128471,0.25881904510252074,0.9659258262890683
0.0,0.6297729185739485,0.36111111111111116,0.34285714285714286,0.7325581395348837,0.0,0.6380952380952358,0,0.3375228995941133,0.9413173175128471,0.8660254037844386,0.5000000000000001
1.0,0.35386614755045437,0.36111111111111116,0.34285714285714286,0.8372093023255813,0.0,0.6380952380952358,207,0.3375228995941133,0.9413173175128471,0.9659258262890683,-0.25881904510252063
1.0,0.07795937744358392,0.36111111111111116,0.34285714285714286,0.47674418604651164,0.07500000000000001,0.6571428571428584,13558,0.3375228995941133,0.9413173175128471,0.49999999999999994,-0.8660254037844387
1.0,0.10555005408762153,0.36111111111111116,0.34285714285714286,0.26744186046511625,0.07500000000000001,0.5809523809523789,23223,0.3375228995941133,0.9413173175128471,-0.2588190451025208,-0.9659258262890683
1.0,0.3814568251111156,0.36111111111111116,0.34285714285714286,0.441860465116279,0.125,0.5333333333333314,8478,0.3375228995941133,0.9413173175128471,-0.8660254037844385,-0.5000000000000004
1.0,0.657363595217986,0.36111111111111116,0.34285714285714286,0.4186046511627907,0.0,0.5333333333333314,0,0.3375228995941133,0.9413173175128471,-0.9659258262890684,0.2588190451025203
0.0,0.9332703662414801,0.36111111111111116,0.34285714285714286,0.47674418604651164,0.0,0.5428571428571445,0,0.3375228995941133,0.9413173175128471,-0.5000000000000004,0.8660254037844384
0.0,0.9009282162347642,0.36111111111111116,0.08571428571428572,0.8023255813953487,0.0,0.5333333333333314,0,0.3536761221763716,0.9353679493131483,0.25881904510252074,0.9659258262890683
0.0,0.6263986840929537,0.36111111111111116,0.08571428571428572,0.6976744186046511,0.125,0.5047619047619065,0,0.3536761221763716,0.9353679493131483,0.8660254037844386,0.5000000000000001
1.0,0.35186915195114327,0.36111111111111116,0.08571428571428572,0.7325581395348837,0.07500000000000001,0.485714285714284,0,0.3536761221763716,0.9353679493131483,0.9659258262890683,-0.25881904510252063
1.0,0.07733961980933277,0.36111111111111116,0.08571428571428572,0.7093023255813953,0.07500000000000001,0.5142857142857125,1488,0.3536761221763716,0.9353679493131483,0.49999999999999994,-0.8660254037844387
1.0,0.10479257375681267,0.36111111111111116,0.08571428571428572,0.6162790697674418,0.0,0.47619047619047805,2059,0.3536761221763716,0.9353679493131483,-0.2588190451025208,-0.9659258262890683
1.0,0.3793221058986232,0.36111111111111116,0.08571428571428572,0.6744186046511627,0.07500000000000001,0.47619047619047805,1216,0.3536761221763716,0.9353679493131483,-0.8660254037844385,-0.5000000000000004
1.0,0.65385163712381,0.36111111111111116,0.08571428571428572,0.7325581395348837,0.07500000000000001,0.47619047619047805,0,0.3536761221763716,0.9353679493131483,-0.9659258262890684,0.2588190451025203
0.0,0.9283811692656204,0.36111111111111116,0.08571428571428572,0.8023255813953487,0.17500000000000002,0.4952380952380935,0,0.3536761221763716,0.9353679493131483,-0.5000000000000004,0.8660254037844384
0.0,0.8993549161472223,0.3055555555555556,0.02857142857142857,0.8023255813953487,0.125,0.47619047619047805,0,0.3697245428906731,0.9291414114031743,0.25881904510252074,0.9659258262890683
0.0,0.6252814134148255,0.3055555555555556,0.02857142857142857,0.9186046511627906,0.0,0.47619047619047805,0,0.3697245428906731,0.9291414114031743,0.8660254037844386,0.5000000000000001
1.0,0.3512079097658052,0.3055555555555556,0.02857142857142857,0.9186046511627906,0.225,0.47619047619047805,0,0.3697245428906731,0.9291414114031743,0.9659258262890683,-0.25881904510252063
1.0,0.07713440703340838,0.3055555555555556,0.02857142857142857,0.9534883720930232,0.0,0.5142857142857125,120,0.3697245428906731,0.9291414114031743,0.49999999999999994,-0.8660254037844387
1.0,0.10454175712332334,0.3055555555555556,0.02857142857142857,0.9186046511627906,0.17500000000000002,0.4952380952380935,4956,0.3697245428906731,0.9291414114031743,-0.2588190451025208,-0.9659258262890683
1.0,0.37861526077234375,0.3055555555555556,0.02857142857142857,0.9186046511627906,0.0,0.4952380952380935,2298,0.3697245428906731,0.9291414114031743,-0.8660254037844385,-0.5000000000000004
1.0,0.6526887635047405,0.3055555555555556,0.02857142857142857,0.9186046511627906,0.0,0.4952380952380935,0,0.3697245428906731,0.9291414114031743,-0.9659258262890684,0.2588190451025203
0.0,0.9267622662371372,0.3055555555555556,0.02857142857142857,0.8372093023255813,0.07500000000000001,0.5047619047619065,0,0.3697245428906731,0.9291414114031743,-0.5000000000000004,0.8660254037844384
0.0,0.8977415330260846,0.3333333333333335,0.8857142857142857,0.7093023255813953,0.17500000000000002,0.5047619047619065,0,0.38566340624360707,0.9226395488404876,0.25881904510252074,0.9659258262890683
0.0,0.6245755573254151,0.3333333333333335,0.8857142857142857,0.9186046511627906,0.07500000000000001,0.5142857142857125,0,0.38566340624360707,0.9226395488404876,0.8660254037844386,0.5000000000000001
1.0,0.35140958254136945,0.3333333333333335,0.8857142857142857,0.9534883720930232,0.07500000000000001,0.5142857142857125,0,0.38566340624360707,0.9226395488404876,0.9659258262890683,-0.25881904510252063
1.0,0.07824360775732361,0.3333333333333335,0.8857142857142857,0.9534883720930232,0.0,0.5428571428571445,2240,0.38566340624360707,0.9226395488404876,0.49999999999999994,-0.8660254037844387
1.0,0.10252502845105715,0.3333333333333335,0.8857142857142857,0.9534883720930232,0.0,0.5238095238095255,4097,0.38566340624360707,0.9226395488404876,-0.2588190451025208,-0.9659258262890683
1.0,0.375691003235103,0.3333333333333335,0.8857142857142857,0.9534883720930232,0.0,0.5142857142857125,1871,0.38566340624360707,0.9226395488404876,-0.8660254037844385,-0.5000000000000004
1.0,0.6488569780191488,0.3333333333333335,0.8857142857142857,0.9534883720930232,0.0,0.5333333333333314,0,0.38566340624360707,0.9226395488404876,-0.9659258262890684,0.2588190451025203
0.0,0.9220229528031946,0.3333333333333335,0.8857142857142857,0.9534883720930232,0.17500000000000002,0.5619047619047635,0,0.38566340624360707,0.9226395488404876,-0.5000000000000004,0.8660254037844384
0.0,0.8946262181312419,0.2777777777777779,0.7428571428571428,0.9534883720930232,0.2,0.5809523809523789,0,0.401487989205973,0.9158642882672872,0.25881904510252074,0.9659258262890683
0.0,0.6223617811602925,0.2777777777777779,0.7428571428571428,0.9534883720930232,0.35000000000000003,0.6095238095238109,0,0.401487989205973,0.9158642882672872,0.8660254037844386,0.5000000000000001
1.0,0.3500973441893431,0.2777777777777779,0.7428571428571428,0.8837209302325582,0.25,0.6285714285714299,0,0.401487989205973,0.9158642882672872,0.9659258262890683,-0.25881904510252063
1.0,0.07783290721839356,0.2777777777777779,0.7428571428571428,0.9186046511627906,0.25,0.6666666666666679,1483,0.401487989205973,0.9158642882672872,0.49999999999999994,-0.8660254037844387
1.0,0.1020341911768908,0.2777777777777779,0.7428571428571428,0.7674418604651163,0.25,0.6380952380952358,2273,0.401487989205973,0.9158642882672872,-0.2588190451025208,-0.9659258262890683
1.0,0.3742986281478403,0.2777777777777779,0.7428571428571428,0.7674418604651163,0.225,0.6380952380952358,1717,0.401487989205973,0.9158642882672872,-0.8660254037844385,-0.5000000000000004
1.0,0.6465630651187897,0.2777777777777779,0.7428571428571428,0.7674418604651163,0.225,0.6285714285714299,0,0.401487989205973,0.9158642882672872,-0.9659258262890684,0.2588190451025203
0.0,0.9188275020897391,0.2777777777777779,0.7428571428571428,0.6395348837209303,0.325,0.6571428571428584,0,0.401487989205973,0.9158642882672872,-0.5000000000000004,0.8660254037844384
0.0,0.8930762598637856,0.22222222222222232,0.7714285714285714,0.6627906976744187,0.4,0.6380952380952358,0,0.4171936026123168,0.9088176373395029,0.25881904510252074,0.9659258262890683
0.0,0.621260363487402,0.22222222222222232,0.7714285714285714,0.6395348837209303,0.525,0.5999999999999979,0,0.4171936026123168,0.9088176373395029,0.8660254037844386,0.5000000000000001
1.0,0.3494444680276421,0.22222222222222232,0.7714285714285714,0.6976744186046511,0.45,0.5809523809523789,17,0.4171936026123168,0.9088176373395029,0.9659258262890683,-0.25881904510252063
1.0,0.07762857256788219,0.22222222222222232,0.7714285714285714,0.6395348837209303,0.45,0.5999999999999979,13734,0.4171936026123168,0.9088176373395029,0.49999999999999994,-0.8660254037844387
1.0,0.10178998523283625,0.22222222222222232,0.7714285714285714,0.6744186046511627,0.525,0.5428571428571445,19435,0.4171936026123168,0.9088176373395029,-0.2588190451025208,-0.9659258262890683
1.0,0.37360588069259615,0.22222222222222232,0.7714285714285714,0.6744186046511627,0.525,0.485714285714284,4842,0.4171936026123168,0.9088176373395029,-0.8660254037844385,-0.5000000000000004
1.0,0.6454217770689796,0.22222222222222232,0.7714285714285714,0.7325581395348837,0.525,0.47619047619047805,0,0.4171936026123168,0.9088176373395029,-0.9659258262890684,0.2588190451025203
0.0,0.9172376725287396,0.22222222222222232,0.7714285714285714,0.7674418604651163,0.275,0.4952380952380935,0,0.4171936026123168,0.9088176373395029,-0.5000000000000004,0.8660254037844384
0.0,0.8899916133614979,0.13888888888888906,0.8857142857142857,0.7325581395348837,0.17500000000000002,0.5047619047619065,0,0.4327755925504312,0.901501684131884,0.25881904510252074,0.9659258262890683
0.0,0.6190683800484733,0.13888888888888906,0.8857142857142857,0.7558139534883721,0.125,0.5238095238095255,0,0.4327755925504312,0.901501684131884,0.8660254037844386,0.5000000000000001
1.0,0.3481451476520722,0.13888888888888906,0.8857142857142857,0.7558139534883721,0.07500000000000001,0.5619047619047635,0,0.4327755925504312,0.901501684131884,0.9659258262890683,-0.25881904510252063
1.0,0.07722191433904746,0.13888888888888906,0.8857142857142857,0.6627906976744187,0.07500000000000001,0.6095238095238109,15341,0.4327755925504312,0.901501684131884,0.49999999999999994,-0.8660254037844387
1.0,0.1013039794816886,0.13888888888888906,0.8857142857142857,0.6046511627906976,0.125,0.5904761904761919,25763,0.4327755925504312,0.901501684131884,-0.2588190451025208,-0.9659258262890683
1.0,0.3722272127947134,0.13888888888888906,0.8857142857142857,0.4302325581395348,0.15000000000000002,0.6095238095238109,10514,0.4327755925504312,0.901501684131884,-0.8660254037844385,-0.5000000000000004
1.0,0.6431504451911144,0.13888888888888906,0.8857142857142857,0.6627906976744187,0.2,0.6857142857142833,0,0.4327755925504312,0.901501684131884,-0.9659258262890684,0.2588190451025203
0.0,0.9140736785041392,0.13888888888888906,0.8857142857142857,0.46511627906976744,0.17500000000000002,0.7428571428571438,0,0.4327755925504312,0.901501684131884,-0.5000000000000004,0.8660254037844384
0.0,0.8884273630988022,0.13888888888888906,0.9999999999999999,0.441860465116279,0.375,0.7904761904761877,0,0.4482293417404106,0.893918596519257,0.25881904510252074,0.9659258262890683
0.0,0.6183909493736582,0.13888888888888906,0.9999999999999999,0.3488372093023256,0.125,0.8666666666666671,0,0.4482293417404106,0.893918596519257,0.8660254037844386,0.5000000000000001
1.0,0.34835453564851454,0.13888888888888906,0.9999999999999999,0.3255813953488372,0.15000000000000002,0.8952380952380956,0,0.4482293417404106,0.893918596519257,0.9659258262890683,-0.25881904510252063
1.0,0.07831812192337065,0.13888888888888906,0.9999999999999999,0.2325581395348837,0.0,0.9619047619047585,14987,0.4482293417404106,0.893918596519257,0.49999999999999994,-0.8660254037844387
1.0,0.09932095322610815,0.13888888888888906,0.9999999999999999,0.2441860465116279,0.125,0.9523809523809526,25220,0.4482293417404106,0.893918596519257,-0.2588190451025208,-0.9659258262890683
1.0,0.36935736695125204,0.13888888888888906,0.9999999999999999,0.45348837209302323,0.125,0.9428571428571395,10118,0.4482293417404106,0.893918596519257,-0.8660254037844385,-0.5000000000000004
1.0,0.6393937806763959,0.13888888888888906,0.9999999999999999,0.627906976744186,0.225,0.9619047619047585,0,0.4482293417404106,0.893918596519257,-0.9659258262890684,0.2588190451025203
0.0,0.9094301944015398,0.13888888888888906,0.9999999999999999,0.6046511627906976,0.125,0.980952380952381,0,0.4482293417404106,0.893918596519257,-0.5000000000000004,0.8660254037844384
0.0,0.886900195760645,0.19444444444444442,0.7428571428571428,0.7209302325581395,0.0,0.9714285714285715,0,0.4635502709028509,0.886070621534138,0.25881904510252074,0.9659258262890683
0.0,0.6173050180565638,0.19444444444444442,0.7428571428571428,0.7558139534883721,0.07500000000000001,0.9619047619047585,0,0.4635502709028509,0.886070621534138,0.8660254037844386,0.5000000000000001
1.0,0.34770984035248265,0.19444444444444442,0.7428571428571428,0.8372093023255813,0.07500000000000001,0.9714285714285715,0,0.4635502709028509,0.886070621534138,0.9659258262890683,-0.25881904510252063
1.0,0.07811466264840147,0.19444444444444442,0.7428571428571428,0.5465116279069768,0.07500000000000001,0.9714285714285715,15070,0.4635502709028509,0.886070621534138,0.49999999999999994,-0.8660254037844387
1.0,0.09908317648001469,0.19444444444444442,0.7428571428571428,0.3023255813953488,0.0,0.8666666666666671,25314,0.4635502709028509,0.886070621534138,-0.2588190451025208,-0.9659258262890683
1.0,0.36867835418409595,0.19444444444444442,0.7428571428571428,0.6162790697674418,0.4,0.8000000000000007,10416,0.4635502709028509,0.886070621534138,-0.8660254037844385,-0.5000000000000004
1.0,0.638273531888177,0.19444444444444442,0.7428571428571428,0.8837209302325582,0.325,0.7809523809523817,0,0.4635502709028509,0.886070621534138,-0.9659258262890684,0.2588190451025203
0.0,0.9078687095922583,0.19444444444444442,0.7428571428571428,0.872093023255814,0.0,0.7904761904761877,0,0.4635502709028509,0.886070621534138,-0.5000000000000004,0.8660254037844384
0.0,0.8838607855498571,0.3333333333333335,0.2571428571428571,0.8372093023255813,0.0,0.7714285714285687,0,0.47873384011578846,0.8779600847008882,0.25881904510252074,0.9659258262890683
0.0,0.6151437680904663,0.3333333333333335,0.2571428571428571,0.8372093023255813,0.15000000000000002,0.7809523809523817,0,0.47873384011578846,0.8779600847008882,0.8660254037844386,0.5000000000000001
1.0,0.3464267506310755,0.3333333333333335,0.2571428571428571,0.45348837209302323,0.35000000000000003,0.8095238095238066,0,0.47873384011578846,0.8779600847008882,0.9659258262890683,-0.25881904510252063
1.0,0.07770973317168456,0.3333333333333335,0.2571428571428571,0.4069767441860465,0.225,0.8476190476190482,0,0.47873384011578846,0.8779600847008882,0.49999999999999994,-0.8660254037844387
1.0,0.09860994571204124,0.3333333333333335,0.2571428571428571,0.3720930232558139,0.15000000000000002,0.7904761904761877,0,0.47873384011578846,0.8779600847008882,-0.2588190451025208,-0.9659258262890683
1.0,0.36732696317143215,0.3333333333333335,0.2571428571428571,0.2325581395348837,0.125,0.7714285714285687,0,0.47873384011578846,0.8779600847008882,-0.8660254037844385,-0.5000000000000004
1.0,0.6360439806308229,0.3333333333333335,0.2571428571428571,0.7093023255813953,0.0,0.7809523809523817,0,0.47873384011578846,0.8779600847008882,-0.9659258262890684,0.2588190451025203
0.0,0.9047609980902138,0.3333333333333335,0.2571428571428571,0.5813953488372092,0.07500000000000001,0.7904761904761877,0,0.47873384011578846,0.8779600847008882,-0.5000000000000004,0.8660254037844384
0.0,0.879338616581297,0.2777777777777779,0.7999999999999999,0.7674418604651163,0.125,0.7904761904761877,0,0.49377555015997715,0.869589389346611,0.25881904510252074,0.9659258262890683
0.0,0.6119281654070686,0.2777777777777779,0.7999999999999999,0.8023255813953487,0.15000000000000002,0.7809523809523817,0,0.49377555015997715,0.869589389346611,0.8660254037844386,0.5000000000000001
1.0,0.3445177133162167,0.2777777777777779,0.7999999999999999,0.872093023255814,0.07500000000000001,0.7904761904761877,0,0.49377555015997715,0.869589389346611,0.9659258262890683,-0.25881904510252063
1.0,0.07710726122536476,0.2777777777777779,0.7999999999999999,0.7325581395348837,0.0,0.8000000000000007,0,0.49377555015997715,0.869589389346611,0.49999999999999994,-0.8660254037844387
1.0,0.09790585228982215,0.2777777777777779,0.7999999999999999,0.7093023255813953,0.07500000000000001,0.7333333333333343,21150,0.49377555015997715,0.869589389346611,-0.2588190451025208,-0.9659258262890683
1.0,0.36531630346405053,0.2777777777777779,0.7999999999999999,0.48837209302325585,0.07500000000000001,0.6952380952380963,10418,0.49377555015997715,0.869589389346611,-0.8660254037844385,-0.5000000000000004
1.0,0.6327267555549025,0.2777777777777779,0.7999999999999999,0.7325581395348837,0.225,0.6857142857142833,0,0.49377555015997715,0.869589389346611,-0.9659258262890684,0.2588190451025203
0.0,0.9001372076457544,0.2777777777777779,0.7999999999999999,0.9186046511627906,0.275,0.6952380952380963,0,0.49377555015997715,0.869589389346611,-0.5000000000000004,0.8660254037844384
0.0,0.8763481898193035,0.25,0.7714285714285714,0.9186046511627906,0.325,0.6666666666666679,0,0.5086709438521044,0.8609610158889943,0.25881904510252074,0.9659258262890683
0.0,0.6098017453046902,0.25,0.7714285714285714,0.872093023255814,0.07500000000000001,0.6571428571428584,0,0.5086709438521044,0.8609610158889943,0.8660254037844386,0.5000000000000001
1.0,0.3432553017067007,0.25,0.7714285714285714,0.872093023255814,0.0,0.6476190476190489,292,0.5086709438521044,0.8609610158889943,0.9659258262890683,-0.25881904510252063
1.0,0.07670885719208742,0.25,0.7714285714285714,0.8023255813953487,0.0,0.6761904761904773,15312,0.5086709438521044,0.8609610158889943,0.49999999999999994,-0.8660254037844387
1.0,0.09744024783023714,0.25,0.7714285714285714,0.7674418604651163,0.125,0.6285714285714299,24563,0.5086709438521044,0.8609610158889943,-0.2588190451025208,-0.9659258262890683
1.0,0.36398669142822676,0.25,0.7714285714285714,0.6162790697674418,0.25,0.5809523809523789,10570,0.5086709438521044,0.8609610158889943,-0.8660254037844385,-0.5000000000000004
1.0,0.63053313594284,0.25,0.7714285714285714,0.8023255813953487,0.17500000000000002,0.5809523809523789,1,0.5086709438521044,0.8609610158889943,-0.9659258262890684,0.2588190451025203
0.0,0.8970795795408295,0.25,0.7714285714285714,0.872093023255814,0.125,0.6095238095238109,0,0.5086709438521044,0.8609610158889943,-0.5000000000000004,0.8660254037844384
0.0,0.8733770240691088,0.3333333333333335,0.8857142857142857,0.8372093023255813,0.0,0.6190476190476168,0,0.5234156073655503,0.8520775211013093,0.25881904510252074,0.9659258262890683
0.0,0.607689022308832,0.3333333333333335,0.8857142857142857,0.8023255813953487,0.0,0.6380952380952358,0,0.5234156073655503,0.8520775211013093,0.8660254037844386,0.5000000000000001
1.0,0.3420010214651791,0.3333333333333335,0.8857142857142857,0.8372093023255813,0.0,0.6666666666666679,362,0.5234156073655503,0.8520775211013093,0.9659258262890683,-0.25881904510252063
1.0,0.07631302062152598,0.3333333333333335,0.8857142857142857,0.3255813953488372,0.07500000000000001,0.7142857142857153,16420,0.5234156073655503,0.8520775211013093,0.49999999999999994,-0.8660254037844387
1.0,0.09697764256308564,0.3333333333333335,0.8857142857142857,0.17441860465116277,0.125,0.6666666666666679,25922,0.5234156073655503,0.8520775211013093,-0.2588190451025208,-0.9659258262890683
1.0,0.3626656434067387,0.3333333333333335,0.8857142857142857,0.17441860465116277,0.125,0.6571428571428584,11047,0.5234156073655503,0.8520775211013093,-0.8660254037844385,-0.5000000000000004
1.0,0.6283536451670153,0.3333333333333335,0.8857142857142857,0.3604651162790698,0.125,0.6761904761904773,0,0.5234156073655503,0.8520775211013093,-0.9659258262890684,0.2588190451025203
0.0,0.8940416460106684,0.3333333333333335,0.8857142857142857,0.5232558139534884,0.0,0.6952380952380963,0,0.5234156073655503,0.8520775211013093,-0.5000000000000004,0.8660254037844384
0.0,0.8733722777920851,0.3333333333333335,0.1714285714285714,0.7325581395348837,0.0,0.7047619047619023,0,0.5380051715382996,0.8429415373547828,0.25881904510252074,0.9659258262890683
0.0,0.60811142813119,0.3333333333333335,0.1714285714285714,0.7674418604651163,0.125,0.6952380952380963,0,0.5380051715382996,0.8429415373547828,0.8660254037844386,0.5000000000000001
1.0,0.34285057755367115,0.3333333333333335,0.1714285714285714,0.872093023255814,0.125,0.7047619047619023,375,0.5380051715382996,0.8429415373547828,0.9659258262890683,-0.25881904510252063
1.0,0.0775897278927759,0.3333333333333335,0.1714285714285714,0.6744186046511627,0.07500000000000001,0.7428571428571438,15387,0.5380051715382996,0.8429415373547828,0.49999999999999994,-0.8660254037844387
1.0,0.09527378410907791,0.3333333333333335,0.1714285714285714,0.6395348837209303,0.15000000000000002,0.6857142857142833,24249,0.5380051715382996,0.8429415373547828,-0.2588190451025208,-0.9659258262890683
1.0,0.3605346346865968,0.3333333333333335,0.1714285714285714,0.4069767441860465,0.0,0.6380952380952358,10241,0.5380051715382996,0.8429415373547828,-0.8660254037844385,-0.5000000000000004
1.0,0.625795484347492,0.3333333333333335,0.1714285714285714,0.5930232558139534,0.0,0.6380952380952358,0,0.5380051715382996,0.8429415373547828,-0.9659258262890684,0.2588190451025203
0.0,0.8910563349250109,0.3333333333333335,0.1714285714285714,0.7325581395348837,0.0,0.6571428571428584,0,0.5380051715382996,0.8429415373547828,-0.5000000000000004,0.8660254037844384
0.0,0.8704249350893682,0.38888888888888884,0.8857142857142857,0.7674418604651163,0.0,0.6285714285714299,0,0.5524353131676196,0.8335557718385699,0.25881904510252074,0.9659258262890683
0.0,0.6060142804036174,0.38888888888888884,0.8857142857142857,0.8372093023255813,0.0,0.5999999999999979,0,0.5524353131676196,0.8335557718385699,0.8660254037844386,0.5000000000000001
1.0,0.34160362480124296,0.38888888888888884,0.8857142857142857,0.9186046511627906,0.07500000000000001,0.5904761904761919,345,0.5524353131676196,0.8335557718385699,0.9659258262890683,-0.25881904510252063
1.0,0.07719297011549206,0.38888888888888884,0.8857142857142857,0.6162790697674418,0.15000000000000002,0.5904761904761919,15731,0.5524353131676196,0.8335557718385699,0.49999999999999994,-0.8660254037844387
1.0,0.09482034691121738,0.38888888888888884,0.8857142857142857,0.6744186046511627,0.125,0.5142857142857125,24745,0.5524353131676196,0.8335557718385699,-0.2588190451025208,-0.9659258262890683
1.0,0.35923100159696825,0.38888888888888884,0.8857142857142857,0.5116279069767442,0.2,0.466666666666665,10469,0.5524353131676196,0.8335557718385699,-0.8660254037844385,-0.5000000000000004
1.0,0.6236416571993427,0.38888888888888884,0.8857142857142857,0.3720930232558139,0.0,0.466666666666665,0,0.5524353131676196,0.8335557718385699,-0.9659258262890684,0.2588190451025203
0.0,0.8880523118850936,0.38888888888888884,0.8857142857142857,0.5581395348837208,0.17500000000000002,0.47619047619047805,0,0.5524353131676196,0.8335557718385699,-0.5000000000000004,0.8660254037844384
0.0,0.8674964253352268,0.3055555555555556,0.5428571428571428,0.5465116279069768,0.0,0.485714285714284,0,0.5667017562911176,0.8239230057575542,0.25881904510252074,0.9659258262890683
0.0,0.6039305327965172,0.3055555555555556,0.5428571428571428,0.9534883720930232,0.17500000000000002,0.466666666666665,0,0.5667017562911176,0.8239230057575542,0.8660254037844386,0.5000000000000001
1.0,0.34036464025780755,0.3055555555555556,0.5428571428571428,0.872093023255814,0.125,0.466666666666665,416,0.5667017562911176,0.8239230057575542,0.9659258262890683,-0.25881904510252063
1.0,0.07679874771909789,0.3055555555555556,0.5428571428571428,0.9186046511627906,0.0,0.485714285714284,13562,0.5667017562911176,0.8239230057575542,0.49999999999999994,-0.8660254037844387
1.0,0.09436980716057028,0.3055555555555556,0.5428571428571428,0.7441860465116279,0.0,0.44761904761904603,14862,0.5667017562911176,0.8239230057575542,-0.2588190451025208,-0.9659258262890683
1.0,0.35793569969927996,0.3055555555555556,0.5428571428571428,0.5930232558139534,0.0,0.3999999999999986,6425,0.5667017562911176,0.8239230057575542,-0.8660254037844385,-0.5000000000000004
1.0,0.6215015922379895,0.3055555555555556,0.5428571428571428,0.7093023255813953,0.07500000000000001,0.39047619047619264,3,0.5667017562911176,0.8239230057575542,-0.9659258262890684,0.2588190451025203
0.0,0.8850674847766992,0.3055555555555556,0.5428571428571428,0.3488372093023256,0.5,0.3999999999999986,0,0.5667017562911176,0.8239230057575542,-0.5000000000000004,0.8660254037844384
0.0,0.8645865679548108,0.36111111111111116,0.42857142857142855,0.6744186046511627,0.2,0.39047619047619264,0,0.5808002734538009,0.8140460935082178,0.25881904510252074,0.9659258262890683
0.0,0.6018600569825847,0.36111111111111116,0.42857142857142855,0.8837209302325582,0.2,0.40952380952380807,0,0.5808002734538009,0.8140460935082178,0.8660254037844386,0.5000000000000001
1.0,0.3391335469269823,0.36111111111111116,0.42857142857142855,0.8837209302325582,0.2,0.40952380952380807,1,0.5808002734538009,0.8140460935082178,0.9659258262890683,-0.25881904510252063
1.0,0.07640703595475615,0.36111111111111116,0.42857142857142855,0.8023255813953487,0.275,0.45714285714285907,4891,0.5808002734538009,0.8140460935082178,0.49999999999999994,-0.8660254037844387
1.0,0.09392213644180492,0.36111111111111116,0.42857142857142855,0.8372093023255813,0.25,0.4190476190476211,13489,0.5808002734538009,0.8140460935082178,-0.2588190451025208,-0.9659258262890683
1.0,0.356648647414031,0.36111111111111116,0.42857142857142855,0.6744186046511627,0.35000000000000003,0.3999999999999986,6004,0.5808002734538009,0.8140460935082178,-0.8660254037844385,-0.5000000000000004
1.0,0.619375158386257,0.36111111111111116,0.42857142857142855,0.7674418604651163,0.35000000000000003,0.3999999999999986,2,0.5808002734538009,0.8140460935082178,-0.9659258262890684,0.2588190451025203
0.0,0.8821016693584831,0.36111111111111116,0.42857142857142855,0.8023255813953487,0.325,0.39047619047619264,0,0.5808002734538009,0.8140460935082178,-0.5000000000000004,0.8660254037844384
0.0,0.8616951860397646,0.3055555555555556,0.34285714285714286,0.8372093023255813,0.225,0.3619047619047606,0,0.5947266869607634,0.8039279618328213,0.25881904510252074,0.9659258262890683
0.0,0.5998027283010099,0.3055555555555556,0.34285714285714286,0.8372093023255813,0.2,0.32380952380952266,0,0.5947266869607634,0.8039279618328213,0.8660254037844386,0.5000000000000001
1.0,0.3379102696456315,0.3055555555555556,0.34285714285714286,0.9534883720930232,0.25,0.2952380952380942,114,0.5947266869607634,0.8039279618328213,0.9659258262890683,-0.25881904510252063
1.0,0.07601781099025304,0.3055555555555556,0.34285714285714286,0.7674418604651163,0.15000000000000002,0.31428571428571317,7359,0.5947266869607634,0.8039279618328213,0.49999999999999994,-0.8660254037844387
1.0,0.09347730817283667,0.3055555555555556,0.34285714285714286,0.8023255813953487,0.15000000000000002,0.2952380952380942,4337,0.5947266869607634,0.8039279618328213,-0.2588190451025208,-0.9659258262890683
1.0,0.35536976682821514,0.3055555555555556,0.34285714285714286,0.7325581395348837,0.17500000000000002,0.2952380952380942,7204,0.5947266869607634,0.8039279618328213,-0.8660254037844385,-0.5000000000000004
1.0,0.6172622254835934,0.3055555555555556,0.34285714285714286,0.8372093023255813,0.15000000000000002,0.3047619047619037,0,0.5947266869607634,0.8039279618328213,-0.9659258262890684,0.2588190451025203
0.0,0.8791546841389718,0.3055555555555556,0.34285714285714286,0.8372093023255813,0.375,0.33333333333333215,0,0.5947266869607634,0.8039279618328213,-0.5000000000000004,0.8660254037844384
0.0,0.8588221045149798,0.36111111111111116,0.8857142857142857,0.8023255813953487,0.225,0.3523809523809547,0,0.6084768701151261,0.7935716089521474,0.25881904510252074,0.9659258262890683
0.0,0.5977584202577351,0.36111111111111116,0.8857142857142857,0.8372093023255813,0.25,0.34285714285714164,0,0.6084768701151261,0.7935716089521474,0.8660254037844386,0.5000000000000001
1.0,0.3366947350838668,0.36111111111111116,0.8857142857142857,0.8372093023255813,0.17500000000000002,0.3619047619047606,501,0.6084768701151261,0.7935716089521474,0.9659258262890683,-0.25881904510252063
1.0,0.07563104990999853,0.36111111111111116,0.8857142857142857,0.8023255813953487,0.07500000000000001,0.39047619047619264,9382,0.6084768701151261,0.7935716089521474,0.49999999999999994,-0.8660254037844387
1.0,0.09303529577158112,0.36111111111111116,0.8857142857142857,0.7325581395348837,0.0,0.3523809523809547,18365,0.6084768701151261,0.7935716089521474,-0.2588190451025208,-0.9659258262890683
1.0,0.3540989809454495,0.36111111111111116,0.8857142857142857,0.6395348837209303,0.275,0.3523809523809547,9865,0.6084768701151261,0.7935716089521474,-0.8660254037844385,-0.5000000000000004
1.0,0.615162665202694,0.36111111111111116,0.8857142857142857,0.6046511627906976,0.125,0.34285714285714164,0,0.6084768701151261,0.7935716089521474,-0.9659258262890684,0.2588190451025203
0.0,0.8762263503765624,0.36111111111111116,0.8857142857142857,0.8372093023255813,0.2,0.34285714285714164,0,0.6084768701151261,0.7935716089521474,-0.5000000000000004,0.8660254037844384
0.0,0.8545464156336368,0.22222222222222232,0.6285714285714286,0.872093023255814,0.07500000000000001,0.3619047619047606,0,0.6220467484408675,0.7829801036770629,0.25881904510252074,0.9659258262890683
0.0,0.5947161025168742,0.22222222222222232,0.6285714285714286,0.9186046511627906,0.0,0.3619047619047606,0,0.6220467484408675,0.7829801036770629,0.8660254037844386,0.5000000000000001
1.0,0.3348857894001117,0.22222222222222232,0.6285714285714286,0.9186046511627906,0.07500000000000001,0.3999999999999986,0,0.6220467484408675,0.7829801036770629,0.9659258262890683,-0.25881904510252063
1.0,0.07505547719997274,0.22222222222222232,0.6285714285714286,0.8372093023255813,0.15000000000000002,0.42857142857142705,2169,0.6220467484408675,0.7829801036770629,0.49999999999999994,-0.8660254037844387
1.0,0.09237749734112471,0.22222222222222232,0.6285714285714286,0.7325581395348837,0.25,0.40952380952380807,6027,0.6220467484408675,0.7829801036770629,-0.2588190451025208,-0.9659258262890683
1.0,0.3522078104578873,0.22222222222222232,0.6285714285714286,0.6395348837209303,0.4,0.3523809523809547,7760,0.6220467484408675,0.7829801036770629,-0.8660254037844385,-0.5000000000000004
1.0,0.6120381235746497,0.22222222222222232,0.6285714285714286,0.8372093023255813,0.275,0.32380952380952266,0,0.6220467484408675,0.7829801036770629,-0.9659258262890684,0.2588190451025203
0.0,0.8718684366914123,0.22222222222222232,0.6285714285714286,0.7325581395348837,0.375,0.33333333333333215,0,0.6220467484408675,0.7829801036770629,-0.5000000000000004,0.8660254037844384
0.0,0.8517183311615908,0.16666666666666674,0.7999999999999999,0.627906976744186,0.45,0.34285714285714164,0,0.6354323008901774,0.7721565844991642,0.25881904510252074,0.9659258262890683
0.0,0.5927038112194768,0.16666666666666674,0.7999999999999999,0.6976744186046511,0.25,0.3523809523809547,0,0.6354323008901774,0.7721565844991642,0.8660254037844386,0.5000000000000001
1.0,0.3336892921939864,0.16666666666666674,0.7999999999999999,0.7325581395348837,0.15000000000000002,0.39047619047619264,795,0.6354323008901774,0.7721565844991642,0.9659258262890683,-0.25881904510252063
1.0,0.07467477316849597,0.16666666666666674,0.7999999999999999,0.5232558139534884,0.525,0.45714285714285907,16394,0.6354323008901774,0.7721565844991642,0.49999999999999994,-0.8660254037844387
1.0,0.09194240728132941,0.16666666666666674,0.7999999999999999,0.3837209302325581,0.7000000000000001,0.466666666666665,28891,0.6354323008901774,0.7721565844991642,-0.2588190451025208,-0.9659258262890683
1.0,0.35095692722344346,0.16666666666666674,0.7999999999999999,0.5813953488372092,0.65,0.4952380952380935,12843,0.6354323008901774,0.7721565844991642,-0.8660254037844385,-0.5000000000000004
1.0,0.6099714462489338,0.16666666666666674,0.7999999999999999,0.627906976744186,0.525,0.5333333333333314,0,0.6354323008901774,0.7721565844991642,-0.9659258262890684,0.2588190451025203
0.0,0.8689859652744243,0.16666666666666674,0.7999999999999999,0.6627906976744187,0.25,0.5809523809523789,0,0.6354323008901774,0.7721565844991642,-0.5000000000000004,0.8660254037844384
0.0,0.8489079494412163,0.11111111111111116,0.6,0.6860465116279069,0.15000000000000002,0.6095238095238109,0,0.6486295610349814,0.7611042586607747,0.25881904510252074,0.9659258262890683
0.0,0.5907041170802744,0.11111111111111116,0.6,0.6860465116279069,0.07500000000000001,0.6190476190476168,0,0.6486295610349814,0.7611042586607747,0.8660254037844386,0.5000000000000001
1.0,0.33250028471933246,0.11111111111111116,0.6,0.6511627906976745,0.125,0.6666666666666679,765,0.6486295610349814,0.7611042586607747,0.9659258262890683,-0.25881904510252063
1.0,0.07429645235839055,0.11111111111111116,0.6,0.46511627906976744,0.35000000000000003,0.7047619047619023,18914,0.6486295610349814,0.7611042586607747,0.49999999999999994,-0.8660254037844387
1.0,0.09151004142688632,0.11111111111111116,0.6,0.5232558139534884,0.2,0.6952380952380963,26486,0.6486295610349814,0.7611042586607747,-0.2588190451025208,-0.9659258262890683
1.0,0.3497138737878282,0.11111111111111116,0.6,0.5465116279069768,0.275,0.6666666666666679,6262,0.6486295610349814,0.7611042586607747,-0.8660254037844385,-0.5000000000000004
1.0,0.6079177052321465,0.11111111111111116,0.6,0.5465116279069768,0.35000000000000003,0.6285714285714299,0,0.6486295610349814,0.7611042586607747,-0.9659258262890684,0.2588190451025203
0.0,0.8661215375930884,0.11111111111111116,0.6,0.7674418604651163,0.42500000000000004,0.5999999999999979,0,0.6486295610349814,0.7611042586607747,-0.5000000000000004,0.8660254037844384
0.0,0.8461151045636407,0.19444444444444442,0.6,0.872093023255814,0.375,0.5809523809523789,0,0.6616346182422783,0.7498264012045686,0.25881904510252074,0.9659258262890683
0.0,0.5887169009381983,0.19444444444444442,0.6,0.8372093023255813,0.15000000000000002,0.6095238095238109,0,0.6616346182422783,0.7498264012045686,0.8660254037844386,0.5000000000000001
1.0,0.3313186963961324,0.19444444444444442,0.6,0.9534883720930232,0.15000000000000002,0.6285714285714299,0,0.6616346182422783,0.7498264012045686,0.9659258262890683,-0.25881904510252063
1.0,0.07392049277069002,0.19444444444444442,0.6,0.8023255813953487,0.2,0.6476190476190489,0,0.6616346182422783,0.7498264012045686,0.49999999999999994,-0.8660254037844387
1.0,0.09108037319571088,0.19444444444444442,0.6,0.6744186046511627,0.2,0.6095238095238109,0,0.6616346182422783,0.7498264012045686,-0.2588190451025208,-0.9659258262890683
1.0,0.3484785768211533,0.19444444444444442,0.6,0.8023255813953487,0.25,0.5904761904761919,0,0.6616346182422783,0.7498264012045686,-0.8660254037844385,-0.5000000000000004
1.0,0.6058767813632192,0.19444444444444442,0.6,0.7325581395348837,0.225,0.5809523809523789,0,0.6616346182422783,0.7498264012045686,-0.9659258262890684,0.2588190451025203
0.0,0.8632749849886615,0.19444444444444442,0.6,0.872093023255814,0.17500000000000002,0.5904761904761919,0,0.6616346182422783,0.7498264012045686,-0.5000000000000004,0.8660254037844384
0.0,0.8419583631775668,0.19444444444444442,0.6,0.872093023255814,0.07500000000000001,0.5809523809523789,0,0.6744436188329455,0.7383263540031065,0.25881904510252074,0.9659258262890683
0.0,0.5857592196378475,0.19444444444444442,0.6,0.8372093023255813,0.15000000000000002,0.5809523809523789,0,0.6744436188329455,0.7383263540031065,0.8660254037844386,0.5000000000000001
1.0,0.3295600751815047,0.19444444444444442,0.6,0.8372093023255813,0.0,0.6285714285714299,860,0.6744436188329455,0.7383263540031065,0.9659258262890683,-0.25881904510252063
1.0,0.0733609316417855,0.19444444444444442,0.6,0.7325581395348837,0.125,0.6857142857142833,14244,0.6744436188329455,0.7383263540031065,0.49999999999999994,-0.8660254037844387
1.0,0.09044087423889224,0.19444444444444442,0.6,0.6046511627906976,0.125,0.6571428571428584,23065,0.6744436188329455,0.7383263540031065,-0.2588190451025208,-0.9659258262890683
1.0,0.3466400186952351,0.19444444444444442,0.6,0.5232558139534884,0.2,0.6380952380952358,12110,0.6744436188329455,0.7383263540031065,-0.8660254037844385,-0.5000000000000004
1.0,0.6028391622349543,0.19444444444444442,0.6,0.6976744186046511,0.15000000000000002,0.6380952380952358,0,0.6744436188329455,0.7383263540031065,-0.9659258262890684,0.2588190451025203
0.0,0.8590383066912971,0.19444444444444442,0.6,0.6627906976744187,0.325,0.5904761904761919,0,0.6744436188329455,0.7383263540031065,-0.5000000000000004,0.8660254037844384
0.0,0.8392086509403187,0.19444444444444442,0.5714285714285714,0.7674418604651163,0.25,0.5142857142857125,0,0.6870527672236669,0.7266075247685656,0.25881904510252074,0.9659258262890683
0.0,0.5838026938872932,0.19444444444444442,0.5714285714285714,0.7674418604651163,0.525,0.45714285714285907,0,0.6870527672236669,0.7266075247685656,0.8660254037844386,0.5000000000000001
1.0,0.3283967359176442,0.19444444444444442,0.5714285714285714,0.872093023255814,0.0,0.466666666666665,677,0.6870527672236669,0.7266075247685656,0.9659258262890683,-0.25881904510252063
1.0,0.0729907779479951,0.19444444444444442,0.5714285714285714,0.6627906976744187,0.17500000000000002,0.47619047619047805,10223,0.6870527672236669,0.7266075247685656,0.49999999999999994,-0.8660254037844387
1.0,0.09001784144598893,0.19444444444444442,0.5714285714285714,0.49999999999999994,0.25,0.45714285714285907,23594,0.6870527672236669,0.7266075247685656,-0.2588190451025208,-0.9659258262890683
1.0,0.345423799415638,0.19444444444444442,0.5714285714285714,0.8023255813953487,0.275,0.45714285714285907,3329,0.6870527672236669,0.7266075247685656,-0.8660254037844385,-0.5000000000000004
1.0,0.6008297573852871,0.19444444444444442,0.5714285714285714,0.8023255813953487,0.2,0.4380952380952401,0,0.6870527672236669,0.7266075247685656,-0.9659258262890684,0.2588190451025203
0.0,0.8562357153549361,0.19444444444444442,0.5714285714285714,0.7674418604651163,0.15000000000000002,0.466666666666665,0,0.6870527672236669,0.7266075247685656,-0.5000000000000004,0.8660254037844384
0.0,0.8364759127389765,0.16666666666666674,0.3714285714285714,0.8372093023255813,0.15000000000000002,0.47619047619047805,0,0.699458327051647,0.7146733860429609,0.25881904510252074,0.9659258262890683
0.0,0.5818582446527266,0.16666666666666674,0.3714285714285714,0.872093023255814,0.17500000000000002,0.47619047619047805,0,0.699458327051647,0.7146733860429609,0.8660254037844386,0.5000000000000001
1.0,0.3272405765664767,0.16666666666666674,0.3714285714285714,0.9186046511627906,0.2,0.5047619047619065,311,0.699458327051647,0.7146733860429609,0.9659258262890683,-0.25881904510252063
1.0,0.0726229093968504,0.16666666666666674,0.3714285714285714,0.7674418604651163,0.275,0.5333333333333314,14471,0.699458327051647,0.7146733860429609,0.49999999999999994,-0.8660254037844387
1.0,0.08959742011373448,0.16666666666666674,0.3714285714285714,0.5813953488372092,0.375,0.485714285714284,16337,0.699458327051647,0.7146733860429609,-0.2588190451025208,-0.9659258262890683
1.0,0.3442150881999844,0.16666666666666674,0.3714285714285714,0.5232558139534884,0.42500000000000004,0.4380952380952401,7212,0.699458327051647,0.7146733860429609,-0.8660254037844385,-0.5000000000000004
1.0,0.5988327562862343,0.16666666666666674,0.3714285714285714,0.6395348837209303,0.275,0.40952380952380807,0,0.699458327051647,0.7146733860429609,-0.9659258262890684,0.2588190451025203
0.0,0.8534504234558605,0.16666666666666674,0.3714285714285714,0.6046511627906976,0.35000000000000003,0.3619047619047606,0,0.699458327051647,0.7146733860429609,-0.5000000000000004,0.8660254037844384
0.0,0.8337599909142802,0.19444444444444442,0.34285714285714286,0.6046511627906976,0.5750000000000001,0.2952380952380942,0,0.7116566222817746,0.7025274741691571,0.25881904510252074,0.9659258262890683
0.0,0.5799257619393151,0.19444444444444442,0.34285714285714286,0.8023255813953487,0.6000000000000001,0.24761904761904674,0,0.7116566222817746,0.7025274741691571,0.8660254037844386,0.5000000000000001
1.0,0.32609153296435,0.19444444444444442,0.34285714285714286,0.9186046511627906,0.55,0.23809523809523725,0,0.7116566222817746,0.7025274741691571,0.9659258262890683,-0.25881904510252063
1.0,0.0722573039893849,0.19444444444444442,0.34285714285714286,0.872093023255814,0.5,0.25714285714285623,2428,0.7116566222817746,0.7025274741691571,0.49999999999999994,-0.8660254037844387
1.0,0.08917958640991516,0.19444444444444442,0.34285714285714286,0.8023255813953487,0.6000000000000001,0.20952380952380878,3695,0.7116566222817746,0.7025274741691571,-0.2588190451025208,-0.9659258262890683
1.0,0.3430138153848803,0.19444444444444442,0.34285714285714286,0.8023255813953487,0.4,0.21904761904761827,121,0.7116566222817746,0.7025274741691571,-0.8660254037844385,-0.5000000000000004
1.0,0.5968480443598454,0.19444444444444442,0.34285714285714286,0.9186046511627906,0.35000000000000003,0.15238095238095184,0,0.7116566222817746,0.7025274741691571,-0.9659258262890684,0.2588190451025203
0.0,0.8506822724181868,0.19444444444444442,0.34285714285714286,0.9186046511627906,0.17500000000000002,0.13333333333333286,0,0.7116566222817746,0.7025274741691571,-0.5000000000000004,0.8660254037844384
0.0,0.8310607314734643,0.25,0.39999999999999997,0.872093023255814,0.225,0.10476190476190439,0,0.7236440382959124,0.6901733882429719,0.25881904510252074,0.9659258262890683
0.0,0.5780051348356027,0.25,0.39999999999999997,0.7674418604651163,0.325,0.03809523809523796,0,0.7236440382959124,0.6901733882429719,0.8660254037844386,0.5000000000000001
1.0,0.324949538197741,0.25,0.39999999999999997,0.872093023255814,0.35000000000000003,0.0,0,0.7236440382959124,0.6901733882429719,0.9659258262890683,-0.25881904510252063
1.0,0.07189394247650294,0.25,0.39999999999999997,0.872093023255814,0.225,0.07619047619047592,2983,0.7236440382959124,0.6901733882429719,0.49999999999999994,-0.8660254037844387
1.0,0.0887643155856937,0.25,0.39999999999999997,0.6976744186046511,0.275,0.12380952380952337,13147,0.7236440382959124,0.6901733882429719,-0.2588190451025208,-0.9659258262890683
1.0,0.3418199113069318,0.25,0.39999999999999997,0.6046511627906976,0.42500000000000004,0.15238095238095184,5516,0.7236440382959124,0.6901733882429719,-0.8660254037844385,-0.5000000000000004
1.0,0.5948755079447935,0.25,0.39999999999999997,0.8023255813953487,0.375,0.1904761904761898,0,0.7236440382959124,0.6901733882429719,-0.9659258262890684,0.2588190451025203
0.0,0.8479311045826551,0.25,0.39999999999999997,0.8023255813953487,0.35000000000000003,0.21904761904761827,0,0.7236440382959124,0.6901733882429719,-0.5000000000000004,0.8660254037844384
0.0,0.8283779804237632,0.25,0.48571428571428565,0.8372093023255813,0.35000000000000003,0.24761904761904674,0,0.7354170229639855,0.6776147890466889,0.25881904510252074,0.9659258262890683
0.0,0.5760962551800038,0.25,0.48571428571428565,0.7674418604651163,0.35000000000000003,0.24761904761904674,0,0.7354170229639855,0.6776147890466889,0.8660254037844386,0.5000000000000001
1.0,0.32381452901962093,0.25,0.48571428571428565,0.7674418604651163,0.275,0.2952380952380942,114,0.7354170229639855,0.6776147890466889,0.9659258262890683,-0.25881904510252063
1.0,0.07153280285923796,0.25,0.48571428571428565,0.6744186046511627,0.35000000000000003,0.37142857142857366,2274,0.7354170229639855,0.6776147890466889,0.49999999999999994,-0.8660254037844387
1.0,0.08835158472547996,0.25,0.48571428571428565,0.6976744186046511,0.42500000000000004,0.4190476190476211,5403,0.7354170229639855,0.6776147890466889,-0.2588190451025208,-0.9659258262890683
1.0,0.34063331088586296,0.25,0.48571428571428565,0.7674418604651163,0.15000000000000002,0.45714285714285907,2903,0.7354170229639855,0.6776147890466889,-0.8660254037844385,-0.5000000000000004
1.0,0.5929150361296223,0.25,0.48571428571428565,0.8023255813953487,0.15000000000000002,0.5142857142857125,145,0.7354170229639855,0.6776147890466889,-0.9659258262890684,0.2588190451025203
0.0,0.8451967622900052,0.25,0.48571428571428565,0.8372093023255813,0.15000000000000002,0.5904761904761919,0,0.7354170229639855,0.6776147890466889,-0.5000000000000004,0.8660254037844384
0.0,0.8243844796187693,0.22222222222222232,0.1714285714285714,0.9186046511627906,0.125,0.6380952380952358,0,0.7469720876965552,0.6648553979642865,0.25881904510252074,0.9659258262890683
0.0,0.573254725672929,0.22222222222222232,0.1714285714285714,0.9186046511627906,0.125,0.6666666666666679,0,0.7469720876965552,0.6648553979642865,0.8660254037844386,0.5000000000000001
1.0,0.3221249708104651,0.22222222222222232,0.1714285714285714,0.9186046511627906,0.0,0.7047619047619023,314,0.7469720876965552,0.6648553979642865,0.9659258262890683,-0.25881904510252063
1.0,0.07099521594800118,0.22222222222222232,0.1714285714285714,0.8023255813953487,0.2,0.7333333333333343,18188,0.7469720876965552,0.6648553979642865,0.49999999999999994,-0.8660254037844387
1.0,0.08773719942217406,0.22222222222222232,0.1714285714285714,0.7093023255813953,0.15000000000000002,0.6952380952380963,23389,0.7469720876965552,0.6648553979642865,-0.2588190451025208,-0.9659258262890683
1.0,0.338866954284638,0.22222222222222232,0.1714285714285714,0.5581395348837208,0.0,0.6761904761904773,7755,0.7469720876965552,0.6648553979642865,-0.8660254037844385,-0.5000000000000004
1.0,0.5899967091471018,0.22222222222222232,0.1714285714285714,0.6162790697674418,0.0,0.6857142857142833,97,0.7469720876965552,0.6648553979642865,-0.9659258262890684,0.2588190451025203
0.0,0.8411264640095657,0.22222222222222232,0.1714285714285714,0.7325581395348837,0.0,0.6857142857142833,0,0.7469720876965552,0.6648553979642865,-0.5000000000000004,0.8660254037844384
0.0,0.8217423459942254,0.3055555555555556,0.42857142857142855,0.8372093023255813,0.07500000000000001,0.6761904761904773,0,0.7583058084785624,0.6518989958787126,0.25881904510252074,0.9659258262890683
0.0,0.5713747453263289,0.3055555555555556,0.42857142857142855,0.9186046511627906,0.0,0.6571428571428584,0,0.7583058084785624,0.6518989958787126,0.8660254037844386,0.5000000000000001
1.0,0.3210071446584327,0.3055555555555556,0.42857142857142855,0.9186046511627906,0.0,0.6857142857142833,1011,0.7583058084785624,0.6518989958787126,0.9659258262890683,-0.25881904510252063
1.0,0.07063954399053632,0.3055555555555556,0.42857142857142855,0.8023255813953487,0.15000000000000002,0.7047619047619023,19469,0.7583058084785624,0.6518989958787126,0.49999999999999994,-0.8660254037844387
1.0,0.08733071810169496,0.3055555555555556,0.42857142857142855,0.6744186046511627,0.07500000000000001,0.6666666666666679,27043,0.7583058084785624,0.6518989958787126,-0.2588190451025208,-0.9659258262890683
1.0,0.3376983178529677,0.3055555555555556,0.42857142857142855,0.3023255813953488,0.25,0.6190476190476168,13347,0.7583058084785624,0.6518989958787126,-0.8660254037844385,-0.5000000000000004
1.0,0.588065918520864,0.3055555555555556,0.42857142857142855,0.6395348837209303,0.15000000000000002,0.6285714285714299,72,0.7583058084785624,0.6518989958787126,-0.9659258262890684,0.2588190451025203
0.0,0.8384335191887603,0.3055555555555556,0.42857142857142855,0.6395348837209303,0.0,0.6476190476190489,0,0.7583058084785624,0.6518989958787126,-0.5000000000000004,0.8660254037844384
0.0,0.8177294778490944,0.3333333333333335,0.8857142857142857,0.7325581395348837,0.07500000000000001,0.6571428571428584,0,0.7694148268839378,0.6387494220515272,0.25881904510252074,0.9659258262890683
0.0,0.5681194198424121,0.3333333333333335,0.8857142857142857,0.7674418604651163,0.0,0.6666666666666679,0,0.7694148268839378,0.6387494220515272,0.8660254037844386,0.5000000000000001
1.0,0.3185093609191061,0.3333333333333335,0.8857142857142857,0.8372093023255813,0.07500000000000001,0.6666666666666679,869,0.7694148268839378,0.6387494220515272,0.9659258262890683,-0.25881904510252063
1.0,0.06889930199580008,0.3333333333333335,0.8857142857142857,0.6395348837209303,0.125,0.6761904761904773,7004,0.7694148268839378,0.6387494220515272,0.49999999999999994,-0.8660254037844387
1.0,0.08831341743521728,0.3333333333333335,0.8857142857142857,0.5348837209302326,0.0,0.6190476190476168,0,0.7694148268839378,0.6387494220515272,-0.2588190451025208,-0.9659258262890683
1.0,0.3379234763585233,0.3333333333333335,0.8857142857142857,0.5116279069767442,0.0,0.5619047619047635,0,0.7694148268839378,0.6387494220515272,-0.8660254037844385,-0.5000000000000004
1.0,0.5875335352818293,0.3333333333333335,0.8857142857142857,0.7093023255813953,0.0,0.5428571428571445,0,0.7694148268839378,0.6387494220515272,-0.9659258262890684,0.2588190451025203
0.0,0.8371435942051353,0.3333333333333335,0.8857142857142857,0.6976744186046511,0.125,0.5523809523809504,0,0.7694148268839378,0.6387494220515272,-0.5000000000000004,0.8660254037844384
0.0,0.8138261883893725,0.36111111111111116,0.3714285714285714,0.8023255813953487,0.07500000000000001,0.5523809523809504,0,0.7802958510707755,0.6254105729852463,0.25881904510252074,0.9659258262890683
0.0,0.5653438863182287,0.36111111111111116,0.3714285714285714,0.9186046511627906,0.0,0.5523809523809504,0,0.7802958510707755,0.6254105729852463,0.8660254037844386,0.5000000000000001
1.0,0.3168615833304614,0.36111111111111116,0.3714285714285714,0.8372093023255813,0.07500000000000001,0.5428571428571445,455,0.7802958510707755,0.6254105729852463,0.9659258262890683,-0.25881904510252063
1.0,0.06837928125931758,0.36111111111111116,0.3714285714285714,0.8023255813953487,0.15000000000000002,0.5428571428571445,15925,0.7802958510707755,0.6254105729852463,0.49999999999999994,-0.8660254037844387
1.0,0.08770568223616115,0.36111111111111116,0.3714285714285714,0.8023255813953487,0.0,0.5333333333333314,12785,0.7802958510707755,0.6254105729852463,-0.2588190451025208,-0.9659258262890683
1.0,0.33618798522392856,0.36111111111111116,0.3714285714285714,0.5581395348837208,0.15000000000000002,0.4952380952380935,3458,0.7802958510707755,0.6254105729852463,-0.8660254037844385,-0.5000000000000004
1.0,0.5846702872950723,0.36111111111111116,0.3714285714285714,0.7441860465116279,0.6000000000000001,0.42857142857142705,0,0.7802958510707755,0.6254105729852463,-0.9659258262890684,0.2588190451025203
0.0,0.8331525893662161,0.36111111111111116,0.3714285714285714,0.7441860465116279,0.375,0.4190476190476211,0,0.7802958510707755,0.6254105729852463,-0.5000000000000004,0.8660254037844384
0.0,0.8099580111134398,0.38888888888888884,0.39999999999999997,0.7441860465116279,0.5,0.466666666666665,0,0.7909456567567772,0.6118864012687243,0.25881904510252074,0.9659258262890683
0.0,0.5625933197877814,0.38888888888888884,0.39999999999999997,0.8372093023255813,0.0,0.466666666666665,0,0.7909456567567772,0.6118864012687243,0.8660254037844386,0.5000000000000001
1.0,0.3152286293787466,0.38888888888888884,0.39999999999999997,0.9186046511627906,0.25,0.45714285714285907,0,0.7909456567567772,0.6118864012687243,0.9659258262890683,-0.25881904510252063
1.0,0.06786393805308821,0.38888888888888884,0.39999999999999997,0.9186046511627906,0.17500000000000002,0.485714285714284,133,0.7909456567567772,0.6118864012687243,0.49999999999999994,-0.8660254037844387
1.0,0.0871034137802815,0.38888888888888884,0.39999999999999997,0.8837209302325582,0.17500000000000002,0.485714285714284,1272,0.7909456567567772,0.6118864012687243,-0.2588190451025208,-0.9659258262890683
1.0,0.3344681051059399,0.38888888888888884,0.39999999999999997,0.8837209302325582,0.325,0.485714285714284,263,0.7909456567567772,0.6118864012687243,-0.8660254037844385,-0.5000000000000004
1.0,0.5818327955149747,0.38888888888888884,0.39999999999999997,0.8023255813953487,0.17500000000000002,0.485714285714284,0,0.7909456567567772,0.6118864012687243,-0.9659258262890684,0.2588190451025203
0.0,0.829197486840633,0.38888888888888884,0.39999999999999997,0.8837209302325582,0.275,0.5142857142857125,0,0.7909456567567772,0.6118864012687243,-0.5000000000000004,0.8660254037844384
0.0,0.8073984991907236,0.41666666666666674,0.45714285714285713,0.9186046511627906,0.0,0.5142857142857125,0,0.8013610881746766,0.5981809144059165,0.25881904510252074,0.9659258262890683
0.0,0.5607733141236159,0.41666666666666674,0.45714285714285713,0.8837209302325582,0.15000000000000002,0.5047619047619065,0,0.8013610881746766,0.5981809144059165,0.8660254037844386,0.5000000000000001
1.0,0.3141481290565081,0.41666666666666674,0.45714285714285713,0.8488372093023255,0.625,0.4952380952380935,0,0.8013610881746766,0.5981809144059165,0.9659258262890683,-0.25881904510252063
1.0,0.06752294398940026,0.41666666666666674,0.45714285714285713,0.8488372093023255,0.65,0.5619047619047635,1046,0.8013610881746766,0.5981809144059165,0.49999999999999994,-0.8660254037844387
1.0,0.08670490250204249,0.41666666666666674,0.45714285714285713,0.8139534883720929,0.45,0.5619047619047635,2918,0.8013610881746766,0.5981809144059165,-0.2588190451025208,-0.9659258262890683
1.0,0.3333300875691503,0.41666666666666674,0.45714285714285713,0.7790697674418605,0.375,0.5619047619047635,3445,0.8013610881746766,0.5981809144059165,-0.8660254037844385,-0.5000000000000004
1.0,0.579955272636258,0.41666666666666674,0.45714285714285713,0.8488372093023255,0.4,0.5809523809523789,144,0.8013610881746766,0.5981809144059165,-0.9659258262890684,0.2588190451025203
0.0,0.8265804577033659,0.41666666666666674,0.45714285714285713,0.8837209302325582,0.35000000000000003,0.6190476190476168,0,0.8013610881746766,0.5981809144059165,-0.5000000000000004,0.8660254037844384
0.0,0.804854245384526,0.36111111111111116,0.7428571428571428,0.8837209302325582,0.25,0.6380952380952358,0,0.8115390590073611,0.5842981736283684,0.25881904510252074,0.9659258262890683
0.0,0.5589641576164317,0.36111111111111116,0.7428571428571428,0.9534883720930232,0.07500000000000001,0.6571428571428584,0,0.8115390590073611,0.5842981736283684,0.8660254037844386,0.5000000000000001
1.0,0.31307406984833747,0.36111111111111116,0.7428571428571428,1.0,0.07500000000000001,0.6666666666666679,1512,0.8115390590073611,0.5842981736283684,0.9659258262890683,-0.25881904510252063
1.0,0.0671839820802432,0.36111111111111116,0.7428571428571428,0.7441860465116279,0.125,0.6761904761904773,19599,0.8115390590073611,0.5842981736283684,0.49999999999999994,-0.8660254037844387
1.0,0.08630876711218599,0.36111111111111116,0.7428571428571428,0.6744186046511627,0.125,0.6571428571428584,29645,0.8115390590073611,0.5842981736283684,-0.2588190451025208,-0.9659258262890683
1.0,0.3321988548802802,0.36111111111111116,0.7428571428571428,0.5348837209302326,0.325,0.6095238095238109,14527,0.8115390590073611,0.5842981736283684,-0.8660254037844385,-0.5000000000000004
1.0,0.5780889417317508,0.36111111111111116,0.7428571428571428,0.7325581395348837,0.2,0.5714285714285694,135,0.8115390590073611,0.5842981736283684,-0.9659258262890684,0.2588190451025203
0.0,0.8239790294998451,0.36111111111111116,0.7428571428571428,0.8372093023255813,0.125,0.5714285714285694,0,0.8115390590073611,0.5842981736283684,-0.5000000000000004,0.8660254037844384
0.0,0.8010661755118741,0.38888888888888884,0.45714285714285713,0.8023255813953487,0.15000000000000002,0.5619047619047635,0,0.8214765533024142,0.5702422926917871,0.25881904510252074,0.9659258262890683
0.0,0.5562705546598783,0.38888888888888884,0.45714285714285713,0.8372093023255813,0.125,0.5714285714285694,0,0.8214765533024142,0.5702422926917871,0.8660254037844386,0.5000000000000001
1.0,0.31147493289125905,0.38888888888888884,0.45714285714285713,0.8372093023255813,0.2,0.5999999999999979,196,0.8214765533024142,0.5702422926917871,0.9659258262890683,-0.25881904510252063
1.0,0.06667931203926322,0.38888888888888884,0.45714285714285713,0.7325581395348837,0.15000000000000002,0.6380952380952358,9942,0.8214765533024142,0.5702422926917871,0.49999999999999994,-0.8660254037844387
1.0,0.08571897115369109,0.38888888888888884,0.45714285714285713,0.5116279069767442,0.325,0.6380952380952358,21062,0.8214765533024142,0.5702422926917871,-0.2588190451025208,-0.9659258262890683
1.0,0.3305145920056869,0.38888888888888884,0.45714285714285713,0.6744186046511627,0.275,0.6190476190476168,5755,0.8214765533024142,0.5702422926917871,-0.8660254037844385,-0.5000000000000004
1.0,0.5753102137743062,0.38888888888888884,0.45714285714285713,0.7674418604651163,0.25,0.6285714285714299,0,0.8214765533024142,0.5702422926917871,-0.9659258262890684,0.2588190451025203
0.0,0.8201058355429256,0.38888888888888884,0.45714285714285713,0.7674418604651163,0.225,0.6380952380952358,0,0.8214765533024142,0.5702422926917871,-0.5000000000000004,0.8660254037844384
0.0,0.7985594748581241,0.3055555555555556,0.7428571428571428,0.8837209302325582,0.225,0.6285714285714299,0,0.8311706263658079,0.5560174366570446,0.25881904510252074,0.9659258262890683
0.0,0.5544881012315369,0.3055555555555556,0.7428571428571428,0.9534883720930232,0.275,0.6380952380952358,0,0.8311706263658079,0.5560174366570446,0.8660254037844386,0.5000000000000001
1.0,0.31041672668832615,0.3055555555555556,0.7428571428571428,0.8837209302325582,0.17500000000000002,0.6476190476190489,262,0.8311706263658079,0.5560174366570446,0.9659258262890683,-0.25881904510252063
1.0,0.06634535306173883,0.3055555555555556,0.7428571428571428,0.7674418604651163,0.225,0.7047619047619023,8573,0.8311706263658079,0.5560174366570446,0.49999999999999994,-0.8660254037844387
1.0,0.08532868198918334,0.3055555555555556,0.7428571428571428,0.7093023255813953,0.35000000000000003,0.6952380952380963,28021,0.8311706263658079,0.5560174366570446,-0.2588190451025208,-0.9659258262890683
1.0,0.3294000565323942,0.3055555555555556,0.7428571428571428,0.6162790697674418,0.55,0.6666666666666679,14907,0.8311706263658079,0.5560174366570446,-0.8660254037844385,-0.5000000000000004
1.0,0.5734714301589814,0.3055555555555556,0.7428571428571428,0.6976744186046511,0.325,0.6952380952380963,112,0.8311706263658079,0.5560174366570446,-0.9659258262890684,0.2588190451025203
0.0,0.8175428037855687,0.3055555555555556,0.7428571428571428,0.7325581395348837,0.2,0.7142857142857153,0,0.8311706263658079,0.5560174366570446,-0.5000000000000004,0.8660254037844384
0.0,0.7947156110232976,0.2777777777777779,0.8857142857142857,0.6976744186046511,0.15000000000000002,0.7142857142857153,0,0.8406184056344782,0.5416278206559814,0.25881904510252074,0.9659258262890683
0.0,0.5513642113228752,0.2777777777777779,0.8857142857142857,0.6976744186046511,0.125,0.6952380952380963,0,0.8406184056344782,0.5416278206559814,0.8660254037844386,0.5000000000000001
1.0,0.308012811622453,0.2777777777777779,0.8857142857142857,0.6976744186046511,0.125,0.7142857142857153,1699,0.8406184056344782,0.5416278206559814,0.9659258262890683,-0.25881904510252063
1.0,0.06466141283865426,0.2777777777777779,0.8857142857142857,0.6046511627906976,0.2,0.6952380952380963,20749,0.8406184056344782,0.5416278206559814,0.49999999999999994,-0.8660254037844387
1.0,0.08629264828610303,0.2777777777777779,0.8857142857142857,0.5813953488372092,0.15000000000000002,0.6571428571428584,29836,0.8406184056344782,0.5416278206559814,-0.2588190451025208,-0.9659258262890683
1.0,0.32964404798652536,0.2777777777777779,0.8857142857142857,0.5581395348837208,0.0,0.6285714285714299,11279,0.8406184056344782,0.5416278206559814,-0.8660254037844385,-0.5000000000000004
1.0,0.572995446770324,0.2777777777777779,0.8857142857142857,0.6162790697674418,0.0,0.5904761904761919,66,0.8406184056344782,0.5416278206559814,-0.9659258262890684,0.2588190451025203
0.0,0.8163468464707463,0.2777777777777779,0.8857142857142857,0.6395348837209303,0.0,0.6095238095238109,0,0.8406184056344782,0.5416278206559814,-0.5000000000000004,0.8660254037844384
0.0,0.7910111427231066,0.36111111111111116,0.2571428571428571,0.7325581395348837,0.15000000000000002,0.5999999999999979,0,0.8498170915275278,0.5270777086423722,0.25881904510252074,0.9659258262890683
0.0,0.5487317755760657,0.36111111111111116,0.2571428571428571,0.7674418604651163,0.125,0.5523809523809504,0,0.8498170915275278,0.5270777086423722,0.8660254037844386,0.5000000000000001
1.0,0.30645240934564827,0.36111111111111116,0.2571428571428571,0.6627906976744187,0.0,0.5333333333333314,659,0.8498170915275278,0.5270777086423722,0.9659258262890683,-0.25881904510252063
1.0,0.06417304219860731,0.36111111111111116,0.2571428571428571,0.6395348837209303,0.07500000000000001,0.5428571428571445,9928,0.8498170915275278,0.5270777086423722,0.49999999999999994,-0.8660254037844387
1.0,0.08570898637276861,0.36111111111111116,0.2571428571428571,0.6511627906976745,0.125,0.5047619047619065,11983,0.8498170915275278,0.5270777086423722,-0.2588190451025208,-0.9659258262890683
1.0,0.327988352603186,0.36111111111111116,0.2571428571428571,0.7093023255813953,0.125,0.45714285714285907,6459,0.8498170915275278,0.5270777086423722,-0.8660254037844385,-0.5000000000000004
1.0,0.5702677197502269,0.36111111111111116,0.2571428571428571,0.7093023255813953,0.07500000000000001,0.466666666666665,41,0.8498170915275278,0.5270777086423722,-0.9659258262890684,0.2588190451025203
0.0,0.8125470859806443,0.36111111111111116,0.2571428571428571,0.8023255813953487,0.0,0.466666666666665,0,0.8498170915275278,0.5270777086423722,-0.5000000000000004,0.8660254037844384
0.0,0.7885595769791599,0.4722222222222223,0.3714285714285714,0.8837209302325582,0.275,0.47619047619047805,0,0.8587639582758029,0.5123714121284237,0.25881904510252074,0.9659258262890683
0.0,0.5469896664190472,0.4722222222222223,0.3714285714285714,0.7674418604651163,0.15000000000000002,0.47619047619047805,0,0.8587639582758029,0.5123714121284237,0.8660254037844386,0.5000000000000001
1.0,0.3054197558589346,0.4722222222222223,0.3714285714285714,0.8372093023255813,0.125,0.5333333333333314,0,0.8587639582758029,0.5123714121284237,0.9659258262890683,-0.25881904510252063
1.0,0.06384984529882193,0.4722222222222223,0.3714285714285714,0.8023255813953487,0.125,0.5333333333333314,2396,0.8587639582758029,0.5123714121284237,0.49999999999999994,-0.8660254037844387
1.0,0.08532272668562568,0.4722222222222223,0.3714285714285714,0.8488372093023255,0.4,0.466666666666665,2687,0.8587639582758029,0.5123714121284237,-0.2588190451025208,-0.9659258262890683
1.0,0.32689263632911475,0.4722222222222223,0.3714285714285714,0.8837209302325582,0.5750000000000001,0.37142857142857366,608,0.8587639582758029,0.5123714121284237,-0.8660254037844385,-0.5000000000000004
1.0,0.5684625468892274,0.4722222222222223,0.3714285714285714,0.8837209302325582,0.07500000000000001,0.4190476190476211,0,0.8587639582758029,0.5123714121284237,-0.9659258262890684,0.2588190451025203
0.0,0.81003245744934,0.4722222222222223,0.3714285714285714,0.7441860465116279,0.625,0.42857142857142705,0,0.8587639582758029,0.5123714121284237,-0.5000000000000004,0.8660254037844384
0.0,0.78490902997912,0.41666666666666674,0.5142857142857142,0.8488372093023255,0.5,0.4380952380952401,0,0.8674563547295969,0.49751328890718066,0.25881904510252074,0.9659258262890683
0.0,0.5443955482887715,0.41666666666666674,0.5142857142857142,0.8488372093023255,0.42500000000000004,0.40952380952380807,0,0.8674563547295969,0.49751328890718066,0.8660254037844386,0.5000000000000001
1.0,0.3038820656817992,0.41666666666666674,0.5142857142857142,0.9186046511627906,0.42500000000000004,0.40952380952380807,21,0.8674563547295969,0.49751328890718066,0.9659258262890683,-0.25881904510252063
1.0,0.06336858399145054,0.41666666666666674,0.5142857142857142,0.8837209302325582,0.275,0.40952380952380807,532,0.8674563547295969,0.49751328890718066,0.49999999999999994,-0.8660254037844387
1.0,0.08474756003985667,0.41666666666666674,0.5142857142857142,0.8372093023255813,0.55,0.3999999999999986,3748,0.8674563547295969,0.49751328890718066,-0.2588190451025208,-0.9659258262890683
1.0,0.32526104173020537,0.41666666666666674,0.5142857142857142,0.6162790697674418,0.8250000000000001,0.39047619047619264,10489,0.8674563547295969,0.49751328890718066,-0.8660254037844385,-0.5000000000000004
1.0,0.5657745243371776,0.41666666666666674,0.5142857142857142,0.7093023255813953,0.65,0.39047619047619264,0,0.8674563547295969,0.49751328890718066,-0.9659258262890684,0.2588190451025203
0.0,0.8062880069441498,0.41666666666666674,0.5142857142857142,0.6162790697674418,0.55,0.4380952380952401,0,0.8674563547295969,0.49751328890718066,-0.5000000000000004,0.8660254037844384
0.0,0.7824930191481635,0.3333333333333335,0.5428571428571428,0.7093023255813953,0.5,0.4380952380952401,0,0.8758917051442429,0.48250774176121847,0.25881904510252074,0.9659258262890683
0.0,0.5426787040281605,0.3333333333333335,0.5428571428571428,0.7093023255813953,0.45,0.40952380952380807,0,0.8758917051442429,0.48250774176121847,0.8660254037844386,0.5000000000000001
1.0,0.3028643889081574,0.3333333333333335,0.5428571428571428,0.7093023255813953,0.6000000000000001,0.3999999999999986,0,0.8758917051442429,0.48250774176121847,0.9659258262890683,-0.25881904510252063
1.0,0.06305007470477794,0.3333333333333335,0.5428571428571428,0.8837209302325582,0.275,0.44761904761904603,2933,0.8758917051442429,0.48250774176121847,0.49999999999999994,-0.8660254037844387
1.0,0.08436690183956008,0.3333333333333335,0.5428571428571428,0.8023255813953487,0.42500000000000004,0.40952380952380807,15361,0.8758917051442429,0.48250774176121847,-0.2588190451025208,-0.9659258262890683
1.0,0.3241812169595632,0.3333333333333335,0.5428571428571428,0.47674418604651164,0.6000000000000001,0.3619047619047606,4139,0.8758917051442429,0.48250774176121847,-0.8660254037844385,-0.5000000000000004
1.0,0.5639955320795662,0.3333333333333335,0.5428571428571428,0.5813953488372092,0.5,0.3523809523809547,0,0.8758917051442429,0.48250774176121847,-0.9659258262890684,0.2588190451025203
0.0,0.8038098471995693,0.3333333333333335,0.5428571428571428,0.872093023255814,0.225,0.3809523809523796,0,0.8758917051442429,0.48250774176121847,-0.5000000000000004,0.8660254037844384
0.0,0.7787625746516482,0.22222222222222232,0.48571428571428565,0.6976744186046511,0.2,0.39047619047619264,0,0.8840675099433636,0.4673592171580022,0.25881904510252074,0.9659258262890683
0.0,0.5396433737090357,0.22222222222222232,0.48571428571428565,0.8023255813953487,0.125,0.40952380952380807,0,0.8840675099433636,0.4673592171580022,0.8660254037844386,0.5000000000000001
1.0,0.3005241727664233,0.22222222222222232,0.48571428571428565,0.7674418604651163,0.15000000000000002,0.45714285714285907,1291,0.8840675099433636,0.4673592171580022,0.9659258262890683,-0.25881904510252063
1.0,0.06140497090718718,0.22222222222222232,0.48571428571428565,0.7325581395348837,0.125,0.5238095238095255,16983,0.8840675099433636,0.4673592171580022,0.49999999999999994,-0.8660254037844387
1.0,0.08531689145976024,0.22222222222222232,0.48571428571428565,0.49999999999999994,0.325,0.5238095238095255,25415,0.8840675099433636,0.4673592171580022,-0.2588190451025208,-0.9659258262890683
1.0,0.32443609240237276,0.22222222222222232,0.48571428571428565,0.47674418604651164,0.275,0.5238095238095255,12898,0.8840675099433636,0.4673592171580022,-0.8660254037844385,-0.5000000000000004
1.0,0.5635552933449851,0.22222222222222232,0.48571428571428565,0.6627906976744187,0.225,0.5428571428571445,134,0.8840675099433636,0.4673592171580022,-0.9659258262890684,0.2588190451025203
0.0,0.8026744952042212,0.22222222222222232,0.48571428571428565,0.6627906976744187,0.25,0.5619047619047635,0,0.8840675099433636,0.4673592171580022,-0.5000000000000004,0.8660254037844384
0.0,0.7751913137601397,0.2777777777777779,0.7428571428571428,0.8023255813953487,0.125,0.5904761904761919,0,0.8919813464595485,0.45207220393230435,0.25881904510252074,0.9659258262890683
0.0,0.5371072604370685,0.2777777777777779,0.7428571428571428,0.9534883720930232,0.25,0.5999999999999979,0,0.8919813464595485,0.45207220393230435,0.8660254037844386,0.5000000000000001
1.0,0.2990232080306208,0.2777777777777779,0.7428571428571428,0.7325581395348837,0.15000000000000002,0.6285714285714299,1190,0.8919813464595485,0.45207220393230435,0.9659258262890683,-0.25881904510252063
1.0,0.06093915470754955,0.2777777777777779,0.7428571428571428,0.7674418604651163,0.07500000000000001,0.6666666666666679,16816,0.8919813464595485,0.45207220393230435,0.49999999999999994,-0.8660254037844387
1.0,0.08474756003985667,0.2777777777777779,0.7428571428571428,0.6395348837209303,0.125,0.6476190476190489,27173,0.8919813464595485,0.45207220393230435,-0.2588190451025208,-0.9659258262890683
1.0,0.322831613362928,0.2777777777777779,0.7428571428571428,0.5581395348837208,0.25,0.6190476190476168,15652,0.8919813464595485,0.45207220393230435,-0.8660254037844385,-0.5000000000000004
1.0,0.5609156657693756,0.2777777777777779,0.7428571428571428,0.6744186046511627,0.25,0.6190476190476168,86,0.8919813464595485,0.45207220393230435,-0.9659258262890684,0.2588190451025203
0.0,0.7989997190924469,0.2777777777777779,0.7428571428571428,0.7325581395348837,0.17500000000000002,0.6285714285714299,0,0.8919813464595485,0.45207220393230435,-0.5000000000000004,0.8660254037844384
0.0,0.7728276018055547,0.2777777777777779,0.7714285714285714,0.7325581395348837,0.35000000000000003,0.6285714285714299,0,0.8996308696522433,0.43665123195606403,0.25881904510252074,0.9659258262890683
0.0,0.5354286824620694,0.2777777777777779,0.7714285714285714,0.6627906976744187,0.225,0.6285714285714299,0,0.8996308696522433,0.43665123195606403,0.8660254037844386,0.5000000000000001
1.0,0.29802976311858437,0.2777777777777779,0.7714285714285714,0.7674418604651163,0.07500000000000001,0.6285714285714299,467,0.8996308696522433,0.43665123195606403,0.9659258262890683,-0.25881904510252063
1.0,0.060630844691722856,0.2777777777777779,0.7714285714285714,0.6162790697674418,0.35000000000000003,0.6380952380952358,21939,0.8996308696522433,0.43665123195606403,0.49999999999999994,-0.8660254037844387
1.0,0.08437073607609719,0.2777777777777779,0.7714285714285714,0.5813953488372092,0.42500000000000004,0.6190476190476168,16806,0.8996308696522433,0.43665123195606403,-0.2588190451025208,-0.9659258262890683
1.0,0.32176965541958236,0.2777777777777779,0.7714285714285714,0.5813953488372092,0.45,0.5904761904761919,14635,0.8996308696522433,0.43665123195606403,-0.8660254037844385,-0.5000000000000004
1.0,0.5591685747630675,0.2777777777777779,0.7714285714285714,0.7325581395348837,0.375,0.5999999999999979,335,0.8996308696522433,0.43665123195606403,-0.9659258262890684,0.2588190451025203
0.0,0.7965674931899289,0.2777777777777779,0.7714285714285714,0.7674418604651163,0.275,0.5999999999999979,0,0.8996308696522433,0.43665123195606403,-0.5000000000000004,0.8660254037844384
0.0,0.769307431680507,0.2777777777777779,0.7714285714285714,0.8372093023255813,0.15000000000000002,0.5904761904761919,0,0.9070138128026359,0.4211008707960896,0.25881904510252074,0.9659258262890683
0.0,0.5329288519022343,0.2777777777777779,0.7714285714285714,0.9186046511627906,0.0,0.5714285714285694,0,0.9070138128026359,0.4211008707960896,0.8660254037844386,0.5000000000000001
1.0,0.29655027120733807,0.2777777777777779,0.7714285714285714,0.9186046511627906,0.0,0.5999999999999979,1364,0.9070138128026359,0.4211008707960896,0.9659258262890683,-0.25881904510252063
1.0,0.06017169142906543,0.2777777777777779,0.7714285714285714,0.7674418604651163,0.15000000000000002,0.6380952380952358,19736,0.9070138128026359,0.4211008707960896,0.49999999999999994,-0.8660254037844387
1.0,0.08380954977354213,0.2777777777777779,0.7714285714285714,0.7093023255813953,0.07500000000000001,0.6095238095238109,30769,0.9070138128026359,0.4211008707960896,-0.2588190451025208,-0.9659258262890683
1.0,0.3201881295518148,0.2777777777777779,0.7714285714285714,0.6162790697674418,0.35000000000000003,0.5619047619047635,15836,0.9070138128026359,0.4211008707960896,-0.8660254037844385,-0.5000000000000004
1.0,0.5565667093300873,0.2777777777777779,0.7714285714285714,0.7325581395348837,0.325,0.5619047619047635,228,0.9070138128026359,0.4211008707960896,-0.9659258262890684,0.2588190451025203
0.0,0.79294528910836,0.2777777777777779,0.7714285714285714,0.7674418604651163,0.2,0.5619047619047635,0,0.9070138128026359,0.4211008707960896,-0.5000000000000004,0.8660254037844384
0.0,0.844235688857181,0.2777777777777779,0.7142857142857143,0.8023255813953487,0.15000000000000002,0.5619047619047635,0,0.9141279881853337,0.40542572835999735,0.25881904510252074,0.9659258262890683
0.0,0.6085324764339898,0.2777777777777779,0.7142857142857143,0.8023255813953487,0.07500000000000001,0.5238095238095255,0,0.9141279881853337,0.40542572835999735,0.8660254037844386,0.5000000000000001
1.0,0.3728292640107988,0.2777777777777779,0.7142857142857143,0.7325581395348837,0.225,0.5238095238095255,331,0.9141279881853337,0.40542572835999735,0.9659258262890683,-0.25881904510252063
1.0,0.13712605158760763,0.2777777777777779,0.7142857142857143,0.6744186046511627,0.125,0.5238095238095255,14201,0.9141279881853337,0.40542572835999735,0.49999999999999994,-0.8660254037844387
1.0,0.0061798222599184285,0.2777777777777779,0.7142857142857143,0.5232558139534884,0.42500000000000004,0.5047619047619065,31911,0.9141279881853337,0.40542572835999735,-0.2588190451025208,-0.9659258262890683
1.0,0.24188303468310954,0.2777777777777779,0.7142857142857143,0.5813953488372092,0.55,0.466666666666665,16173,0.9141279881853337,0.40542572835999735,-0.8660254037844385,-0.5000000000000004
1.0,0.47758624710630065,0.2777777777777779,0.7142857142857143,0.6627906976744187,0.25,0.45714285714285907,230,0.9141279881853337,0.40542572835999735,-0.9659258262890684,0.2588190451025203
0.0,0.7132894604461154,0.2777777777777779,0.7142857142857143,0.5465116279069768,0.6000000000000001,0.47619047619047805,0,0.9141279881853337,0.40542572835999735,-0.5000000000000004,0.8660254037844384
0.0,0.8404358275384826,0.19444444444444442,0.7999999999999999,0.5116279069767442,0.45,0.5047619047619065,0,0.9209712877166346,0.38963044953078796,0.25881904510252074,0.9659258262890683
0.0,0.6057384601114478,0.19444444444444442,0.7999999999999999,0.5930232558139534,0.25,0.5333333333333314,0,0.9209712877166346,0.38963044953078796,0.8660254037844386,0.5000000000000001
1.0,0.3710410936010369,0.19444444444444442,0.7999999999999999,0.45348837209302323,0.35000000000000003,0.5619047619047635,2292,0.9209712877166346,0.38963044953078796,0.9659258262890683,-0.25881904510252063
1.0,0.13634372709062575,0.19444444444444442,0.7999999999999999,0.3953488372093023,0.275,0.6095238095238109,25550,0.9209712877166346,0.38963044953078796,0.49999999999999994,-0.8660254037844387
1.0,0.005956300844120244,0.19444444444444442,0.7999999999999999,0.3604651162790698,0.375,0.6095238095238109,32890,0.9209712877166346,0.38963044953078796,-0.2588190451025208,-0.9659258262890683
1.0,0.24065366735453128,0.19444444444444442,0.7999999999999999,0.4186046511627907,0.45,0.5999999999999979,17309,0.9209712877166346,0.38963044953078796,-0.8660254037844385,-0.5000000000000004
1.0,0.475351034781566,0.19444444444444442,0.7999999999999999,0.569767441860465,0.4,0.6190476190476168,244,0.9209712877166346,0.38963044953078796,-0.9659258262890684,0.2588190451025203
0.0,0.7100484012919769,0.19444444444444442,0.7999999999999999,0.627906976744186,0.2,0.6476190476190489,0,0.9209712877166346,0.38963044953078796,-0.5000000000000004,0.8660254037844384
0.0,0.8379205518709135,0.16666666666666674,0.7428571428571428,0.5930232558139534,0.125,0.6571428571428584,0,0.9275416835791966,0.37371971479046906,0.25881904510252074,0.9659258262890683
0.0,0.6038889932480139,0.16666666666666674,0.7428571428571428,0.7558139534883721,0.07500000000000001,0.6476190476190489,0,0.9275416835791966,0.37371971479046906,0.8660254037844386,0.5000000000000001
1.0,0.36985743462511445,0.16666666666666674,0.7428571428571428,0.7325581395348837,0.15000000000000002,0.6666666666666679,2552,0.9275416835791966,0.37371971479046906,0.9659258262890683,-0.25881904510252063
1.0,0.13582587600221482,0.16666666666666674,0.7428571428571428,0.6627906976744187,0.07500000000000001,0.6857142857142833,24464,0.9275416835791966,0.37371971479046906,0.49999999999999994,-0.8660254037844387
1.0,0.005808344045019689,0.16666666666666674,0.7428571428571428,0.3604651162790698,0.07500000000000001,0.6285714285714299,32187,0.9275416835791966,0.37371971479046906,-0.2588190451025208,-0.9659258262890683
1.0,0.2398399026679193,0.16666666666666674,0.7428571428571428,0.45348837209302323,0.42500000000000004,0.5714285714285694,16680,0.9275416835791966,0.37371971479046906,-0.8660254037844385,-0.5000000000000004
1.0,0.47387146129081886,0.16666666666666674,0.7428571428571428,0.5465116279069768,0.42500000000000004,0.5619047619047635,160,0.9275416835791966,0.37371971479046906,-0.9659258262890684,0.2588190451025203
0.0,0.7079030189970947,0.16666666666666674,0.7428571428571428,0.6627906976744187,0.15000000000000002,0.5809523809523789,0,0.9275416835791966,0.37371971479046906,-0.5000000000000004,0.8660254037844384
0.0,0.8354195077014261,0.22222222222222232,0.7714285714285714,0.6860465116279069,0.0,0.5619047619047635,0,0.9338372288229252,0.35769823883312546,0.25881904510252074,0.9659258262890683
0.0,0.6020499905596477,0.22222222222222232,0.7714285714285714,0.6860465116279069,0.07500000000000001,0.5333333333333314,0,0.9338372288229252,0.35769823883312546,0.8660254037844386,0.5000000000000001
1.0,0.36868047250124564,0.22222222222222232,0.7714285714285714,0.7558139534883721,0.0,0.5428571428571445,2089,0.9338372288229252,0.35769823883312546,0.9659258262890683,-0.25881904510252063
1.0,0.1353109553594671,0.22222222222222232,0.7714285714285714,0.6976744186046511,0.125,0.5619047619047635,24003,0.9338372288229252,0.35769823883312546,0.49999999999999994,-0.8660254037844387
1.0,0.005661223206646339,0.22222222222222232,0.7714285714285714,0.313953488372093,0.0,0.5238095238095255,31376,0.9338372288229252,0.35769823883312546,-0.2588190451025208,-0.9659258262890683
1.0,0.23903074126504845,0.22222222222222232,0.7714285714285714,0.49999999999999994,0.35000000000000003,0.4952380952380935,16173,0.9338372288229252,0.35769823883312546,-0.8660254037844385,-0.5000000000000004
1.0,0.47240025840682703,0.22222222222222232,0.7714285714285714,0.6395348837209303,0.4,0.5142857142857125,247,0.9338372288229252,0.35769823883312546,-0.9659258262890684,0.2588190451025203
0.0,0.7057697755486054,0.22222222222222232,0.7714285714285714,0.7325581395348837,0.17500000000000002,0.5523809523809504,0,0.9338372288229252,0.35769823883312546,-0.5000000000000004,0.8660254037844384
0.0,0.831639733272394,0.25,0.7714285714285714,0.8372093023255813,0.15000000000000002,0.5619047619047635,0,0.9398560579418954,0.3415707691678556,0.25881904510252074,0.9659258262890683
0.0,0.5989285223705487,0.25,0.7714285714285714,0.8372093023255813,0.0,0.5619047619047635,0,0.9398560579418954,0.3415707691678556,0.8660254037844386,0.5000000000000001
1.0,0.36621731055207996,0.25,0.7714285714285714,0.872093023255814,0.125,0.5904761904761919,1452,0.9398560579418954,0.3415707691678556,0.9659258262890683,-0.25881904510252063
1.0,0.1335060996502347,0.25,0.7714285714285714,0.7325581395348837,0.125,0.6190476190476168,22968,0.9398560579418954,0.3415707691678556,0.49999999999999994,-0.8660254037844387
1.0,0.006807773592569122,0.25,0.7714285714285714,0.5581395348837208,0.35000000000000003,0.5904761904761919,31733,0.9398560579418954,0.3415707691678556,-0.2588190451025208,-0.9659258262890683
1.0,0.23951898449441436,0.25,0.7714285714285714,0.6744186046511627,0.5,0.5904761904761919,16613,0.9398560579418954,0.3415707691678556,-0.8660254037844385,-0.5000000000000004
1.0,0.4722301953962596,0.25,0.7714285714285714,0.8023255813953487,0.42500000000000004,0.5904761904761919,264,0.9398560579418954,0.3415707691678556,-0.9659258262890684,0.2588190451025203
0.0,0.7049414072147284,0.25,0.7714285714285714,0.8372093023255813,0.325,0.6380952380952358,0,0.9398560579418954,0.3415707691678556,-0.5000000000000004,0.8660254037844384
0.0,0.8279409755372583,0.2777777777777779,0.7428571428571428,0.872093023255814,0.25,0.6380952380952358,0,0.9455963874271426,0.3253420847119801,0.25881904510252074,0.9659258262890683
0.0,0.5962102897377459,0.2777777777777779,0.7428571428571428,0.872093023255814,0.17500000000000002,0.6380952380952358,0,0.9455963874271426,0.3253420847119801,0.8660254037844386,0.5000000000000001
1.0,0.36447960302160975,0.2777777777777779,0.7428571428571428,0.8023255813953487,0.0,0.6476190476190489,738,0.9455963874271426,0.3253420847119801,0.9659258262890683,-0.25881904510252063
1.0,0.13274891630547367,0.2777777777777779,0.7428571428571428,0.7325581395348837,0.125,0.6666666666666679,22241,0.9455963874271426,0.3253420847119801,0.49999999999999994,-0.8660254037844387
1.0,0.0065844318349973854,0.2777777777777779,0.7428571428571428,0.6744186046511627,0.35000000000000003,0.6095238095238109,31880,0.9455963874271426,0.3253420847119801,-0.2588190451025208,-0.9659258262890683
1.0,0.23831511763450988,0.2777777777777779,0.7428571428571428,0.6744186046511627,0.6000000000000001,0.5809523809523789,16760,0.9455963874271426,0.3253420847119801,-0.8660254037844385,-0.5000000000000004
1.0,0.47004580435064597,0.2777777777777779,0.7428571428571428,0.8023255813953487,0.35000000000000003,0.5619047619047635,277,0.9455963874271426,0.3253420847119801,-0.9659258262890684,0.2588190451025203
0.0,0.7017764910667821,0.2777777777777779,0.7428571428571428,0.7325581395348837,0.325,0.5904761904761919,0,0.9455963874271426,0.3253420847119801,-0.5000000000000004,0.8660254037844384
0.0,0.8254924053192507,0.25,0.7428571428571428,0.7325581395348837,0.375,0.5714285714285694,0,0.9510565162951535,0.30901699437494745,0.25881904510252074,0.9659258262890683
0.0,0.5944108246919307,0.25,0.7428571428571428,0.6627906976744187,0.275,0.5523809523809504,0,0.9510565162951535,0.30901699437494745,0.8660254037844386,0.5000000000000001
1.0,0.3633292431479872,0.25,0.7428571428571428,0.6046511627906976,0.225,0.5428571428571445,1260,0.9510565162951535,0.30901699437494745,0.9659258262890683,-0.25881904510252063
1.0,0.1322476625206672,0.25,0.7428571428571428,0.6046511627906976,0.42500000000000004,0.5714285714285694,13083,0.9510565162951535,0.30901699437494745,0.49999999999999994,-0.8660254037844387
1.0,0.006436579530987738,0.25,0.7428571428571428,0.5813953488372092,0.42500000000000004,0.5428571428571445,16045,0.9510565162951535,0.30901699437494745,-0.2588190451025208,-0.9659258262890683
1.0,0.23751816107493137,0.25,0.7428571428571428,0.5813953488372092,0.4,0.5238095238095255,10900,0.9510565162951535,0.30901699437494745,-0.8660254037844385,-0.5000000000000004
1.0,0.4685997417022513,0.25,0.7428571428571428,0.6976744186046511,0.325,0.5333333333333314,229,0.9510565162951535,0.30901699437494745,-0.9659258262890684,0.2588190451025203
0.0,0.6996813223295714,0.25,0.7428571428571428,0.7325581395348837,0.25,0.5428571428571445,0,0.9510565162951535,0.30901699437494745,-0.5000000000000004,0.8660254037844384
0.0,0.8218451627473047,0.36111111111111116,0.48571428571428565,0.7325581395348837,0.2,0.5428571428571445,0,0.9562348265919056,0.29260033563334836,0.25881904510252074,0.9659258262890683
0.0,0.5917304504472358,0.36111111111111116,0.48571428571428565,0.9186046511627906,0.125,0.5333333333333314,0,0.9562348265919056,0.29260033563334836,0.8660254037844386,0.5000000000000001
1.0,0.3616157372305434,0.36111111111111116,0.48571428571428565,0.9534883720930232,0.17500000000000002,0.5714285714285694,234,0.9562348265919056,0.29260033563334836,0.9659258262890683,-0.25881904510252063
1.0,0.13150102493047455,0.36111111111111116,0.48571428571428565,0.8837209302325582,0.15000000000000002,0.6095238095238109,4700,0.9562348265919056,0.29260033563334836,0.49999999999999994,-0.8660254037844387
1.0,0.006216348793929259,0.36111111111111116,0.48571428571428565,0.7441860465116279,0.25,0.6095238095238109,8957,0.9562348265919056,0.29260033563334836,-0.2588190451025208,-0.9659258262890683
1.0,0.23633106109399812,0.36111111111111116,0.48571428571428565,0.7093023255813953,0.325,0.5999999999999979,4361,0.9562348265919056,0.29260033563334836,-0.8660254037844385,-0.5000000000000004
1.0,0.46644577339406695,0.36111111111111116,0.48571428571428565,0.7674418604651163,0.2,0.6190476190476168,12,0.9562348265919056,0.29260033563334836,-0.9659258262890684,0.2588190451025203
0.0,0.6965604856941359,0.36111111111111116,0.48571428571428565,0.8023255813953487,0.17500000000000002,0.6571428571428584,0,0.9562348265919056,0.29260033563334836,-0.5000000000000004,0.8660254037844384
0.0,0.8181557169913659,0.4722222222222223,0.5428571428571428,0.8837209302325582,0.325,0.6571428571428584,0,0.9611297838723007,0.27609697309746883,0.25881904510252074,0.9659258262890683
0.0,0.5886811012867058,0.4722222222222223,0.5428571428571428,0.9534883720930232,0.225,0.6666666666666679,0,0.9611297838723007,0.27609697309746883,0.8660254037844386,0.5000000000000001
1.0,0.3592064855820456,0.4722222222222223,0.5428571428571428,0.9534883720930232,0.17500000000000002,0.7047619047619023,324,0.9611297838723007,0.27609697309746883,0.9659258262890683,-0.25881904510252063
1.0,0.12973186987738541,0.4722222222222223,0.5428571428571428,0.8488372093023255,0.275,0.7428571428571438,6543,0.9611297838723007,0.27609697309746883,0.49999999999999994,-0.8660254037844387
1.0,0.007345408168233314,0.4722222222222223,0.5428571428571428,0.6744186046511627,0.25,0.7428571428571438,15051,0.9611297838723007,0.27609697309746883,-0.2588190451025208,-0.9659258262890683
1.0,0.2368200238728935,0.4722222222222223,0.5428571428571428,0.6511627906976745,0.4,0.7333333333333343,12293,0.9611297838723007,0.27609697309746883,-0.8660254037844385,-0.5000000000000004
1.0,0.4662946395775536,0.4722222222222223,0.5428571428571428,0.8488372093023255,0.2,0.7428571428571438,30,0.9611297838723007,0.27609697309746883,-0.9659258262890684,0.2588190451025203
0.0,0.6957692552822138,0.4722222222222223,0.5428571428571428,0.9186046511627906,0.15000000000000002,0.7714285714285687,0,0.9611297838723007,0.27609697309746883,-0.5000000000000004,0.8660254037844384
0.0,0.8145642170506728,0.4444444444444444,0.7714285714285714,0.9186046511627906,0.15000000000000002,0.7619047619047628,0,0.9657399376548549,0.2595117970697999,0.25881904510252074,0.9659258262890683
0.0,0.5860430970514996,0.4444444444444444,0.7714285714285714,0.9534883720930232,0.125,0.7619047619047628,0,0.9657399376548549,0.2595117970697999,0.8660254037844386,0.5000000000000001
1.0,0.3575219761357027,0.4444444444444444,0.7714285714285714,0.8837209302325582,0.0,0.7809523809523817,388,0.9657399376548549,0.2595117970697999,0.9659258262890683,-0.25881904510252063
1.0,0.12900085613652937,0.4444444444444444,0.7714285714285714,0.7093023255813953,0.15000000000000002,0.7904761904761877,15785,0.9657399376548549,0.2595117970697999,0.49999999999999994,-0.8660254037844387
1.0,0.00712292528697888,0.4444444444444444,0.7714285714285714,0.6744186046511627,0.125,0.7619047619047628,27142,0.9657399376548549,0.2595117970697999,-0.2588190451025208,-0.9659258262890683
1.0,0.23564404528615215,0.4444444444444444,0.7714285714285714,0.7441860465116279,0.375,0.7238095238095212,15649,0.9657399376548549,0.2595117970697999,-0.8660254037844385,-0.5000000000000004
1.0,0.4641651662019491,0.4444444444444444,0.7714285714285714,0.8372093023255813,0.55,0.7238095238095212,290,0.9657399376548549,0.2595117970697999,-0.9659258262890684,0.2588190451025203
0.0,0.6926862862011224,0.4444444444444444,0.7714285714285714,0.8837209302325582,0.35000000000000003,0.7238095238095212,0,0.9657399376548549,0.2595117970697999,-0.5000000000000004,0.8660254037844384
0.0,0.8121864184245356,0.4444444444444444,0.7999999999999999,0.9186046511627906,0.25,0.7142857142857153,0,0.9700639218515071,0.2428497220959356,0.25881904510252074,0.9659258262890683
0.0,0.5842965725185788,0.4444444444444444,0.7999999999999999,0.9186046511627906,0.15000000000000002,0.7047619047619023,0,0.9700639218515071,0.2428497220959356,0.8660254037844386,0.5000000000000001
1.0,0.35640672569599857,0.4444444444444444,0.7999999999999999,0.8837209302325582,0.0,0.7047619047619023,3180,0.9700639218515071,0.2428497220959356,0.9659258262890683,-0.25881904510252063
1.0,0.1285168797900418,0.4444444444444444,0.7999999999999999,0.8023255813953487,0.0,0.7047619047619023,23463,0.9700639218515071,0.2428497220959356,0.49999999999999994,-0.8660254037844387
1.0,0.006975628456873488,0.4444444444444444,0.7999999999999999,0.7093023255813953,0.125,0.6476190476190489,27536,0.9700639218515071,0.2428497220959356,-0.2588190451025208,-0.9659258262890683
1.0,0.2348654743628302,0.4444444444444444,0.7999999999999999,0.5465116279069768,0.42500000000000004,0.5904761904761919,13687,0.9700639218515071,0.2428497220959356,-0.8660254037844385,-0.5000000000000004
1.0,0.4627553211854106,0.4444444444444444,0.7999999999999999,0.6744186046511627,0.42500000000000004,0.5619047619047635,384,0.9700639218515071,0.2428497220959356,-0.9659258262890684,0.2588190451025203
0.0,0.6906451670913674,0.4444444444444444,0.7999999999999999,0.7325581395348837,0.2,0.5428571428571445,0,0.9700639218515071,0.2428497220959356,-0.5000000000000004,0.8660254037844384
0.0,0.8073834216490552,0.4722222222222223,0.7714285714285714,0.7674418604651163,0.07500000000000001,0.5333333333333314,0,0.9741004551724205,0.22611568550828828,0.25881904510252074,0.9659258262890683
0.0,0.5804339738139024,0.4722222222222223,0.7714285714285714,0.8372093023255813,0.2,0.5142857142857125,0,0.9741004551724205,0.22611568550828828,0.8660254037844386,0.5000000000000001
1.0,0.353484525062126,0.4722222222222223,0.7714285714285714,0.8372093023255813,0.325,0.5238095238095255,3324,0.9741004551724205,0.22611568550828828,0.9659258262890683,-0.25881904510252063
1.0,0.1265350772269732,0.4722222222222223,0.7714285714285714,0.7441860465116279,0.07500000000000001,0.5238095238095255,24644,0.9741004551724205,0.22611568550828828,0.49999999999999994,-0.8660254037844387
1.0,0.00801703203251456,0.4722222222222223,0.7714285714285714,0.6162790697674418,0.5,0.485714285714284,31762,0.9741004551724205,0.22611568550828828,-0.2588190451025208,-0.9659258262890683
1.0,0.23496648078429097,0.4722222222222223,0.7714285714285714,0.6511627906976745,0.6000000000000001,0.466666666666665,16724,0.9741004551724205,0.22611568550828828,-0.8660254037844385,-0.5000000000000004
1.0,0.4619159286194438,0.4722222222222223,0.7714285714285714,0.7325581395348837,0.42500000000000004,0.44761904761904603,330,0.9741004551724205,0.22611568550828828,-0.9659258262890684,0.2588190451025203
0.0,0.6888653764545966,0.4722222222222223,0.7714285714285714,0.8372093023255813,0.4,0.45714285714285907,0,0.9741004551724205,0.22611568550828828,-0.5000000000000004,0.8660254037844384
0.0,0.805041632581216,0.3333333333333335,0.7428571428571428,0.8837209302325582,0.35000000000000003,0.44761904761904603,0,0.9778483415056568,0.20931464596304847,0.25881904510252074,0.9659258262890683
0.0,0.5787148169119376,0.3333333333333335,0.7428571428571428,0.9186046511627906,0.45,0.44761904761904603,0,0.9778483415056568,0.20931464596304847,0.8660254037844386,0.5000000000000001
1.0,0.35238800124265934,0.3333333333333335,0.7428571428571428,0.9534883720930232,0.35000000000000003,0.45714285714285907,549,0.9778483415056568,0.20931464596304847,0.9659258262890683,-0.25881904510252063
1.0,0.1260611846567574,0.3333333333333335,0.7428571428571428,0.8023255813953487,0.25,0.466666666666665,21293,0.9778483415056568,0.20931464596304847,0.49999999999999994,-0.8660254037844387
1.0,0.007868292436855877,0.3333333333333335,0.7428571428571428,0.7093023255813953,0.5,0.4380952380952401,32324,0.9778483415056568,0.20931464596304847,-0.2588190451025208,-0.9659258262890683
1.0,0.23419510810613417,0.3333333333333335,0.7428571428571428,0.8023255813953487,0.6000000000000001,0.40952380952380807,16800,0.9778483415056568,0.20931464596304847,-0.8660254037844385,-0.5000000000000004
1.0,0.4605219237754125,0.3333333333333335,0.7428571428571428,0.8023255813953487,0.35000000000000003,0.3999999999999986,423,0.9778483415056568,0.20931464596304847,-0.9659258262890684,0.2588190451025203
0.0,0.6868487403613144,0.3333333333333335,0.7428571428571428,0.8372093023255813,0.275,0.40952380952380807,0,0.9778483415056568,0.20931464596304847,-0.5000000000000004,0.8660254037844384
0.0,0.801552942977237,0.2777777777777779,0.6,0.8023255813953487,0.35000000000000003,0.42857142857142705,0,0.9813064702716093,0.19245158197082998,0.25881904510252074,0.9659258262890683
0.0,0.5761536963147957,0.2777777777777779,0.6,0.8372093023255813,0.4,0.4190476190476211,0,0.9813064702716093,0.19245158197082998,0.8660254037844386,0.5000000000000001
1.0,0.350754448735731,0.2777777777777779,0.6,0.7325581395348837,0.17500000000000002,0.44761904761904603,892,0.9813064702716093,0.19245158197082998,0.9659258262890683,-0.25881904510252063
1.0,0.12535520207328968,0.2777777777777779,0.6,0.6395348837209303,0.25,0.466666666666665,5981,0.9813064702716093,0.19245158197082998,0.49999999999999994,-0.8660254037844387
1.0,0.007646706013486521,0.2777777777777779,0.6,0.7325581395348837,0.325,0.466666666666665,8283,0.9813064702716093,0.19245158197082998,-0.2588190451025208,-0.9659258262890683
1.0,0.2330459535925514,0.2777777777777779,0.6,0.7441860465116279,0.42500000000000004,0.44761904761904603,6459,0.9813064702716093,0.19245158197082998,-0.8660254037844385,-0.5000000000000004
1.0,0.45844520025499264,0.2777777777777779,0.6,0.7674418604651163,0.25,0.42857142857142705,189,0.9813064702716093,0.19245158197082998,-0.9659258262890684,0.2588190451025203
0.0,0.6838444469174338,0.2777777777777779,0.6,0.6976744186046511,0.0,0.4380952380952401,0,0.9813064702716093,0.19245158197082998,-0.5000000000000004,0.8660254037844384
0.0,0.7979941866649395,0.19444444444444442,0.7999999999999999,0.8372093023255813,0.25,0.44761904761904603,0,0.9844738167520922,0.1755314904214282,0.25881904510252074,0.9659258262890683
0.0,0.5732091071493863,0.19444444444444442,0.7999999999999999,0.7325581395348837,0.5,0.4952380952380935,0,0.9844738167520922,0.1755314904214282,0.8660254037844386,0.5000000000000001
1.0,0.34842402671720957,0.19444444444444442,0.7999999999999999,0.6046511627906976,0.65,0.5714285714285694,1569,0.9844738167520922,0.1755314904214282,0.9659258262890683,-0.25881904510252063
1.0,0.12363894720165636,0.19444444444444442,0.7999999999999999,0.5232558139534884,0.7250000000000001,0.6666666666666679,20733,0.9844738167520922,0.1755314904214282,0.49999999999999994,-0.8660254037844387
1.0,0.008748794654855382,0.19444444444444442,0.7999999999999999,0.46511627906976744,0.65,0.6952380952380963,20678,0.9844738167520922,0.1755314904214282,-0.2588190451025208,-0.9659258262890683
1.0,0.23353387508703213,0.19444444444444442,0.7999999999999999,0.47674418604651164,0.65,0.7047619047619023,16864,0.9844738167520922,0.1755314904214282,-0.8660254037844385,-0.5000000000000004
1.0,0.45831895460258537,0.19444444444444442,0.7999999999999999,0.5465116279069768,0.65,0.7428571428571438,390,0.9844738167520922,0.1755314904214282,-0.9659258262890684,0.2588190451025203
0.0,0.6831040350347621,0.19444444444444442,0.7999999999999999,0.569767441860465,0.4,0.7904761904761877,0,0.9844738167520922,0.1755314904214282,-0.5000000000000004,0.8660254037844384
0.0,0.7945578527679954,0.19444444444444442,0.7999999999999999,0.5930232558139534,0.125,0.8190476190476197,0,0.9873494423939864,0.15855938510313475,0.25881904510252074,0.9659258262890683
0.0,0.5706877725997924,0.19444444444444442,0.7999999999999999,0.6511627906976745,0.125,0.8095238095238066,0,0.9873494423939864,0.15855938510313475,0.8660254037844386,0.5000000000000001
1.0,0.34681769334821316,0.19444444444444442,0.7999999999999999,0.569767441860465,0.17500000000000002,0.8380952380952387,3732,0.9873494423939864,0.15855938510313475,0.9659258262890683,-0.25881904510252063
1.0,0.12294761318001018,0.19444444444444442,0.7999999999999999,0.3372093023255814,0.45,0.8571428571428541,27378,0.9873494423939864,0.15855938510313475,0.49999999999999994,-0.8660254037844387
1.0,0.0085251284125277,0.19444444444444442,0.7999999999999999,0.3372093023255814,0.4,0.8285714285714292,33387,0.9873494423939864,0.15855938510313475,-0.2588190451025208,-0.9659258262890683
1.0,0.232395207664107,0.19444444444444442,0.7999999999999999,0.49999999999999994,0.7000000000000001,0.7809523809523817,17470,0.9873494423939864,0.15855938510313475,-0.8660254037844385,-0.5000000000000004
1.0,0.4562652878323101,0.19444444444444442,0.7999999999999999,0.5813953488372092,0.4,0.7428571428571438,426,0.9873494423939864,0.15855938510313475,-0.9659258262890684,0.2588190451025203
0.0,0.6801353670838893,0.19444444444444442,0.7999999999999999,0.6976744186046511,0.35000000000000003,0.7619047619047628,0,0.9873494423939864,0.15855938510313475,-0.5000000000000004,0.8660254037844384
0.0,0.7922824629974335,0.2777777777777779,0.7428571428571428,0.7325581395348837,0.2,0.7523809523809533,0,0.989932495087353,0.141540295217043,0.25881904510252074,0.9659258262890683
0.0,0.5690182563657463,0.2777777777777779,0.7428571428571428,0.8023255813953487,0.0,0.7333333333333343,0,0.989932495087353,0.141540295217043,0.8660254037844386,0.5000000000000001
1.0,0.3457540488174355,0.2777777777777779,0.7428571428571428,0.7674418604651163,0.07500000000000001,0.7523809523809533,3507,0.989932495087353,0.141540295217043,0.9659258262890683,-0.25881904510252063
1.0,0.12248984218574818,0.2777777777777779,0.7428571428571428,0.6162790697674418,0.15000000000000002,0.7714285714285687,25440,0.989932495087353,0.141540295217043,0.49999999999999994,-0.8660254037844387
1.0,0.00837702587027405,0.2777777777777779,0.7428571428571428,0.5348837209302326,0.42500000000000004,0.7142857142857153,32254,0.989932495087353,0.141540295217043,-0.2588190451025208,-0.9659258262890683
1.0,0.2316412325019613,0.2777777777777779,0.7428571428571428,0.6162790697674418,0.525,0.6761904761904773,17103,0.989932495087353,0.141540295217043,-0.8660254037844385,-0.5000000000000004
1.0,0.4549054391336486,0.2777777777777779,0.7428571428571428,0.7674418604651163,0.55,0.6571428571428584,445,0.989932495087353,0.141540295217043,-0.9659258262890684,0.2588190451025203
0.0,0.6781696457653359,0.2777777777777779,0.7428571428571428,0.8372093023255813,0.275,0.6666666666666679,0,0.989932495087353,0.141540295217043,-0.5000000000000004,0.8660254037844384
0.0,0.7888923773444484,0.36111111111111116,0.7428571428571428,0.8837209302325582,0.17500000000000002,0.6571428571428584,0,0.9922222094179323,0.12447926388678915,0.25881904510252074,0.9659258262890683
0.0,0.5665308561386101,0.36111111111111116,0.7428571428571428,0.872093023255814,0.07500000000000001,0.6380952380952358,0,0.9922222094179323,0.12447926388678915,0.8660254037844386,0.5000000000000001
1.0,0.3441693349327719,0.36111111111111116,0.7428571428571428,0.8372093023255813,0.125,0.6476190476190489,3621,0.9922222094179323,0.12447926388678915,0.9659258262890683,-0.25881904510252063
1.0,0.12180781372693367,0.36111111111111116,0.7428571428571428,0.6162790697674418,0.275,0.6571428571428584,24151,0.9922222094179323,0.12447926388678915,0.49999999999999994,-0.8660254037844387
1.0,0.008156368903239543,0.36111111111111116,0.7428571428571428,0.5348837209302326,0.5,0.6190476190476168,27094,0.9922222094179323,0.12447926388678915,-0.2588190451025208,-0.9659258262890683
1.0,0.23051789010907778,0.36111111111111116,0.7428571428571428,0.5581395348837208,0.6000000000000001,0.5904761904761919,14349,0.9922222094179323,0.12447926388678915,-0.8660254037844385,-0.5000000000000004
1.0,0.4528794122315396,0.36111111111111116,0.7428571428571428,0.8023255813953487,0.775,0.5619047619047635,350,0.9922222094179323,0.12447926388678915,-0.9659258262890684,0.2588190451025203
0.0,0.6752409334373778,0.36111111111111116,0.7428571428571428,0.8372093023255813,0.625,0.5904761904761919,0,0.9922222094179323,0.12447926388678915,-0.5000000000000004,0.8660254037844384
0.0,0.7865347536038435,0.41666666666666674,0.7428571428571428,0.8837209302325582,0.42500000000000004,0.5714285714285694,0,0.994217906893952,0.10738134666416309,0.25881904510252074,0.9659258262890683
0.0,0.5644725072549636,0.41666666666666674,0.7428571428571428,0.8837209302325582,0.25,0.5428571428571445,0,0.994217906893952,0.10738134666416309,0.8660254037844386,0.5000000000000001
1.0,0.3424102609060837,0.41666666666666674,0.7428571428571428,0.8372093023255813,0.275,0.5428571428571445,4074,0.994217906893952,0.10738134666416309,0.9659258262890683,-0.25881904510252063
1.0,0.1203480154738274,0.41666666666666674,0.7428571428571428,0.6744186046511627,0.17500000000000002,0.5428571428571445,26663,0.994217906893952,0.10738134666416309,0.49999999999999994,-0.8660254037844387
1.0,0.009316892299387453,0.41666666666666674,0.7428571428571428,0.5348837209302326,0.42500000000000004,0.5142857142857125,31714,0.994217906893952,0.10738134666416309,-0.2588190451025208,-0.9659258262890683
1.0,0.23137913864826734,0.41666666666666674,0.7428571428571428,0.6511627906976745,0.6000000000000001,0.47619047619047805,16656,0.994217906893952,0.10738134666416309,-0.8660254037844385,-0.5000000000000004
1.0,0.45344138408052365,0.41666666666666674,0.7428571428571428,0.7325581395348837,0.55,0.466666666666665,573,0.994217906893952,0.10738134666416309,-0.9659258262890684,0.2588190451025203
0.0,0.6755036304294035,0.41666666666666674,0.7428571428571428,0.8023255813953487,0.5,0.485714285714284,0,0.994217906893952,0.10738134666416309,-0.5000000000000004,0.8660254037844384
0.0,0.7831859590943646,0.5555555555555556,0.7714285714285714,0.8372093023255813,0.275,0.47619047619047805,0,0.995918996147179,0.09025161003104117,0.25881904510252074,0.9659258262890683
0.0,0.5620167250424367,0.5555555555555556,0.7714285714285714,0.8023255813953487,0.325,0.47619047619047805,0,0.995918996147179,0.09025161003104117,0.8660254037844386,0.5000000000000001
1.0,0.34084749099050893,0.5555555555555556,0.7714285714285714,0.8023255813953487,0.15000000000000002,0.5047619047619065,4440,0.995918996147179,0.09025161003104117,0.9659258262890683,-0.25881904510252063
1.0,0.11967825602195745,0.5555555555555556,0.7714285714285714,0.5930232558139534,0.0,0.5238095238095255,25704,0.995918996147179,0.09025161003104117,0.49999999999999994,-0.8660254037844387
1.0,0.009093639454305337,0.5555555555555556,0.7714285714285714,0.313953488372093,0.35000000000000003,0.5047619047619065,31885,0.995918996147179,0.09025161003104117,-0.2588190451025208,-0.9659258262890683
1.0,0.23026287350623317,0.5555555555555556,0.7714285714285714,0.441860465116279,0.45,0.47619047619047805,17252,0.995918996147179,0.09025161003104117,-0.8660254037844385,-0.5000000000000004
1.0,0.451432107558161,0.5555555555555556,0.7714285714285714,0.6744186046511627,0.325,0.485714285714284,404,0.995918996147179,0.09025161003104117,-0.9659258262890684,0.2588190451025203
0.0,0.6726013425267126,0.5555555555555556,0.7714285714285714,0.7674418604651163,0.225,0.4952380952380935,0,0.995918996147179,0.09025161003104117,-0.5000000000000004,0.8660254037844384
0.0,0.7809683532758227,0.4722222222222223,0.7714285714285714,0.7674418604651163,0.07500000000000001,0.485714285714284,0,0.9973249731081555,0.07309512989807777,0.25881904510252074,0.9659258262890683
0.0,0.5603904807755061,0.4722222222222223,0.7714285714285714,0.8023255813953487,0.07500000000000001,0.466666666666665,0,0.9973249731081555,0.07309512989807777,0.8660254037844386,0.5000000000000001
1.0,0.3398126082751894,0.4722222222222223,0.7714285714285714,0.8023255813953487,0.125,0.4952380952380935,4023,0.9973249731081555,0.07309512989807777,0.9659258262890683,-0.25881904510252063
1.0,0.11923473485824906,0.4722222222222223,0.7714285714285714,0.7441860465116279,0.15000000000000002,0.4952380952380935,25824,0.9973249731081555,0.07309512989807777,0.49999999999999994,-0.8660254037844387
1.0,0.008945799066402547,0.4722222222222223,0.7714285714285714,0.47674418604651164,0.275,0.4380952380952401,32377,0.9973249731081555,0.07309512989807777,-0.2588190451025208,-0.9659258262890683
1.0,0.22952367156671924,0.4722222222222223,0.7714285714285714,0.6162790697674418,0.5,0.40952380952380807,17421,0.9973249731081555,0.07309512989807777,-0.8660254037844385,-0.5000000000000004
1.0,0.4501015440670359,0.4722222222222223,0.7714285714285714,0.6744186046511627,0.525,0.39047619047619264,514,0.9973249731081555,0.07309512989807777,-0.9659258262890684,0.2588190451025203
0.0,0.6706794165673526,0.4722222222222223,0.7714285714285714,0.8023255813953487,0.5,0.4380952380952401,0,0.9973249731081555,0.07309512989807777,-0.5000000000000004,0.8660254037844384
0.0,0.776443553597518,0.3333333333333335,0.7714285714285714,0.8372093023255813,0.525,0.4190476190476211,0,0.9984354211555643,0.055916990100603484,0.25881904510252074,0.9659258262890683
0.0,0.5567468176187351,0.3333333333333335,0.7714285714285714,0.9186046511627906,0.5750000000000001,0.3999999999999986,0,0.9984354211555643,0.055916990100603484,0.8660254037844386,0.5000000000000001
1.0,0.3370500816399522,0.3333333333333335,0.7714285714285714,0.7325581395348837,0.45,0.4380952380952401,4374,0.9984354211555643,0.055916990100603484,0.9659258262890683,-0.25881904510252063
1.0,0.11735334566116917,0.3333333333333335,0.7714285714285714,0.45348837209302323,0.225,0.466666666666665,27279,0.9984354211555643,0.055916990100603484,0.49999999999999994,-0.8660254037844387
1.0,0.009946051741948701,0.3333333333333335,0.7714285714285714,0.3720930232558139,0.55,0.466666666666665,33390,0.9984354211555643,0.055916990100603484,-0.2588190451025208,-0.9659258262890683
1.0,0.2296427886373553,0.3333333333333335,0.7714285714285714,0.4302325581395348,0.65,0.4380952380952401,18105,0.9984354211555643,0.055916990100603484,-0.8660254037844385,-0.5000000000000004
1.0,0.44933952461613824,0.3333333333333335,0.7714285714285714,0.6395348837209303,0.5750000000000001,0.44761904761904603,516,0.9984354211555643,0.055916990100603484,-0.9659258262890684,0.2588190451025203
0.0,0.669036260594921,0.3333333333333335,0.7714285714285714,0.3255813953488372,0.325,0.5047619047619065,0,0.9984354211555643,0.055916990100603484,-0.5000000000000004,0.8660254037844384
0.0,0.7742585804959156,0.41666666666666674,0.8857142857142857,0.3255813953488372,0.7000000000000001,0.5047619047619065,0,0.9992500112396835,0.03872228089217446,0.25881904510252074,0.9659258262890683
0.0,0.5551453689369263,0.41666666666666674,0.8857142857142857,0.3255813953488372,0.6000000000000001,0.5238095238095255,0,0.9992500112396835,0.03872228089217446,0.8660254037844386,0.5000000000000001
1.0,0.3360321564613136,0.41666666666666674,0.8857142857142857,0.3023255813953488,0.4,0.5714285714285694,4463,0.9992500112396835,0.03872228089217446,0.9659258262890683,-0.25881904510252063
1.0,0.11691894398570077,0.41666666666666674,0.8857142857142857,0.25581395348837205,0.325,0.5999999999999979,27647,0.9992500112396835,0.03872228089217446,0.49999999999999994,-0.8660254037844387
1.0,0.009796928997623397,0.41666666666666674,0.8857142857142857,0.11627906976744184,0.07500000000000001,0.5714285714285694,33045,0.9992500112396835,0.03872228089217446,-0.2588190451025208,-0.9659258262890683
1.0,0.2289101414732362,0.41666666666666674,0.8857142857142857,0.4302325581395348,0.5750000000000001,0.5428571428571445,17848,0.9992500112396835,0.03872228089217446,-0.8660254037844385,-0.5000000000000004
1.0,0.44802335394884907,0.41666666666666674,0.8857142857142857,0.5813953488372092,0.45,0.5523809523809504,519,0.9992500112396835,0.03872228089217446,-0.9659258262890684,0.2588190451025203
0.0,0.6671365664244618,0.41666666666666674,0.8857142857142857,0.6627906976744187,0.225,0.5904761904761919,0,0.9992500112396835,0.03872228089217446,-0.5000000000000004,0.8660254037844384
0.0,0.7710027985334437,0.41666666666666674,0.7428571428571428,0.7325581395348837,0.15000000000000002,0.5999999999999979,0,0.9997685019798909,0.021516097436222254,0.25881904510252074,0.9659258262890683
0.0,0.5527590823762126,0.41666666666666674,0.7428571428571428,0.6976744186046511,0.125,0.5809523809523789,0,0.9997685019798909,0.021516097436222254,0.8660254037844386,0.5000000000000001
1.0,0.3345153671356052,0.41666666666666674,0.7428571428571428,0.8372093023255813,0.07500000000000001,0.5999999999999979,4386,0.9997685019798909,0.021516097436222254,0.9659258262890683,-0.25881904510252063
1.0,0.11627165189499772,0.41666666666666674,0.7428571428571428,0.6744186046511627,0.07500000000000001,0.6095238095238109,25419,0.9997685019798909,0.021516097436222254,0.49999999999999994,-0.8660254037844387
1.0,0.009574724769944691,0.41666666666666674,0.7428571428571428,0.3604651162790698,0.4,0.5619047619047635,31423,0.9997685019798909,0.021516097436222254,-0.2588190451025208,-0.9659258262890683
1.0,0.22781844001055215,0.41666666666666674,0.7428571428571428,0.441860465116279,0.625,0.5142857142857125,17640,0.9997685019798909,0.021516097436222254,-0.8660254037844385,-0.5000000000000004
1.0,0.4460621552511597,0.41666666666666674,0.7428571428571428,0.5581395348837208,0.775,0.466666666666665,716,0.9997685019798909,0.021516097436222254,-0.9659258262890684,0.2588190451025203
0.0,0.6643058704917671,0.41666666666666674,0.7428571428571428,0.8023255813953487,0.65,0.4952380952380935,0,0.9997685019798909,0.021516097436222254,-0.5000000000000004,0.8660254037844384
0.0,0.7676373278907305,0.38888888888888884,0.7428571428571428,0.7325581395348837,0.65,0.47619047619047805,0,0.9999907397361901,0.004303538296244289,0.25881904510252074,0.9659258262890683
0.0,0.5499694530142412,0.38888888888888884,0.7428571428571428,0.7325581395348837,0.4,0.485714285714284,0,0.9999907397361901,0.004303538296244289,0.8660254037844386,0.5000000000000001
1.0,0.33230157905437563,0.38888888888888884,0.7428571428571428,0.7325581395348837,0.35000000000000003,0.5047619047619065,4488,0.9999907397361901,0.004303538296244289,0.9659258262890683,-0.25881904510252063
1.0,0.11463370417788635,0.38888888888888884,0.7428571428571428,0.46511627906976744,0.25,0.5142857142857125,26755,0.9999907397361901,0.004303538296244289,0.49999999999999994,-0.8660254037844387
1.0,0.010636831206314222,0.38888888888888884,0.7428571428571428,0.441860465116279,0.625,0.4952380952380935,32471,0.9999907397361901,0.004303538296244289,-0.2588190451025208,-0.9659258262890683
1.0,0.22830470608280348,0.38888888888888884,0.7428571428571428,0.5348837209302326,0.65,0.44761904761904603,17465,0.9999907397361901,0.004303538296244289,-0.8660254037844385,-0.5000000000000004
1.0,0.44597258004266904,0.38888888888888884,0.7428571428571428,0.7674418604651163,0.625,0.42857142857142705,523,0.9999907397361901,0.004303538296244289,-0.9659258262890684,0.2588190451025203
0.0,0.6636404540025347,0.38888888888888884,0.7428571428571428,0.8372093023255813,0.5,0.466666666666665,0,0.9999907397361901,0.004303538296244289,-0.5000000000000004,0.8660254037844384
0.0,0.7644290389470721,0.3333333333333335,0.7428571428571428,0.9186046511627906,0.7000000000000001,0.466666666666665,0,0.9999166586547379,-0.01291029607500882,0.25881904510252074,0.9659258262890683
0.0,0.5476192502583372,0.3333333333333335,0.7428571428571428,0.8372093023255813,0.2,0.4380952380952401,0,0.9999166586547379,-0.01291029607500882,0.8660254037844386,0.5000000000000001
1.0,0.3308094624862262,0.3333333333333335,0.7428571428571428,0.872093023255814,0.42500000000000004,0.45714285714285907,4764,0.9999166586547379,-0.01291029607500882,0.9659258262890683,-0.25881904510252063
1.0,0.1139996737974914,0.3333333333333335,0.7428571428571428,0.7093023255813953,0.6000000000000001,0.47619047619047805,27354,0.9999166586547379,-0.01291029607500882,0.49999999999999994,-0.8660254037844387
1.0,0.010412775398954674,0.3333333333333335,0.7428571428571428,0.7093023255813953,0.8,0.45714285714285907,33463,0.9999166586547379,-0.01291029607500882,-0.2588190451025208,-0.9659258262890683
1.0,0.22722256317106584,0.3333333333333335,0.7428571428571428,0.5813953488372092,0.9500000000000001,0.39047619047619264,18575,0.9999166586547379,-0.01291029607500882,-0.8660254037844385,-0.5000000000000004
1.0,0.4440323518598006,0.3333333333333335,0.7428571428571428,0.6976744186046511,0.625,0.40952380952380807,568,0.9999166586547379,-0.01291029607500882,-0.9659258262890684,0.2588190451025203
0.0,0.6608421396319117,0.3333333333333335,0.7428571428571428,0.7674418604651163,0.7000000000000001,0.4380952380952401,0,0.9999166586547379,-0.01291029607500882,-0.5000000000000004,0.8660254037844384
0.0,0.7623041954372931,0.25,0.7714285714285714,0.8023255813953487,0.55,0.4380952380952401,0,0.9995462806873573,-0.030120304846908114,0.25881904510252074,0.9659258262890683
0.0,0.5460627161331431,0.25,0.7714285714285714,0.7325581395348837,0.42500000000000004,0.4380952380952401,0,0.9995462806873573,-0.030120304846908114,0.8660254037844386,0.5000000000000001
1.0,0.3298212368289931,0.25,0.7714285714285714,0.6627906976744187,0.325,0.4952380952380935,4944,0.9995462806873573,-0.030120304846908114,0.9659258262890683,-0.25881904510252063
1.0,0.11357975752484298,0.25,0.7714285714285714,0.47674418604651164,0.5,0.4952380952380935,28147,0.9995462806873573,-0.030120304846908114,0.49999999999999994,-0.8660254037844387
1.0,0.010264384120265653,0.25,0.7714285714285714,0.4302325581395348,0.65,0.47619047619047805,34212,0.9995462806873573,-0.030120304846908114,-0.2588190451025208,-0.9659258262890683
1.0,0.22650586342441573,0.25,0.7714285714285714,0.4302325581395348,0.7000000000000001,0.4380952380952401,18643,0.9995462806873573,-0.030120304846908114,-0.8660254037844385,-0.5000000000000004
1.0,0.4427473427285658,0.25,0.7714285714285714,0.6395348837209303,0.45,0.44761904761904603,561,0.9995462806873573,-0.030120304846908114,-0.9659258262890684,0.2588190451025203
0.0,0.6589888220327158,0.25,0.7714285714285714,0.6627906976744187,0.35000000000000003,0.4952380952380935,0,0.9995462806873573,-0.030120304846908114,-0.5000000000000004,0.8660254037844384
0.0,0.7591377347785734,0.3055555555555556,0.7714285714285714,0.7674418604651163,0.15000000000000002,0.4952380952380935,0,0.9988797155850336,-0.04732138832243185,0.25881904510252074,0.9659258262890683
0.0,0.5437431542710864,0.3055555555555556,0.7714285714285714,0.8023255813953487,0.15000000000000002,0.5142857142857125,0,0.9988797155850336,-0.04732138832243185,0.8660254037844386,0.5000000000000001
1.0,0.3283485737635994,0.3055555555555556,0.7714285714285714,0.7325581395348837,0.0,0.5333333333333314,5397,0.9988797155850336,-0.04732138832243185,0.9659258262890683,-0.25881904510252063
1.0,0.11295399325611233,0.3055555555555556,0.7714285714285714,0.26744186046511625,0.07500000000000001,0.5619047619047635,27967,0.9988797155850336,-0.04732138832243185,0.49999999999999994,-0.8660254037844387
1.0,0.01004324867570966,0.3055555555555556,0.7714285714285714,0.27906976744186046,0.0,0.5523809523809504,33706,0.9988797155850336,-0.04732138832243185,-0.2588190451025208,-0.9659258262890683
1.0,0.2254378300998203,0.3055555555555556,0.7714285714285714,0.20930232558139533,0.42500000000000004,0.5142857142857125,18351,0.9988797155850336,-0.04732138832243185,-0.8660254037844385,-0.5000000000000004
1.0,0.4408324106073074,0.3055555555555556,0.7714285714285714,0.4186046511627907,0.4,0.5142857142857125,604,0.9988797155850336,-0.04732138832243185,-0.9659258262890684,0.2588190451025203
0.0,0.6562269911147944,0.3055555555555556,0.7714285714285714,0.4186046511627907,0.0,0.5428571428571445,0,0.9988797155850336,-0.04732138832243185,-0.5000000000000004,0.8660254037844384
0.0,0.7558469845422181,0.4722222222222223,0.6285714285714286,0.3720930232558139,0.0,0.5523809523809504,0,0.9979171608653922,-0.06450844944931623,0.25881904510252074,0.9659258262890683
0.0,0.5410133272663117,0.4722222222222223,0.6285714285714286,0.5465116279069768,0.0,0.5619047619047635,0,0.9979171608653922,-0.06450844944931623,0.8660254037844386,0.5000000000000001
1.0,0.3261796699904053,0.4722222222222223,0.6285714285714286,0.6627906976744187,0.0,0.5809523809523789,5001,0.9979171608653922,-0.06450844944931623,0.9659258262890683,-0.25881904510252063
1.0,0.11134601271449884,0.4722222222222223,0.6285714285714286,0.5116279069767442,0.125,0.5904761904761919,26917,0.9979171608653922,-0.06450844944931623,0.49999999999999994,-0.8660254037844387
1.0,0.011090305985742524,0.4722222222222223,0.6285714285714286,0.26744186046511625,0.125,0.5523809523809504,32087,0.9979171608653922,-0.06450844944931623,-0.2588190451025208,-0.9659258262890683
1.0,0.22592396326164896,0.4722222222222223,0.6285714285714286,0.03488372093023254,0.225,0.5142857142857125,17213,0.9979171608653922,-0.06450844944931623,-0.8660254037844385,-0.5000000000000004
1.0,0.4407576205375554,0.4722222222222223,0.6285714285714286,0.03488372093023254,0.15000000000000002,0.5142857142857125,570,0.9979171608653922,-0.06450844944931623,-0.9659258262890684,0.2588190451025203
0.0,0.6555912778134618,0.4722222222222223,0.6285714285714286,0.2906976744186046,0.0,0.5333333333333314,0,0.9979171608653922,-0.06450844944931623,-0.5000000000000004,0.8660254037844384
0.0,0.7527261845717268,0.5555555555555556,0.7999999999999999,0.4069767441860465,0.0,0.5333333333333314,0,0.9966589017541702,-0.08167639533042241,0.25881904510252074,0.9659258262890683
0.0,0.5387284559411862,0.5555555555555556,0.7999999999999999,0.4186046511627907,0.15000000000000002,0.5142857142857125,0,0.9966589017541702,-0.08167639533042241,0.8660254037844386,0.5000000000000001
1.0,0.32473072731064573,0.5555555555555556,0.7999999999999999,0.5232558139534884,0.07500000000000001,0.5238095238095255,5180,0.9966589017541702,-0.08167639533042241,0.9659258262890683,-0.25881904510252063
1.0,0.11073299868010508,0.5555555555555556,0.7999999999999999,0.22093023255813954,0.17500000000000002,0.5047619047619065,26895,0.9966589017541702,-0.08167639533042241,0.49999999999999994,-0.8660254037844387
1.0,0.010867391374770434,0.5555555555555556,0.7999999999999999,0.19767441860465113,0.07500000000000001,0.466666666666665,29516,0.9966589017541702,-0.08167639533042241,-0.2588190451025208,-0.9659258262890683
1.0,0.22486512000531103,0.5555555555555556,0.7999999999999999,0.25581395348837205,0.325,0.4380952380952401,13463,0.9966589017541702,-0.08167639533042241,-0.8660254037844385,-0.5000000000000004
1.0,0.4388628486358517,0.5555555555555556,0.7999999999999999,0.4186046511627907,0.225,0.4190476190476211,1163,0.9966589017541702,-0.08167639533042241,-0.9659258262890684,0.2588190451025203
0.0,0.6528605772663921,0.5555555555555556,0.7999999999999999,0.5813953488372092,0.25,0.42857142857142705,0,0.9966589017541702,-0.08167639533042241,-0.5000000000000004,0.8660254037844384
0.0,0.7516913073561489,0.38888888888888884,0.48571428571428565,0.7325581395348837,0.07500000000000001,0.4190476190476211,0,0.9951053111006976,-0.09882013873287143,0.25881904510252074,0.9659258262890683
0.0,0.5379707776196788,0.38888888888888884,0.48571428571428565,0.5813953488372092,0.25,0.3809523809523796,0,0.9951053111006976,-0.09882013873287143,0.8660254037844386,0.5000000000000001
1.0,0.32425024879983244,0.38888888888888884,0.48571428571428565,0.7325581395348837,0.15000000000000002,0.3999999999999986,680,0.9951053111006976,-0.09882013873287143,0.9659258262890683,-0.25881904510252063
1.0,0.11052971906336237,0.38888888888888884,0.48571428571428565,0.8372093023255813,0.25,0.4380952380952401,3238,0.9951053111006976,-0.09882013873287143,0.49999999999999994,-0.8660254037844387
1.0,0.010793472097442636,0.38888888888888884,0.48571428571428565,0.9186046511627906,0.07500000000000001,0.4190476190476211,11377,0.9951053111006976,-0.09882013873287143,-0.2588190451025208,-0.9659258262890683
1.0,0.2245140018339127,0.38888888888888884,0.48571428571428565,0.5348837209302326,0.5,0.4190476190476211,11529,0.9951053111006976,-0.09882013873287143,-0.8660254037844385,-0.5000000000000004
1.0,0.43823453065375917,0.38888888888888884,0.48571428571428565,0.9186046511627906,0.325,0.4190476190476211,48,0.9951053111006976,-0.09882013873287143,-0.9659258262890684,0.2588190451025203
0.0,0.6519550603902291,0.38888888888888884,0.48571428571428565,0.7674418604651163,0.225,0.44761904761904603,0,0.9951053111006976,-0.09882013873287143,-0.5000000000000004,0.8660254037844384
0.0,0.7474199614374433,0.38888888888888884,0.5714285714285714,0.8372093023255813,0.25,0.47619047619047805,0,0.9932568492674143,-0.11593459959550041,0.25881904510252074,0.9659258262890683
0.0,0.5345267367514692,0.38888888888888884,0.5714285714285714,0.8372093023255813,0.25,0.47619047619047805,0,0.9932568492674143,-0.11593459959550041,0.8660254037844386,0.5000000000000001
1.0,0.3216335129821186,0.38888888888888884,0.5714285714285714,0.8023255813953487,0.07500000000000001,0.5142857142857125,436,0.9932568492674143,-0.11593459959550041,0.9659258262890683,-0.25881904510252063
1.0,0.1087402882961444,0.38888888888888884,0.5714285714285714,0.6744186046511627,0.275,0.5714285714285694,8803,0.9932568492674143,-0.11593459959550041,0.49999999999999994,-0.8660254037844387
1.0,0.011755596897541118,0.38888888888888884,0.5714285714285714,0.6162790697674418,0.375,0.5809523809523789,6347,0.9932568492674143,-0.11593459959550041,-0.2588190451025208,-0.9659258262890683
1.0,0.22464882158351532,0.38888888888888884,0.5714285714285714,0.5930232558139534,0.4,0.5523809523809504,1494,0.9932568492674143,-0.11593459959550041,-0.8660254037844385,-0.5000000000000004
1.0,0.4375420453528659,0.38888888888888884,0.5714285714285714,0.7093023255813953,0.375,0.5428571428571445,644,0.9932568492674143,-0.11593459959550041,-0.9659258262890684,0.2588190451025203
0.0,0.65043527003884,0.38888888888888884,0.5714285714285714,0.7093023255813953,0.17500000000000002,0.5619047619047635,0,0.9932568492674143,-0.11593459959550041,-0.5000000000000004,0.8660254037844384
0.0,0.7453771850722116,0.3055555555555556,0.5428571428571428,0.7325581395348837,0.2,0.5428571428571445,0,0.9911140639934547,-0.1330147065341959,0.25881904510252074,0.9659258262890683
0.0,0.5330319482255129,0.3055555555555556,0.5428571428571428,0.7325581395348837,0.125,0.5238095238095255,0,0.9911140639934547,-0.1330147065341959,0.8660254037844386,0.5000000000000001
1.0,0.3206867113788145,0.3055555555555556,0.5428571428571428,0.6976744186046511,0.2,0.5142857142857125,30,0.9911140639934547,-0.1330147065341959,0.9659258262890683,-0.25881904510252063
1.0,0.10834147544873951,0.3055555555555556,0.5428571428571428,0.7325581395348837,0.17500000000000002,0.5047619047619065,7047,0.9911140639934547,-0.1330147065341959,0.49999999999999994,-0.8660254037844387
1.0,0.011606422822293967,0.3055555555555556,0.5428571428571428,0.5813953488372092,0.42500000000000004,0.466666666666665,7156,0.9911140639934547,-0.1330147065341959,-0.2588190451025208,-0.9659258262890683
1.0,0.22395165966899253,0.3055555555555556,0.5428571428571428,0.7325581395348837,0.275,0.4190476190476211,2704,0.9911140639934547,-0.1330147065341959,-0.8660254037844385,-0.5000000000000004
1.0,0.43629689559906754,0.3055555555555556,0.5428571428571428,0.7325581395348837,0.225,0.39047619047619264,229,0.9911140639934547,-0.1330147065341959,-0.9659258262890684,0.2588190451025203
0.0,0.648642132445766,0.3055555555555556,0.5428571428571428,0.7674418604651163,0.2,0.3809523809523796,0,0.9911140639934547,-0.1330147065341959,-0.5000000000000004,0.8660254037844384
0.0,0.7423326619349585,0.3333333333333335,0.7428571428571428,0.8023255813953487,0.15000000000000002,0.3619047619047606,0,0.9886775902323405,-0.1500553983446526,0.25881904510252074,0.9659258262890683
0.0,0.5308041376363836,0.3333333333333335,0.7428571428571428,0.8372093023255813,0.2,0.33333333333333215,0,0.9886775902323405,-0.1500553983446526,0.8660254037844386,0.5000000000000001
1.0,0.31927561425443246,0.3333333333333335,0.7428571428571428,0.8023255813953487,0.325,0.3523809523809547,1920,0.9886775902323405,-0.1500553983446526,0.9659258262890683,-0.25881904510252063
1.0,0.10774708995585752,0.3333333333333335,0.7428571428571428,0.6162790697674418,0.25,0.39047619047619264,14825,0.9886775902323405,-0.1500553983446526,0.49999999999999994,-0.8660254037844387
1.0,0.011384095767052266,0.3333333333333335,0.7428571428571428,0.5116279069767442,0.2,0.3809523809523796,27081,0.9886775902323405,-0.1500553983446526,-0.2588190451025208,-0.9659258262890683
1.0,0.2229126200656271,0.3333333333333335,0.7428571428571428,0.5813953488372092,0.7250000000000001,0.3809523809523796,15012,0.9886775902323405,-0.1500553983446526,-0.8660254037844385,-0.5000000000000004
1.0,0.4344411434475784,0.3333333333333335,0.7428571428571428,0.6627906976744187,0.625,0.39047619047619264,690,0.9886775902323405,-0.1500553983446526,-0.9659258262890684,0.2588190451025203
0.0,0.6459696677461533,0.3333333333333335,0.7428571428571428,0.7674418604651163,0.4,0.42857142857142705,0,0.9886775902323405,-0.1500553983446526,-0.5000000000000004,0.8660254037844384
0.0,0.7403159580115296,0.3333333333333335,0.7428571428571428,0.8023255813953487,0.4,0.44761904761904603,0,0.9859481499638304,-0.16705162550211924,0.25881904510252074,0.9659258262890683
0.0,0.5293284277141289,0.3333333333333335,0.7428571428571428,0.7674418604651163,0.35000000000000003,0.466666666666665,0,0.9859481499638304,-0.16705162550211924,0.8660254037844386,0.5000000000000001
1.0,0.31834089741672844,0.3333333333333335,0.7428571428571428,0.6976744186046511,0.2,0.5333333333333314,6243,0.9859481499638304,-0.16705162550211924,0.9659258262890683,-0.25881904510252063
1.0,0.10735336711932775,0.3333333333333335,0.7428571428571428,0.5813953488372092,0.45,0.6095238095238109,28693,0.9859481499638304,-0.16705162550211924,0.49999999999999994,-0.8660254037844387
1.0,0.011236825519031414,0.3333333333333335,0.7428571428571428,0.48837209302325585,0.42500000000000004,0.6285714285714299,33510,0.9859481499638304,-0.16705162550211924,-0.2588190451025208,-0.9659258262890683
1.0,0.22222435581643205,0.3333333333333335,0.7428571428571428,0.6162790697674418,0.5750000000000001,0.6380952380952358,18950,0.9859481499638304,-0.16705162550211924,-0.8660254037844385,-0.5000000000000004
1.0,0.43321188611383266,0.3333333333333335,0.7428571428571428,0.8023255813953487,0.4,0.6476190476190489,738,0.9859481499638304,-0.16705162550211924,-0.9659258262890684,0.2588190451025203
0.0,0.6441994164112332,0.3333333333333335,0.7428571428571428,0.8837209302325582,0.55,0.6952380952380963,0,0.9859481499638304,-0.16705162550211924,-0.5000000000000004,0.8660254037844384
0.0,0.7361424964942883,0.38888888888888884,0.7428571428571428,0.9534883720930232,0.42500000000000004,0.7238095238095212,0,0.9829265519799822,-0.18399835165768005,0.25881904510252074,0.9659258262890683
0.0,0.5259612878998321,0.38888888888888884,0.7428571428571428,0.8837209302325582,0.5,0.7142857142857153,0,0.9829265519799822,-0.18399835165768005,0.8660254037844386,0.5000000000000001
1.0,0.315780079305376,0.38888888888888884,0.7428571428571428,0.8372093023255813,0.225,0.7428571428571438,5715,0.9829265519799822,-0.18399835165768005,0.9659258262890683,-0.25881904510252063
1.0,0.10559887071091983,0.38888888888888884,0.7428571428571428,0.5930232558139534,0.225,0.7523809523809533,28438,0.9829265519799822,-0.18399835165768005,0.49999999999999994,-0.8660254037844387
1.0,0.012185000224494875,0.38888888888888884,0.7428571428571428,0.5930232558139534,0.45,0.7428571428571438,33567,0.9829265519799822,-0.18399835165768005,-0.2588190451025208,-0.9659258262890683
1.0,0.222366208818951,0.38888888888888884,0.7428571428571428,0.6511627906976745,0.55,0.7047619047619023,18995,0.9829265519799822,-0.18399835165768005,-0.8660254037844385,-0.5000000000000004
1.0,0.4325474174134072,0.38888888888888884,0.7428571428571428,0.7674418604651163,0.625,0.6857142857142833,668,0.9829265519799822,-0.18399835165768005,-0.9659258262890684,0.2588190451025203
0.0,0.6427286260078634,0.38888888888888884,0.7428571428571428,0.8023255813953487,0.42500000000000004,0.6952380952380963,0,0.9829265519799822,-0.18399835165768005,-0.5000000000000004,0.8660254037844384
0.0,0.7341543353132761,0.36111111111111116,0.7428571428571428,0.8837209302325582,0.325,0.6571428571428584,0,0.9796136916454901,-0.20089055513063506,0.25881904510252074,0.9659258262890683
0.0,0.5245072597923155,0.36111111111111116,0.7428571428571428,0.8837209302325582,0.5,0.6190476190476168,0,0.9796136916454901,-0.20089055513063506,0.8660254037844386,0.5000000000000001
1.0,0.31486018335473115,0.36111111111111116,0.7428571428571428,0.9186046511627906,0.375,0.6190476190476168,4859,0.9796136916454901,-0.20089055513063506,0.9659258262890683,-0.25881904510252063
1.0,0.10521310783377047,0.36111111111111116,0.7428571428571428,0.7093023255813953,0.4,0.5999999999999979,25254,0.9796136916454901,-0.20089055513063506,0.49999999999999994,-0.8660254037844387
1.0,0.012036630028148754,0.36111111111111116,0.7428571428571428,0.5348837209302326,0.525,0.5619047619047635,29857,0.9796136916454901,-0.20089055513063506,-0.2588190451025208,-0.9659258262890683
1.0,0.2216837055491094,0.36111111111111116,0.7428571428571428,0.45348837209302323,0.775,0.4952380952380935,17948,0.9796136916454901,-0.20089055513063506,-0.8660254037844385,-0.5000000000000004
1.0,0.4313307819866937,0.36111111111111116,0.7428571428571428,0.6395348837209303,0.7000000000000001,0.45714285714285907,516,0.9796136916454901,-0.20089055513063506,-0.9659258262890684,0.2588190451025203
0.0,0.6409778575076543,0.36111111111111116,0.7428571428571428,0.6627906976744187,0.42500000000000004,0.466666666666665,0,0.9796136916454901,-0.20089055513063506,-0.5000000000000004,0.8660254037844384
0.0,0.7321762542420412,0.22222222222222232,0.7999999999999999,0.6627906976744187,0.525,0.45714285714285907,0,0.9760105506323683,-0.21772323039653177,0.25881904510252074,0.9659258262890683
0.0,0.5230606031718251,0.22222222222222232,0.7999999999999999,0.5465116279069768,0.4,0.45714285714285907,0,0.9760105506323683,-0.21772323039653177,0.8660254037844386,0.5000000000000001
1.0,0.313944952101609,0.22222222222222232,0.7999999999999999,0.5116279069767442,0.4,0.466666666666665,6318,0.9760105506323683,-0.21772323039653177,0.9659258262890683,-0.25881904510252063
1.0,0.10482930103139285,0.22222222222222232,0.7999999999999999,0.3837209302325581,0.7000000000000001,0.44761904761904603,30856,0.9760105506323683,-0.21772323039653177,0.49999999999999994,-0.8660254037844387
1.0,0.011889011463158225,0.22222222222222232,0.7999999999999999,0.4069767441860465,1.0,0.4380952380952401,36580,0.9760105506323683,-0.21772323039653177,-0.2588190451025208,-0.9659258262890683
1.0,0.22100466253337434,0.22222222222222232,0.7999999999999999,0.5465116279069768,0.9750000000000001,0.40952380952380807,7428,0.9760105506323683,-0.21772323039653177,-0.8660254037844385,-0.5000000000000004
1.0,0.4301203136035905,0.22222222222222232,0.7999999999999999,0.627906976744186,0.8,0.4190476190476211,41,0.9760105506323683,-0.21772323039653177,-0.9659258262890684,0.2588190451025203
0.0,0.6392359655904302,0.22222222222222232,0.7999999999999999,0.569767441860465,0.4,0.466666666666665,0,0.9760105506323683,-0.21772323039653177,-0.5000000000000004,0.8660254037844384
0.0,0.7292278647551681,0.19444444444444442,0.7714285714285714,0.6046511627906976,0.275,0.4952380952380935,0,0.9721181966290613,-0.23449138957040985,0.25881904510252074,0.9659258262890683
0.0,0.5209043185557926,0.19444444444444442,0.7714285714285714,0.627906976744186,0.125,0.5142857142857125,0,0.9721181966290613,-0.23449138957040985,0.8660254037844386,0.5000000000000001
1.0,0.3125807714397934,0.19444444444444442,0.7714285714285714,0.5465116279069768,0.42500000000000004,0.5619047619047635,6685,0.9721181966290613,-0.23449138957040985,0.9659258262890683,-0.25881904510252063
1.0,0.1042572252404178,0.19444444444444442,0.7714285714285714,0.4069767441860465,0.525,0.5999999999999979,30072,0.9721181966290613,-0.23449138957040985,0.49999999999999994,-0.8660254037844387
1.0,0.011668982383292704,0.19444444444444442,0.7714285714285714,0.4302325581395348,0.625,0.5904761904761919,35251,0.9721181966290613,-0.23449138957040985,-0.2588190451025208,-0.9659258262890683
1.0,0.21999252858266824,0.19444444444444442,0.7714285714285714,0.49999999999999994,0.75,0.5999999999999979,19527,0.9721181966290613,-0.23449138957040985,-0.8660254037844385,-0.5000000000000004
1.0,0.4283160756986674,0.19444444444444442,0.7714285714285714,0.6627906976744187,0.7000000000000001,0.6190476190476168,793,0.9721181966290613,-0.23449138957040985,-0.9659258262890684,0.2588190451025203
0.0,0.6366396218980429,0.19444444444444442,0.7714285714285714,0.7674418604651163,0.42500000000000004,0.6761904761904773,0,0.9721181966290613,-0.23449138957040985,-0.5000000000000004,0.8660254037844384
0.0,0.7261202119170344,0.2777777777777779,0.7428571428571428,0.8023255813953487,0.375,0.7047619047619023,0,0.9679377830240642,-0.25119006388481935,0.25881904510252074,0.9659258262890683
0.0,0.5183214098155746,0.2777777777777779,0.7428571428571428,0.8023255813953487,0.42500000000000004,0.7142857142857153,0,0.9679377830240642,-0.25119006388481935,0.8660254037844386,0.5000000000000001
1.0,0.31052260771411494,0.2777777777777779,0.7428571428571428,0.7674418604651163,0.375,0.7523809523809533,6704,0.9679377830240642,-0.25119006388481935,0.9659258262890683,-0.25881904510252063
1.0,0.10272380561265518,0.2777777777777779,0.7428571428571428,0.5232558139534884,0.07500000000000001,0.7619047619047628,28992,0.9679377830240642,-0.25119006388481935,0.49999999999999994,-0.8660254037844387
1.0,0.012677657913139483,0.2777777777777779,0.7428571428571428,0.49999999999999994,0.525,0.7523809523809533,34751,0.9679377830240642,-0.25119006388481935,-0.2588190451025208,-0.9659258262890683
1.0,0.22047646001459917,0.2777777777777779,0.7428571428571428,0.5581395348837208,0.6000000000000001,0.7333333333333343,18441,0.9679377830240642,-0.25119006388481935,-0.8660254037844385,-0.5000000000000004
1.0,0.428275262116059,0.2777777777777779,0.7428571428571428,0.6976744186046511,0.7250000000000001,0.7047619047619023,731,0.9679377830240642,-0.25119006388481935,-0.9659258262890684,0.2588190451025203
0.0,0.6360740642175187,0.2777777777777779,0.7428571428571428,0.7325581395348837,0.55,0.7333333333333343,0,0.9679377830240642,-0.25119006388481935,-0.5000000000000004,0.8660254037844384
0.0,0.723213114490291,0.41666666666666674,0.7714285714285714,0.7674418604651163,0.275,0.7238095238095212,0,0.9634705485641488,-0.2678143051621742,0.25881904510252074,0.9659258262890683
0.0,0.5161964911426602,0.41666666666666674,0.7714285714285714,0.8372093023255813,0.0,0.7142857142857153,0,0.9634705485641488,-0.2678143051621742,0.8660254037844386,0.5000000000000001
1.0,0.30917986779502926,0.41666666666666674,0.7714285714285714,0.8023255813953487,0.0,0.7428571428571438,6529,0.9634705485641488,-0.2678143051621742,0.9659258262890683,-0.25881904510252063
1.0,0.1021632444473983,0.41666666666666674,0.7714285714285714,0.6162790697674418,0.15000000000000002,0.7428571428571438,27655,0.9634705485641488,-0.2678143051621742,0.49999999999999994,-0.8660254037844387
1.0,0.012456040324567583,0.41666666666666674,0.7714285714285714,0.3255813953488372,0.35000000000000003,0.6952380952380963,32802,0.9634705485641488,-0.2678143051621742,-0.2588190451025208,-0.9659258262890683
1.0,0.21947266367219856,0.41666666666666674,0.7714285714285714,0.569767441860465,0.65,0.6571428571428584,18587,0.9634705485641488,-0.2678143051621742,-0.8660254037844385,-0.5000000000000004
1.0,0.42648928701982947,0.41666666666666674,0.7714285714285714,0.8023255813953487,0.325,0.6285714285714299,751,0.9634705485641488,-0.2678143051621742,-0.9659258262890684,0.2588190451025203
0.0,0.6335059103674604,0.41666666666666674,0.7714285714285714,0.9186046511627906,0.5,0.6476190476190489,0,0.9634705485641488,-0.2678143051621742,-0.5000000000000004,0.8660254037844384
0.0,0.7222489392031896,0.4722222222222223,0.8285714285714285,0.9534883720930232,0.225,0.6190476190476168,0,0.9587178169872964,-0.2843591872810034,0.25881904510252074,0.9659258262890683
0.0,0.5154917350015751,0.4722222222222223,0.8285714285714285,0.9186046511627906,0.07500000000000001,0.5999999999999979,0,0.9587178169872964,-0.2843591872810034,0.8660254037844386,0.5000000000000001
1.0,0.30873453079996066,0.4722222222222223,0.8285714285714285,0.9534883720930232,0.15000000000000002,0.6380952380952358,6153,0.9587178169872964,-0.2843591872810034,0.9659258262890683,-0.25881904510252063
1.0,0.10197732659834607,0.4722222222222223,0.8285714285714285,0.8023255813953487,0.125,0.6285714285714299,28194,0.9587178169872964,-0.2843591872810034,0.49999999999999994,-0.8660254037844387
1.0,0.012382538110979793,0.4722222222222223,0.8285714285714285,0.4069767441860465,0.35000000000000003,0.5809523809523789,33175,0.9587178169872964,-0.2843591872810034,-0.2588190451025208,-0.9659258262890683
1.0,0.21913974231259434,0.4722222222222223,0.8285714285714285,0.45348837209302323,0.275,0.5523809523809504,18918,0.9587178169872964,-0.2843591872810034,-0.8660254037844385,-0.5000000000000004
1.0,0.4258969465142089,0.4722222222222223,0.8285714285714285,0.7093023255813953,0.25,0.5428571428571445,793,0.9587178169872964,-0.2843591872810034,-0.9659258262890684,0.2588190451025203
0.0,0.6326541507158233,0.4722222222222223,0.8285714285714285,0.7674418604651163,0.17500000000000002,0.5619047619047635,0,0.9587178169872964,-0.2843591872810034,-0.5000000000000004,0.8660254037844384
0.0,0.7203278198726016,0.75,0.8285714285714285,0.7093023255813953,0.0,0.5619047619047635,0,0.9536809966304457,-0.30081980763566735,0.25881904510252074,0.9659258262890683
0.0,0.5140875088877314,0.75,0.8285714285714285,0.6976744186046511,0.0,0.5523809523809504,0,0.9536809966304457,-0.30081980763566735,0.8660254037844386,0.5000000000000001
1.0,0.3078471979028613,0.75,0.8285714285714285,0.7441860465116279,0.0,0.5809523809523789,6617,0.9536809966304457,-0.30081980763566735,0.9659258262890683,-0.25881904510252063
1.0,0.10160688691799111,0.75,0.8285714285714285,0.7093023255813953,0.07500000000000001,0.5999999999999979,27440,0.9536809966304457,-0.30081980763566735,0.49999999999999994,-0.8660254037844387
1.0,0.012236085491214028,0.75,0.8285714285714285,0.3953488372093023,0.0,0.5619047619047635,31610,0.9536809966304457,-0.30081980763566735,-0.2588190451025208,-0.9659258262890683
1.0,0.21847639647608422,0.75,0.8285714285714285,0.3372093023255814,0.125,0.5142857142857125,17762,0.9536809966304457,-0.30081980763566735,-0.8660254037844385,-0.5000000000000004
1.0,0.42471670746095447,0.75,0.8285714285714285,0.3023255813953488,0.375,0.5047619047619065,769,0.9536809966304457,-0.30081980763566735,-0.9659258262890684,0.2588190451025203
0.0,0.6309570184458245,0.75,0.8285714285714285,0.4302325581395348,0.125,0.5333333333333314,0,0.9536809966304457,-0.30081980763566735,-0.5000000000000004,0.8660254037844384
0.0,0.7174640842420871,0.9166666666666665,0.8571428571428571,0.5465116279069768,0.07500000000000001,0.5333333333333314,0,0.9483615800121715,-0.3171912885891061,0.25881904510252074,0.9659258262890683
0.0,0.5119942852258091,0.9166666666666665,0.8571428571428571,0.8488372093023255,0.0,0.5142857142857125,0,0.9483615800121715,-0.3171912885891061,0.8660254037844386,0.5000000000000001
1.0,0.3065244862095313,0.9166666666666665,0.8571428571428571,0.7441860465116279,0.07500000000000001,0.5523809523809504,6642,0.9483615800121715,-0.3171912885891061,0.9659258262890683,-0.25881904510252063
1.0,0.10105468719325333,0.9166666666666665,0.8571428571428571,0.6860465116279069,0.17500000000000002,0.5428571428571445,27058,0.9483615800121715,-0.3171912885891061,0.49999999999999994,-0.8660254037844387
1.0,0.012017774163983114,0.9166666666666665,0.8571428571428571,0.5348837209302326,0.15000000000000002,0.4952380952380935,31440,0.9483615800121715,-0.3171912885891061,-0.2588190451025208,-0.9659258262890683
1.0,0.21748757318026105,0.9166666666666665,0.8571428571428571,0.046511627906976716,0.275,0.4380952380952401,17838,0.9483615800121715,-0.3171912885891061,-0.8660254037844385,-0.5000000000000004
1.0,0.422957372196539,0.9166666666666665,0.8571428571428571,0.20930232558139533,0.375,0.44761904761904603,822,0.9483615800121715,-0.3171912885891061,-0.9659258262890684,0.2588190451025203
0.0,0.6284271712128168,0.9166666666666665,0.8571428571428571,0.3488372093023256,0.0,0.47619047619047805,0,0.9483615800121715,-0.3171912885891061,-0.5000000000000004,0.8660254037844384
0.0,0.7144281232859224,0.8888888888888888,0.7999999999999999,0.6511627906976745,0.0,0.44761904761904603,0,0.9427611433904207,-0.3334687789181868,0.25881904510252074,0.9659258262890683
0.0,0.5094688075375234,0.8888888888888888,0.7999999999999999,0.627906976744186,0.07500000000000001,0.42857142857142705,0,0.9427611433904207,-0.3334687789181868,0.8660254037844386,0.5000000000000001
1.0,0.30450949270574823,0.8888888888888888,0.7999999999999999,0.6511627906976745,0.0,0.44761904761904603,6918,0.9427611433904207,-0.3334687789181868,0.9659258262890683,-0.25881904510252063
1.0,0.09955017695734919,0.8888888888888888,0.7999999999999999,0.6511627906976745,0.125,0.4380952380952401,26270,0.9427611433904207,-0.3334687789181868,0.49999999999999994,-0.8660254037844387
1.0,0.013011799298761131,0.8888888888888888,0.7999999999999999,0.441860465116279,0.07500000000000001,0.3999999999999986,24932,0.9427611433904207,-0.3334687789181868,-0.2588190451025208,-0.9659258262890683
1.0,0.21797111504716007,0.8888888888888888,0.7999999999999999,0.1511627906976744,0.5750000000000001,0.3619047619047606,16620,0.9427611433904207,-0.3334687789181868,-0.8660254037844385,-0.5000000000000004
1.0,0.4229304298789355,0.8888888888888888,0.7999999999999999,0.18604651162790697,0.4,0.34285714285714164,1408,0.9427611433904207,-0.3334687789181868,-0.9659258262890684,0.2588190451025203
0.0,0.6278897456273345,0.8888888888888888,0.7999999999999999,0.2441860465116279,0.2,0.37142857142857366,0,0.9427611433904207,-0.3334687789181868,-0.5000000000000004,0.8660254037844384
0.0,0.7125430501785766,0.5277777777777779,0.7999999999999999,0.5348837209302326,0.0,0.3523809523809547,0,0.9368813462954315,-0.3496474552512284,0.25881904510252074,0.9659258262890683
0.0,0.508091688733532,0.5277777777777779,0.7999999999999999,0.6744186046511627,0.17500000000000002,0.33333333333333215,0,0.9368813462954315,-0.3496474552512284,0.8660254037844386,0.5000000000000001
1.0,0.3036403272884876,0.5277777777777779,0.7999999999999999,0.6162790697674418,0.15000000000000002,0.3619047619047606,6772,0.9368813462954315,-0.3496474552512284,0.9659258262890683,-0.25881904510252063
1.0,0.09918896584344308,0.5277777777777779,0.7999999999999999,0.5465116279069768,0.4,0.3999999999999986,28158,0.9368813462954315,-0.3496474552512284,0.49999999999999994,-0.8660254037844387
1.0,0.012865057025936377,0.5277777777777779,0.7999999999999999,0.569767441860465,0.5,0.3809523809523796,33296,0.9368813462954315,-0.3496474552512284,-0.2588190451025208,-0.9659258262890683
1.0,0.21731641938760451,0.5277777777777779,0.7999999999999999,0.627906976744186,0.45,0.33333333333333215,18819,0.9368813462954315,-0.3496474552512284,-0.8660254037844385,-0.5000000000000004
1.0,0.4217677808326491,0.5277777777777779,0.7999999999999999,0.7674418604651163,0.55,0.3523809523809547,920,0.9368813462954315,-0.3496474552512284,-0.9659258262890684,0.2588190451025203
0.0,0.6262191422776935,0.5277777777777779,0.7999999999999999,0.8023255813953487,0.225,0.3999999999999986,0,0.9368813462954315,-0.3496474552512284,-0.5000000000000004,0.8660254037844384
0.0,0.709732895780856,0.41666666666666674,0.7142857142857143,0.7674418604651163,0.25,0.3999999999999986,0,0.9307239310379795,-0.36572252349726897,0.25881904510252074,0.9659258262890683
0.0,0.5060387616785054,0.41666666666666674,0.7142857142857143,0.7674418604651163,0.225,0.3999999999999986,0,0.9307239310379795,-0.36572252349726897,0.8660254037844386,0.5000000000000001
1.0,0.302344627576155,0.41666666666666674,0.7142857142857143,0.7325581395348837,0.17500000000000002,0.4380952380952401,867,0.9307239310379795,-0.36572252349726897,0.9659258262890683,-0.25881904510252063
1.0,0.09865049255718086,0.41666666666666674,0.7142857142857143,0.6511627906976745,0.125,0.45714285714285907,1052,0.9307239310379795,-0.36572252349726897,0.49999999999999994,-0.8660254037844387
1.0,0.012646302969504558,0.41666666666666674,0.7142857142857143,0.46511627906976744,0.42500000000000004,0.44761904761904603,0,0.9307239310379795,-0.36572252349726897,-0.2588190451025208,-0.9659258262890683
1.0,0.21634043707185505,0.41666666666666674,0.7142857142857143,0.4302325581395348,0.5,0.4380952380952401,0,0.9307239310379795,-0.36572252349726897,-0.8660254037844385,-0.5000000000000004
1.0,0.4200345711742055,0.41666666666666674,0.7142857142857143,0.6627906976744187,0.325,0.4380952380952401,0,0.9307239310379795,-0.36572252349726897,-0.9659258262890684,0.2588190451025203
0.0,0.6237287061931797,0.41666666666666674,0.7142857142857143,0.6395348837209303,0.2,0.45714285714285907,0,0.9307239310379795,-0.36572252349726897,-0.5000000000000004,0.8660254037844384
0.0,0.7078709958348524,0.3055555555555556,0.7428571428571428,0.7325581395348837,0.275,0.45714285714285907,0,0.9242907221930933,-0.3816892202666588,0.25881904510252074,0.9659258262890683
0.0,0.5046785710792396,0.3055555555555556,0.7428571428571428,0.6976744186046511,0.525,0.466666666666665,0,0.9242907221930933,-0.3816892202666588,0.8660254037844386,0.5000000000000001
1.0,0.301486146323627,0.3055555555555556,0.7428571428571428,0.6627906976744187,0.65,0.5047619047619065,1336,0.9242907221930933,-0.3816892202666588,0.9659258262890683,-0.25881904510252063
1.0,0.09829372156801436,0.3055555555555556,0.7428571428571428,0.5232558139534884,0.775,0.5428571428571445,29986,0.9242907221930933,-0.3816892202666588,0.49999999999999994,-0.8660254037844387
1.0,0.012501364611933234,0.3055555555555556,0.7428571428571428,0.47674418604651164,0.8,0.5619047619047635,35778,0.9242907221930933,-0.3816892202666588,-0.2588190451025208,-0.9659258262890683
1.0,0.21569378936754588,0.3055555555555556,0.7428571428571428,0.49999999999999994,0.7250000000000001,0.5428571428571445,20064,0.9242907221930933,-0.3816892202666588,-0.8660254037844385,-0.5000000000000004
1.0,0.4188862141231586,0.3055555555555556,0.7428571428571428,0.6395348837209303,0.775,0.5333333333333314,944,0.9242907221930933,-0.3816892202666588,-0.9659258262890684,0.2588190451025203
0.0,0.6220786379621476,0.3055555555555556,0.7428571428571428,0.7325581395348837,0.42500000000000004,0.5619047619047635,0,0.9242907221930933,-0.3816892202666588,-0.5000000000000004,0.8660254037844384
0.0,0.706018244709044,0.2777777777777779,0.7142857142857143,0.8023255813953487,0.35000000000000003,0.5714285714285694,0,0.9175836260593937,-0.39754281428255595,0.25881904510252074,0.9659258262890683
0.0,0.5033250644992969,0.2777777777777779,0.7142857142857143,0.8023255813953487,0.125,0.5904761904761919,0,0.9175836260593937,-0.39754281428255595,0.8660254037844386,0.5000000000000001
1.0,0.30063188337292646,0.2777777777777779,0.7142857142857143,0.7325581395348837,0.4,0.6285714285714299,6356,0.9175836260593937,-0.39754281428255595,0.9659258262890683,-0.25881904510252063
1.0,0.09793870316317943,0.2777777777777779,0.7142857142857143,0.5813953488372092,0.5,0.6571428571428584,29565,0.9175836260593937,-0.39754281428255595,0.49999999999999994,-0.8660254037844387
1.0,0.012357138470902501,0.2777777777777779,0.7142857142857143,0.49999999999999994,0.5750000000000001,0.6476190476190489,34976,0.9175836260593937,-0.39754281428255595,-0.2588190451025208,-0.9659258262890683
1.0,0.21505031868064947,0.2777777777777779,0.7142857142857143,0.5813953488372092,0.7000000000000001,0.6380952380952358,19557,0.9175836260593937,-0.39754281428255595,-0.8660254037844385,-0.5000000000000004
1.0,0.41774349889039647,0.2777777777777779,0.7142857142857143,0.6976744186046511,0.5,0.6190476190476168,984,0.9175836260593937,-0.39754281428255595,-0.9659258262890684,0.2588190451025203
0.0,0.6204366791001434,0.2777777777777779,0.7142857142857143,0.7325581395348837,0.775,0.6190476190476168,0,0.9175836260593937,-0.39754281428255595,-0.5000000000000004,0.8660254037844384
0.0,0.7030512624289795,0.36111111111111116,0.7142857142857143,0.7674418604651163,0.5,0.5999999999999979,0,0.9106046300942162,-0.4132786077829042,0.25881904510252074,0.9659258262890683
0.0,0.5008548784634509,0.36111111111111116,0.7142857142857143,0.7325581395348837,0.35000000000000003,0.5904761904761919,0,0.9106046300942162,-0.4132786077829042,0.8660254037844386,0.5000000000000001
1.0,0.29865849541454603,0.36111111111111116,0.7142857142857143,0.7325581395348837,0.4,0.5809523809523789,6880,0.9106046300942162,-0.4132786077829042,0.9659258262890683,-0.25881904510252063
1.0,0.09646211236564098,0.36111111111111116,0.7142857142857143,0.5581395348837208,0.07500000000000001,0.5619047619047635,28930,0.9106046300942162,-0.4132786077829042,0.49999999999999994,-0.8660254037844387
1.0,0.01333693210759896,0.36111111111111116,0.7142857142857143,0.441860465116279,0.35000000000000003,0.5333333333333314,34173,0.9106046300942162,-0.4132786077829042,-0.2588190451025208,-0.9659258262890683
1.0,0.21553331607312756,0.36111111111111116,0.7142857142857143,0.5581395348837208,0.55,0.5142857142857125,19225,0.9106046300942162,-0.4132786077829042,-0.8660254037844385,-0.5000000000000004
1.0,0.41772969912203256,0.36111111111111116,0.7142857142857143,0.6976744186046511,0.525,0.485714285714284,948,0.9106046300942162,-0.4132786077829042,-0.9659258262890684,0.2588190451025203
0.0,0.6199260821709376,0.36111111111111116,0.7142857142857143,0.7325581395348837,0.35000000000000003,0.5142857142857125,0,0.9106046300942162,-0.4132786077829042,-0.5000000000000004,0.8660254037844384
0.0,0.7003067566138044,0.2777777777777779,0.7142857142857143,0.7325581395348837,0.275,0.5142857142857125,0,0.9033558023246845,-0.4288919379124835,0.25881904510252074,0.9659258262890683
0.0,0.49885102010321386,0.2777777777777779,0.7142857142857143,0.6976744186046511,0.25,0.485714285714284,0,0.9033558023246845,-0.4288919379124835,0.8660254037844386,0.5000000000000001
1.0,0.2973952826759997,0.2777777777777779,0.7142857142857143,0.6976744186046511,0.275,0.4952380952380935,4611,0.9033558023246845,-0.4288919379124835,0.9659258262890683,-0.25881904510252063
1.0,0.09593954524878556,0.2777777777777779,0.7142857142857143,0.5813953488372092,0.525,0.485714285714284,20425,0.9033558023246845,-0.4288919379124835,0.49999999999999994,-0.8660254037844387
1.0,0.013118853602763554,0.2777777777777779,0.7142857142857143,0.6046511627906976,0.5750000000000001,0.5142857142857125,35553,0.9033558023246845,-0.4288919379124835,-0.2588190451025208,-0.9659258262890683
1.0,0.21457459011335409,0.2777777777777779,0.7142857142857143,0.49999999999999994,0.6000000000000001,0.5047619047619065,20055,0.9033558023246845,-0.4288919379124835,-0.8660254037844385,-0.5000000000000004
1.0,0.41603032754056835,0.2777777777777779,0.7142857142857143,0.6395348837209303,0.275,0.5238095238095255,1308,0.9033558023246845,-0.4288919379124835,-0.9659258262890684,0.2588190451025203
0.0,0.6174860649677824,0.2777777777777779,0.7142857142857143,0.6976744186046511,0.4,0.5523809523809504,0,0.9033558023246845,-0.4288919379124835,-0.5000000000000004,0.8660254037844384
0.0,0.6984882294635126,0.3055555555555556,0.7428571428571428,0.6976744186046511,0.45,0.5428571428571445,0,0.895839290734909,-0.4443781781046132,0.25881904510252074,0.9659258262890683
0.0,0.4975232495642114,0.3055555555555556,0.7428571428571428,0.6976744186046511,0.4,0.5809523809523789,0,0.895839290734909,-0.4443781781046132,0.8660254037844386,0.5000000000000001
1.0,0.2965582696649099,0.3055555555555556,0.7428571428571428,0.6627906976744187,0.35000000000000003,0.5999999999999979,7452,0.895839290734909,-0.4443781781046132,0.9659258262890683,-0.25881904510252063
1.0,0.09559328884898485,0.3055555555555556,0.7428571428571428,0.49999999999999994,0.42500000000000004,0.6285714285714299,28333,0.895839290734909,-0.4443781781046132,0.49999999999999994,-0.8660254037844387
1.0,0.012974352474651514,0.3055555555555556,0.7428571428571428,0.3488372093023256,0.45,0.6190476190476168,36400,0.895839290734909,-0.4443781781046132,-0.2588190451025208,-0.9659258262890683
1.0,0.2139393332905765,0.3055555555555556,0.7428571428571428,0.4069767441860465,0.5750000000000001,0.6190476190476168,18707,0.895839290734909,-0.4443781781046132,-0.8660254037844385,-0.5000000000000004
1.0,0.4149043131898779,0.3055555555555556,0.7428571428571428,0.6046511627906976,0.325,0.6285714285714299,1047,0.895839290734909,-0.4443781781046132,-0.9659258262890684,0.2588190451025203
0.0,0.6158692930891794,0.3055555555555556,0.7428571428571428,0.6976744186046511,0.275,0.6571428571428584,0,0.895839290734909,-0.4443781781046132,-0.5000000000000004,0.8660254037844384
0.0,0.696678541314638,0.3333333333333335,0.7428571428571428,0.8023255813953487,0.225,0.6571428571428584,0,0.8880573226294932,-0.45973273945210397,0.25881904510252074,0.9659258262890683
0.0,0.49620193297200715,0.3333333333333335,0.7428571428571428,0.8023255813953487,0.42500000000000004,0.6571428571428584,0,0.8880573226294932,-0.45973273945210397,0.8660254037844386,0.5000000000000001
1.0,0.2957253237127527,0.3333333333333335,0.7428571428571428,0.6976744186046511,0.4,0.6666666666666679,7393,0.8880573226294932,-0.45973273945210397,0.9659258262890683,-0.25881904510252063
1.0,0.09524871537012178,0.3333333333333335,0.7428571428571428,0.47674418604651164,0.42500000000000004,0.6857142857142833,28785,0.8880573226294932,-0.45973273945210397,0.49999999999999994,-0.8660254037844387
1.0,0.012830554396844024,0.3333333333333335,0.7428571428571428,0.3720930232558139,0.525,0.6666666666666679,34289,0.8880573226294932,-0.45973273945210397,-0.2588190451025208,-0.9659258262890683
1.0,0.2133071627394749,0.3333333333333335,0.7428571428571428,0.3953488372093023,0.4,0.6571428571428584,20125,0.8880573226294932,-0.45973273945210397,-0.8660254037844385,-0.5000000000000004
1.0,0.4137837710821058,0.3333333333333335,0.7428571428571428,0.6046511627906976,0.35000000000000003,0.6476190476190489,1111,0.8880573226294932,-0.45973273945210397,-0.9659258262890684,0.2588190451025203
0.0,0.6142603794247365,0.3333333333333335,0.7428571428571428,0.7325581395348837,0.25,0.6571428571428584,0,0.8880573226294932,-0.45973273945210397,-0.5000000000000004,0.8660254037844384
0.0,0.6948776261702807,0.36111111111111116,0.7428571428571428,0.7325581395348837,0.17500000000000002,0.6666666666666679,0,0.8800122039735357,-0.47495107206704995,0.25881904510252074,0.9659258262890683
0.0,0.4948870217455504,0.36111111111111116,0.7428571428571428,0.7325581395348837,0.25,0.6380952380952358,0,0.8800122039735357,-0.47495107206704995,0.8660254037844386,0.5000000000000001
1.0,0.29489641732081995,0.36111111111111116,0.7428571428571428,0.6976744186046511,0.375,0.6666666666666679,4162,0.8800122039735357,-0.47495107206704995,0.9659258262890683,-0.25881904510252063
1.0,0.09490581289608951,0.36111111111111116,0.7428571428571428,0.47674418604651164,0.325,0.6761904761904773,27741,0.8800122039735357,-0.47495107206704995,0.49999999999999994,-0.8660254037844387
1.0,0.012687452952975867,0.36111111111111116,0.7428571428571428,0.3488372093023256,0.375,0.6380952380952358,29768,0.8800122039735357,-0.47495107206704995,-0.2588190451025208,-0.9659258262890683
1.0,0.21267805737770626,0.36111111111111116,0.7428571428571428,0.4186046511627907,0.35000000000000003,0.5619047619047635,13827,0.8800122039735357,-0.47495107206704995,-0.8660254037844385,-0.5000000000000004
1.0,0.4126686627190604,0.36111111111111116,0.7428571428571428,0.5813953488372092,0.5,0.5904761904761919,1109,0.8800122039735357,-0.47495107206704995,-0.9659258262890684,0.2588190451025203
0.0,0.6126592671437907,0.36111111111111116,0.7428571428571428,0.45348837209302323,0.125,0.5809523809523789,0,0.8800122039735357,-0.47495107206704995,-0.5000000000000004,0.8660254037844384
0.0,0.6939804395694343,0.38888888888888884,0.45714285714285713,0.6046511627906976,0.2,0.5904761904761919,0,0.8717063187093218,-0.4900286664290592,0.25881904510252074,0.9659258262890683
0.0,0.494231954853435,0.38888888888888884,0.45714285714285713,0.5465116279069768,0.15000000000000002,0.5523809523809504,0,0.8717063187093218,-0.4900286664290592,0.8660254037844386,0.5000000000000001
1.0,0.29448346922081203,0.38888888888888884,0.45714285714285713,0.5232558139534884,0.15000000000000002,0.4952380952380935,3799,0.8717063187093218,-0.4900286664290592,0.9659258262890683,-0.25881904510252063
1.0,0.09473498450481252,0.38888888888888884,0.45714285714285713,0.5348837209302326,0.0,0.47619047619047805,12336,0.8717063187093218,-0.4900286664290592,0.49999999999999994,-0.8660254037844387
1.0,0.012616162552145434,0.38888888888888884,0.45714285714285713,0.6744186046511627,0.0,0.45714285714285907,8841,0.8717063187093218,-0.4900286664290592,-0.2588190451025208,-0.9659258262890683
1.0,0.21236464726814483,0.38888888888888884,0.45714285714285713,0.9186046511627906,0.325,0.40952380952380807,1531,0.8717063187093218,-0.4900286664290592,-0.8660254037844385,-0.5000000000000004
1.0,0.4121131329007679,0.38888888888888884,0.45714285714285713,0.8837209302325582,0.35000000000000003,0.4190476190476211,0,0.8717063187093218,-0.4900286664290592,-0.9659258262890684,0.2588190451025203
0.0,0.6118616185333908,0.38888888888888884,0.45714285714285713,0.8837209302325582,0.42500000000000004,0.47619047619047805,0,0.8717063187093218,-0.4900286664290592,-0.5000000000000004,0.8660254037844384
0.0,0.6921925679789674,0.5,0.48571428571428565,0.8488372093023255,0.25,0.466666666666665,0,0.8631421280499114,-0.5049610547215204,0.25881904510252074,0.9659258262890683
0.0,0.49292656642960414,0.5,0.48571428571428565,0.8837209302325582,0.225,0.485714285714284,0,0.8631421280499114,-0.5049610547215204,0.8660254037844386,0.5000000000000001
1.0,0.29366056579686434,0.5,0.48571428571428565,0.7790697674418605,0.125,0.5333333333333314,2126,0.8631421280499114,-0.5049610547215204,0.9659258262890683,-0.25881904510252063
1.0,0.09439456516412453,0.5,0.48571428571428565,0.8488372093023255,0.2,0.5619047619047635,5369,0.8631421280499114,-0.5049610547215204,0.49999999999999994,-0.8660254037844387
1.0,0.012474097809573814,0.5,0.48571428571428565,0.7790697674418605,0.5,0.5714285714285694,11213,0.8631421280499114,-0.5049610547215204,-0.2588190451025208,-0.9659258262890683
1.0,0.2117400984423136,0.5,0.48571428571428565,0.7093023255813953,0.45,0.5714285714285694,6111,0.8631421280499114,-0.5049610547215204,-0.8660254037844385,-0.5000000000000004
1.0,0.41100609999167703,0.5,0.48571428571428565,0.8139534883720929,0.325,0.5619047619047635,111,0.8631421280499114,-0.5049610547215204,-0.9659258262890684,0.2588190451025203
0.0,0.6102721006244167,0.5,0.48571428571428565,0.8139534883720929,0.25,0.5809523809523789,0,0.8631421280499114,-0.5049610547215204,-0.5000000000000004,0.8660254037844384
0.0,0.6895268954602631,0.4722222222222223,0.6285714285714286,0.9186046511627906,0.25,0.6190476190476168,0,0.854322169749827,-0.5197438121555155,0.25881904510252074,0.9659258262890683
0.0,0.4909802665319803,0.4722222222222223,0.6285714285714286,0.8488372093023255,0.275,0.5809523809523789,0,0.854322169749827,-0.5197438121555155,0.8660254037844386,0.5000000000000001
1.0,0.29243363668707373,0.4722222222222223,0.6285714285714286,0.9186046511627906,0.325,0.5904761904761919,843,0.854322169749827,-0.5197438121555155,0.9659258262890683,-0.25881904510252063
1.0,0.09388700775879075,0.4722222222222223,0.6285714285714286,0.7790697674418605,0.375,0.6190476190476168,5395,0.854322169749827,-0.5197438121555155,0.49999999999999994,-0.8660254037844387
1.0,0.012262282593827126,0.4722222222222223,0.6285714285714286,0.7093023255813953,0.325,0.6285714285714299,10351,0.854322169749827,-0.5197438121555155,-0.2588190451025208,-0.9659258262890683
1.0,0.2108089115221101,0.4722222222222223,0.6285714285714286,0.7093023255813953,0.225,0.5904761904761919,11610,0.854322169749827,-0.5197438121555155,-0.8660254037844385,-0.5000000000000004
1.0,0.409355540450393,0.4722222222222223,0.6285714285714286,0.8488372093023255,0.15000000000000002,0.5714285714285694,1086,0.854322169749827,-0.5197438121555155,-0.9659258262890684,0.2588190451025203
0.0,0.6079021702952996,0.4722222222222223,0.6285714285714286,0.9534883720930232,0.2,0.5999999999999979,0,0.854322169749827,-0.5197438121555155,-0.5000000000000004,0.8660254037844384
0.0,0.686660058892095,0.5277777777777779,0.5428571428571428,0.9186046511627906,0.17500000000000002,0.5714285714285694,0,0.8452490573530633,-0.5343725582809786,0.25881904510252074,0.9659258262890683
0.0,0.4885901319853753,0.5277777777777779,0.5428571428571428,0.9534883720930232,0.125,0.5714285714285694,0,0.8452490573530633,-0.5343725582809786,0.8660254037844386,0.5000000000000001
1.0,0.2905202059952792,0.5277777777777779,0.5428571428571428,0.8837209302325582,0.0,0.5714285714285694,2094,0.8452490573530633,-0.5343725582809786,0.9659258262890683,-0.25881904510252063
1.0,0.09245027908855946,0.5277777777777779,0.5428571428571428,0.8139534883720929,0.15000000000000002,0.5523809523809504,16610,0.8452490573530633,-0.5343725582809786,0.49999999999999994,-0.8660254037844387
1.0,0.013222308325871589,0.5277777777777779,0.5428571428571428,0.6046511627906976,0.325,0.5333333333333314,16895,0.8452490573530633,-0.5343725582809786,-0.2588190451025208,-0.9659258262890683
1.0,0.2112922352325913,0.5277777777777779,0.5428571428571428,0.6860465116279069,0.4,0.5238095238095255,3131,0.8452490573530633,-0.5343725582809786,-0.8660254037844385,-0.5000000000000004
1.0,0.40936216213931104,0.5277777777777779,0.5428571428571428,0.8837209302325582,0.275,0.5047619047619065,404,0.8452490573530633,-0.5343725582809786,-0.9659258262890684,0.2588190451025203
0.0,0.6074320881294071,0.5277777777777779,0.5428571428571428,0.9186046511627906,0.225,0.5047619047619065,0,0.8452490573530633,-0.5343725582809786,-0.5000000000000004,0.8660254037844384
0.0,0.6849047081904878,0.6111111111111112,0.6285714285714286,0.8837209302325582,0.2,0.5047619047619065,0,0.8359254794186372,-0.548842958284719,0.25881904510252074,0.9659258262890683
0.0,0.4873092009125564,0.6111111111111112,0.6285714285714286,0.8837209302325582,0.07500000000000001,0.5238095238095255,0,0.8359254794186372,-0.548842958284719,0.8660254037844386,0.5000000000000001
1.0,0.289713693634625,0.6111111111111112,0.6285714285714286,0.8837209302325582,0.17500000000000002,0.5523809523809504,983,0.8359254794186372,-0.548842958284719,0.9659258262890683,-0.25881904510252063
1.0,0.09211818635669361,0.6111111111111112,0.6285714285714286,0.8488372093023255,0.0,0.5809523809523789,10119,0.8359254794186372,-0.548842958284719,0.49999999999999994,-0.8660254037844387
1.0,0.013079983262196337,0.6111111111111112,0.6285714285714286,0.627906976744186,0.275,0.5714285714285694,20567,0.8359254794186372,-0.548842958284719,-0.2588190451025208,-0.9659258262890683
1.0,0.2106754905401277,0.6111111111111112,0.6285714285714286,0.5813953488372092,0.25,0.5523809523809504,9848,0.8359254794186372,-0.548842958284719,-0.8660254037844385,-0.5000000000000004
1.0,0.40827099781805914,0.6111111111111112,0.6285714285714286,0.7093023255813953,0.15000000000000002,0.5619047619047635,2021,0.8359254794186372,-0.548842958284719,-0.9659258262890684,0.2588190451025203
0.0,0.605866506012614,0.6111111111111112,0.6285714285714286,0.8837209302325582,0.275,0.6095238095238109,0,0.8359254794186372,-0.548842958284719,-0.5000000000000004,0.8660254037844384
0.0,0.6831577473447313,0.6111111111111112,0.7714285714285714,0.8837209302325582,0.25,0.5999999999999979,0,0.8263541987239096,-0.5631507242749186,0.25881904510252074,0.9659258262890683
0.0,0.48603439105216756,0.6111111111111112,0.7714285714285714,0.9186046511627906,0.07500000000000001,0.5904761904761919,0,0.8263541987239096,-0.5631507242749186,0.8660254037844386,0.5000000000000001
1.0,0.2889110356762273,0.6111111111111112,0.7714285714285714,0.8837209302325582,0.125,0.6285714285714299,6188,0.8263541987239096,-0.5631507242749186,0.9659258262890683,-0.25881904510252063
1.0,0.09178767938366333,0.6111111111111112,0.7714285714285714,0.8139534883720929,0.07500000000000001,0.6476190476190489,19992,0.8263541987239096,-0.5631507242749186,0.49999999999999994,-0.8660254037844387
1.0,0.012938337416611934,0.6111111111111112,0.7714285714285714,0.627906976744186,0.275,0.6285714285714299,17727,0.8263541987239096,-0.5631507242749186,-0.2588190451025208,-0.9659258262890683
1.0,0.21006169279255218,0.6111111111111112,0.7714285714285714,0.6627906976744187,0.4,0.6095238095238109,9661,0.8263541987239096,-0.5631507242749186,-0.8660254037844385,-0.5000000000000004
1.0,0.40718504908511616,0.6111111111111112,0.7714285714285714,0.8837209302325582,0.35000000000000003,0.6190476190476168,907,0.8263541987239096,-0.5631507242749186,-0.9659258262890684,0.2588190451025203
0.0,0.6043084044610565,0.6111111111111112,0.7714285714285714,0.8837209302325582,0.375,0.6571428571428584,0,0.8263541987239096,-0.5631507242749186,-0.5000000000000004,0.8660254037844384
0.0,0.6814191140244208,0.4722222222222223,0.7428571428571428,0.9186046511627906,0.42500000000000004,0.6476190476190489,0,0.8165380514459161,-0.5772916165517272,0.25881904510252074,0.9659258262890683
0.0,0.48476565932289933,0.4722222222222223,0.7428571428571428,0.9534883720930232,0.35000000000000003,0.6476190476190489,0,0.8165380514459161,-0.5772916165517272,0.8660254037844386,0.5000000000000001
1.0,0.28811220462137777,0.4722222222222223,0.7428571428571428,0.8837209302325582,0.17500000000000002,0.6571428571428584,8421,0.8165380514459161,-0.5772916165517272,0.9659258262890683,-0.25881904510252063
1.0,0.09145874900323256,0.4722222222222223,0.7428571428571428,0.5930232558139534,0.125,0.6476190476190489,30054,0.8165380514459161,-0.5772916165517272,0.49999999999999994,-0.8660254037844387
1.0,0.01279736712262395,0.4722222222222223,0.7428571428571428,0.4302325581395348,0.55,0.6380952380952358,34480,0.8165380514459161,-0.5772916165517272,-0.2588190451025208,-0.9659258262890683
1.0,0.2094508218241455,0.4722222222222223,0.7428571428571428,0.441860465116279,0.65,0.5809523809523789,19576,0.8165380514459161,-0.5772916165517272,-0.8660254037844385,-0.5000000000000004
1.0,0.4061042774422907,0.4722222222222223,0.7428571428571428,0.6395348837209303,0.65,0.5619047619047635,1214,0.8165380514459161,-0.5772916165517272,-0.9659258262890684,0.2588190451025203
0.0,0.6027577321438122,0.4722222222222223,0.7428571428571428,0.7325581395348837,0.42500000000000004,0.5714285714285694,0,0.8165380514459161,-0.5772916165517272,-0.5000000000000004,0.8660254037844384
0.0,0.6796887513988925,0.5277777777777779,0.7714285714285714,0.8023255813953487,0.45,0.5428571428571445,0,0.8064799463209448,-0.5912614448635781,0.25881904510252074,0.9659258262890683
0.0,0.48350296172681867,0.5277777777777779,0.7714285714285714,0.8372093023255813,0.2,0.5142857142857125,0,0.8064799463209448,-0.5912614448635781,0.8660254037844386,0.5000000000000001
1.0,0.2873171720547448,0.5277777777777779,0.7714285714285714,0.6744186046511627,0.0,0.5238095238095255,8482,0.8064799463209448,-0.5912614448635781,0.9659258262890683,-0.25881904510252063
1.0,0.09113138329929449,0.5277777777777779,0.7714285714285714,0.46511627906976744,0.35000000000000003,0.5238095238095255,29577,0.8064799463209448,-0.5912614448635781,0.49999999999999994,-0.8660254037844387
1.0,0.012657067797114362,0.5277777777777779,0.7714285714285714,0.46511627906976744,0.5750000000000001,0.5047619047619065,33944,0.8064799463209448,-0.5912614448635781,-0.2588190451025208,-0.9659258262890683
1.0,0.20884285655256465,0.5277777777777779,0.7714285714285714,0.5116279069767442,0.625,0.44761904761904603,19863,0.8064799463209448,-0.5912614448635781,-0.8660254037844385,-0.5000000000000004
1.0,0.4050286462246386,0.5277777777777779,0.7714285714285714,0.6395348837209303,0.625,0.42857142857142705,1151,0.8064799463209448,-0.5912614448635781,-0.9659258262890684,0.2588190451025203
0.0,0.6012144349800888,0.5277777777777779,0.7714285714285714,0.7325581395348837,0.35000000000000003,0.45714285714285907,0,0.8064799463209448,-0.5912614448635781,-0.5000000000000004,0.8660254037844384
0.0,0.677966598054365,0.4444444444444444,0.7714285714285714,0.8023255813953487,0.42500000000000004,0.44761904761904603,0,0.7961828637826158,-0.6050560696488488,0.25881904510252074,0.9659258262890683
0.0,0.48224625609923993,0.4444444444444444,0.7714285714285714,0.8372093023255813,0.2,0.4380952380952401,0,0.7961828637826158,-0.6050560696488488,0.8660254037844386,0.5000000000000001
1.0,0.28652591322749105,0.4444444444444444,0.7714285714285714,0.7325581395348837,0.225,0.466666666666665,8318,0.7961828637826158,-0.6050560696488488,0.9659258262890683,-0.25881904510252063
1.0,0.09080557035574219,0.4444444444444444,0.7714285714285714,0.5348837209302326,0.375,0.47619047619047805,29580,0.7961828637826158,-0.6050560696488488,0.49999999999999994,-0.8660254037844387
1.0,0.01251743394034157,0.4444444444444444,0.7714285714285714,0.5116279069767442,0.5,0.466666666666665,34329,0.7961828637826158,-0.6050560696488488,-0.2588190451025208,-0.9659258262890683
1.0,0.20823777589546674,0.4444444444444444,0.7714285714285714,0.5348837209302326,0.75,0.466666666666665,19505,0.7961828637826158,-0.6050560696488488,-0.8660254037844385,-0.5000000000000004
1.0,0.4039581187672156,0.4444444444444444,0.7714285714285714,0.7093023255813953,0.6000000000000001,0.45714285714285907,1229,0.7961828637826158,-0.6050560696488488,-0.9659258262890684,0.2588190451025203
0.0,0.5996784616389644,0.4444444444444444,0.7714285714285714,0.7674418604651163,0.275,0.47619047619047805,0,0.7961828637826158,-0.6050560696488488,-0.5000000000000004,0.8660254037844384
0.0,0.6762525971601748,0.4444444444444444,0.7714285714285714,0.8023255813953487,0.17500000000000002,0.466666666666665,0,0.7856498550787147,-0.6186714032625031,0.25881904510252074,0.9659258262890683
0.0,0.48099549844222983,0.4444444444444444,0.7714285714285714,0.8372093023255813,0.225,0.44761904761904603,0,0.7856498550787147,-0.6186714032625031,0.8660254037844386,0.5000000000000001
1.0,0.28573839972428483,0.4444444444444444,0.7714285714285714,0.7093023255813953,0.0,0.466666666666665,8263,0.7856498550787147,-0.6186714032625031,0.9659258262890683,-0.25881904510252063
1.0,0.09048130008971608,0.4444444444444444,0.7714285714285714,0.5232558139534884,0.4,0.47619047619047805,29303,0.7856498550787147,-0.6186714032625031,0.49999999999999994,-0.8660254037844387
1.0,0.012378460052563912,0.4444444444444444,0.7714285714285714,0.46511627906976744,0.525,0.45714285714285907,33627,0.7856498550787147,-0.6186714032625031,-0.2588190451025208,-0.9659258262890683
1.0,0.20763555968713263,0.4444444444444444,0.7714285714285714,0.5116279069767442,0.775,0.4380952380952401,19748,0.7856498550787147,-0.6186714032625031,-0.8660254037844385,-0.5000000000000004
1.0,0.40289265840507765,0.4444444444444444,0.7714285714285714,0.4302325581395348,0.55,0.42857142857142705,1182,0.7856498550787147,-0.6186714032625031,-0.9659258262890684,0.2588190451025203
0.0,0.5981497580396463,0.4444444444444444,0.7714285714285714,0.5813953488372092,0.25,0.47619047619047805,0,0.7856498550787147,-0.6186714032625031,-0.5000000000000004,0.8660254037844384
0.0,0.674546690969035,0.41666666666666674,0.7428571428571428,0.7325581395348837,0.525,0.466666666666665,0,0.7748840413670407,-0.6321034111873487,0.25881904510252074,0.9659258262890683
0.0,0.47975064842435006,0.41666666666666674,0.7428571428571428,0.7674418604651163,0.5,0.45714285714285907,0,0.7748840413670407,-0.6321034111873487,0.8660254037844386,0.5000000000000001
1.0,0.2849546049630415,0.41666666666666674,0.7428571428571428,0.7325581395348837,0.35000000000000003,0.5047619047619065,7837,0.7748840413670407,-0.6321034111873487,0.9659258262890683,-0.25881904510252063
1.0,0.0901585615017329,0.41666666666666674,0.7428571428571428,0.5930232558139534,0.525,0.5047619047619065,28418,0.7748840413670407,-0.6321034111873487,0.49999999999999994,-0.8660254037844387
1.0,0.012240143383910607,0.41666666666666674,0.7428571428571428,0.5348837209302326,0.775,0.5047619047619065,34252,0.7748840413670407,-0.6321034111873487,-0.2588190451025208,-0.9659258262890683
1.0,0.20703618684521916,0.41666666666666674,0.7428571428571428,0.6511627906976745,0.9,0.4952380952380935,20301,0.7748840413670407,-0.6321034111873487,-0.8660254037844385,-0.5000000000000004
1.0,0.40183223030652776,0.41666666666666674,0.7428571428571428,0.8372093023255813,0.7000000000000001,0.4952380952380935,1288,0.7748840413670407,-0.6321034111873487,-0.9659258262890684,0.2588190451025203
0.0,0.5966282737678363,0.41666666666666674,0.7428571428571428,0.7674418604651163,0.7250000000000001,0.5142857142857125,0,0.7748840413670407,-0.6321034111873487,-0.5000000000000004,0.8660254037844384
0.0,0.6736967553983706,0.38888888888888884,0.7428571428571428,0.8023255813953487,0.625,0.5333333333333314,0,0.7638886127905428,-0.6453481132295501,0.25881904510252074,0.9659258262890683
0.0,0.47913042514530785,0.38888888888888884,0.7428571428571428,0.8372093023255813,0.325,0.5428571428571445,0,0.7638886127905428,-0.6453481132295501,0.8660254037844386,0.5000000000000001
1.0,0.28456409397562143,0.38888888888888884,0.7428571428571428,0.7674418604651163,0.35000000000000003,0.5523809523809504,8669,0.7638886127905428,-0.6453481132295501,0.9659258262890683,-0.25881904510252063
1.0,0.08999776280593502,0.38888888888888884,0.7428571428571428,0.48837209302325585,0.375,0.5619047619047635,29737,0.7638886127905428,-0.6453481132295501,0.49999999999999994,-0.8660254037844387
1.0,0.01217122978808631,0.38888888888888884,0.7428571428571428,0.3953488372093023,0.5750000000000001,0.5523809523809504,34324,0.7638886127905428,-0.6453481132295501,-0.2588190451025208,-0.9659258262890683
1.0,0.2067375609577727,0.38888888888888884,0.7428571428571428,0.4186046511627907,0.75,0.5047619047619065,20073,0.7638886127905428,-0.6453481132295501,-0.8660254037844385,-0.5000000000000004
1.0,0.4013038921274592,0.38888888888888884,0.7428571428571428,0.5581395348837208,0.625,0.5142857142857125,1278,0.7638886127905428,-0.6453481132295501,-0.9659258262890684,0.2588190451025203
0.0,0.5958702232971455,0.38888888888888884,0.7428571428571428,0.6976744186046511,0.5,0.5428571428571445,0,0.7638886127905428,-0.6453481132295501,-0.5000000000000004,0.8660254037844384
0.0,0.6720028844751562,0.4444444444444444,0.7428571428571428,0.7325581395348837,0.55,0.5333333333333314,0,0.7526668275320085,-0.6584015846980488,0.25881904510252074,0.9659258262890683
0.0,0.477894356381558,0.4444444444444444,0.7428571428571428,0.6976744186046511,0.2,0.5142857142857125,0,0.7526668275320085,-0.6584015846980488,0.8660254037844386,0.5000000000000001
1.0,0.2837858282879598,0.4444444444444444,0.7428571428571428,0.4069767441860465,0.0,0.5333333333333314,8004,0.7526668275320085,-0.6584015846980488,0.9659258262890683,-0.25881904510252063
1.0,0.08967730019436151,0.4444444444444444,0.7428571428571428,0.4186046511627907,0.325,0.5523809523809504,29472,0.7526668275320085,-0.6584015846980488,0.49999999999999994,-0.8660254037844387
1.0,0.012033889323571662,0.4444444444444444,0.7428571428571428,0.3023255813953488,0.6000000000000001,0.5619047619047635,31009,0.7526668275320085,-0.6584015846980488,-0.2588190451025208,-0.9659258262890683
1.0,0.2061424174171699,0.4444444444444444,0.7428571428571428,0.3372093023255814,0.7000000000000001,0.5714285714285694,19335,0.7526668275320085,-0.6584015846980488,-0.8660254037844385,-0.5000000000000004
1.0,0.4002509455107682,0.4444444444444444,0.7428571428571428,0.3953488372093023,0.45,0.5523809523809504,1258,0.7526668275320085,-0.6584015846980488,-0.9659258262890684,0.2588190451025203
0.0,0.5943594726877428,0.4444444444444444,0.7428571428571428,0.6395348837209303,0.65,0.5999999999999979,0,0.7526668275320085,-0.6584015846980488,-0.5000000000000004,0.8660254037844384
0.0,0.6703169652617098,0.5,0.7428571428571428,0.7674418604651163,0.4,0.5619047619047635,0,0.7412220108485958,-0.6712599575675313,0.25881904510252074,0.9659258262890683
0.0,0.4766640907618474,0.5,0.7428571428571428,0.8372093023255813,0.4,0.5523809523809504,0,0.7412220108485958,-0.6712599575675313,0.8660254037844386,0.5000000000000001
1.0,0.2830112171786087,0.5,0.7428571428571428,0.8837209302325582,0.525,0.5809523809523789,7791,0.7412220108485958,-0.6712599575675313,0.9659258262890683,-0.25881904510252063
1.0,0.08935834267874637,0.5,0.7428571428571428,0.6744186046511627,0.4,0.5714285714285694,28562,0.7412220108485958,-0.6712599575675313,0.49999999999999994,-0.8660254037844387
1.0,0.011897193245450889,0.5,0.7428571428571428,0.5930232558139534,0.7000000000000001,0.5619047619047635,32864,0.7412220108485958,-0.6712599575675313,-0.2588190451025208,-0.9659258262890683
1.0,0.20555006682868962,0.5,0.7428571428571428,0.627906976744186,0.8250000000000001,0.5142857142857125,19321,0.7412220108485958,-0.6712599575675313,-0.8660254037844385,-0.5000000000000004
1.0,0.39920294132855194,0.5,0.7428571428571428,0.8837209302325582,0.7000000000000001,0.4952380952380935,1334,0.7412220108485958,-0.6712599575675313,-0.9659258262890684,0.2588190451025203
0.0,0.5928558158284143,0.5,0.7428571428571428,0.8837209302325582,0.35000000000000003,0.5238095238095255,0,0.7412220108485958,-0.6712599575675313,-0.5000000000000004,0.8660254037844384
0.0,0.6694769704740349,0.4444444444444444,0.7999999999999999,0.9534883720930232,0.35000000000000003,0.4952380952380935,0,0.7295575540864875,-0.6839194216246106,0.25881904510252074,0.9659258262890683
0.0,0.4760511216420104,0.4444444444444444,0.7999999999999999,0.9534883720930232,0.15000000000000002,0.466666666666665,0,0.7295575540864875,-0.6839194216246106,0.8660254037844386,0.5000000000000001
1.0,0.28262527280998573,0.4444444444444444,0.7999999999999999,0.8372093023255813,0.125,0.47619047619047805,5768,0.7295575540864875,-0.6839194216246106,0.9659258262890683,-0.25881904510252063
1.0,0.08919942489458471,0.4444444444444444,0.7999999999999999,0.6511627906976745,0.35000000000000003,0.45714285714285907,29303,0.7295575540864875,-0.6839194216246106,0.49999999999999994,-0.8660254037844387
1.0,0.011829085361774856,0.4444444444444444,0.7999999999999999,0.5930232558139534,0.5750000000000001,0.42857142857142705,33434,0.7295575540864875,-0.6839194216246106,-0.2588190451025208,-0.9659258262890683
1.0,0.20525493419379945,0.4444444444444444,0.7999999999999999,0.5930232558139534,0.6000000000000001,0.39047619047619264,19868,0.7295575540864875,-0.6839194216246106,-0.8660254037844385,-0.5000000000000004
1.0,0.39868078210920044,0.4444444444444444,0.7999999999999999,0.7674418604651163,0.45,0.3809523809523796,1344,0.7295575540864875,-0.6839194216246106,-0.9659258262890684,0.2588190451025203
0.0,0.5921066309412251,0.4444444444444444,0.7999999999999999,0.7325581395348837,0.2,0.39047619047619264,0,0.7295575540864875,-0.6839194216246106,-0.5000000000000004,0.8660254037844384
0.0,0.6678028747884612,0.8055555555555556,0.8285714285714285,0.7093023255813953,0.07500000000000001,0.3619047619047606,0,0.717676913675962,-0.6963762255968722,0.25881904510252074,0.9659258262890683
1.0,0.4748294851169114,0.8055555555555556,0.8285714285714285,0.7674418604651163,0.07500000000000001,0.3523809523809547,0,0.717676913675962,-0.6963762255968722,0.8660254037844386,0.5000000000000001
1.0,0.28185609452873783,0.8055555555555556,0.8285714285714285,0.6860465116279069,0.0,0.3809523809523796,8425,0.717676913675962,-0.6963762255968722,0.9659258262890683,-0.25881904510252063
1.0,0.08888270394056424,0.8055555555555556,0.8285714285714285,0.6511627906976745,0.07500000000000001,0.39047619047619264,28144,0.717676913675962,-0.6963762255968722,0.49999999999999994,-0.8660254037844387
1.0,0.01169334807194427,0.8055555555555556,0.8285714285714285,0.5116279069767442,0.07500000000000001,0.3619047619047606,31322,0.717676913675962,-0.6963762255968722,-0.2588190451025208,-0.9659258262890683
1.0,0.20466673866011784,0.8055555555555556,0.8285714285714285,0.19767441860465113,0.35000000000000003,0.3523809523809547,18939,0.717676913675962,-0.6963762255968722,-0.8660254037844385,-0.5000000000000004
1.0,0.3976401283316678,0.8055555555555556,0.8285714285714285,0.3023255813953488,0.45,0.3523809523809547,1305,0.717676913675962,-0.6963762255968722,-0.9659258262890684,0.2588190451025203
0.0,0.5906135189198413,0.8055555555555556,0.8285714285714285,0.5465116279069768,0.0,0.3809523809523796,0,0.717676913675962,-0.6963762255968722,-0.5000000000000004,0.8660254037844384
0.0,0.6661365942357386,0.8888888888888888,0.8285714285714285,0.6162790697674418,0.125,0.3809523809523796,0,0.705583610107178,-0.7086266782644596,0.25881904510252074,0.9659258262890683
1.0,0.4736135499906317,0.8888888888888888,0.8285714285714285,0.5930232558139534,0.0,0.37142857142857366,0,0.705583610107178,-0.7086266782644596,0.8660254037844386,0.5000000000000001
1.0,0.2810905057455247,0.8888888888888888,0.8285714285714285,0.6511627906976745,0.0,0.39047619047619264,8363,0.705583610107178,-0.7086266782644596,0.9659258262890683,-0.25881904510252063
1.0,0.08856746150041764,0.8888888888888888,0.8285714285714285,0.5116279069767442,0.07500000000000001,0.39047619047619264,27752,0.705583610107178,-0.7086266782644596,0.49999999999999994,-0.8660254037844387
1.0,0.01155824416902429,0.8888888888888888,0.8285714285714285,0.1395348837209302,0.375,0.37142857142857366,32018,0.705583610107178,-0.7086266782644596,-0.2588190451025208,-0.9659258262890683
1.0,0.20408128841413128,0.8888888888888888,0.8285714285714285,0.4186046511627907,0.55,0.37142857142857366,19428,0.705583610107178,-0.7086266782644596,-0.8660254037844385,-0.5000000000000004
1.0,0.39660433174261467,0.8888888888888888,0.8285714285714285,0.5930232558139534,0.45,0.3809523809523796,1356,0.705583610107178,-0.7086266782644596,-0.9659258262890684,0.2588190451025203
0.0,0.5891273759877217,0.8888888888888888,0.8285714285714285,0.7441860465116279,0.275,0.3999999999999986,0,0.705583610107178,-0.7086266782644596,-0.5000000000000004,0.8660254037844384
0.0,0.6644780719852035,0.4722222222222223,0.7999999999999999,0.8837209302325582,0.325,0.3999999999999986,0,0.6932812268869777,-0.7206671495538609,0.25881904510252074,0.9659258262890683
1.0,0.4724032768483562,0.4722222222222223,0.7999999999999999,0.8837209302325582,0.25,0.37142857142857366,0,0.6932812268869777,-0.7206671495538609,0.8660254037844386,0.5000000000000001
1.0,0.2803284817115089,0.4722222222222223,0.7999999999999999,0.8837209302325582,0.375,0.3809523809523796,2927,0.6932812268869777,-0.7206671495538609,0.9659258262890683,-0.25881904510252063
1.0,0.08825368749128526,0.4722222222222223,0.7999999999999999,0.6744186046511627,0.45,0.3999999999999986,19620,0.6932812268869777,-0.7206671495538609,0.49999999999999994,-0.8660254037844387
1.0,0.011423769069896929,0.4722222222222223,0.7999999999999999,0.569767441860465,0.375,0.3999999999999986,25514,0.6932812268869777,-0.7206671495538609,-0.2588190451025208,-0.9659258262890683
1.0,0.2034985642067442,0.4722222222222223,0.7999999999999999,0.5930232558139534,0.42500000000000004,0.3809523809523796,14852,0.6932812268869777,-0.7206671495538609,-0.8660254037844385,-0.5000000000000004
1.0,0.39557335934359145,0.4722222222222223,0.7999999999999999,0.8023255813953487,0.5,0.40952380952380807,1378,0.6932812268869777,-0.7206671495538609,-0.9659258262890684,0.2588190451025203
0.0,0.5876481535638151,0.4722222222222223,0.7999999999999999,0.8837209302325582,0.4,0.44761904761904603,0,0.6932812268869777,-0.7206671495538609,-0.5000000000000004,0.8660254037844384
0.0,0.6644780719852035,0.4722222222222223,0.7714285714285714,0.8837209302325582,0.275,0.4380952380952401,0,0.6807734094770161,-0.7324940716135789,0.25881904510252074,0.9659258262890683
1.0,0.4724032768483562,0.4722222222222223,0.7714285714285714,0.8837209302325582,0.125,0.4380952380952401,0,0.6807734094770161,-0.7324940716135789,0.8660254037844386,0.5000000000000001
1.0,0.2803284817115089,0.4722222222222223,0.7714285714285714,0.7674418604651163,0.275,0.466666666666665,1205,0.6807734094770161,-0.7324940716135789,0.9659258262890683,-0.25881904510252063
1.0,0.08825368749128526,0.4722222222222223,0.7714285714285714,0.6162790697674418,0.375,0.466666666666665,24743,0.6807734094770161,-0.7324940716135789,0.49999999999999994,-0.8660254037844387
1.0,0.011423769069896929,0.4722222222222223,0.7714285714285714,0.569767441860465,0.5750000000000001,0.44761904761904603,34177,0.6807734094770161,-0.7324940716135789,-0.2588190451025208,-0.9659258262890683
1.0,0.2034985642067442,0.4722222222222223,0.7714285714285714,0.5348837209302326,0.8,0.4380952380952401,20278,0.6807734094770161,-0.7324940716135789,-0.8660254037844385,-0.5000000000000004
1.0,0.39557335934359145,0.4722222222222223,0.7714285714285714,0.6744186046511627,0.225,0.42857142857142705,1380,0.6807734094770161,-0.7324940716135789,-0.9659258262890684,0.2588190451025203
0.0,0.5876481535638151,0.4722222222222223,0.7714285714285714,0.7325581395348837,0.25,0.44761904761904603,0,0.6807734094770161,-0.7324940716135789,-0.5000000000000004,0.8660254037844384
0.0,0.6628272548726866,0.41666666666666674,0.7428571428571428,0.6976744186046511,0.2,0.4380952380952401,0,0.6680638642135335,-0.7441039398713607,0.25881904510252074,0.9659258262890683
1.0,0.47119862627527004,0.41666666666666674,0.7428571428571428,0.7325581395348837,0.325,0.4380952380952401,0,0.6680638642135335,-0.7441039398713607,0.8660254037844386,0.5000000000000001
1.0,0.2795699985944769,0.41666666666666674,0.7428571428571428,0.6976744186046511,0.225,0.466666666666665,8628,0.6680638642135335,-0.7441039398713607,0.9659258262890683,-0.25881904510252063
1.0,0.08794136999706023,0.41666666666666674,0.7428571428571428,0.48837209302325585,0.275,0.466666666666665,30910,0.6680638642135335,-0.7441039398713607,0.49999999999999994,-0.8660254037844387
1.0,0.011289919108067752,0.41666666666666674,0.7428571428571428,0.441860465116279,0.4,0.44761904761904603,35282,0.6680638642135335,-0.7441039398713607,-0.2588190451025208,-0.9659258262890683
1.0,0.2029185467888608,0.41666666666666674,0.7428571428571428,0.48837209302325585,0.42500000000000004,0.4190476190476211,20973,0.6680638642135335,-0.7441039398713607,-0.8660254037844385,-0.5000000000000004
1.0,0.3945471753862775,0.41666666666666674,0.7428571428571428,0.7093023255813953,0.275,0.40952380952380807,1469,0.6680638642135335,-0.7441039398713607,-0.9659258262890684,0.2588190451025203
0.0,0.5861758030670704,0.41666666666666674,0.7428571428571428,0.7674418604651163,0.2,0.4190476190476211,0,0.6680638642135335,-0.7441039398713607,-0.5000000000000004,0.8660254037844384
0.0,0.6611840888173954,0.41666666666666674,0.8285714285714285,0.8023255813953487,0.17500000000000002,0.3999999999999986,0,0.6551563572090853,-0.7554933140726803,0.25881904510252074,0.9659258262890683
1.0,0.4699995597731816,0.41666666666666674,0.8285714285714285,0.8372093023255813,0.15000000000000002,0.3999999999999986,0,0.6551563572090853,-0.7554933140726803,0.8660254037844386,0.5000000000000001
1.0,0.2788150307289676,0.41666666666666674,0.8285714285714285,0.7325581395348837,0.0,0.4190476190476211,8289,0.6551563572090853,-0.7554933140726803,0.9659258262890683,-0.25881904510252063
1.0,0.08763050076813012,0.41666666666666674,0.8285714285714285,0.6511627906976745,0.125,0.42857142857142705,29847,0.6551563572090853,-0.7554933140726803,0.49999999999999994,-0.8660254037844387
1.0,0.011156689700418734,0.41666666666666674,0.8285714285714285,0.48837209302325585,0.4,0.3999999999999986,35743,0.6551563572090853,-0.7554933140726803,-0.2588190451025208,-0.9659258262890683
1.0,0.20234121874463265,0.41666666666666674,0.8285714285714285,0.5348837209302326,0.45,0.3809523809523796,21118,0.6551563572090853,-0.7554933140726803,-0.8660254037844385,-0.5000000000000004
1.0,0.3935257477888466,0.41666666666666674,0.8285714285714285,0.8023255813953487,0.5,0.39047619047619264,1514,0.6551563572090853,-0.7554933140726803,-0.9659258262890684,0.2588190451025203
0.0,0.5847102777496841,0.41666666666666674,0.8285714285714285,0.8023255813953487,0.35000000000000003,0.42857142857142705,0,0.6551563572090853,-0.7554933140726803,-0.5000000000000004,0.8660254037844384
0.0,0.6595485224884082,0.4722222222222223,0.7428571428571428,0.8372093023255813,0.125,0.40952380952380807,0,0.6420547132365637,-0.766658819300159,0.25881904510252074,0.9659258262890683
1.0,0.4688060379272761,0.4722222222222223,0.7428571428571428,0.8023255813953487,0.0,0.39047619047619264,0,0.6420547132365637,-0.766658819300159,0.8660254037844386,0.5000000000000001
1.0,0.2780635533661439,0.4722222222222223,0.7428571428571428,0.7325581395348837,0.0,0.3999999999999986,1506,0.6420547132365637,-0.766658819300159,0.9659258262890683,-0.25881904510252063
1.0,0.08732106972163528,0.4722222222222223,0.7428571428571428,0.6162790697674418,0.17500000000000002,0.40952380952380807,19578,0.6420547132365637,-0.766658819300159,0.49999999999999994,-0.8660254037844387
1.0,0.011024076263831853,0.4722222222222223,0.7428571428571428,0.46511627906976744,0.525,0.39047619047619264,35635,0.6420547132365637,-0.766658819300159,-0.2588190451025208,-0.9659258262890683
1.0,0.20176655990834044,0.4722222222222223,0.7428571428571428,0.5930232558139534,0.6000000000000001,0.39047619047619264,21473,0.6420547132365637,-0.766658819300159,-0.8660254037844385,-0.5000000000000004
1.0,0.3925090444694727,0.4722222222222223,0.7428571428571428,0.8023255813953487,0.35000000000000003,0.4190476190476211,1561,0.6420547132365637,-0.766658819300159,-0.9659258262890684,0.2588190451025203
0.0,0.5832515281139812,0.4722222222222223,0.7428571428571428,0.8372093023255813,0.325,0.4380952380952401,0,0.6420547132365637,-0.766658819300159,-0.5000000000000004,0.8660254037844384
0.0,0.6597920281320291,0.3055555555555556,0.6571428571428571,0.8023255813953487,0.225,0.4380952380952401,0,0.6287628145958344,-0.7775971469736269,0.25881904510252074,0.9659258262890683
1.0,0.46926980089003995,0.3055555555555556,0.6571428571428571,0.8372093023255813,0.17500000000000002,0.42857142857142705,0,0.6287628145958344,-0.7775971469736269,0.8660254037844386,0.5000000000000001
1.0,0.27874757364805075,0.3055555555555556,0.6571428571428571,0.8023255813953487,0.225,0.45714285714285907,560,0.6287628145958344,-0.7775971469736269,0.9659258262890683,-0.25881904510252063
1.0,0.08822534640606153,0.3055555555555556,0.6571428571428571,0.7674418604651163,0.275,0.47619047619047805,5451,0.6287628145958344,-0.7775971469736269,0.49999999999999994,-0.8660254037844387
1.0,0.009899542260262607,0.3055555555555556,0.6571428571428571,0.6395348837209303,0.42500000000000004,0.466666666666665,12583,0.6287628145958344,-0.7775971469736269,-0.2588190451025208,-0.9659258262890683
1.0,0.20042176950225177,0.3055555555555556,0.6571428571428571,0.7325581395348837,0.45,0.45714285714285907,6302,0.6287628145958344,-0.7775971469736269,-0.8660254037844385,-0.5000000000000004
1.0,0.390943996744241,0.3055555555555556,0.6571428571428571,0.8023255813953487,0.275,0.466666666666665,524,0.6287628145958344,-0.7775971469736269,-0.9659258262890684,0.2588190451025203
0.0,0.5814662239862302,0.3055555555555556,0.6571428571428571,0.8023255813953487,0.325,0.4952380952380935,0,0.6287628145958344,-0.7775971469736269,-0.5000000000000004,0.8660254037844384
0.0,0.6589777373034682,0.2777777777777779,0.6857142857142857,0.8372093023255813,0.25,0.485714285714284,0,0.6152845999633276,-0.7883050558305255,0.25881904510252074,0.9659258262890683
1.0,0.4686752586545216,0.2777777777777779,0.6857142857142857,0.8023255813953487,0.35000000000000003,0.47619047619047805,0,0.6152845999633276,-0.7883050558305255,0.8660254037844386,0.5000000000000001
1.0,0.27837278000557497,0.2777777777777779,0.6857142857142857,0.8372093023255813,0.275,0.4952380952380935,567,0.6152845999633276,-0.7883050558305255,0.9659258262890683,-0.25881904510252063
1.0,0.08807030135662833,0.2777777777777779,0.6857142857142857,0.8023255813953487,0.325,0.5238095238095255,5246,0.6152845999633276,-0.7883050558305255,0.49999999999999994,-0.8660254037844387
1.0,0.009834837800029625,0.2777777777777779,0.6857142857142857,0.7325581395348837,0.42500000000000004,0.5142857142857125,11356,0.6152845999633276,-0.7883050558305255,-0.2588190451025208,-0.9659258262890683
1.0,0.2001373164489762,0.2777777777777779,0.6857142857142857,0.7325581395348837,0.45,0.485714285714284,9909,0.6152845999633276,-0.7883050558305255,-0.8660254037844385,-0.5000000000000004
1.0,0.39043979509792287,0.2777777777777779,0.6857142857142857,0.8023255813953487,0.35000000000000003,0.485714285714284,383,0.6152845999633276,-0.7883050558305255,-0.9659258262890684,0.2588190451025203
0.0,0.5807422737468695,0.2777777777777779,0.6857142857142857,0.8023255813953487,0.25,0.5142857142857125,0,0.6152845999633276,-0.7883050558305255,-0.5000000000000004,0.8660254037844384
0.0,0.6581653218868018,0.38888888888888884,0.7714285714285714,0.8372093023255813,0.2,0.4952380952380935,0,0.6016240632249226,-0.7987793728863649,0.25881904510252074,0.9659258262890683
1.0,0.4680820858546682,0.38888888888888884,0.7714285714285714,0.8372093023255813,0.17500000000000002,0.466666666666665,0,0.6016240632249226,-0.7987793728863649,0.8660254037844386,0.5000000000000001
1.0,0.27799884982253453,0.38888888888888884,0.7714285714285714,0.7674418604651163,0.2,0.47619047619047805,2232,0.6016240632249226,-0.7987793728863649,0.9659258262890683,-0.25881904510252063
1.0,0.08791561379040083,0.38888888888888884,0.7714285714285714,0.6511627906976745,0.225,0.45714285714285907,26571,0.6016240632249226,-0.7987793728863649,0.49999999999999994,-0.8660254037844387
1.0,0.009770283666067754,0.38888888888888884,0.7714285714285714,0.569767441860465,0.5,0.4190476190476211,34780,0.6016240632249226,-0.7987793728863649,-0.2588190451025208,-0.9659258262890683
1.0,0.1998535196982014,0.38888888888888884,0.7714285714285714,0.5581395348837208,0.4,0.39047619047619264,20874,0.6016240632249226,-0.7987793728863649,-0.8660254037844385,-0.5000000000000004
1.0,0.3899367557303351,0.38888888888888884,0.7714285714285714,0.7674418604651163,0.25,0.39047619047619264,1576,0.6016240632249226,-0.7987793728863649,-0.9659258262890684,0.2588190451025203
0.0,0.5800199917624688,0.38888888888888884,0.7714285714285714,0.7674418604651163,0.125,0.40952380952380807,0,0.6016240632249226,-0.7987793728863649,-0.5000000000000004,0.8660254037844384
0.0,0.6565460943735626,0.5,0.8285714285714285,0.8023255813953487,0.17500000000000002,0.39047619047619264,0,0.5877852522924732,-0.8090169943749473,0.25881904510252074,0.9659258262890683
1.0,0.4668998311461076,0.5,0.8285714285714285,0.7674418604651163,0.0,0.3809523809523796,0,0.5877852522924732,-0.8090169943749473,0.8660254037844386,0.5000000000000001
1.0,0.27725356791865274,0.5,0.8285714285714285,0.7441860465116279,0.07500000000000001,0.3999999999999986,8511,0.5877852522924732,-0.8090169943749473,0.9659258262890683,-0.25881904510252063
1.0,0.08760730469119773,0.5,0.8285714285714285,0.5232558139534884,0.225,0.40952380952380807,29040,0.5877852522924732,-0.8090169943749473,0.49999999999999994,-0.8660254037844387
1.0,0.009641619043968534,0.5,0.8285714285714285,0.4069767441860465,0.5,0.3809523809523796,33746,0.5877852522924732,-0.8090169943749473,-0.2588190451025208,-0.9659258262890683
1.0,0.1992878822714235,0.5,0.8285714285714285,0.4302325581395348,0.45,0.34285714285714164,19945,0.5877852522924732,-0.8090169943749473,-0.8660254037844385,-0.5000000000000004
1.0,0.3889341454988785,0.5,0.8285714285714285,0.6511627906976745,0.5,0.34285714285714164,1499,0.5877852522924732,-0.8090169943749473,-0.9659258262890684,0.2588190451025203
0.0,0.5785804078097098,0.5,0.8285714285714285,0.6744186046511627,0.25,0.3523809523809547,0,0.5877852522924732,-0.8090169943749473,-0.5000000000000004,0.8660254037844384
0.0,0.6557392685276356,0.5,0.8285714285714285,0.8023255813953487,0.25,0.34285714285714164,0,0.5737722679043246,-0.8190148866680801,0.25881904510252074,0.9659258262890683
1.0,0.46631074007116463,0.5,0.8285714285714285,0.8372093023255813,0.225,0.3523809523809547,0,0.5737722679043246,-0.8190148866680801,0.8660254037844386,0.5000000000000001
1.0,0.27688221069806973,0.5,0.8285714285714285,0.7093023255813953,0.0,0.39047619047619264,0,0.5737722679043246,-0.8190148866680801,0.9659258262890683,-0.25881904510252063
1.0,0.08745368132497494,0.5,0.8285714285714285,0.627906976744186,0.2,0.39047619047619264,15867,0.5737722679043246,-0.8190148866680801,0.49999999999999994,-0.8660254037844387
1.0,0.009577508555831178,0.5,0.8285714285714285,0.569767441860465,0.42500000000000004,0.3619047619047606,34371,0.5737722679043246,-0.8190148866680801,-0.2588190451025208,-0.9659258262890683
1.0,0.199006037928926,0.5,0.8285714285714285,0.5930232558139534,0.55,0.33333333333333215,20644,0.5737722679043246,-0.8190148866680801,-0.8660254037844385,-0.5000000000000004
1.0,0.3884345663853972,0.5,0.8285714285714285,0.7674418604651163,0.275,0.3523809523809547,1526,0.5737722679043246,-0.8190148866680801,-0.9659258262890684,0.2588190451025203
0.0,0.5778630957584919,0.5,0.8285714285714285,0.8837209302325582,0.275,0.39047619047619264,0,0.5737722679043246,-0.8190148866680801,-0.5000000000000004,0.8660254037844384
0.0,0.6549342942613897,0.5277777777777779,0.8571428571428571,0.8837209302325582,0.2,0.3809523809523796,0,0.5595892624101765,-0.8287700871745038,0.25881904510252074,0.9659258262890683
1.0,0.4657230000994143,0.5277777777777779,0.8571428571428571,0.8837209302325582,0.0,0.37142857142857366,0,0.5595892624101765,-0.8287700871745038,0.8660254037844386,0.5000000000000001
1.0,0.2765117050208153,0.5277777777777779,0.8571428571428571,0.8023255813953487,0.0,0.40952380952380807,1338,0.5595892624101765,-0.8287700871745038,0.9659258262890683,-0.25881904510252063
1.0,0.08730041085883983,0.5277777777777779,0.8571428571428571,0.7093023255813953,0.17500000000000002,0.4190476190476211,10103,0.5595892624101765,-0.8287700871745038,0.49999999999999994,-0.8660254037844387
1.0,0.009513545644094137,0.5277777777777779,0.8571428571428571,0.569767441860465,0.15000000000000002,0.39047619047619264,24689,0.5595892624101765,-0.8287700871745038,-0.2588190451025208,-0.9659258262890683
1.0,0.19872483980606956,0.5277777777777779,0.8571428571428571,0.5930232558139534,0.4,0.3809523809523796,13726,0.5595892624101765,-0.8287700871745038,-0.8660254037844385,-0.5000000000000004
1.0,0.387936133968045,0.5277777777777779,0.8571428571428571,0.7674418604651163,0.35000000000000003,0.3999999999999986,869,0.5595892624101765,-0.8287700871745038,-0.9659258262890684,0.2588190451025203
0.0,0.577147429046644,0.5277777777777779,0.8571428571428571,0.8023255813953487,0.25,0.4380952380952401,0,0.5595892624101765,-0.8287700871745038,-0.5000000000000004,0.8660254037844384
0.0,0.654131163325212,0.5555555555555556,0.8285714285714285,0.8837209302325582,0.17500000000000002,0.4380952380952401,0,0.545240438540651,-0.8382797052177744,0.25881904510252074,0.9659258262890683
1.0,0.4651366057311152,0.5555555555555556,0.8285714285714285,0.8837209302325582,0.0,0.44761904761904603,0,0.545240438540651,-0.8382797052177744,0.8660254037844386,0.5000000000000001
1.0,0.2761420481370184,0.5555555555555556,0.8285714285714285,0.7674418604651163,0.0,0.47619047619047805,1778,0.545240438540651,-0.8382797052177744,0.9659258262890683,-0.25881904510252063
1.0,0.08714749054292156,0.5555555555555556,0.8285714285714285,0.6511627906976745,0.2,0.4952380952380935,19005,0.545240438540651,-0.8382797052177744,0.49999999999999994,-0.8660254037844387
1.0,0.009449728475510191,0.5555555555555556,0.8285714285714285,0.5465116279069768,0.17500000000000002,0.466666666666665,31390,0.545240438540651,-0.8382797052177744,-0.2588190451025208,-0.9659258262890683
1.0,0.19844428606960698,0.5555555555555556,0.8285714285714285,0.47674418604651164,0.35000000000000003,0.45714285714285907,20067,0.545240438540651,-0.8382797052177744,-0.8660254037844385,-0.5000000000000004
1.0,0.38743884366370385,0.5555555555555556,0.8285714285714285,0.6162790697674418,0.225,0.466666666666665,457,0.545240438540651,-0.8382797052177744,-0.9659258262890684,0.2588190451025203
0.0,0.5764334012578006,0.5555555555555556,0.8285714285714285,0.7441860465116279,0.15000000000000002,0.5142857142857125,0,0.545240438540651,-0.8382797052177744,-0.5000000000000004,0.8660254037844384
0.0,0.6525304094440955,0.5277777777777779,0.7142857142857143,0.7441860465116279,0.07500000000000001,0.5142857142857125,0,0.5307300481619334,-0.8475409228928311,0.25881904510252074,0.9659258262890683
1.0,0.4639678400555168,0.5277777777777779,0.7142857142857143,0.7674418604651163,0.15000000000000002,0.4952380952380935,0,0.5307300481619334,-0.8475409228928311,0.8660254037844386,0.5000000000000001
1.0,0.27540526975031443,0.5277777777777779,0.7142857142857143,0.7674418604651163,0.15000000000000002,0.5142857142857125,719,0.5307300481619334,-0.8475409228928311,0.9659258262890683,-0.25881904510252063
1.0,0.08684269944511208,0.5277777777777779,0.7142857142857143,0.6162790697674418,0.17500000000000002,0.5142857142857125,10183,0.5307300481619334,-0.8475409228928311,0.49999999999999994,-0.8660254037844387
1.0,0.009322532284425186,0.5277777777777779,0.7142857142857143,0.5232558139534884,0.4,0.47619047619047805,28028,0.5307300481619334,-0.8475409228928311,-0.2588190451025208,-0.9659258262890683
1.0,0.1978851016730039,0.5277777777777779,0.7142857142857143,0.569767441860465,0.45,0.466666666666665,20724,0.5307300481619334,-0.8475409228928311,-0.8660254037844385,-0.5000000000000004
1.0,0.38644767197820623,0.5277777777777779,0.7142857142857143,0.7674418604651163,0.35000000000000003,0.466666666666665,2396,0.5307300481619334,-0.8475409228928311,-0.9659258262890684,0.2588190451025203
0.0,0.5750102422834086,0.5277777777777779,0.7142857142857143,0.8023255813953487,0.375,0.4952380952380935,0,0.5307300481619334,-0.8475409228928311,-0.5000000000000004,0.8660254037844384
0.0,0.6517327736664261,0.4444444444444444,0.7428571428571428,0.8023255813953487,0.275,0.47619047619047805,0,0.5160623910158528,-0.8565509959010036,0.25881904510252074,0.9659258262890683
1.0,0.46338545774873413,0.4444444444444444,0.7428571428571428,0.8837209302325582,0.25,0.47619047619047805,0,0.5160623910158528,-0.8565509959010036,0.8660254037844386,0.5000000000000001
1.0,0.27503814183104214,0.4444444444444444,0.7428571428571428,0.8023255813953487,0.17500000000000002,0.4952380952380935,785,0.5160623910158528,-0.8565509959010036,0.9659258262890683,-0.25881904510252063
1.0,0.08669082591335003,0.4444444444444444,0.7428571428571428,0.7674418604651163,0.17500000000000002,0.5047619047619065,7998,0.5160623910158528,-0.8565509959010036,0.49999999999999994,-0.8660254037844387
1.0,0.009259151428676914,0.4444444444444444,0.7428571428571428,0.5930232558139534,0.35000000000000003,0.44761904761904603,16263,0.5160623910158528,-0.8565509959010036,-0.2588190451025208,-0.9659258262890683
1.0,0.19760646734636894,0.4444444444444444,0.7428571428571428,0.6511627906976745,0.45,0.4190476190476211,20566,0.5160623910158528,-0.8565509959010036,-0.8660254037844385,-0.5000000000000004
1.0,0.385953783264061,0.4444444444444444,0.7428571428571428,0.7674418604651163,0.325,0.42857142857142705,1894,0.5160623910158528,-0.8565509959010036,-0.9659258262890684,0.2588190451025203
0.0,0.574301099181753,0.4444444444444444,0.7428571428571428,0.8023255813953487,0.25,0.44761904761904603,0,0.5160623910158528,-0.8565509959010036,-0.5000000000000004,0.8660254037844384
0.0,0.6519821374515025,0.4722222222222223,0.7428571428571428,0.8023255813953487,0.15000000000000002,0.42857142857142705,0,0.5012418134457758,-0.865307254363206,0.25881904510252074,0.9659258262890683
1.0,0.4638495846110689,0.4722222222222223,0.7428571428571428,0.8023255813953487,0.225,0.40952380952380807,0,0.5012418134457758,-0.865307254363206,0.8660254037844386,0.5000000000000001
1.0,0.2757170317706352,0.4722222222222223,0.7428571428571428,0.8023255813953487,0.275,0.42857142857142705,464,0.5012418134457758,-0.865307254363206,0.9659258262890683,-0.25881904510252063
1.0,0.08758447893020155,0.4722222222222223,0.7428571428571428,0.6511627906976745,0.35000000000000003,0.42857142857142705,6125,0.5012418134457758,-0.865307254363206,0.49999999999999994,-0.8660254037844387
1.0,0.008150734417943437,0.4722222222222223,0.7428571428571428,0.627906976744186,0.375,0.42857142857142705,18736,0.5012418134457758,-0.865307254363206,-0.2588190451025208,-0.9659258262890683
1.0,0.19628328725837707,0.4722222222222223,0.7428571428571428,0.6511627906976745,0.325,0.40952380952380807,13171,0.5012418134457758,-0.865307254363206,-0.8660254037844385,-0.5000000000000004
1.0,0.38441584009881075,0.4722222222222223,0.7428571428571428,0.8023255813953487,0.275,0.4190476190476211,339,0.5012418134457758,-0.865307254363206,-0.9659258262890684,0.2588190451025203
0.0,0.5725483929392443,0.4722222222222223,0.7428571428571428,0.8837209302325582,0.17500000000000002,0.4380952380952401,0,0.5012418134457758,-0.865307254363206,-0.5000000000000004,0.8660254037844384
0.0,0.6511869435591151,0.5,0.7714285714285714,0.9186046511627906,0.25,0.42857142857142705,0,0.48627270710868997,-0.8738071036110808,0.25881904510252074,0.9659258262890683
1.0,0.46326866431893515,0.5,0.7714285714285714,0.9186046511627906,0.07500000000000001,0.4190476190476211,0,0.48627270710868997,-0.8738071036110808,0.8660254037844386,0.5000000000000001
1.0,0.2753503859953788,0.5,0.7714285714285714,0.8372093023255813,0.275,0.42857142857142705,1148,0.48627270710868997,-0.8738071036110808,0.9659258262890683,-0.25881904510252063
1.0,0.08743210675519875,0.5,0.7714285714285714,0.6744186046511627,0.45,0.44761904761904603,9344,0.48627270710868997,-0.8738071036110808,0.49999999999999994,-0.8660254037844387
1.0,0.008088833909316237,0.5,0.7714285714285714,0.569767441860465,0.42500000000000004,0.4380952380952401,33753,0.48627270710868997,-0.8738071036110808,-0.2588190451025208,-0.9659258262890683
1.0,0.19600711223287265,0.5,0.7714285714285714,0.5930232558139534,0.5,0.40952380952380807,17287,0.48627270710868997,-0.8738071036110808,-0.8660254037844385,-0.5000000000000004
1.0,0.3839253914730527,0.5,0.7714285714285714,0.6744186046511627,0.275,0.40952380952380807,1693,0.48627270710868997,-0.8738071036110808,-0.9659258262890684,0.2588190451025203
0.0,0.571843669796609,0.5,0.7714285714285714,0.8023255813953487,0.4,0.3999999999999986,0,0.48627270710868997,-0.8738071036110808,-0.5000000000000004,0.8660254037844384
0.0,0.6511869435591151,0.5277777777777779,0.7714285714285714,0.8372093023255813,0.2,0.39047619047619264,0,0.4711595076738638,-0.8820480249558537,0.25881904510252074,0.9659258262890683
1.0,0.46326866431893515,0.5277777777777779,0.7714285714285714,0.7674418604651163,0.17500000000000002,0.3809523809523796,0,0.4711595076738638,-0.8820480249558537,0.8660254037844386,0.5000000000000001
1.0,0.2753503859953788,0.5277777777777779,0.7714285714285714,0.7441860465116279,0.225,0.3999999999999986,3419,0.4711595076738638,-0.8820480249558537,0.9659258262890683,-0.25881904510252063
1.0,0.08743210675519875,0.5277777777777779,0.7714285714285714,0.46511627906976744,0.35000000000000003,0.3999999999999986,24872,0.4711595076738638,-0.8820480249558537,0.49999999999999994,-0.8660254037844387
1.0,0.008088833909316237,0.5277777777777779,0.7714285714285714,0.48837209302325585,0.42500000000000004,0.40952380952380807,34140,0.4711595076738638,-0.8820480249558537,-0.2588190451025208,-0.9659258262890683
1.0,0.19600711223287265,0.5277777777777779,0.7714285714285714,0.4302325581395348,0.45,0.3809523809523796,20355,0.4711595076738638,-0.8820480249558537,-0.8660254037844385,-0.5000000000000004
1.0,0.3839253914730527,0.5277777777777779,0.7714285714285714,0.7093023255813953,0.5,0.39047619047619264,1992,0.4711595076738638,-0.8820480249558537,-0.9659258262890684,0.2588190451025203
0.0,0.571843669796609,0.5277777777777779,0.7714285714285714,0.7674418604651163,0.275,0.42857142857142705,0,0.4711595076738638,-0.8820480249558537,-0.5000000000000004,0.8660254037844384
0.0,0.6496019757697131,0.5555555555555556,0.7428571428571428,0.7441860465116279,0.2,0.42857142857142705,0,0.4559066935084588,-0.8900275764346767,0.25881904510252074,0.9659258262890683
1.0,0.46211078446526227,0.5555555555555556,0.7428571428571428,0.7441860465116279,0.125,0.42857142857142705,0,0.4559066935084588,-0.8900275764346767,0.8660254037844386,0.5000000000000001
1.0,0.27461959224418775,0.5555555555555556,0.7428571428571428,0.6744186046511627,0.25,0.47619047619047805,204,0.4559066935084588,-0.8900275764346767,0.9659258262890683,-0.25881904510252063
1.0,0.0871284000231132,0.5555555555555556,0.7428571428571428,0.5348837209302326,0.15000000000000002,0.47619047619047805,17306,0.4559066935084588,-0.8900275764346767,0.49999999999999994,-0.8660254037844387
1.0,0.007965452705672643,0.5555555555555556,0.7428571428571428,0.48837209302325585,0.325,0.45714285714285907,29287,0.4559066935084588,-0.8900275764346767,-0.2588190451025208,-0.9659258262890683
1.0,0.1954566449267472,0.5555555555555556,0.7428571428571428,0.46511627906976744,0.375,0.4190476190476211,18577,0.4559066935084588,-0.8900275764346767,-0.8660254037844385,-0.5000000000000004
1.0,0.38294783623119816,0.5555555555555556,0.7428571428571428,0.6744186046511627,0.325,0.4380952380952401,1734,0.4559066935084588,-0.8900275764346767,-0.9659258262890684,0.2588190451025203
0.0,0.5704390284522726,0.5555555555555556,0.7428571428571428,0.7790697674418605,0.225,0.4380952380952401,0,0.4559066935084588,-0.8900275764346767,-0.5000000000000004,0.8660254037844384
0.0,0.6488121908732153,0.6111111111111112,0.7142857142857143,0.7790697674418605,0.15000000000000002,0.40952380952380807,0,0.440518784350495,-0.8977433935342337,0.25881904510252074,0.9659258262890683
1.0,0.46153381573748714,0.6111111111111112,0.7142857142857143,0.7441860465116279,0.15000000000000002,0.3809523809523796,0,0.440518784350495,-0.8977433935342337,0.8660254037844386,0.5000000000000001
1.0,0.2742554396851352,0.6111111111111112,0.7142857142857143,0.6744186046511627,0.07500000000000001,0.3999999999999986,7123,0.440518784350495,-0.8977433935342337,0.9659258262890683,-0.25881904510252063
1.0,0.08697706454940693,0.6111111111111112,0.7142857142857143,0.6162790697674418,0.17500000000000002,0.4380952380952401,18124,0.440518784350495,-0.8977433935342337,0.49999999999999994,-0.8660254037844387
1.0,0.007903972927279866,0.6111111111111112,0.7142857142857143,0.4302325581395348,0.35000000000000003,0.44761904761904603,33393,0.440518784350495,-0.8977433935342337,-0.2588190451025208,-0.9659258262890683
1.0,0.1951823480630081,0.6111111111111112,0.7142857142857143,0.47674418604651164,0.25,0.4380952380952401,21052,0.440518784350495,-0.8977433935342337,-0.8660254037844385,-0.5000000000000004
1.0,0.38246072319873636,0.6111111111111112,0.7142857142857143,0.6744186046511627,0.275,0.44761904761904603,1731,0.440518784350495,-0.8977433935342337,-0.9659258262890684,0.2588190451025203
0.0,0.5697390992510882,0.6111111111111112,0.7142857142857143,0.7441860465116279,0.15000000000000002,0.45714285714285907,0,0.440518784350495,-0.8977433935342337,-0.5000000000000004,0.8660254037844384
0.0,0.6488121908732153,0.5555555555555556,0.7714285714285714,0.7674418604651163,0.0,0.42857142857142705,0,0.42500033996955416,-0.9051931898913974,0.25881904510252074,0.9659258262890683
1.0,0.46153381573748714,0.5555555555555556,0.7714285714285714,0.7674418604651163,0.0,0.42857142857142705,0,0.42500033996955416,-0.9051931898913974,0.8660254037844386,0.5000000000000001
1.0,0.2742554396851352,0.5555555555555556,0.7714285714285714,0.7441860465116279,0.2,0.44761904761904603,6887,0.42500033996955416,-0.9051931898913974,0.9659258262890683,-0.25881904510252063
1.0,0.08697706454940693,0.5555555555555556,0.7714285714285714,0.569767441860465,0.35000000000000003,0.45714285714285907,30094,0.42500033996955416,-0.9051931898913974,0.49999999999999994,-0.8660254037844387
1.0,0.007903972927279866,0.5555555555555556,0.7714285714285714,0.47674418604651164,0.35000000000000003,0.44761904761904603,35474,0.42500033996955416,-0.9051931898913974,-0.2588190451025208,-0.9659258262890683
1.0,0.1951823480630081,0.5555555555555556,0.7714285714285714,0.5232558139534884,0.45,0.4380952380952401,20959,0.42500033996955416,-0.9051931898913974,-0.8660254037844385,-0.5000000000000004
1.0,0.38246072319873636,0.5555555555555556,0.7714285714285714,0.5930232558139534,0.4,0.44761904761904603,1672,0.42500033996955416,-0.9051931898913974,-0.9659258262890684,0.2588190451025203
0.0,0.5697390992510882,0.5555555555555556,0.7714285714285714,0.7790697674418605,0.225,0.45714285714285907,0,0.42500033996955416,-0.9051931898913974,-0.5000000000000004,0.8660254037844384
0.0,0.6490634520691527,0.5833333333333335,0.7428571428571428,0.7441860465116279,0.275,0.4380952380952401,0,0.4093559588156213,-0.9123747579707273,0.25881904510252074,0.9659258262890683
1.0,0.46199741095813124,0.5833333333333335,0.7428571428571428,0.7441860465116279,0.25,0.44761904761904603,0,0.4093559588156213,-0.9123747579707273,0.8660254037844386,0.5000000000000001
1.0,0.27493136893048625,0.5833333333333335,0.7428571428571428,0.6162790697674418,0.4,0.466666666666665,2729,0.4093559588156213,-0.9123747579707273,0.9659258262890683,-0.25881904510252063
1.0,0.08786532690284113,0.5833333333333335,0.7428571428571428,0.5465116279069768,0.42500000000000004,0.47619047619047805,29291,0.4093559588156213,-0.9123747579707273,0.49999999999999994,-0.8660254037844387
1.0,0.006803375632515318,0.5833333333333335,0.7428571428571428,0.47674418604651164,0.525,0.45714285714285907,34710,0.4093559588156213,-0.9123747579707273,-0.2588190451025208,-0.9659258262890683
1.0,0.19386941766016041,0.5833333333333335,0.7428571428571428,0.45348837209302323,0.6000000000000001,0.4380952380952401,21273,0.4093559588156213,-0.9123747579707273,-0.8660254037844385,-0.5000000000000004
1.0,0.3809354596878055,0.5833333333333335,0.7428571428571428,0.6744186046511627,0.4,0.3999999999999986,1748,0.4093559588156213,-0.9123747579707273,-0.9659258262890684,0.2588190451025203
0.0,0.5680015007988269,0.5833333333333335,0.7428571428571428,0.7441860465116279,0.35000000000000003,0.42857142857142705,0,0.4093559588156213,-0.9123747579707273,-0.5000000000000004,0.8660254037844384
0.0,0.6490634520691527,0.5277777777777779,0.7142857142857143,0.7441860465116279,0.275,0.3999999999999986,0,0.39359027665646673,-0.9192859697186104,0.25881904510252074,0.9659258262890683
1.0,0.46199741095813124,0.5277777777777779,0.7142857142857143,0.7093023255813953,0.2,0.3809523809523796,0,0.39359027665646673,-0.9192859697186104,0.8660254037844386,0.5000000000000001
1.0,0.27493136893048625,0.5277777777777779,0.7142857142857143,0.6395348837209303,0.375,0.3999999999999986,2755,0.39359027665646673,-0.9192859697186104,0.9659258262890683,-0.25881904510252063
1.0,0.08786532690284113,0.5277777777777779,0.7142857142857143,0.5581395348837208,0.35000000000000003,0.4190476190476211,21473,0.39359027665646673,-0.9192859697186104,0.49999999999999994,-0.8660254037844387
1.0,0.006803375632515318,0.5277777777777779,0.7142857142857143,0.5116279069767442,0.45,0.3999999999999986,36368,0.39359027665646673,-0.9192859697186104,-0.2588190451025208,-0.9659258262890683
1.0,0.19386941766016041,0.5277777777777779,0.7142857142857143,0.6162790697674418,0.45,0.3809523809523796,22558,0.39359027665646673,-0.9192859697186104,-0.8660254037844385,-0.5000000000000004
1.0,0.3809354596878055,0.5277777777777779,0.7142857142857143,0.6511627906976745,0.325,0.37142857142857366,1922,0.39359027665646673,-0.9192859697186104,-0.9659258262890684,0.2588190451025203
0.0,0.5680015007988269,0.5277777777777779,0.7142857142857143,0.7093023255813953,0.325,0.39047619047619264,0,0.39359027665646673,-0.9192859697186104,-0.5000000000000004,0.8660254037844384
0.0,0.6474904608837655,0.5555555555555556,0.7142857142857143,0.7441860465116279,0.17500000000000002,0.3809523809523796,0,0.3777079652039649,-0.9259247771938498,0.25881904510252074,0.9659258262890683
1.0,0.46084764597322797,0.5555555555555556,0.7142857142857143,0.6744186046511627,0.275,0.39047619047619264,0,0.3777079652039649,-0.9259247771938498,0.8660254037844386,0.5000000000000001
1.0,0.2742048301460667,0.5555555555555556,0.7142857142857143,0.8488372093023255,0.2,0.40952380952380807,2579,0.3777079652039649,-0.9259247771938498,0.9659258262890683,-0.25881904510252063
1.0,0.08756201523552906,0.5555555555555556,0.7142857142857143,0.6511627906976745,0.325,0.42857142857142705,11212,0.3777079652039649,-0.9259247771938498,0.49999999999999994,-0.8660254037844387
1.0,0.00668346201596709,0.5555555555555556,0.7142857142857143,0.5930232558139534,0.35000000000000003,0.42857142857142705,29746,0.3777079652039649,-0.9259247771938498,-0.2588190451025208,-0.9659258262890683
1.0,0.19332627692650473,0.5555555555555556,0.7142857142857143,0.5465116279069768,0.4,0.4190476190476211,13720,0.3777079652039649,-0.9259247771938498,-0.8660254037844385,-0.5000000000000004
1.0,0.37996909275366597,0.5555555555555556,0.7142857142857143,0.7790697674418605,0.225,0.42857142857142705,317,0.3777079652039649,-0.9259247771938498,-0.9659258262890684,0.2588190451025203
0.0,0.5666119076642036,0.5555555555555556,0.7142857142857143,0.7441860465116279,0.25,0.4380952380952401,0,0.3777079652039649,-0.9259247771938498,-0.5000000000000004,0.8660254037844384
0.0,0.6474904608837655,0.5555555555555556,0.7142857142857143,0.7790697674418605,0.2,0.4380952380952401,0,0.36171373072976765,-0.9322892131745133,0.25881904510252074,0.9659258262890683
1.0,0.46084764597322797,0.5555555555555556,0.7142857142857143,0.8837209302325582,0.17500000000000002,0.42857142857142705,0,0.36171373072976765,-0.9322892131745133,0.8660254037844386,0.5000000000000001
1.0,0.2742048301460667,0.5555555555555556,0.7142857142857143,0.8837209302325582,0.17500000000000002,0.44761904761904603,6294,0.36171373072976765,-0.9322892131745133,0.9659258262890683,-0.25881904510252063
1.0,0.08756201523552906,0.5555555555555556,0.7142857142857143,0.6860465116279069,0.35000000000000003,0.45714285714285907,11037,0.36171373072976765,-0.9322892131745133,0.49999999999999994,-0.8660254037844387
1.0,0.00668346201596709,0.5555555555555556,0.7142857142857143,0.569767441860465,0.225,0.466666666666665,25956,0.36171373072976765,-0.9322892131745133,-0.2588190451025208,-0.9659258262890683
1.0,0.19332627692650473,0.5555555555555556,0.7142857142857143,0.5465116279069768,0.325,0.44761904761904603,19602,0.36171373072976765,-0.9322892131745133,-0.8660254037844385,-0.5000000000000004
1.0,0.37996909275366597,0.5555555555555556,0.7142857142857143,0.6744186046511627,0.35000000000000003,0.45714285714285907,1858,0.36171373072976765,-0.9322892131745133,-0.9659258262890684,0.2588190451025203
0.0,0.5666119076642036,0.5555555555555556,0.7142857142857143,0.7093023255813953,0.275,0.485714285714284,0,0.36171373072976765,-0.9322892131745133,-0.5000000000000004,0.8660254037844384
0.0,0.6467066312908253,0.5833333333333335,0.7142857142857143,0.7093023255813953,0.35000000000000003,0.45714285714285907,0,0.3456123126707335,-0.9383773917408641,0.25881904510252074,0.9659258262890683
1.0,0.46027471222255917,0.5833333333333335,0.7142857142857143,0.7441860465116279,0.25,0.4380952380952401,0,0.3456123126707335,-0.9383773917408641,0.8660254037844386,0.5000000000000001
1.0,0.2738427922376695,0.5833333333333335,0.7142857142857143,0.7790697674418605,0.4,0.45714285714285907,1755,0.3456123126707335,-0.9383773917408641,0.9659258262890683,-0.25881904510252063
1.0,0.08741087316940332,0.5833333333333335,0.7142857142857143,0.6511627906976745,0.35000000000000003,0.485714285714284,10910,0.3456123126707335,-0.9383773917408641,0.49999999999999994,-0.8660254037844387
1.0,0.006623708239821342,0.5833333333333335,0.7142857142857143,0.49999999999999994,0.625,0.47619047619047805,33064,0.3456123126707335,-0.9383773917408641,-0.2588190451025208,-0.9659258262890683
1.0,0.19305562730808745,0.5833333333333335,0.7142857142857143,0.49999999999999994,0.55,0.44761904761904603,21537,0.3456123126707335,-0.9383773917408641,-0.8660254037844385,-0.5000000000000004
1.0,0.37948754729297723,0.5833333333333335,0.7142857142857143,0.7093023255813953,0.525,0.44761904761904603,1956,0.3456123126707335,-0.9383773917408641,-0.9659258262890684,0.2588190451025203
0.0,0.5659194663612434,0.5833333333333335,0.7142857142857143,0.7790697674418605,0.375,0.45714285714285907,0,0.3456123126707335,-0.9383773917408641,-0.5000000000000004,0.8660254037844384
0.0,0.6477423646328496,0.5555555555555556,0.7142857142857143,0.7790697674418605,0.225,0.44761904761904603,0,0.3294084822245304,-0.9441875088341993,0.25881904510252074,0.9659258262890683
1.0,0.46131044464795995,0.5555555555555556,0.7142857142857143,0.7674418604651163,0.375,0.4190476190476211,0,0.3294084822245304,-0.9441875088341993,0.8660254037844386,0.5000000000000001
1.0,0.2748785255796939,0.5555555555555556,0.7142857142857143,0.7093023255813953,0.25,0.4380952380952401,4016,0.3294084822245304,-0.9441875088341993,0.9659258262890683,-0.25881904510252063
1.0,0.08844660559480413,0.5555555555555556,0.7142857142857143,0.7093023255813953,0.35000000000000003,0.45714285714285907,17168,0.3294084822245304,-0.9441875088341993,0.49999999999999994,-0.8660254037844387
1.0,0.00558797489779695,0.5555555555555556,0.7142857142857143,0.5232558139534884,0.5,0.44761904761904603,29393,0.3294084822245304,-0.9441875088341993,-0.2588190451025208,-0.9659258262890683
1.0,0.19201989488268667,0.5555555555555556,0.7142857142857143,0.5930232558139534,0.35000000000000003,0.42857142857142705,17765,0.3294084822245304,-0.9441875088341993,-0.8660254037844385,-0.5000000000000004
1.0,0.37845181395095284,0.5555555555555556,0.7142857142857143,0.6744186046511627,0.35000000000000003,0.4190476190476211,1888,0.3294084822245304,-0.9441875088341993,-0.9659258262890684,0.2588190451025203
0.0,0.5648837339358425,0.5555555555555556,0.7142857142857143,0.7441860465116279,0.2,0.4380952380952401,0,0.3294084822245304,-0.9441875088341993,-0.5000000000000004,0.8660254037844384
0.0,0.6469591354283702,0.6111111111111112,0.7142857142857143,0.7441860465116279,0.2,0.42857142857142705,0,0.3131070409358269,-0.9497178427914316,0.25881904510252074,0.9659258262890683
1.0,0.4607376355581014,0.6111111111111112,0.7142857142857143,0.8139534883720929,0.07500000000000001,0.4190476190476211,0,0.3131070409358269,-0.9497178427914316,0.8660254037844386,0.5000000000000001
1.0,0.27451613568783256,0.6111111111111112,0.7142857142857143,0.7790697674418605,0.2,0.45714285714285907,3574,0.3131070409358269,-0.9497178427914316,0.9659258262890683,-0.25881904510252063
1.0,0.08829463581756361,0.6111111111111112,0.7142857142857143,0.5930232558139534,0.2,0.47619047619047805,20529,0.3131070409358269,-0.9497178427914316,0.49999999999999994,-0.8660254037844387
1.0,0.005529525477040234,0.6111111111111112,0.7142857142857143,0.47674418604651164,0.4,0.47619047619047805,32263,0.3131070409358269,-0.9497178427914316,-0.2588190451025208,-0.9659258262890683
1.0,0.19175102443068553,0.6111111111111112,0.7142857142857143,0.49999999999999994,0.375,0.45714285714285907,21543,0.3131070409358269,-0.9497178427914316,-0.8660254037844385,-0.5000000000000004
1.0,0.37797252430095446,0.6111111111111112,0.7142857142857143,0.6511627906976745,0.325,0.466666666666665,1894,0.3131070409358269,-0.9497178427914316,-0.9659258262890684,0.2588190451025203
0.0,0.5641940241712233,0.6111111111111112,0.7142857142857143,0.7790697674418605,0.2,0.485714285714284,0,0.3131070409358269,-0.9497178427914316,-0.5000000000000004,0.8660254037844384
0.0,0.6469591354283702,0.6111111111111112,0.7142857142857143,0.7790697674418605,0.2,0.466666666666665,0,0.29671281927349075,-0.9549667548552551,0.25881904510252074,0.9659258262890683
1.0,0.4607376355581014,0.6111111111111112,0.7142857142857143,0.6511627906976745,0.15000000000000002,0.45714285714285907,0,0.29671281927349075,-0.9549667548552551,0.8660254037844386,0.5000000000000001
1.0,0.27451613568783256,0.6111111111111112,0.7142857142857143,0.6511627906976745,0.17500000000000002,0.466666666666665,5766,0.29671281927349075,-0.9549667548552551,0.9659258262890683,-0.25881904510252063
1.0,0.08829463581756361,0.6111111111111112,0.7142857142857143,0.48837209302325585,0.275,0.485714285714284,27487,0.29671281927349075,-0.9549667548552551,0.49999999999999994,-0.8660254037844387
1.0,0.005529525477040234,0.6111111111111112,0.7142857142857143,0.3837209302325581,0.35000000000000003,0.47619047619047805,35153,0.29671281927349075,-0.9549667548552551,-0.2588190451025208,-0.9659258262890683
1.0,0.19175102443068553,0.6111111111111112,0.7142857142857143,0.45348837209302323,0.35000000000000003,0.44761904761904603,20955,0.29671281927349075,-0.9549667548552551,-0.8660254037844385,-0.5000000000000004
1.0,0.37797252430095446,0.6111111111111112,0.7142857142857143,0.5930232558139534,0.275,0.44761904761904603,2356,0.29671281927349075,-0.9549667548552551,-0.9659258262890684,0.2588190451025203
0.0,0.5641940241712233,0.6111111111111112,0.7142857142857143,0.7093023255813953,0.15000000000000002,0.45714285714285907,0,0.29671281927349075,-0.9549667548552551,-0.5000000000000004,0.8660254037844384
0.0,0.6469591354283702,0.5555555555555556,0.7428571428571428,0.7790697674418605,0.17500000000000002,0.4380952380952401,0,0.28023067519921585,-0.9599326896597447,0.25881904510252074,0.9659258262890683
1.0,0.4607376355581014,0.5555555555555556,0.7428571428571428,0.6744186046511627,0.07500000000000001,0.42857142857142705,0,0.28023067519921585,-0.9599326896597447,0.8660254037844386,0.5000000000000001
1.0,0.27451613568783256,0.5555555555555556,0.7428571428571428,0.6511627906976745,0.2,0.44761904761904603,4724,0.28023067519921585,-0.9599326896597447,0.9659258262890683,-0.25881904510252063
1.0,0.08829463581756361,0.5555555555555556,0.7428571428571428,0.6162790697674418,0.275,0.44761904761904603,20343,0.28023067519921585,-0.9599326896597447,0.49999999999999994,-0.8660254037844387
1.0,0.005529525477040234,0.5555555555555556,0.7428571428571428,0.569767441860465,0.375,0.44761904761904603,20905,0.28023067519921585,-0.9599326896597447,-0.2588190451025208,-0.9659258262890683
1.0,0.19175102443068553,0.5555555555555556,0.7428571428571428,0.569767441860465,0.45,0.4380952380952401,21711,0.28023067519921585,-0.9599326896597447,-0.8660254037844385,-0.5000000000000004
1.0,0.37797252430095446,0.5555555555555556,0.7428571428571428,0.6511627906976745,0.375,0.42857142857142705,3010,0.28023067519921585,-0.9599326896597447,-0.9659258262890684,0.2588190451025203
0.0,0.5641940241712233,0.5555555555555556,0.7428571428571428,0.7441860465116279,0.325,0.44761904761904603,0,0.28023067519921585,-0.9599326896597447,-0.5000000000000004,0.8660254037844384
0.0,0.6472110694260333,0.5277777777777779,0.7428571428571428,0.7790697674418605,0.375,0.4190476190476211,0,0.26366549272800704,-0.9646141756912435,0.25881904510252074,0.9659258262890683
1.0,0.4611995157759819,0.5277777777777779,0.7428571428571428,0.8139534883720929,0.225,0.39047619047619264,0,0.26366549272800704,-0.9646141756912435,0.8660254037844386,0.5000000000000001
1.0,0.2751879612093067,0.5277777777777779,0.7428571428571428,0.8139534883720929,0.35000000000000003,0.4190476190476211,1653,0.26366549272800704,-0.9646141756912435,0.9659258262890683,-0.25881904510252063
1.0,0.08917640664263157,0.5277777777777779,0.7428571428571428,0.7441860465116279,0.2,0.42857142857142705,17545,0.26366549272800704,-0.9646141756912435,0.49999999999999994,-0.8660254037844387
1.0,0.0044378093483785075,0.5277777777777779,0.7428571428571428,0.627906976744186,0.5,0.4190476190476211,28838,0.26366549272800704,-0.9646141756912435,-0.2588190451025208,-0.9659258262890683
1.0,0.19044936391505365,0.5277777777777779,0.7428571428571428,0.6860465116279069,0.5,0.4190476190476211,16318,0.26366549272800704,-0.9646141756912435,-0.8660254037844385,-0.5000000000000004
1.0,0.3764609184817288,0.5277777777777779,0.7428571428571428,0.8139534883720929,0.5,0.4190476190476211,2179,0.26366549272800704,-0.9646141756912435,-0.9659258262890684,0.2588190451025203
0.0,0.5624724730484039,0.5277777777777779,0.7428571428571428,0.7790697674418605,0.325,0.44761904761904603,0,0.26366549272800704,-0.9646141756912435,-0.5000000000000004,0.8660254037844384
0.0,0.6472110694260333,0.5555555555555556,0.7142857142857143,0.7790697674418605,0.325,0.42857142857142705,0,0.24702218048093552,-0.9690098257244062,0.25881904510252074,0.9659258262890683
1.0,0.4611995157759819,0.5555555555555556,0.7142857142857143,0.8139534883720929,0.4,0.4190476190476211,0,0.24702218048093552,-0.9690098257244062,0.8660254037844386,0.5000000000000001
1.0,0.2751879612093067,0.5555555555555556,0.7142857142857143,0.8139534883720929,0.275,0.4380952380952401,940,0.24702218048093552,-0.9690098257244062,0.9659258262890683,-0.25881904510252063
1.0,0.08917640664263157,0.5555555555555556,0.7142857142857143,0.7790697674418605,0.35000000000000003,0.45714285714285907,10068,0.24702218048093552,-0.9690098257244062,0.49999999999999994,-0.8660254037844387
1.0,0.0044378093483785075,0.5555555555555556,0.7142857142857143,0.6511627906976745,0.42500000000000004,0.44761904761904603,30530,0.24702218048093552,-0.9690098257244062,-0.2588190451025208,-0.9659258262890683
1.0,0.19044936391505365,0.5555555555555556,0.7142857142857143,0.6511627906976745,0.5,0.40952380952380807,21210,0.24702218048093552,-0.9690098257244062,-0.8660254037844385,-0.5000000000000004
1.0,0.3764609184817288,0.5555555555555556,0.7142857142857143,0.7790697674418605,0.375,0.3809523809523796,1986,0.24702218048093552,-0.9690098257244062,-0.9659258262890684,0.2588190451025203
0.0,0.5624724730484039,0.5555555555555556,0.7142857142857143,0.8139534883720929,0.275,0.3809523809523796,0,0.24702218048093552,-0.9690098257244062,-0.5000000000000004,0.8660254037844384
0.0,0.6479936991586754,0.6666666666666667,0.7999999999999999,0.8488372093023255,0.07500000000000001,0.3619047619047606,0,0.23030567023061221,-0.9731183372332619,0.25881904510252074,0.9659258262890683
1.0,0.46177219928840657,0.6666666666666667,0.7999999999999999,0.8488372093023255,0.0,0.3523809523809547,0,0.23030567023061221,-0.9731183372332619,0.8660254037844386,0.5000000000000001
1.0,0.27555069941813776,0.6666666666666667,0.7999999999999999,0.7441860465116279,0.125,0.37142857142857366,8499,0.23030567023061221,-0.9731183372332619,0.9659258262890683,-0.25881904510252063
1.0,0.08932919954786883,0.6666666666666667,0.7999999999999999,0.6860465116279069,0.125,0.3619047619047606,28574,0.23030567023061221,-0.9731183372332619,0.49999999999999994,-0.8660254037844387
1.0,0.004494960830111423,0.6666666666666667,0.7999999999999999,0.46511627906976744,0.525,0.34285714285714164,33454,0.23030567023061221,-0.9731183372332619,-0.2588190451025208,-0.9659258262890683
1.0,0.19071646070038034,0.6666666666666667,0.7999999999999999,0.569767441860465,0.6000000000000001,0.31428571428571317,21182,0.23030567023061221,-0.9731183372332619,-0.8660254037844385,-0.5000000000000004
1.0,0.37693796057064927,0.6666666666666667,0.7999999999999999,0.6744186046511627,0.4,0.2952380952380942,1931,0.23030567023061221,-0.9731183372332619,-0.9659258262890684,0.2588190451025203
0.0,0.563159460440918,0.6666666666666667,0.7999999999999999,0.7441860465116279,0.375,0.3047619047619037,0,0.23030567023061221,-0.9731183372332619,-0.5000000000000004,0.8660254037844384
0.0,0.6472110694260333,0.5833333333333335,0.7428571428571428,0.8023255813953487,0.2,0.26666666666666927,0,0.21352091543979612,-0.9769384927771817,0.25881904510252074,0.9659258262890683
1.0,0.4611995157759819,0.5833333333333335,0.7428571428571428,0.8488372093023255,0.275,0.25714285714285623,0,0.21352091543979612,-0.9769384927771817,0.8660254037844386,0.5000000000000001
1.0,0.2751879612093067,0.5833333333333335,0.7428571428571428,0.7093023255813953,0.2,0.2761904761904752,8805,0.21352091543979612,-0.9769384927771817,0.9659258262890683,-0.25881904510252063
1.0,0.08917640664263157,0.5833333333333335,0.7428571428571428,0.569767441860465,0.525,0.2761904761904752,28536,0.21352091543979612,-0.9769384927771817,0.49999999999999994,-0.8660254037844387
1.0,0.0044378093483785075,0.5833333333333335,0.7428571428571428,0.5930232558139534,0.8250000000000001,0.25714285714285623,26470,0.21352091543979612,-0.9769384927771817,-0.2588190451025208,-0.9659258262890683
1.0,0.19044936391505365,0.5833333333333335,0.7428571428571428,0.5930232558139534,0.9,0.23809523809523725,21306,0.21352091543979612,-0.9769384927771817,-0.8660254037844385,-0.5000000000000004
1.0,0.3764609184817288,0.5833333333333335,0.7428571428571428,0.6511627906976745,0.8,0.21904761904761827,2016,0.21352091543979612,-0.9769384927771817,-0.9659258262890684,0.2588190451025203
0.0,0.5624724730484039,0.5833333333333335,0.7428571428571428,0.7441860465116279,0.75,0.21904761904761827,0,0.21352091543979612,-0.9769384927771817,-0.5000000000000004,0.8660254037844384
0.0,0.6472110694260333,0.4722222222222223,0.7142857142857143,0.7325581395348837,0.775,0.22857142857142776,0,0.19667288979357647,-0.980469160361632,0.25881904510252074,0.9659258262890683
1.0,0.4611995157759819,0.4722222222222223,0.7142857142857143,0.8372093023255813,0.275,0.21904761904761827,0,0.19667288979357647,-0.980469160361632,0.8660254037844386,0.5000000000000001
1.0,0.2751879612093067,0.4722222222222223,0.7142857142857143,0.7093023255813953,0.15000000000000002,0.25714285714285623,7747,0.19667288979357647,-0.980469160361632,0.9659258262890683,-0.25881904510252063
1.0,0.08917640664263157,0.4722222222222223,0.7142857142857143,0.5930232558139534,0.275,0.26666666666666927,29088,0.19667288979357647,-0.980469160361632,0.49999999999999994,-0.8660254037844387
1.0,0.0044378093483785075,0.4722222222222223,0.7142857142857143,0.569767441860465,0.5,0.2952380952380942,32083,0.19667288979357647,-0.980469160361632,-0.2588190451025208,-0.9659258262890683
1.0,0.19044936391505365,0.4722222222222223,0.7142857142857143,0.5930232558139534,0.7250000000000001,0.28571428571428825,20057,0.19667288979357647,-0.980469160361632,-0.8660254037844385,-0.5000000000000004
1.0,0.3764609184817288,0.4722222222222223,0.7142857142857143,0.6744186046511627,0.225,0.2761904761904752,2016,0.19667288979357647,-0.980469160361632,-0.9659258262890684,0.2588190451025203
0.0,0.5624724730484039,0.4722222222222223,0.7142857142857143,0.7325581395348837,0.8,0.3047619047619037,0,0.19667288979357647,-0.980469160361632,-0.5000000000000004,0.8660254037844384
0.0,0.6482444672111138,0.5277777777777779,0.7714285714285714,0.7674418604651163,0.775,0.32380952380952266,0,0.1797665857255624,-0.9837092937736097,0.25881904510252074,0.9659258262890683
1.0,0.4622329126444387,0.5277777777777779,0.7714285714285714,0.8023255813953487,0.4,0.34285714285714164,0,0.1797665857255624,-0.9837092937736097,0.8660254037844386,0.5000000000000001
1.0,0.27622135807776355,0.5277777777777779,0.7714285714285714,0.6511627906976745,0.25,0.37142857142857366,8741,0.1797665857255624,-0.9837092937736097,0.9659258262890683,-0.25881904510252063
1.0,0.0902098035110884,0.5277777777777779,0.7714285714285714,0.48837209302325585,0.125,0.39047619047619264,29346,0.1797665857255624,-0.9837092937736097,0.49999999999999994,-0.8660254037844387
1.0,0.003404411563298071,0.5277777777777779,0.7714285714285714,0.441860465116279,0.55,0.3999999999999986,34592,0.1797665857255624,-0.9837092937736097,-0.2588190451025208,-0.9659258262890683
1.0,0.18941596612997322,0.5277777777777779,0.7714285714285714,0.5116279069767442,0.55,0.3809523809523796,21607,0.1797665857255624,-0.9837092937736097,-0.8660254037844385,-0.5000000000000004
1.0,0.37542752069664836,0.5277777777777779,0.7714285714285714,0.6162790697674418,0.5,0.37142857142857366,1971,0.1797665857255624,-0.9837092937736097,-0.9659258262890684,0.2588190451025203
0.0,0.5614390752633235,0.5277777777777779,0.7714285714285714,0.7325581395348837,0.35000000000000003,0.3809523809523796,0,0.1797665857255624,-0.9837092937736097,-0.5000000000000004,0.8660254037844384
0.0,0.6482444672111138,0.6944444444444444,0.7999999999999999,0.7674418604651163,0.17500000000000002,0.3523809523809547,0,0.16280701293851715,-0.986657932891657,0.25881904510252074,0.9659258262890683
1.0,0.4622329126444387,0.6944444444444444,0.7999999999999999,0.7325581395348837,0.0,0.32380952380952266,0,0.16280701293851715,-0.986657932891657,0.8660254037844386,0.5000000000000001
1.0,0.27622135807776355,0.6944444444444444,0.7999999999999999,0.6744186046511627,0.0,0.34285714285714164,8824,0.16280701293851715,-0.986657932891657,0.9659258262890683,-0.25881904510252063
1.0,0.0902098035110884,0.6944444444444444,0.7999999999999999,0.6511627906976745,0.125,0.33333333333333215,29010,0.16280701293851715,-0.986657932891657,0.49999999999999994,-0.8660254037844387
1.0,0.003404411563298071,0.6944444444444444,0.7999999999999999,0.19767441860465113,0.42500000000000004,0.3047619047619037,33697,0.16280701293851715,-0.986657932891657,-0.2588190451025208,-0.9659258262890683
1.0,0.18941596612997322,0.6944444444444444,0.7999999999999999,0.3255813953488372,0.6000000000000001,0.2761904761904752,21260,0.16280701293851715,-0.986657932891657,-0.8660254037844385,-0.5000000000000004
1.0,0.37542752069664836,0.6944444444444444,0.7999999999999999,0.5930232558139534,0.45,0.23809523809523725,2009,0.16280701293851715,-0.986657932891657,-0.9659258262890684,0.2588190451025203
0.0,0.5614390752633235,0.6944444444444444,0.7999999999999999,0.6744186046511627,0.325,0.25714285714285623,0,0.16280701293851715,-0.986657932891657,-0.5000000000000004,0.8660254037844384
0.0,0.6490282628889806,0.6666666666666667,0.8285714285714285,0.7325581395348837,0.225,0.23809523809523725,0,0.1457991969198751,-0.9893142039703663,0.25881904510252074,0.9659258262890683
1.0,0.46280676301871176,0.6666666666666667,0.8285714285714285,0.7325581395348837,0.2,0.21904761904761827,0,0.1457991969198751,-0.9893142039703663,0.8660254037844386,0.5000000000000001
1.0,0.27658526406506656,0.6666666666666667,0.8285714285714285,0.6744186046511627,0.15000000000000002,0.23809523809523725,8555,0.1457991969198751,-0.9893142039703663,0.9659258262890683,-0.25881904510252063
1.0,0.09036376419479764,0.6666666666666667,0.8285714285714285,0.5930232558139534,0.125,0.23809523809523725,28488,0.1457991969198751,-0.9893142039703663,0.49999999999999994,-0.8660254037844387
1.0,0.003460397099806216,0.6666666666666667,0.8285714285714285,0.3372093023255814,0.35000000000000003,0.22857142857142776,33111,0.1457991969198751,-0.9893142039703663,-0.2588190451025208,-0.9659258262890683
1.0,0.18968189697007515,0.6666666666666667,0.8285714285714285,0.47674418604651164,0.55,0.22857142857142776,20969,0.1457991969198751,-0.9893142039703663,-0.8660254037844385,-0.5000000000000004
1.0,0.3759033968403441,0.6666666666666667,0.8285714285714285,0.6511627906976745,0.42500000000000004,0.23809523809523725,1990,0.1457991969198751,-0.9893142039703663,-0.9659258262890684,0.2588190451025203
0.0,0.5621248967106128,0.6666666666666667,0.8285714285714285,0.7674418604651163,0.325,0.28571428571428825,0,0.1457991969198751,-0.9893142039703663,-0.5000000000000004,0.8660254037844384
0.0,0.6482444672111138,0.5833333333333335,0.8857142857142857,0.8372093023255813,0.25,0.28571428571428825,0,0.12874817745258132,-0.99167731989929,0.25881904510252074,0.9659258262890683
1.0,0.4622329126444387,0.5833333333333335,0.8857142857142857,0.8837209302325582,0.17500000000000002,0.2952380952380942,0,0.12874817745258132,-0.99167731989929,0.8660254037844386,0.5000000000000001
1.0,0.27622135807776355,0.5833333333333335,0.8857142857142857,0.7441860465116279,0.07500000000000001,0.33333333333333215,1983,0.12874817745258132,-0.99167731989929,0.9659258262890683,-0.25881904510252063
1.0,0.0902098035110884,0.5833333333333335,0.8857142857142857,0.6860465116279069,0.15000000000000002,0.37142857142857366,25265,0.12874817745258132,-0.99167731989929,0.49999999999999994,-0.8660254037844387
1.0,0.003404411563298071,0.5833333333333335,0.8857142857142857,0.627906976744186,0.25,0.3809523809523796,35033,0.12874817745258132,-0.99167731989929,-0.2588190451025208,-0.9659258262890683
1.0,0.18941596612997322,0.5833333333333335,0.8857142857142857,0.5232558139534884,0.15000000000000002,0.3523809523809547,18600,0.12874817745258132,-0.99167731989929,-0.8660254037844385,-0.5000000000000004
1.0,0.37542752069664836,0.5833333333333335,0.8857142857142857,0.6511627906976745,0.2,0.37142857142857366,1060,0.12874817745258132,-0.99167731989929,-0.9659258262890684,0.2588190451025203
0.0,0.5614390752633235,0.5833333333333335,0.8857142857142857,0.8023255813953487,0.325,0.40952380952380807,0,0.12874817745258132,-0.99167731989929,-0.5000000000000004,0.8660254037844384
0.0,0.6482444672111138,0.6388888888888888,0.7142857142857143,0.8372093023255813,0.17500000000000002,0.40952380952380807,0,0.11165900712169512,-0.993746580436178,0.25881904510252074,0.9659258262890683
1.0,0.4622329126444387,0.6388888888888888,0.7142857142857143,0.8023255813953487,0.125,0.4190476190476211,0,0.11165900712169512,-0.993746580436178,0.8660254037844386,0.5000000000000001
1.0,0.27622135807776355,0.6388888888888888,0.7142857142857143,0.6744186046511627,0.07500000000000001,0.4380952380952401,2539,0.11165900712169512,-0.993746580436178,0.9659258262890683,-0.25881904510252063
1.0,0.0902098035110884,0.6388888888888888,0.7142857142857143,0.6511627906976745,0.2,0.42857142857142705,22145,0.11165900712169512,-0.993746580436178,0.49999999999999994,-0.8660254037844387
1.0,0.003404411563298071,0.6388888888888888,0.7142857142857143,0.4302325581395348,0.125,0.40952380952380807,33481,0.11165900712169512,-0.993746580436178,-0.2588190451025208,-0.9659258262890683
1.0,0.18941596612997322,0.6388888888888888,0.7142857142857143,0.4302325581395348,0.45,0.40952380952380807,22023,0.11165900712169512,-0.993746580436178,-0.8660254037844385,-0.5000000000000004
1.0,0.37542752069664836,0.6388888888888888,0.7142857142857143,0.6744186046511627,0.4,0.40952380952380807,1886,0.11165900712169512,-0.993746580436178,-0.9659258262890684,0.2588190451025203
0.0,0.5614390752633235,0.6388888888888888,0.7142857142857143,0.7093023255813953,0.225,0.4190476190476211,0,0.11165900712169512,-0.993746580436178,-0.5000000000000004,0.8660254037844384
0.0,0.6500628266192858,0.5833333333333335,0.7999999999999999,0.7674418604651163,0.2,0.3999999999999986,0,0.09453674981719912,-0.9955213724144752,0.25881904510252074,0.9659258262890683
1.0,0.46384132766564073,0.5833333333333335,0.7999999999999999,0.8023255813953487,0.325,0.40952380952380807,0,0.09453674981719912,-0.9955213724144752,0.8660254037844386,0.5000000000000001
1.0,0.27761982779537175,0.5833333333333335,0.7999999999999999,0.8023255813953487,0.07500000000000001,0.4190476190476211,0,0.09453674981719912,-0.9955213724144752,0.9659258262890683,-0.25881904510252063
1.0,0.09139832792510283,0.5833333333333335,0.7999999999999999,0.627906976744186,0.15000000000000002,0.42857142857142705,0,0.09453674981719912,-0.9955213724144752,0.49999999999999994,-0.8660254037844387
1.0,0.0024258333695010154,0.5833333333333335,0.7999999999999999,0.5465116279069768,0.225,0.40952380952380807,2668,0.09453674981719912,-0.9955213724144752,-0.2588190451025208,-0.9659258262890683
1.0,0.18864733323976993,0.5833333333333335,0.7999999999999999,0.49999999999999994,0.4,0.37142857142857366,21718,0.09453674981719912,-0.9955213724144752,-0.8660254037844385,-0.5000000000000004
1.0,0.3748688331100389,0.5833333333333335,0.7999999999999999,0.6162790697674418,0.325,0.37142857142857366,2086,0.09453674981719912,-0.9955213724144752,-0.9659258262890684,0.2588190451025203
0.0,0.5610903329803076,0.5833333333333335,0.7999999999999999,0.7674418604651163,0.2,0.3999999999999986,0,0.09453674981719912,-0.9955213724144752,-0.5000000000000004,0.8660254037844384
0.0,0.6500628266192858,0.7777777777777779,0.8285714285714285,0.7674418604651163,0.225,0.3809523809523796,0,0.07738647923346301,-0.9970011699250151,0.25881904510252074,0.9659258262890683
1.0,0.46384132766564073,0.7777777777777779,0.8285714285714285,0.8372093023255813,0.17500000000000002,0.3809523809523796,0,0.07738647923346301,-0.9970011699250151,0.8660254037844386,0.5000000000000001
1.0,0.27761982779537175,0.7777777777777779,0.8285714285714285,0.7093023255813953,0.0,0.40952380952380807,8376,0.07738647923346301,-0.9970011699250151,0.9659258262890683,-0.25881904510252063
1.0,0.09139832792510283,0.7777777777777779,0.8285714285714285,0.6627906976744187,0.07500000000000001,0.4190476190476211,27771,0.07738647923346301,-0.9970011699250151,0.49999999999999994,-0.8660254037844387
1.0,0.0024258333695010154,0.7777777777777779,0.8285714285714285,0.3372093023255814,0.25,0.39047619047619264,32483,0.07738647923346301,-0.9970011699250151,-0.2588190451025208,-0.9659258262890683
1.0,0.18864733323976993,0.7777777777777779,0.8285714285714285,0.2325581395348837,0.525,0.3619047619047606,20505,0.07738647923346301,-0.9970011699250151,-0.8660254037844385,-0.5000000000000004
1.0,0.3748688331100389,0.7777777777777779,0.8285714285714285,0.3372093023255814,0.42500000000000004,0.3523809523809547,1950,0.07738647923346301,-0.9970011699250151,-0.9659258262890684,0.2588190451025203
0.0,0.5610903329803076,0.7777777777777779,0.8285714285714285,0.45348837209302323,0.2,0.37142857142857366,0,0.07738647923346301,-0.9970011699250151,-0.5000000000000004,0.8660254037844384
0.0,0.6500628266192858,0.7777777777777779,0.8285714285714285,0.5930232558139534,0.125,0.3523809523809547,0,0.06021327736579302,-0.9981855344718586,0.25881904510252074,0.9659258262890683
1.0,0.46384132766564073,0.7777777777777779,0.8285714285714285,0.6744186046511627,0.25,0.34285714285714164,0,0.06021327736579302,-0.9981855344718586,0.8660254037844386,0.5000000000000001
1.0,0.27761982779537175,0.7777777777777779,0.8285714285714285,0.627906976744186,0.0,0.37142857142857366,8112,0.06021327736579302,-0.9981855344718586,0.9659258262890683,-0.25881904510252063
1.0,0.09139832792510283,0.7777777777777779,0.8285714285714285,0.48837209302325585,0.15000000000000002,0.37142857142857366,27692,0.06021327736579302,-0.9981855344718586,0.49999999999999994,-0.8660254037844387
1.0,0.0024258333695010154,0.7777777777777779,0.8285714285714285,0.3953488372093023,0.5,0.34285714285714164,32832,0.06021327736579302,-0.9981855344718586,-0.2588190451025208,-0.9659258262890683
1.0,0.18864733323976993,0.7777777777777779,0.8285714285714285,0.4186046511627907,0.5750000000000001,0.3047619047619037,20767,0.06021327736579302,-0.9981855344718586,-0.8660254037844385,-0.5000000000000004
1.0,0.3748688331100389,0.7777777777777779,0.8285714285714285,0.6511627906976745,0.375,0.28571428571428825,1996,0.06021327736579302,-0.9981855344718586,-0.9659258262890684,0.2588190451025203
0.0,0.5610903329803076,0.7777777777777779,0.8285714285714285,0.7790697674418605,0.275,0.31428571428571317,0,0.06021327736579302,-0.9981855344718586,-0.5000000000000004,0.8660254037844384
0.0,0.6508495628256756,0.5555555555555556,0.8285714285714285,0.8139534883720929,0.225,0.3047619047619037,0,0.04302223300453059,-0.99907411510223,0.25881904510252074,0.9659258262890683
1.0,0.4644176437574096,0.5555555555555556,0.8285714285714285,0.9186046511627906,0.35000000000000003,0.3047619047619037,0,0.04302223300453059,-0.99907411510223,0.8660254037844386,0.5000000000000001
1.0,0.27798572377251984,0.5555555555555556,0.8285714285714285,0.8139534883720929,0.275,0.32380952380952266,8254,0.04302223300453059,-0.99907411510223,0.9659258262890683,-0.25881904510252063
1.0,0.09155380470425367,0.5555555555555556,0.8285714285714285,0.6511627906976745,0.375,0.32380952380952266,29225,0.04302223300453059,-0.99907411510223,0.49999999999999994,-0.8660254037844387
1.0,0.0024807767049709883,0.5555555555555556,0.8285714285714285,0.5465116279069768,0.5,0.3047619047619037,34434,0.04302223300453059,-0.99907411510223,-0.2588190451025208,-0.9659258262890683
1.0,0.18891269577323713,0.5555555555555556,0.8285714285714285,0.5465116279069768,0.45,0.2761904761904752,21417,0.04302223300453059,-0.99907411510223,-0.8660254037844385,-0.5000000000000004
1.0,0.37534461575812683,0.5555555555555556,0.8285714285714285,0.6744186046511627,0.35000000000000003,0.28571428571428825,2070,0.04302223300453059,-0.99907411510223,-0.9659258262890684,0.2588190451025203
0.0,0.5617765348263929,0.5555555555555556,0.8285714285714285,0.7441860465116279,0.15000000000000002,0.32380952380952266,0,0.04302223300453059,-0.99907411510223,-0.5000000000000004,0.8660254037844384
0.0,0.6518852961677001,0.6388888888888888,0.8857142857142857,0.7441860465116279,0.15000000000000002,0.31428571428571317,0,0.02581844022713308,-0.9996666485105112,0.25881904510252074,0.9659258262890683
1.0,0.4654533761828104,0.6388888888888888,0.8857142857142857,0.8488372093023255,0.15000000000000002,0.2952380952380942,0,0.02581844022713308,-0.9996666485105112,0.8660254037844386,0.5000000000000001
1.0,0.27902145711454424,0.6388888888888888,0.8857142857142857,0.7093023255813953,0.0,0.31428571428571317,1645,0.02581844022713308,-0.9996666485105112,0.9659258262890683,-0.25881904510252063
1.0,0.09258953712965445,0.6388888888888888,0.8857142857142857,0.6860465116279069,0.17500000000000002,0.32380952380952266,18567,0.02581844022713308,-0.9996666485105112,0.49999999999999994,-0.8660254037844387
1.0,0.0014450433629465964,0.6388888888888888,0.8857142857142857,0.5581395348837208,0.2,0.31428571428571317,34320,0.02581844022713308,-0.9996666485105112,-0.2588190451025208,-0.9659258262890683
1.0,0.18787696334783632,0.6388888888888888,0.8857142857142857,0.5232558139534884,0.375,0.2761904761904752,22350,0.02581844022713308,-0.9996666485105112,-0.8660254037844385,-0.5000000000000004
1.0,0.3743088824161025,0.6388888888888888,0.8857142857142857,0.6511627906976745,0.25,0.28571428571428825,2137,0.02581844022713308,-0.9996666485105112,-0.9659258262890684,0.2588190451025203
0.0,0.5607408024009921,0.6388888888888888,0.8857142857142857,0.7441860465116279,0.2,0.32380952380952266,0,0.02581844022713308,-0.9996666485105112,-0.5000000000000004,0.8660254037844384
0.0,0.6526749839020959,0.6388888888888888,0.8571428571428571,0.7790697674418605,0.15000000000000002,0.31428571428571317,0,0.008606996888688698,-0.9999629591162655,0.25881904510252074,0.9659258262890683
1.0,0.4660321680749347,0.6388888888888888,0.8571428571428571,0.7093023255813953,0.125,0.32380952380952266,0,0.008606996888688698,-0.9999629591162655,0.8660254037844386,0.5000000000000001
1.0,0.27938935316439706,0.6388888888888888,0.8571428571428571,0.7093023255813953,0.07500000000000001,0.34285714285714164,1748,0.008606996888688698,-0.9999629591162655,0.9659258262890683,-0.25881904510252063
1.0,0.09274653733723581,0.6388888888888888,0.8571428571428571,0.6511627906976745,0.125,0.34285714285714164,15670,0.008606996888688698,-0.9999629591162655,0.49999999999999994,-0.8660254037844387
1.0,0.0014989389976367631,0.6388888888888888,0.8571428571428571,0.47674418604651164,0.2,0.33333333333333215,35405,0.008606996888688698,-0.9999629591162655,-0.2588190451025208,-0.9659258262890683
1.0,0.188141754824798,0.6388888888888888,0.8571428571428571,0.47674418604651164,0.375,0.3047619047619037,21784,0.008606996888688698,-0.9999629591162655,-0.8660254037844385,-0.5000000000000004
1.0,0.37478456973533564,0.6388888888888888,0.8571428571428571,0.7093023255813953,0.4,0.31428571428571317,2106,0.008606996888688698,-0.9999629591162655,-0.9659258262890684,0.2588190451025203
0.0,0.5614273855624968,0.6388888888888888,0.8571428571428571,0.8139534883720929,0.225,0.34285714285714164,0,0.008606996888688698,-0.9999629591162655,-0.5000000000000004,0.8660254037844384
0.0,0.6534664599691439,0.6111111111111112,0.7999999999999999,0.8488372093023255,0.17500000000000002,0.3523809523809547,0,-0.008606996888688009,-0.9999629591162655,0.25881904510252074,0.9659258262890683
1.0,0.4666122716554369,0.6111111111111112,0.7999999999999999,0.8023255813953487,0.2,0.3523809523809547,0,-0.008606996888688009,-0.9999629591162655,0.8660254037844386,0.5000000000000001
1.0,0.2797580824251063,0.6111111111111112,0.7999999999999999,0.7093023255813953,0.0,0.37142857142857366,2399,-0.008606996888688009,-0.9999629591162655,0.9659258262890683,-0.25881904510252063
1.0,0.09290389319477563,0.6111111111111112,0.7999999999999999,0.627906976744186,0.25,0.3809523809523796,22313,-0.008606996888688009,-0.9999629591162655,0.49999999999999994,-0.8660254037844387
1.0,0.001552956543266322,0.6111111111111112,0.7999999999999999,0.49999999999999994,0.42500000000000004,0.37142857142857366,34373,-0.008606996888688009,-0.9999629591162655,-0.2588190451025208,-0.9659258262890683
1.0,0.1884071457735969,0.6111111111111112,0.7999999999999999,0.5232558139534884,0.525,0.3619047619047606,21804,-0.008606996888688009,-0.9999629591162655,-0.8660254037844385,-0.5000000000000004
1.0,0.37526133408730394,0.6111111111111112,0.7999999999999999,0.7093023255813953,0.45,0.3809523809523796,1953,-0.008606996888688009,-0.9999629591162655,-0.9659258262890684,0.2588190451025203
0.0,0.5621155233176345,0.6111111111111112,0.7999999999999999,0.7790697674418605,0.25,0.42857142857142705,0,-0.008606996888688009,-0.9999629591162655,-0.5000000000000004,0.8660254037844384
0.0,0.6542597317018328,0.5277777777777779,0.7999999999999999,0.7790697674418605,0.17500000000000002,0.4190476190476211,0,-0.02581844022713239,-0.9996666485105112,0.25881904510252074,0.9659258262890683
1.0,0.4671936896741878,0.5277777777777779,0.7999999999999999,0.7674418604651163,0.25,0.4190476190476211,0,-0.02581844022713239,-0.9996666485105112,0.8660254037844386,0.5000000000000001
1.0,0.2801276476465427,0.5277777777777779,0.7999999999999999,0.7790697674418605,0.225,0.4380952380952401,2670,-0.02581844022713239,-0.9996666485105112,0.9659258262890683,-0.25881904510252063
1.0,0.09306160653552117,0.5277777777777779,0.7999999999999999,0.5930232558139534,0.35000000000000003,0.45714285714285907,27457,-0.02581844022713239,-0.9996666485105112,0.49999999999999994,-0.8660254037844387
1.0,0.0016070969164588556,0.5277777777777779,0.7999999999999999,0.5232558139534884,0.5,0.44761904761904603,34647,-0.02581844022713239,-0.9996666485105112,-0.2588190451025208,-0.9659258262890683
1.0,0.18867313894410395,0.5277777777777779,0.7999999999999999,0.569767441860465,0.5750000000000001,0.4380952380952401,21996,-0.02581844022713239,-0.9996666485105112,-0.8660254037844385,-0.5000000000000004
1.0,0.37573918005512547,0.5277777777777779,0.7999999999999999,0.7674418604651163,0.5,0.44761904761904603,2118,-0.02581844022713239,-0.9996666485105112,-0.9659258262890684,0.2588190451025203
0.0,0.5628052220827705,0.5277777777777779,0.7999999999999999,0.8023255813953487,0.375,0.47619047619047805,0,-0.02581844022713239,-0.9996666485105112,-0.5000000000000004,0.8660254037844384
0.0,0.6542597317018328,0.6111111111111112,0.7428571428571428,0.8372093023255813,0.25,0.47619047619047805,0,-0.04302223300453034,-0.99907411510223,0.25881904510252074,0.9659258262890683
1.0,0.4671936896741878,0.6111111111111112,0.7428571428571428,0.8023255813953487,0.2,0.466666666666665,0,-0.04302223300453034,-0.99907411510223,0.8660254037844386,0.5000000000000001
1.0,0.2801276476465427,0.6111111111111112,0.7428571428571428,0.7441860465116279,0.0,0.4952380952380935,1643,-0.04302223300453034,-0.99907411510223,0.9659258262890683,-0.25881904510252063
1.0,0.09306160653552117,0.6111111111111112,0.7428571428571428,0.569767441860465,0.17500000000000002,0.5047619047619065,18585,-0.04302223300453034,-0.99907411510223,0.49999999999999994,-0.8660254037844387
1.0,0.0016070969164588556,0.6111111111111112,0.7428571428571428,0.47674418604651164,0.525,0.485714285714284,34902,-0.04302223300453034,-0.99907411510223,-0.2588190451025208,-0.9659258262890683
1.0,0.18867313894410395,0.6111111111111112,0.7428571428571428,0.49999999999999994,0.42500000000000004,0.466666666666665,21778,-0.04302223300453034,-0.99907411510223,-0.8660254037844385,-0.5000000000000004
1.0,0.37573918005512547,0.6111111111111112,0.7428571428571428,0.6511627906976745,0.35000000000000003,0.466666666666665,2075,-0.04302223300453034,-0.99907411510223,-0.9659258262890684,0.2588190451025203
0.0,0.5628052220827705,0.6111111111111112,0.7428571428571428,0.7441860465116279,0.275,0.485714285714284,0,-0.04302223300453034,-0.99907411510223,-0.5000000000000004,0.8660254037844384
0.0,0.6550548036832807,0.5277777777777779,0.7428571428571428,0.7441860465116279,0.2,0.47619047619047805,0,-0.060213277365792774,-0.9981855344718586,0.25881904510252074,0.9659258262890683
1.0,0.4677764276309289,0.5277777777777779,0.7428571428571428,0.7441860465116279,0.2,0.47619047619047805,0,-0.060213277365792774,-0.9981855344718586,0.8660254037844386,0.5000000000000001
1.0,0.28049805249520066,0.5277777777777779,0.7428571428571428,0.7674418604651163,0.25,0.5047619047619065,1093,-0.060213277365792774,-0.9981855344718586,0.9659258262890683,-0.25881904510252063
1.0,0.09321967644284881,0.5277777777777779,0.7428571428571428,0.6511627906976745,0.42500000000000004,0.5142857142857125,10324,-0.060213277365792774,-0.9981855344718586,0.49999999999999994,-0.8660254037844387
1.0,0.0016613601172143846,0.5277777777777779,0.7428571428571428,0.6744186046511627,0.45,0.5238095238095255,29059,-0.060213277365792774,-0.9981855344718586,-0.2588190451025208,-0.9659258262890683
1.0,0.18893973525294264,0.5277777777777779,0.7428571428571428,0.569767441860465,0.525,0.5142857142857125,21963,-0.060213277365792774,-0.9981855344718586,-0.8660254037844385,-0.5000000000000004
1.0,0.37621811130529453,0.5277777777777779,0.7428571428571428,0.6744186046511627,0.55,0.5238095238095255,2095,-0.060213277365792774,-0.9981855344718586,-0.9659258262890684,0.2588190451025203
0.0,0.5634964864410227,0.5277777777777779,0.7428571428571428,0.7093023255813953,0.275,0.5428571428571445,0,-0.060213277365792774,-0.9981855344718586,-0.5000000000000004,0.8660254037844384
0.0,0.6560952383877721,0.5555555555555556,0.7428571428571428,0.7093023255813953,0.275,0.5333333333333314,0,-0.07738647923346322,-0.9970011699250151,0.25881904510252074,0.9659258262890683
1.0,0.4688168632520438,0.5555555555555556,0.7428571428571428,0.7093023255813953,0.35000000000000003,0.5238095238095255,0,-0.07738647923346322,-0.9970011699250151,0.8660254037844386,0.5000000000000001
1.0,0.28153848811631554,0.5555555555555556,0.7428571428571428,0.6511627906976745,0.325,0.5333333333333314,7462,-0.07738647923346322,-0.9970011699250151,0.9659258262890683,-0.25881904510252063
1.0,0.09426011206396365,0.5555555555555556,0.7428571428571428,0.48837209302325585,0.42500000000000004,0.5428571428571445,29899,-0.07738647923346322,-0.9970011699250151,0.49999999999999994,-0.8660254037844387
1.0,0.0006209244960995383,0.5555555555555556,0.7428571428571428,0.4302325581395348,0.55,0.5238095238095255,35486,-0.07738647923346322,-0.9970011699250151,-0.2588190451025208,-0.9659258262890683
1.0,0.18789929963182778,0.5555555555555556,0.7428571428571428,0.48837209302325585,0.55,0.4952380952380935,22253,-0.07738647923346322,-0.9970011699250151,-0.8660254037844385,-0.5000000000000004
1.0,0.3751776756841797,0.5555555555555556,0.7428571428571428,0.6744186046511627,0.45,0.466666666666665,2065,-0.07738647923346322,-0.9970011699250151,-0.9659258262890684,0.2588190451025203
0.0,0.5624560508199079,0.5555555555555556,0.7428571428571428,0.7674418604651163,0.25,0.47619047619047805,0,-0.07738647923346322,-0.9970011699250151,-0.5000000000000004,0.8660254037844384
0.0,0.6576931773177995,0.5555555555555556,0.7428571428571428,0.7441860465116279,0.325,0.44761904761904603,0,-0.09453674981719933,-0.9955213724144752,0.25881904510252074,0.9659258262890683
1.0,0.46998868495073925,0.5555555555555556,0.7428571428571428,0.7674418604651163,0.225,0.42857142857142705,0,-0.09453674981719933,-0.9955213724144752,0.8660254037844386,0.5000000000000001
1.0,0.28228419258367893,0.5555555555555556,0.7428571428571428,0.7441860465116279,0.0,0.4380952380952401,2844,-0.09453674981719933,-0.9955213724144752,0.9659258262890683,-0.25881904510252063
1.0,0.0945797002166186,0.5555555555555556,0.7428571428571428,0.5930232558139534,0.45,0.45714285714285907,21133,-0.09453674981719933,-0.9955213724144752,0.49999999999999994,-0.8660254037844387
1.0,0.0007274535747766459,0.5555555555555556,0.7428571428571428,0.5930232558139534,0.55,0.466666666666665,29027,-0.09453674981719933,-0.9955213724144752,-0.2588190451025208,-0.9659258262890683
1.0,0.18843194594183696,0.5555555555555556,0.7428571428571428,0.569767441860465,0.45,0.42857142857142705,22350,-0.09453674981719933,-0.9955213724144752,-0.8660254037844385,-0.5000000000000004
1.0,0.3761364383088973,0.5555555555555556,0.7428571428571428,0.6162790697674418,0.325,0.40952380952380807,2045,-0.09453674981719933,-0.9955213724144752,-0.9659258262890684,0.2588190451025203
0.0,0.5638409306759575,0.5555555555555556,0.7428571428571428,0.6744186046511627,0.17500000000000002,0.42857142857142705,0,-0.09453674981719933,-0.9955213724144752,-0.5000000000000004,0.8660254037844384
0.0,0.6576931773177995,0.6111111111111112,0.7714285714285714,0.7441860465116279,0.15000000000000002,0.4190476190476211,0,-0.11165900712169444,-0.9937465804361781,0.25881904510252074,0.9659258262890683
1.0,0.46998868495073925,0.6111111111111112,0.7714285714285714,0.7674418604651163,0.275,0.40952380952380807,0,-0.11165900712169444,-0.9937465804361781,0.8660254037844386,0.5000000000000001
1.0,0.28228419258367893,0.6111111111111112,0.7714285714285714,0.6744186046511627,0.325,0.44761904761904603,8087,-0.11165900712169444,-0.9937465804361781,0.9659258262890683,-0.25881904510252063
1.0,0.0945797002166186,0.6111111111111112,0.7714285714285714,0.45348837209302323,0.275,0.44761904761904603,28523,-0.11165900712169444,-0.9937465804361781,0.49999999999999994,-0.8660254037844387
1.0,0.0007274535747766459,0.6111111111111112,0.7714285714285714,0.47674418604651164,0.6000000000000001,0.45714285714285907,33563,-0.11165900712169444,-0.9937465804361781,-0.2588190451025208,-0.9659258262890683
1.0,0.18843194594183696,0.6111111111111112,0.7714285714285714,0.45348837209302323,0.7250000000000001,0.40952380952380807,21125,-0.11165900712169444,-0.9937465804361781,-0.8660254037844385,-0.5000000000000004
1.0,0.3761364383088973,0.6111111111111112,0.7714285714285714,0.6511627906976745,0.42500000000000004,0.40952380952380807,1980,-0.11165900712169444,-0.9937465804361781,-0.9659258262890684,0.2588190451025203
0.0,0.5638409306759575,0.6111111111111112,0.7714285714285714,0.7674418604651163,0.55,0.4380952380952401,0,-0.11165900712169444,-0.9937465804361781,-0.5000000000000004,0.8660254037844384
0.0,0.6584948764879072,0.5,0.7142857142857143,0.8023255813953487,0.4,0.44761904761904603,0,-0.12874817745258066,-0.99167731989929,0.25881904510252074,0.9659258262890683
1.0,0.4705765972477271,0.5,0.7142857142857143,0.8837209302325582,0.275,0.45714285714285907,0,-0.12874817745258066,-0.99167731989929,0.8660254037844386,0.5000000000000001
1.0,0.28265831892417076,0.5,0.7142857142857143,0.8023255813953487,0.2,0.47619047619047805,6537,-0.12874817745258066,-0.99167731989929,0.9659258262890683,-0.25881904510252063
1.0,0.09474003968399067,0.5,0.7142857142857143,0.7093023255813953,0.4,0.5047619047619065,29343,-0.12874817745258066,-0.99167731989929,0.49999999999999994,-0.8660254037844387
1.0,0.0007809000639006775,0.5,0.7142857142857143,0.5232558139534884,0.6000000000000001,0.485714285714284,34620,-0.12874817745258066,-0.99167731989929,-0.2588190451025208,-0.9659258262890683
1.0,0.1886991793040807,0.5,0.7142857142857143,0.5232558139534884,0.42500000000000004,0.45714285714285907,21575,-0.12874817745258066,-0.99167731989929,-0.8660254037844385,-0.5000000000000004
1.0,0.37661745762763715,0.5,0.7142857142857143,0.6744186046511627,0.35000000000000003,0.466666666666665,2026,-0.12874817745258066,-0.99167731989929,-0.9659258262890684,0.2588190451025203
0.0,0.5645357368678171,0.5,0.7142857142857143,0.7441860465116279,0.42500000000000004,0.485714285714284,0,-0.12874817745258066,-0.99167731989929,-0.5000000000000004,0.8660254037844384
0.0,0.6601037654035126,0.5277777777777779,0.7714285714285714,0.8023255813953487,0.225,0.47619047619047805,0,-0.14579919691987442,-0.9893142039703664,0.25881904510252074,0.9659258262890683
1.0,0.47175644948582046,0.5277777777777779,0.7714285714285714,0.8372093023255813,0.225,0.47619047619047805,0,-0.14579919691987442,-0.9893142039703664,0.8660254037844386,0.5000000000000001
1.0,0.2834091335681285,0.5277777777777779,0.7714285714285714,0.7093023255813953,0.25,0.485714285714284,2162,-0.14579919691987442,-0.9893142039703664,0.9659258262890683,-0.25881904510252063
1.0,0.09506181765043648,0.5277777777777779,0.7714285714285714,0.5930232558139534,0.375,0.5047619047619065,27381,-0.14579919691987442,-0.9893142039703664,0.49999999999999994,-0.8660254037844387
1.0,0.0008881596915904788,0.5277777777777779,0.7714285714285714,0.5930232558139534,0.525,0.5047619047619065,32108,-0.14579919691987442,-0.9893142039703664,-0.2588190451025208,-0.9659258262890683
1.0,0.18923547560928253,0.5277777777777779,0.7714285714285714,0.569767441860465,0.525,0.47619047619047805,20796,-0.14579919691987442,-0.9893142039703664,-0.8660254037844385,-0.5000000000000004
1.0,0.37758279152697455,0.5277777777777779,0.7714285714285714,0.7093023255813953,0.5,0.45714285714285907,1995,-0.14579919691987442,-0.9893142039703664,-0.9659258262890684,0.2588190451025203
0.0,0.5659301074446665,0.5277777777777779,0.7714285714285714,0.8488372093023255,0.55,0.485714285714284,0,-0.14579919691987442,-0.9893142039703664,-0.5000000000000004,0.8660254037844384
0.0,0.6601037654035126,0.5555555555555556,0.7714285714285714,0.8837209302325582,0.45,0.485714285714284,0,-0.16280701293851646,-0.9866579328916572,0.25881904510252074,0.9659258262890683
1.0,0.47175644948582046,0.5555555555555556,0.7714285714285714,0.9186046511627906,0.17500000000000002,0.485714285714284,0,-0.16280701293851646,-0.9866579328916572,0.8660254037844386,0.5000000000000001
1.0,0.2834091335681285,0.5555555555555556,0.7714285714285714,0.8023255813953487,0.17500000000000002,0.4952380952380935,1846,-0.16280701293851646,-0.9866579328916572,0.9659258262890683,-0.25881904510252063
1.0,0.09506181765043648,0.5555555555555556,0.7714285714285714,0.627906976744186,0.325,0.5142857142857125,22926,-0.16280701293851646,-0.9866579328916572,0.49999999999999994,-0.8660254037844387
1.0,0.0008881596915904788,0.5555555555555556,0.7714285714285714,0.45348837209302323,0.45,0.5142857142857125,30448,-0.16280701293851646,-0.9866579328916572,-0.2588190451025208,-0.9659258262890683
1.0,0.18923547560928253,0.5555555555555556,0.7714285714285714,0.5930232558139534,0.5750000000000001,0.5047619047619065,14217,-0.16280701293851646,-0.9866579328916572,-0.8660254037844385,-0.5000000000000004
1.0,0.37758279152697455,0.5555555555555556,0.7714285714285714,0.7790697674418605,0.275,0.4952380952380935,1398,-0.16280701293851646,-0.9866579328916572,-0.9659258262890684,0.2588190451025203
0.0,0.5659301074446665,0.5555555555555556,0.7714285714285714,0.8023255813953487,0.4,0.4952380952380935,0,-0.16280701293851646,-0.9866579328916572,-0.5000000000000004,0.8660254037844384
0.0,0.6609109679817408,0.5555555555555556,0.7714285714285714,0.8837209302325582,0.225,0.5047619047619065,0,-0.17976658572556214,-0.9837092937736098,0.25881904510252074,0.9659258262890683
1.0,0.4723483985931621,0.5555555555555556,0.7714285714285714,0.9186046511627906,0.35000000000000003,0.5142857142857125,0,-0.17976658572556214,-0.9837092937736098,0.8660254037844386,0.5000000000000001
1.0,0.2837858282879598,0.5555555555555556,0.7714285714285714,0.9186046511627906,0.275,0.5428571428571445,6342,-0.17976658572556214,-0.9837092937736098,0.9659258262890683,-0.25881904510252063
1.0,0.09522325798275741,0.5555555555555556,0.7714285714285714,0.5930232558139534,0.35000000000000003,0.5619047619047635,28764,-0.17976658572556214,-0.9837092937736098,0.49999999999999994,-0.8660254037844387
1.0,0.0009419728301562555,0.5555555555555556,0.7714285714285714,0.47674418604651164,0.5,0.5619047619047635,33909,-0.17976658572556214,-0.9837092937736098,-0.2588190451025208,-0.9659258262890683
1.0,0.18950454313535858,0.5555555555555556,0.7714285714285714,0.45348837209302323,0.7000000000000001,0.5428571428571445,21038,-0.17976658572556214,-0.9837092937736098,-0.8660254037844385,-0.5000000000000004
1.0,0.378067113440561,0.5555555555555556,0.7714285714285714,0.6162790697674418,0.5750000000000001,0.5333333333333314,2011,-0.17976658572556214,-0.9837092937736098,-0.9659258262890684,0.2588190451025203
0.0,0.5666296837457633,0.5555555555555556,0.7714285714285714,0.7441860465116279,0.42500000000000004,0.5428571428571445,0,-0.17976658572556214,-0.9837092937736098,-0.5000000000000004,0.8660254037844384
0.0,0.6635808918007222,0.7777777777777779,0.7714285714285714,0.8023255813953487,0.25,0.5142857142857125,0,-0.19667288979357622,-0.9804691603616321,0.25881904510252074,0.9659258262890683
1.0,0.4745863342066254,0.7777777777777779,0.7714285714285714,0.8372093023255813,0.15000000000000002,0.4952380952380935,0,-0.19667288979357622,-0.9804691603616321,0.8660254037844386,0.5000000000000001
1.0,0.28559177661252866,0.7777777777777779,0.7714285714285714,0.6511627906976745,0.0,0.5238095238095255,8059,-0.19667288979357622,-0.9804691603616321,0.9659258262890683,-0.25881904510252063
1.0,0.09659721901843177,0.7777777777777779,0.7714285714285714,0.569767441860465,0.07500000000000001,0.5047619047619065,28056,-0.19667288979357622,-0.9804691603616321,0.49999999999999994,-0.8660254037844387
1.0,0.0,0.7777777777777779,0.7714285714285714,0.16279069767441862,0.325,0.44761904761904603,32729,-0.19667288979357622,-0.9804691603616321,-0.2588190451025208,-0.9659258262890683
1.0,0.1889945575940968,0.7777777777777779,0.7714285714285714,0.2325581395348837,0.5750000000000001,0.40952380952380807,20746,-0.19667288979357622,-0.9804691603616321,-0.8660254037844385,-0.5000000000000004
1.0,0.37798911518819367,0.7777777777777779,0.7714285714285714,0.46511627906976744,0.6000000000000001,0.3809523809523796,1753,-0.19667288979357622,-0.9804691603616321,-0.9659258262890684,0.2588190451025203
0.0,0.5669836727822904,0.7777777777777779,0.7714285714285714,0.5930232558139534,0.225,0.39047619047619264,0,-0.19667288979357622,-0.9804691603616321,-0.5000000000000004,0.8660254037844384
0.0,0.6635808918007222,0.8611111111111112,0.8285714285714285,0.6744186046511627,0.125,0.37142857142857366,0,-0.2135209154397959,-0.9769384927771817,0.25881904510252074,0.9659258262890683
1.0,0.4745863342066254,0.8611111111111112,0.8285714285714285,0.6744186046511627,0.15000000000000002,0.3523809523809547,0,-0.2135209154397959,-0.9769384927771817,0.8660254037844386,0.5000000000000001
1.0,0.28559177661252866,0.8611111111111112,0.8285714285714285,0.569767441860465,0.0,0.3619047619047606,7896,-0.2135209154397959,-0.9769384927771817,0.9659258262890683,-0.25881904510252063
1.0,0.09659721901843177,0.8611111111111112,0.8285714285714285,0.5813953488372092,0.125,0.3619047619047606,27500,-0.2135209154397959,-0.9769384927771817,0.49999999999999994,-0.8660254037844387
1.0,0.0,0.8611111111111112,0.8285714285714285,0.22093023255813954,0.325,0.33333333333333215,32195,-0.2135209154397959,-0.9769384927771817,-0.2588190451025208,-0.9659258262890683
1.0,0.1889945575940968,0.8611111111111112,0.8285714285714285,0.3372093023255814,0.55,0.31428571428571317,20315,-0.2135209154397959,-0.9769384927771817,-0.8660254037844385,-0.5000000000000004
1.0,0.37798911518819367,0.8611111111111112,0.8285714285714285,0.627906976744186,0.45,0.32380952380952266,1952,-0.2135209154397959,-0.9769384927771817,-0.9659258262890684,0.2588190451025203
0.0,0.5669836727822904,0.8611111111111112,0.8285714285714285,0.7790697674418605,0.275,0.37142857142857366,0,-0.2135209154397959,-0.9769384927771817,-0.5000000000000004,0.8660254037844384
0.0,0.6652106953171087,0.5555555555555556,0.8285714285714285,0.8488372093023255,0.275,0.3619047619047606,0,-0.23030567023061196,-0.973118337233262,0.25881904510252074,0.9659258262890683
0.0,0.47578216594401396,0.5555555555555556,0.8285714285714285,0.8837209302325582,0.225,0.3809523809523796,0,-0.23030567023061196,-0.973118337233262,0.8660254037844386,0.5000000000000001
1.0,0.2863536374875428,0.5555555555555556,0.8285714285714285,0.8139534883720929,0.25,0.42857142857142705,2734,-0.23030567023061196,-0.973118337233262,0.9659258262890683,-0.25881904510252063
1.0,0.09692510811444796,0.5555555555555556,0.8285714285714285,0.569767441860465,0.35000000000000003,0.45714285714285907,20080,-0.23030567023061196,-0.973118337233262,0.49999999999999994,-0.8660254037844387
1.0,0.00010608268298178264,0.5555555555555556,0.8285714285714285,0.5232558139534884,0.45,0.45714285714285907,34591,-0.23030567023061196,-0.973118337233262,-0.2588190451025208,-0.9659258262890683
1.0,0.18953461113945294,0.5555555555555556,0.8285714285714285,0.627906976744186,0.5750000000000001,0.4380952380952401,21875,-0.23030567023061196,-0.973118337233262,-0.8660254037844385,-0.5000000000000004
1.0,0.37896314051254776,0.5555555555555556,0.8285714285714285,0.8023255813953487,0.45,0.45714285714285907,2232,-0.23030567023061196,-0.973118337233262,-0.9659258262890684,0.2588190451025203
0.0,0.5683916689690189,0.5555555555555556,0.8285714285714285,0.9186046511627906,0.375,0.485714285714284,0,-0.23030567023061196,-0.973118337233262,-0.5000000000000004,0.8660254037844384
0.0,0.6660284069849612,0.5,0.8285714285714285,0.9534883720930232,0.275,0.485714285714284,0,-0.24702218048093527,-0.9690098257244063,0.25881904510252074,0.9659258262890683
0.0,0.4763821446741298,0.5,0.8285714285714285,0.9186046511627906,0.25,0.4952380952380935,0,-0.24702218048093527,-0.9690098257244063,0.8660254037844386,0.5000000000000001
1.0,0.2867358814466749,0.5,0.8285714285714285,0.8837209302325582,0.2,0.5333333333333314,1861,-0.24702218048093527,-0.9690098257244063,0.9659258262890683,-0.25881904510252063
1.0,0.09708961821921994,0.5,0.8285714285714285,0.6860465116279069,0.325,0.5428571428571445,26433,-0.24702218048093527,-0.9690098257244063,0.49999999999999994,-0.8660254037844387
1.0,0.00015930643256995003,0.5,0.8285714285714285,0.5232558139534884,0.4,0.5238095238095255,33639,-0.24702218048093527,-0.9690098257244063,-0.2588190451025208,-0.9659258262890683
1.0,0.18980556874340127,0.5,0.8285714285714285,0.5465116279069768,0.45,0.47619047619047805,21208,-0.24702218048093527,-0.9690098257244063,-0.8660254037844385,-0.5000000000000004
1.0,0.37945183197085625,0.5,0.8285714285714285,0.8023255813953487,0.5,0.485714285714284,1992,-0.24702218048093527,-0.9690098257244063,-0.9659258262890684,0.2588190451025203
0.0,0.5690980951983112,0.5,0.8285714285714285,0.8837209302325582,0.35000000000000003,0.5238095238095255,0,-0.24702218048093527,-0.9690098257244063,-0.5000000000000004,0.8660254037844384
0.0,0.6676694831384343,0.5555555555555556,0.8285714285714285,0.9186046511627906,0.325,0.5047619047619065,0,-0.2636654927280072,-0.9646141756912435,0.25881904510252074,0.9659258262890683
0.0,0.47758624710630065,0.5555555555555556,0.8285714285714285,0.9186046511627906,0.25,0.5047619047619065,0,-0.2636654927280072,-0.9646141756912435,0.8660254037844386,0.5000000000000001
1.0,0.28750301199079065,0.5555555555555556,0.8285714285714285,0.8023255813953487,0.15000000000000002,0.5238095238095255,5203,-0.2636654927280072,-0.9646141756912435,0.9659258262890683,-0.25881904510252063
1.0,0.09741977595865697,0.5555555555555556,0.8285714285714285,0.627906976744186,0.2,0.5142857142857125,28196,-0.2636654927280072,-0.9646141756912435,0.49999999999999994,-0.8660254037844387
1.0,0.0002661214978116333,0.5555555555555556,0.8285714285714285,0.49999999999999994,0.42500000000000004,0.47619047619047805,32608,-0.2636654927280072,-0.9646141756912435,-0.2588190451025208,-0.9659258262890683
1.0,0.1903493575299453,0.5555555555555556,0.8285714285714285,0.569767441860465,0.525,0.42857142857142705,20628,-0.2636654927280072,-0.9646141756912435,-0.8660254037844385,-0.5000000000000004
1.0,0.380432593562079,0.5555555555555556,0.8285714285714285,0.7441860465116279,0.45,0.44761904761904603,1829,-0.2636654927280072,-0.9646141756912435,-0.9659258262890684,0.2588190451025203
0.0,0.5705158295942125,0.5555555555555556,0.8285714285714285,0.9186046511627906,0.375,0.466666666666665,0,-0.2636654927280072,-0.9646141756912435,-0.5000000000000004,0.8660254037844384
0.0,0.6684928604567855,0.6111111111111112,0.8285714285714285,0.8372093023255813,0.225,0.44761904761904603,0,-0.2802306751992161,-0.9599326896597445,0.25881904510252074,0.9659258262890683
0.0,0.4781903827244625,0.6111111111111112,0.8285714285714285,0.8837209302325582,0.15000000000000002,0.42857142857142705,0,-0.2802306751992161,-0.9599326896597445,0.8660254037844386,0.5000000000000001
1.0,0.28788790407551584,0.6111111111111112,0.8285714285714285,0.7790697674418605,0.15000000000000002,0.4380952380952401,4180,-0.2802306751992161,-0.9599326896597445,0.9659258262890683,-0.25881904510252063
1.0,0.0975854254265692,0.6111111111111112,0.8285714285714285,0.5232558139534884,0.2,0.4380952380952401,28174,-0.2802306751992161,-0.9599326896597445,0.49999999999999994,-0.8660254037844387
1.0,0.000319714646712356,0.6111111111111112,0.8285714285714285,0.45348837209302323,0.4,0.40952380952380807,34224,-0.2802306751992161,-0.9599326896597445,-0.2588190451025208,-0.9659258262890683
1.0,0.19062219237903535,0.6111111111111112,0.8285714285714285,0.6511627906976745,0.5750000000000001,0.3999999999999986,18452,-0.2802306751992161,-0.9599326896597445,-0.8660254037844385,-0.5000000000000004
1.0,0.380924671027982,0.6111111111111112,0.8285714285714285,0.8139534883720929,0.45,0.39047619047619264,1810,-0.2802306751992161,-0.9599326896597445,-0.9659258262890684,0.2588190451025203
0.0,0.5712271496769286,0.6111111111111112,0.8285714285714285,0.8837209302325582,0.325,0.40952380952380807,0,-0.2802306751992161,-0.9599326896597445,-0.5000000000000004,0.8660254037844384
0.0,0.6693181397691156,0.6111111111111112,0.8285714285714285,0.8837209302325582,0.25,0.3999999999999986,0,-0.2967128192734901,-0.9549667548552553,0.25881904510252074,0.9659258262890683
0.0,0.47879591252712644,0.6111111111111112,0.8285714285714285,0.9186046511627906,0.275,0.3809523809523796,0,-0.2967128192734901,-0.9549667548552553,0.8660254037844386,0.5000000000000001
1.0,0.2882736852851373,0.6111111111111112,0.8285714285714285,0.8139534883720929,0.2,0.40952380952380807,6677,-0.2967128192734901,-0.9549667548552553,0.9659258262890683,-0.25881904510252063
1.0,0.09775145804314805,0.6111111111111112,0.8285714285714285,0.627906976744186,0.17500000000000002,0.40952380952380807,27571,-0.2967128192734901,-0.9549667548552553,0.49999999999999994,-0.8660254037844387
1.0,0.0003734306231760673,0.6111111111111112,0.8285714285714285,0.4302325581395348,0.4,0.3809523809523796,32484,-0.2967128192734901,-0.9549667548552553,-0.2588190451025208,-0.9659258262890683
1.0,0.19089565786516527,0.6111111111111112,0.8285714285714285,0.5465116279069768,0.55,0.3523809523809547,20623,-0.2967128192734901,-0.9549667548552553,-0.8660254037844385,-0.5000000000000004
1.0,0.38141788510715446,0.6111111111111112,0.8285714285714285,0.7790697674418605,0.4,0.37142857142857366,1833,-0.2967128192734901,-0.9549667548552553,-0.9659258262890684,0.2588190451025203
0.0,0.5719401123491437,0.6111111111111112,0.8285714285714285,0.8023255813953487,0.275,0.4380952380952401,0,-0.2967128192734901,-0.9549667548552553,-0.5000000000000004,0.8660254037844384
0.0,0.670974428207927,0.5277777777777779,0.7714285714285714,0.8023255813953487,0.275,0.4380952380952401,0,-0.3131070409358267,-0.9497178427914317,0.25881904510252074,0.9659258262890683
0.0,0.4800111776015514,0.5277777777777779,0.7714285714285714,0.8488372093023255,0.125,0.42857142857142705,0,-0.3131070409358267,-0.9497178427914317,0.8660254037844386,0.5000000000000001
1.0,0.28904792699517573,0.5277777777777779,0.7714285714285714,0.8488372093023255,0.325,0.45714285714285907,1553,-0.3131070409358267,-0.9497178427914317,0.9659258262890683,-0.25881904510252063
1.0,0.0980846754721765,0.5277777777777779,0.7714285714285714,0.6744186046511627,0.42500000000000004,0.4952380952380935,10820,-0.3131070409358267,-0.9497178427914317,0.49999999999999994,-0.8660254037844387
1.0,0.00048123655853408304,0.5277777777777779,0.7714285714285714,0.5930232558139534,0.45,0.4952380952380935,34718,-0.3131070409358267,-0.9497178427914317,-0.2588190451025208,-0.9659258262890683
1.0,0.19144448716490972,0.5277777777777779,0.7714285714285714,0.6511627906976745,0.65,0.466666666666665,21487,-0.3131070409358267,-0.9497178427914317,-0.8660254037844385,-0.5000000000000004
1.0,0.38240773868790895,0.5277777777777779,0.7714285714285714,0.8023255813953487,0.375,0.45714285714285907,1893,-0.3131070409358267,-0.9497178427914317,-0.9659258262890684,0.2588190451025203
0.0,0.5733709892942845,0.5277777777777779,0.7714285714285714,0.8837209302325582,0.375,0.485714285714284,0,-0.3131070409358267,-0.9497178427914317,-0.5000000000000004,0.8660254037844384
0.0,0.6726384034522847,0.4722222222222223,0.7428571428571428,0.9186046511627906,0.375,0.47619047619047805,0,-0.3294084822245302,-0.9441875088341994,0.25881904510252074,0.9659258262890683
0.0,0.4812320817443904,0.4722222222222223,0.7428571428571428,0.9186046511627906,0.275,0.466666666666665,0,-0.3294084822245302,-0.9441875088341994,0.8660254037844386,0.5000000000000001
1.0,0.2898257609531198,0.4722222222222223,0.7428571428571428,0.8837209302325582,0.42500000000000004,0.4952380952380935,692,-0.3294084822245302,-0.9441875088341994,0.9659258262890683,-0.25881904510252063
1.0,0.09841944016184911,0.4722222222222223,0.7428571428571428,0.7790697674418605,0.35000000000000003,0.5142857142857125,12441,-0.3294084822245302,-0.9441875088341994,0.49999999999999994,-0.8660254037844387
1.0,0.0005895429703800803,0.4722222222222223,0.7428571428571428,0.6860465116279069,0.5750000000000001,0.5142857142857125,32812,-0.3294084822245302,-0.9441875088341994,-0.2588190451025208,-0.9659258262890683
1.0,0.1919958637616507,0.4722222222222223,0.7428571428571428,0.6744186046511627,0.55,0.47619047619047805,21404,-0.3294084822245302,-0.9441875088341994,-0.8660254037844385,-0.5000000000000004
1.0,0.38340218455292135,0.4722222222222223,0.7428571428571428,0.8488372093023255,0.42500000000000004,0.45714285714285907,1844,-0.3294084822245302,-0.9441875088341994,-0.9659258262890684,0.2588190451025203
0.0,0.5748085062608156,0.4722222222222223,0.7428571428571428,0.8488372093023255,0.42500000000000004,0.466666666666665,0,-0.3294084822245302,-0.9441875088341994,-0.5000000000000004,0.8660254037844384
0.0,0.6726384034522847,0.4722222222222223,0.7428571428571428,0.8837209302325582,0.375,0.45714285714285907,0,-0.3456123126707333,-0.9383773917408642,0.25881904510252074,0.9659258262890683
0.0,0.4812320817443904,0.4722222222222223,0.7428571428571428,0.8837209302325582,0.325,0.45714285714285907,0,-0.3456123126707333,-0.9383773917408642,0.8660254037844386,0.5000000000000001
1.0,0.2898257609531198,0.4722222222222223,0.7428571428571428,0.8837209302325582,0.2,0.466666666666665,987,-0.3456123126707333,-0.9383773917408642,0.9659258262890683,-0.25881904510252063
1.0,0.09841944016184911,0.4722222222222223,0.7428571428571428,0.7441860465116279,0.4,0.47619047619047805,13735,-0.3456123126707333,-0.9383773917408642,0.49999999999999994,-0.8660254037844387
1.0,0.0005895429703800803,0.4722222222222223,0.7428571428571428,0.6744186046511627,0.42500000000000004,0.45714285714285907,34957,-0.3456123126707333,-0.9383773917408642,-0.2588190451025208,-0.9659258262890683
1.0,0.1919958637616507,0.4722222222222223,0.7428571428571428,0.6511627906976745,0.42500000000000004,0.4190476190476211,20826,-0.3456123126707333,-0.9383773917408642,-0.8660254037844385,-0.5000000000000004
1.0,0.38340218455292135,0.4722222222222223,0.7428571428571428,0.8023255813953487,0.4,0.3999999999999986,1837,-0.3456123126707333,-0.9383773917408642,-0.9659258262890684,0.2588190451025203
0.0,0.5748085062608156,0.4722222222222223,0.7428571428571428,0.8488372093023255,0.225,0.4190476190476211,0,-0.3456123126707333,-0.9383773917408642,-0.5000000000000004,0.8660254037844384
0.0,0.674310117749734,0.5,0.7142857142857143,0.8488372093023255,0.275,0.40952380952380807,0,-0.3617137307297674,-0.9322892131745134,0.25881904510252074,0.9659258262890683
0.0,0.4824586652870822,0.5,0.7142857142857143,0.8837209302325582,0.2,0.3999999999999986,0,-0.3617137307297674,-0.9322892131745134,0.8660254037844386,0.5000000000000001
1.0,0.2906072128244303,0.5,0.7142857142857143,0.8372093023255813,0.2,0.4190476190476211,1107,-0.3617137307297674,-0.9322892131745134,0.9659258262890683,-0.25881904510252063
1.0,0.09875576127840197,0.5,0.7142857142857143,0.6162790697674418,0.35000000000000003,0.4190476190476211,17409,-0.3617137307297674,-0.9322892131745134,0.49999999999999994,-0.8660254037844387
1.0,0.0006983526085848832,0.5,0.7142857142857143,0.5465116279069768,0.45,0.40952380952380807,34682,-0.3617137307297674,-0.9322892131745134,-0.2588190451025208,-0.9659258262890683
1.0,0.19254980415461317,0.5,0.7142857142857143,0.6511627906976745,0.5,0.39047619047619264,21170,-0.3617137307297674,-0.9322892131745134,-0.8660254037844385,-0.5000000000000004
1.0,0.3844012566172651,0.5,0.7142857142857143,0.8023255813953487,0.375,0.3999999999999986,840,-0.3617137307297674,-0.9322892131745134,-0.9659258262890684,0.2588190451025203
0.0,0.5762527081632933,0.5,0.7142857142857143,0.8488372093023255,0.35000000000000003,0.42857142857142705,0,-0.3617137307297674,-0.9322892131745134,-0.5000000000000004,0.8660254037844384
0.0,0.6759896251810679,0.4722222222222223,0.7142857142857143,0.8488372093023255,0.325,0.42857142857142705,0,-0.37770796520396466,-0.9259247771938499,0.25881904510252074,0.9659258262890683
0.0,0.48369096672781814,0.4722222222222223,0.7142857142857143,0.8372093023255813,0.275,0.42857142857142705,0,-0.37770796520396466,-0.9259247771938499,0.8660254037844386,0.5000000000000001
1.0,0.2913923082745682,0.4722222222222223,0.7142857142857143,0.8023255813953487,0.225,0.45714285714285907,1367,-0.37770796520396466,-0.9259247771938499,0.9659258262890683,-0.25881904510252063
1.0,0.09909365073794191,0.4722222222222223,0.7142857142857143,0.7441860465116279,0.25,0.466666666666665,9148,-0.37770796520396466,-0.9259247771938499,0.49999999999999994,-0.8660254037844387
1.0,0.0008076691396429123,0.4722222222222223,0.7142857142857143,0.5465116279069768,0.45,0.45714285714285907,33470,-0.37770796520396466,-0.9259247771938499,-0.2588190451025208,-0.9659258262890683
1.0,0.1931063275928928,0.4722222222222223,0.7142857142857143,0.627906976744186,0.55,0.4380952380952401,19317,-0.37770796520396466,-0.9259247771938499,-0.8660254037844385,-0.5000000000000004
1.0,0.3854049860461427,0.4722222222222223,0.7142857142857143,0.7790697674418605,0.375,0.44761904761904603,1149,-0.37770796520396466,-0.9259247771938499,-0.9659258262890684,0.2588190451025203
0.0,0.5777036444993925,0.4722222222222223,0.7142857142857143,0.8488372093023255,0.2,0.466666666666665,0,-0.37770796520396466,-0.9259247771938499,-0.5000000000000004,0.8660254037844384
0.0,0.6776769807437024,0.5,0.7999999999999999,0.8372093023255813,0.225,0.466666666666665,0,-0.39359027665646645,-0.9192859697186105,0.25881904510252074,0.9659258262890683
0.0,0.48492902639803664,0.5,0.7999999999999999,0.8372093023255813,0.2,0.47619047619047805,0,-0.39359027665646645,-0.9192859697186105,0.8660254037844386,0.5000000000000001
1.0,0.2921810729689944,0.5,0.7999999999999999,0.8372093023255813,0.225,0.47619047619047805,1343,-0.39359027665646645,-0.9192859697186105,0.9659258262890683,-0.25881904510252063
1.0,0.0994331186233286,0.5,0.7999999999999999,0.6511627906976745,0.35000000000000003,0.485714285714284,21787,-0.39359027665646645,-0.9192859697186105,0.49999999999999994,-0.8660254037844387
1.0,0.0009174971466721776,0.5,0.7999999999999999,0.569767441860465,0.5,0.45714285714285907,34459,-0.39359027665646645,-0.9192859697186105,-0.2588190451025208,-0.9659258262890683
1.0,0.19366545149233796,0.5,0.7999999999999999,0.6511627906976745,0.65,0.4380952380952401,21451,-0.39359027665646645,-0.9192859697186105,-0.8660254037844385,-0.5000000000000004
1.0,0.3864134058380038,0.5,0.7999999999999999,0.8372093023255813,0.5,0.4380952380952401,1985,-0.39359027665646645,-0.9192859697186105,-0.9659258262890684,0.2588190451025203
0.0,0.5791613601836696,0.5,0.7999999999999999,0.9186046511627906,0.4,0.485714285714284,0,-0.39359027665646645,-0.9192859697186105,-0.5000000000000004,0.8660254037844384
0.0,0.6785236192192619,0.5833333333333335,0.8285714285714285,0.9534883720930232,0.375,0.4952380952380935,0,-0.4093559588156211,-0.9123747579707274,0.25881904510252074,0.9659258262890683
0.0,0.4855502286310884,0.5833333333333335,0.8285714285714285,0.8837209302325582,0.15000000000000002,0.4952380952380935,0,-0.4093559588156211,-0.9123747579707274,0.8660254037844386,0.5000000000000001
1.0,0.29257683804291473,0.5833333333333335,0.8285714285714285,0.8488372093023255,0.0,0.5238095238095255,1683,-0.4093559588156211,-0.9123747579707274,0.9659258262890683,-0.25881904510252063
1.0,0.09960344745474117,0.5833333333333335,0.8285714285714285,0.6511627906976745,0.15000000000000002,0.5047619047619065,27417,-0.4093559588156211,-0.9123747579707274,0.49999999999999994,-0.8660254037844387
1.0,0.0009726036411437308,0.5833333333333335,0.8285714285714285,0.45348837209302323,0.325,0.45714285714285907,33306,-0.4093559588156211,-0.9123747579707274,-0.2588190451025208,-0.9659258262890683
1.0,0.1939459942293173,0.5833333333333335,0.8285714285714285,0.5930232558139534,0.6000000000000001,0.42857142857142705,21065,-0.4093559588156211,-0.9123747579707274,-0.8660254037844385,-0.5000000000000004
1.0,0.3869193848174909,0.5833333333333335,0.8285714285714285,0.8023255813953487,0.55,0.4380952380952401,1714,-0.4093559588156211,-0.9123747579707274,-0.9659258262890684,0.2588190451025203
0.0,0.5798927754056644,0.5833333333333335,0.8285714285714285,0.9534883720930232,0.375,0.466666666666665,0,-0.4093559588156211,-0.9123747579707274,-0.5000000000000004,0.8660254037844384
0.0,0.6793722403516774,0.5277777777777779,0.7999999999999999,0.9534883720930232,0.375,0.45714285714285907,0,-0.42500033996955394,-0.9051931898913975,0.25881904510252074,0.9659258262890683
0.0,0.4861728855458001,0.5277777777777779,0.7999999999999999,0.9534883720930232,0.2,0.45714285714285907,0,-0.42500033996955394,-0.9051931898913975,0.8660254037844386,0.5000000000000001
1.0,0.2929735307399227,0.5277777777777779,0.7999999999999999,0.8837209302325582,0.2,0.466666666666665,620,-0.42500033996955394,-0.9051931898913975,0.9659258262890683,-0.25881904510252063
1.0,0.09977417593404525,0.5277777777777779,0.7999999999999999,0.6511627906976745,0.35000000000000003,0.44761904761904603,0,-0.42500033996955394,-0.9051931898913975,0.49999999999999994,-0.8660254037844387
1.0,0.0010278393795434965,0.5277777777777779,0.7999999999999999,0.5232558139534884,0.35000000000000003,0.3999999999999986,18889,-0.42500033996955394,-0.9051931898913975,-0.2588190451025208,-0.9659258262890683
1.0,0.19422719418542092,0.5277777777777779,0.7999999999999999,0.6744186046511627,0.65,0.3809523809523796,20769,-0.42500033996955394,-0.9051931898913975,-0.8660254037844385,-0.5000000000000004
1.0,0.38742654899129836,0.5277777777777779,0.7999999999999999,0.8488372093023255,0.5,0.3809523809523796,1873,-0.42500033996955394,-0.9051931898913975,-0.9659258262890684,0.2588190451025203
0.0,0.5806259028805522,0.5277777777777779,0.7999999999999999,0.8837209302325582,0.25,0.40952380952380807,0,-0.42500033996955394,-0.9051931898913975,-0.5000000000000004,0.8660254037844384
0.0,0.6810754580857857,0.5555555555555556,0.7428571428571428,0.8488372093023255,0.275,0.39047619047619264,0,-0.4405187843504952,-0.8977433935342336,0.25881904510252074,0.9659258262890683
0.0,0.48742258358592344,0.5555555555555556,0.7428571428571428,0.8837209302325582,0.2,0.3809523809523796,0,-0.4405187843504952,-0.8977433935342336,0.8660254037844386,0.5000000000000001
1.0,0.29376971000268476,0.5555555555555556,0.7428571428571428,0.8837209302325582,0.15000000000000002,0.3999999999999986,639,-0.4405187843504952,-0.8977433935342336,0.9659258262890683,-0.25881904510252063
1.0,0.10011683550282238,0.5555555555555556,0.7428571428571428,0.7093023255813953,0.325,0.3999999999999986,7082,-0.4405187843504952,-0.8977433935342336,0.49999999999999994,-0.8660254037844387
1.0,0.0011386995047512963,0.5555555555555556,0.7428571428571428,0.627906976744186,0.45,0.3619047619047606,28694,-0.4405187843504952,-0.8977433935342336,-0.2588190451025208,-0.9659258262890683
1.0,0.19479157400461364,0.5555555555555556,0.7428571428571428,0.6511627906976745,0.525,0.33333333333333215,14653,-0.4405187843504952,-0.8977433935342336,-0.8660254037844385,-0.5000000000000004
1.0,0.38844444850447596,0.5555555555555556,0.7428571428571428,0.8139534883720929,0.375,0.34285714285714164,828,-0.4405187843504952,-0.8977433935342336,-0.9659258262890684,0.2588190451025203
0.0,0.5820973220877146,0.5555555555555556,0.7428571428571428,0.8488372093023255,0.325,0.3619047619047606,0,-0.4405187843504952,-0.8977433935342336,-0.5000000000000004,0.8660254037844384
0.0,0.6827866916933143,0.6388888888888888,0.7428571428571428,0.8139534883720929,0.17500000000000002,0.3523809523809547,0,-0.455906693508459,-0.8900275764346766,0.25881904510252074,0.9659258262890683
0.0,0.4886781635997161,0.6388888888888888,0.7428571428571428,0.8139534883720929,0.2,0.34285714285714164,0,-0.455906693508459,-0.8900275764346766,0.8660254037844386,0.5000000000000001
1.0,0.29456963550611787,0.6388888888888888,0.7428571428571428,0.8139534883720929,0.15000000000000002,0.37142857142857366,938,-0.455906693508459,-0.8900275764346766,0.9659258262890683,-0.25881904510252063
1.0,0.1004611074125196,0.6388888888888888,0.7428571428571428,0.627906976744186,0.35000000000000003,0.3809523809523796,10750,-0.455906693508459,-0.8900275764346766,0.49999999999999994,-0.8660254037844387
1.0,0.0012500821054135872,0.6388888888888888,0.7428571428571428,0.5232558139534884,0.525,0.3619047619047606,30473,-0.455906693508459,-0.8900275764346766,-0.2588190451025208,-0.9659258262890683
1.0,0.19535861019901185,0.6388888888888888,0.7428571428571428,0.6046511627906976,0.55,0.3523809523809547,13620,-0.455906693508459,-0.8900275764346766,-0.8660254037844385,-0.5000000000000004
1.0,0.3894671382926101,0.6388888888888888,0.7428571428571428,0.7790697674418605,0.42500000000000004,0.3619047619047606,771,-0.455906693508459,-0.8900275764346766,-0.9659258262890684,0.2588190451025203
0.0,0.5835756663862083,0.6388888888888888,0.7428571428571428,0.8139534883720929,0.325,0.39047619047619264,0,-0.455906693508459,-0.8900275764346766,-0.5000000000000004,0.8660254037844384
0.0,0.6845059961716793,0.5833333333333335,0.7142857142857143,0.8488372093023255,0.17500000000000002,0.39047619047619264,0,-0.47115950767386394,-0.8820480249558535,0.25881904510252074,0.9659258262890683
0.0,0.489939665001993,0.5833333333333335,0.7142857142857143,0.8139534883720929,0.225,0.39047619047619264,0,-0.47115950767386394,-0.8820480249558535,0.8660254037844386,0.5000000000000001
1.0,0.2953733338323066,0.5833333333333335,0.7142857142857143,0.7790697674418605,0.2,0.42857142857142705,1353,-0.47115950767386394,-0.8820480249558535,0.9659258262890683,-0.25881904510252063
1.0,0.10080700266262016,0.5833333333333335,0.7142857142857143,0.6511627906976745,0.375,0.45714285714285907,10411,-0.47115950767386394,-0.8820480249558535,0.49999999999999994,-0.8660254037844387
1.0,0.0013619890147775829,0.5833333333333335,0.7142857142857143,0.6046511627906976,0.45,0.44761904761904603,32389,-0.47115950767386394,-0.8820480249558535,-0.2588190451025208,-0.9659258262890683
1.0,0.19592832018446402,0.5833333333333335,0.7142857142857143,0.6511627906976745,0.42500000000000004,0.40952380952380807,19605,-0.47115950767386394,-0.8820480249558535,-0.8660254037844385,-0.5000000000000004
1.0,0.3904946513541504,0.5833333333333335,0.7142857142857143,0.8139534883720929,0.35000000000000003,0.42857142857142705,2225,-0.47115950767386394,-0.8820480249558535,-0.9659258262890684,0.2588190451025203
0.0,0.5850609825238368,0.5833333333333335,0.7142857142857143,0.8488372093023255,0.2,0.44761904761904603,0,-0.47115950767386394,-0.8820480249558535,-0.5000000000000004,0.8660254037844384
0.0,0.6862334311014153,0.5555555555555556,0.7714285714285714,0.8488372093023255,0.2,0.4380952380952401,0,-0.4862727071086902,-0.8738071036110807,0.25881904510252074,0.9659258262890683
0.0,0.49120713179068726,0.5555555555555556,0.7714285714285714,0.9186046511627906,0.17500000000000002,0.4380952380952401,0,-0.4862727071086902,-0.8738071036110807,0.8660254037844386,0.5000000000000001
1.0,0.2961808333965827,0.5555555555555556,0.7714285714285714,0.8488372093023255,0.17500000000000002,0.47619047619047805,1276,-0.4862727071086902,-0.8738071036110807,0.9659258262890683,-0.25881904510252063
1.0,0.10115453408585454,0.5555555555555556,0.7714285714285714,0.7093023255813953,0.325,0.485714285714284,11886,-0.4862727071086902,-0.8738071036110807,0.49999999999999994,-0.8660254037844387
1.0,0.0014744257325849108,0.5555555555555556,0.7714285714285714,0.5465116279069768,0.4,0.466666666666665,34021,-0.4862727071086902,-0.8738071036110807,-0.2588190451025208,-0.9659258262890683
1.0,0.196500725043313,0.5555555555555556,0.7714285714285714,0.6511627906976745,0.6000000000000001,0.4190476190476211,17733,-0.4862727071086902,-0.8738071036110807,-0.8660254037844385,-0.5000000000000004
1.0,0.3915270234374176,0.5555555555555556,0.7714285714285714,0.8488372093023255,0.325,0.4380952380952401,734,-0.4862727071086902,-0.8738071036110807,-0.9659258262890684,0.2588190451025203
0.0,0.5865533227481456,0.5555555555555556,0.7714285714285714,0.9186046511627906,0.325,0.45714285714285907,0,-0.4862727071086902,-0.8738071036110807,-0.5000000000000004,0.8660254037844384
0.0,0.6879690514799383,0.5833333333333335,0.7714285714285714,0.8837209302325582,0.325,0.44761904761904603,0,-0.5012418134457756,-0.8653072543632061,0.25881904510252074,0.9659258262890683
0.0,0.4924806052138609,0.5833333333333335,0.7714285714285714,0.8837209302325582,0.125,0.4380952380952401,0,-0.5012418134457756,-0.8653072543632061,0.8660254037844386,0.5000000000000001
1.0,0.29699215894778347,0.5833333333333335,0.7714285714285714,0.8488372093023255,0.125,0.466666666666665,1974,-0.5012418134457756,-0.8653072543632061,0.9659258262890683,-0.25881904510252063
1.0,0.101503712681706,0.5833333333333335,0.7714285714285714,0.627906976744186,0.325,0.47619047619047805,23788,-0.5012418134457756,-0.8653072543632061,0.49999999999999994,-0.8660254037844387
1.0,0.0015873950087063743,0.5833333333333335,0.7714285714285714,0.569767441860465,0.6000000000000001,0.466666666666665,34447,-0.5012418134457756,-0.8653072543632061,-0.2588190451025208,-0.9659258262890683
1.0,0.19707584219140745,0.5833333333333335,0.7714285714285714,0.6860465116279069,0.5,0.466666666666665,18771,-0.5012418134457756,-0.8653072543632061,-0.8660254037844385,-0.5000000000000004
1.0,0.3925642884574849,0.5833333333333335,0.7714285714285714,0.7790697674418605,0.325,0.47619047619047805,1739,-0.5012418134457756,-0.8653072543632061,-0.9659258262890684,0.2588190451025203
0.0,0.5880527347235622,0.5833333333333335,0.7714285714285714,0.8139534883720929,0.25,0.4952380952380935,0,-0.5012418134457756,-0.8653072543632061,-0.5000000000000004,0.8660254037844384
0.0,0.6888399502324347,0.5833333333333335,0.7428571428571428,0.8139534883720929,0.325,0.485714285714284,0,-0.5160623910158526,-0.8565509959010037,0.25881904510252074,0.9659258262890683
0.0,0.49311960827730955,0.5833333333333335,0.7428571428571428,0.8837209302325582,0.125,0.485714285714284,0,-0.5160623910158526,-0.8565509959010037,0.8660254037844386,0.5000000000000001
1.0,0.2973992654055607,0.5833333333333335,0.7428571428571428,0.8488372093023255,0.275,0.5142857142857125,610,-0.5160623910158526,-0.8565509959010037,0.9659258262890683,-0.25881904510252063
1.0,0.10167892253381189,0.5833333333333335,0.7428571428571428,0.6511627906976745,0.35000000000000003,0.5142857142857125,7779,-0.5160623910158526,-0.8565509959010037,0.49999999999999994,-0.8660254037844387
1.0,0.0016440808456482728,0.5833333333333335,0.7428571428571428,0.569767441860465,0.4,0.4952380952380935,30137,-0.5160623910158526,-0.8565509959010037,-0.2588190451025208,-0.9659258262890683
1.0,0.19736442371739707,0.5833333333333335,0.7428571428571428,0.5930232558139534,0.625,0.466666666666665,20887,-0.5160623910158526,-0.8565509959010037,-0.8660254037844385,-0.5000000000000004
1.0,0.39308476658914593,0.5833333333333335,0.7428571428571428,0.7790697674418605,0.325,0.45714285714285907,1661,-0.5160623910158526,-0.8565509959010037,-0.9659258262890684,0.2588190451025203
0.0,0.5888051085442711,0.5833333333333335,0.7428571428571428,0.8139534883720929,0.4,0.47619047619047805,0,-0.5160623910158526,-0.8565509959010037,-0.5000000000000004,0.8660254037844384
0.0,0.6905879615288417,0.6111111111111112,0.7428571428571428,0.8488372093023255,0.25,0.47619047619047805,0,-0.5307300481619331,-0.8475409228928312,0.25881904510252074,0.9659258262890683
0.0,0.4944021718567679,0.6111111111111112,0.7428571428571428,0.8837209302325582,0.125,0.485714285714284,0,-0.5307300481619331,-0.8475409228928312,0.8660254037844386,0.5000000000000001
1.0,0.29821638310131754,0.6111111111111112,0.7428571428571428,0.8139534883720929,0.15000000000000002,0.5047619047619065,1259,-0.5307300481619331,-0.8475409228928312,0.9659258262890683,-0.25881904510252063
1.0,0.10203059342924364,0.6111111111111112,0.7428571428571428,0.6511627906976745,0.2,0.5142857142857125,12757,-0.5307300481619331,-0.8475409228928312,0.49999999999999994,-0.8660254037844387
1.0,0.0017578567505415893,0.6111111111111112,0.7428571428571428,0.5232558139534884,0.375,0.4952380952380935,34325,-0.5307300481619331,-0.8475409228928312,-0.2588190451025208,-0.9659258262890683
1.0,0.19794364642261544,0.6111111111111112,0.7428571428571428,0.5465116279069768,0.42500000000000004,0.466666666666665,20756,-0.5307300481619331,-0.8475409228928312,-0.8660254037844385,-0.5000000000000004
1.0,0.3941294351780658,0.6111111111111112,0.7428571428571428,0.7093023255813953,0.35000000000000003,0.466666666666665,1509,-0.5307300481619331,-0.8475409228928312,-0.9659258262890684,0.2588190451025203
0.0,0.5903152248501397,0.6111111111111112,0.7428571428571428,0.8488372093023255,0.42500000000000004,0.485714285714284,0,-0.5307300481619331,-0.8475409228928312,-0.5000000000000004,0.8660254037844384
0.0,0.6923443067670597,0.6666666666666667,0.7428571428571428,0.9186046511627906,0.17500000000000002,0.5047619047619065,0,-0.5452404385406507,-0.8382797052177745,0.25881904510252074,0.9659258262890683
0.0,0.4956908511489146,0.6666666666666667,0.7428571428571428,0.8488372093023255,0.07500000000000001,0.5142857142857125,0,-0.5452404385406507,-0.8382797052177745,0.8660254037844386,0.5000000000000001
1.0,0.299037396447393,0.6666666666666667,0.7428571428571428,0.7790697674418605,0.125,0.5428571428571445,4745,-0.5452404385406507,-0.8382797052177745,0.9659258262890683,-0.25881904510252063
1.0,0.10238394082924779,0.6666666666666667,0.7428571428571428,0.6046511627906976,0.275,0.5523809523809504,22158,-0.5452404385406507,-0.8382797052177745,0.49999999999999994,-0.8660254037844387
1.0,0.0018721752966086996,0.6666666666666667,0.7428571428571428,0.441860465116279,0.45,0.5238095238095255,33187,-0.5452404385406507,-0.8382797052177745,-0.2588190451025208,-0.9659258262890683
1.0,0.19852562999813025,0.6666666666666667,0.7428571428571428,0.47674418604651164,0.525,0.485714285714284,20199,-0.5452404385406507,-0.8382797052177745,-0.8660254037844385,-0.5000000000000004
1.0,0.39517908561627546,0.6666666666666667,0.7428571428571428,0.6860465116279069,0.45,0.466666666666665,1452,-0.5452404385406507,-0.8382797052177745,-0.9659258262890684,0.2588190451025203
0.0,0.591832540317797,0.6666666666666667,0.7428571428571428,0.8139534883720929,0.25,0.4952380952380935,0,-0.5452404385406507,-0.8382797052177745,-0.5000000000000004,0.8660254037844384
0.0,0.6941090446109993,0.6666666666666667,0.7142857142857143,0.7790697674418605,0.4,0.4952380952380935,0,-0.5595892624101763,-0.828770087174504,0.25881904510252074,0.9659258262890683
0.0,0.4969856892350591,0.6666666666666667,0.7142857142857143,0.8837209302325582,0.225,0.5047619047619065,0,-0.5595892624101763,-0.828770087174504,0.8660254037844386,0.5000000000000001
1.0,0.2998623329424952,0.6666666666666667,0.7142857142857143,0.8139534883720929,0.17500000000000002,0.5047619047619065,1428,-0.5595892624101763,-0.828770087174504,0.9659258262890683,-0.25881904510252063
1.0,0.10273897756655484,0.6666666666666667,0.7142857142857143,0.627906976744186,0.325,0.5142857142857125,19029,-0.5595892624101763,-0.828770087174504,0.49999999999999994,-0.8660254037844387
1.0,0.0019870401503440174,0.6666666666666667,0.7142857142857143,0.5232558139534884,0.42500000000000004,0.5047619047619065,34055,-0.5595892624101763,-0.828770087174504,-0.2588190451025208,-0.9659258262890683
1.0,0.1991103955262843,0.6666666666666667,0.7142857142857143,0.627906976744186,0.5750000000000001,0.47619047619047805,22084,-0.5595892624101763,-0.828770087174504,-0.8660254037844385,-0.5000000000000004
1.0,0.3962337518188483,0.6666666666666667,0.7142857142857143,0.6511627906976745,0.325,0.45714285714285907,1588,-0.5595892624101763,-0.828770087174504,-0.9659258262890684,0.2588190451025203
0.0,0.5933571071947885,0.6666666666666667,0.7142857142857143,0.7441860465116279,0.25,0.47619047619047805,0,-0.5595892624101763,-0.828770087174504,-0.5000000000000004,0.8660254037844384
0.0,0.6958822364744421,0.6666666666666667,0.7428571428571428,0.7441860465116279,0.125,0.45714285714285907,0,-0.5737722679043243,-0.8190148866680802,0.25881904510252074,0.9659258262890683
0.0,0.4982867291965108,0.6666666666666667,0.7428571428571428,0.7790697674418605,0.25,0.466666666666665,0,-0.5737722679043243,-0.8190148866680802,0.8660254037844386,0.5000000000000001
1.0,0.30069122191857944,0.6666666666666667,0.7428571428571428,0.7441860465116279,0.225,0.5142857142857125,3997,-0.5737722679043243,-0.8190148866680802,0.9659258262890683,-0.25881904510252063
1.0,0.10309571372402437,0.6666666666666667,0.7428571428571428,0.49999999999999994,0.275,0.5333333333333314,19430,-0.5737722679043243,-0.8190148866680802,0.49999999999999994,-0.8660254037844387
1.0,0.00210245497824197,0.6666666666666667,0.7428571428571428,0.5232558139534884,0.25,0.5523809523809504,24803,-0.5737722679043243,-0.8190148866680802,-0.2588190451025208,-0.9659258262890683
1.0,0.19969796225617334,0.6666666666666667,0.7428571428571428,0.5232558139534884,0.375,0.5238095238095255,20514,-0.5737722679043243,-0.8190148866680802,-0.8660254037844385,-0.5000000000000004
1.0,0.39729346953410477,0.6666666666666667,0.7428571428571428,0.6860465116279069,0.5,0.5142857142857125,1481,-0.5737722679043243,-0.8190148866680802,-0.9659258262890684,0.2588190451025203
0.0,0.5948889777286597,0.6666666666666667,0.7428571428571428,0.7790697674418605,0.42500000000000004,0.5333333333333314,0,-0.5737722679043243,-0.8190148866680802,-0.5000000000000004,0.8660254037844384
0.0,0.6965635554665869,0.6111111111111112,0.7428571428571428,0.8488372093023255,0.275,0.5238095238095255,0,-0.5877852522924734,-0.8090169943749472,0.25881904510252074,0.9659258262890683
0.0,0.4984936285598672,0.6111111111111112,0.7428571428571428,0.8139534883720929,0.4,0.5142857142857125,0,-0.5877852522924734,-0.8090169943749472,0.8660254037844386,0.5000000000000001
1.0,0.30042370256977113,0.6111111111111112,0.7428571428571428,0.7790697674418605,0.42500000000000004,0.5428571428571445,5248,-0.5877852522924734,-0.8090169943749472,0.9659258262890683,-0.25881904510252063
1.0,0.10235377566305134,0.6111111111111112,0.7428571428571428,0.5930232558139534,0.275,0.5619047619047635,24698,-0.5877852522924734,-0.8090169943749472,0.49999999999999994,-0.8660254037844387
1.0,0.003318812668003303,0.6111111111111112,0.7428571428571428,0.5465116279069768,0.5750000000000001,0.5523809523809504,33210,-0.5877852522924734,-0.8090169943749472,-0.2588190451025208,-0.9659258262890683
1.0,0.20138873865809942,0.6111111111111112,0.7428571428571428,0.569767441860465,0.42500000000000004,0.5238095238095255,19423,-0.5877852522924734,-0.8090169943749472,-0.8660254037844385,-0.5000000000000004
1.0,0.3994586655648191,0.6111111111111112,0.7428571428571428,0.7790697674418605,0.5,0.5142857142857125,1397,-0.5877852522924734,-0.8090169943749472,-0.9659258262890684,0.2588190451025203
0.0,0.5975285915549152,0.6111111111111112,0.7428571428571428,0.8488372093023255,0.45,0.5238095238095255,0,-0.5877852522924734,-0.8090169943749472,-0.5000000000000004,0.8660254037844384
0.0,0.6983511896515402,0.6944444444444444,0.8285714285714285,0.8488372093023255,0.17500000000000002,0.5142857142857125,0,-0.6016240632249227,-0.7987793728863648,0.25881904510252074,0.9659258262890683
0.0,0.49980456072325735,0.6944444444444444,0.8285714285714285,0.8139534883720929,0.07500000000000001,0.4952380952380935,0,-0.6016240632249227,-0.7987793728863648,0.8660254037844386,0.5000000000000001
1.0,0.30125793179497445,0.6944444444444444,0.8285714285714285,0.7790697674418605,0.0,0.5142857142857125,6035,-0.6016240632249227,-0.7987793728863648,0.9659258262890683,-0.25881904510252063
1.0,0.10271130286669147,0.6944444444444444,0.8285714285714285,0.6860465116279069,0.125,0.5142857142857125,26346,-0.6016240632249227,-0.7987793728863648,0.49999999999999994,-0.8660254037844387
1.0,0.00343798840255001,0.6944444444444444,0.8285714285714285,0.4186046511627907,0.45,0.47619047619047805,31908,-0.6016240632249227,-0.7987793728863648,-0.2588190451025208,-0.9659258262890683
1.0,0.20198461733083295,0.6944444444444444,0.8285714285714285,0.47674418604651164,0.4,0.44761904761904603,19265,-0.6016240632249227,-0.7987793728863648,-0.8660254037844385,-0.5000000000000004
1.0,0.4005312462591159,0.6944444444444444,0.8285714285714285,0.7441860465116279,0.45,0.4380952380952401,1425,-0.6016240632249227,-0.7987793728863648,-0.9659258262890684,0.2588190451025203
0.0,0.5990778751873987,0.6944444444444444,0.8285714285714285,0.8139534883720929,0.225,0.45714285714285907,0,-0.6016240632249227,-0.7987793728863648,-0.5000000000000004,0.8660254037844384
0.0,0.7001474501812344,0.8055555555555556,0.7999999999999999,0.8139534883720929,0.125,0.42857142857142705,0,-0.6152845999633277,-0.7883050558305253,0.25881904510252074,0.9659258262890683
0.0,0.5011218185061412,0.8055555555555556,0.7999999999999999,0.8488372093023255,0.0,0.42857142857142705,0,-0.6152845999633277,-0.7883050558305253,0.8660254037844386,0.5000000000000001
1.0,0.3020961868310482,0.8055555555555556,0.7999999999999999,0.7093023255813953,0.0,0.4380952380952401,5801,-0.6152845999633277,-0.7883050558305253,0.9659258262890683,-0.25881904510252063
1.0,0.10307055423933142,0.8055555555555556,0.7999999999999999,0.6860465116279069,0.125,0.44761904761904603,25690,-0.6152845999633277,-0.7883050558305253,0.49999999999999994,-0.8660254037844387
1.0,0.0035577388600966653,0.8055555555555556,0.7999999999999999,0.20930232558139533,0.5,0.40952380952380807,31531,-0.6152845999633277,-0.7883050558305253,-0.2588190451025208,-0.9659258262890683
1.0,0.20258337053518977,0.8055555555555556,0.7999999999999999,0.3837209302325581,0.5,0.3809523809523796,18938,-0.6152845999633277,-0.7883050558305253,-0.8660254037844385,-0.5000000000000004
1.0,0.40160900221028295,0.8055555555555556,0.7999999999999999,0.6860465116279069,0.375,0.3523809523809547,1329,-0.6152845999633277,-0.7883050558305253,-0.9659258262890684,0.2588190451025203
0.0,0.6006346338853761,0.8055555555555556,0.7999999999999999,0.7093023255813953,0.225,0.3809523809523796,0,-0.6152845999633277,-0.7883050558305253,-0.5000000000000004,0.8660254037844384
0.0,0.7019523984694509,0.8611111111111112,0.8285714285714285,0.7441860465116279,0.125,0.3809523809523796,0,-0.6287628145958345,-0.7775971469736268,0.25881904510252074,0.9659258262890683
0.0,0.5024454468230757,0.8611111111111112,0.8285714285714285,0.8139534883720929,0.125,0.3809523809523796,0,-0.6287628145958345,-0.7775971469736268,0.8660254037844386,0.5000000000000001
1.0,0.3029384951767005,0.8611111111111112,0.8285714285714285,0.7093023255813953,0.0,0.4190476190476211,6044,-0.6287628145958345,-0.7775971469736268,0.9659258262890683,-0.25881904510252063
1.0,0.10343154444694888,0.8611111111111112,0.8285714285714285,0.6046511627906976,0.125,0.4380952380952401,25211,-0.6287628145958345,-0.7775971469736268,0.49999999999999994,-0.8660254037844387
1.0,0.0036780686237612784,0.8611111111111112,0.8285714285714285,0.3488372093023256,0.525,0.4190476190476211,31366,-0.6287628145958345,-0.7775971469736268,-0.2588190451025208,-0.9659258262890683
1.0,0.2031850202701365,0.8611111111111112,0.8285714285714285,0.47674418604651164,0.5,0.40952380952380807,17623,-0.6287628145958345,-0.7775971469736268,-0.8660254037844385,-0.5000000000000004
1.0,0.4026919709998881,0.8611111111111112,0.8285714285714285,0.7441860465116279,0.45,0.40952380952380807,906,-0.6287628145958345,-0.7775971469736268,-0.9659258262890684,0.2588190451025203
0.0,0.6021989226462633,0.8611111111111112,0.8285714285714285,0.8488372093023255,0.25,0.45714285714285907,0,-0.6287628145958345,-0.7775971469736268,-0.5000000000000004,0.8660254037844384
0.0,0.7037660977632184,0.6666666666666667,0.8285714285714285,0.8837209302325582,0.2,0.466666666666665,0,-0.6420547132365636,-0.7666588193001592,0.25881904510252074,0.9659258262890683
0.0,0.5037754933384879,0.6666666666666667,0.8285714285714285,0.8837209302325582,0.125,0.47619047619047805,0,-0.6420547132365636,-0.7666588193001592,0.8660254037844386,0.5000000000000001
1.0,0.30378488891375754,0.6666666666666667,0.8285714285714285,0.8139534883720929,0.0,0.5142857142857125,744,-0.6420547132365636,-0.7666588193001592,0.9659258262890683,-0.25881904510252063
1.0,0.10379428448902708,0.6666666666666667,0.8285714285714285,0.6511627906976745,0.17500000000000002,0.5238095238095255,11209,-0.6420547132365636,-0.7666588193001592,0.49999999999999994,-0.8660254037844387
1.0,0.0037989822766618803,0.6666666666666667,0.8285714285714285,0.5465116279069768,0.525,0.5142857142857125,27606,-0.6420547132365636,-0.7666588193001592,-0.2588190451025208,-0.9659258262890683
1.0,0.2037895867013923,0.6666666666666667,0.8285714285714285,0.6511627906976745,0.45,0.4952380952380935,17905,-0.6420547132365636,-0.7666588193001592,-0.8660254037844385,-0.5000000000000004
1.0,0.4037801911261228,0.6666666666666667,0.8285714285714285,0.8488372093023255,0.325,0.4952380952380935,1346,-0.6420547132365636,-0.7666588193001592,-0.9659258262890684,0.2588190451025203
0.0,0.6037707955508532,0.6666666666666667,0.8285714285714285,0.8837209302325582,0.2,0.5047619047619065,0,-0.6420547132365636,-0.7666588193001592,-0.5000000000000004,0.8660254037844384
0.0,0.7055886122261891,0.8055555555555556,0.7999999999999999,0.8837209302325582,0.125,0.4952380952380935,0,-0.655156357209085,-0.7554933140726804,0.25881904510252074,0.9659258262890683
0.0,0.5051120038835583,0.8055555555555556,0.7999999999999999,0.9186046511627906,0.17500000000000002,0.485714285714284,0,-0.655156357209085,-0.7554933140726804,0.8660254037844386,0.5000000000000001
1.0,0.3046353955409274,0.8055555555555556,0.7999999999999999,0.8837209302325582,0.0,0.4952380952380935,6343,-0.655156357209085,-0.7554933140726804,0.9659258262890683,-0.25881904510252063
1.0,0.10415878719829652,0.8055555555555556,0.7999999999999999,0.6860465116279069,0.07500000000000001,0.5047619047619065,27323,-0.655156357209085,-0.7554933140726804,0.49999999999999994,-0.8660254037844387
1.0,0.003920482568669288,0.8055555555555556,0.7999999999999999,0.3255813953488372,0.55,0.47619047619047805,32295,-0.655156357209085,-0.7554933140726804,-0.2588190451025208,-0.9659258262890683
1.0,0.20439709091130018,0.8055555555555556,0.7999999999999999,0.4186046511627907,0.775,0.4380952380952401,19187,-0.655156357209085,-0.7554933140726804,-0.8660254037844385,-0.5000000000000004
1.0,0.4048737001705547,0.8055555555555556,0.7999999999999999,0.45348837209302323,0.35000000000000003,0.42857142857142705,1318,-0.655156357209085,-0.7554933140726804,-0.9659258262890684,0.2588190451025203
0.0,0.6053503085131855,0.8055555555555556,0.7999999999999999,0.6860465116279069,0.25,0.45714285714285907,0,-0.655156357209085,-0.7554933140726804,-0.5000000000000004,0.8660254037844384
0.0,0.7063035346396703,0.6944444444444444,0.7714285714285714,0.7441860465116279,0.35000000000000003,0.44761904761904603,0,-0.6680638642135333,-0.7441039398713608,0.25881904510252074,0.9659258262890683
0.0,0.5053385547403688,0.6944444444444444,0.7714285714285714,0.8837209302325582,0.375,0.4380952380952401,0,-0.6680638642135333,-0.7441039398713608,0.8660254037844386,0.5000000000000001
1.0,0.304373573924444,0.6944444444444444,0.7714285714285714,0.7790697674418605,0.4,0.466666666666665,6406,-0.6680638642135333,-0.7441039398713608,0.9659258262890683,-0.25881904510252063
1.0,0.10340859402514246,0.6944444444444444,0.7714285714285714,0.569767441860465,0.42500000000000004,0.47619047619047805,27136,-0.6680638642135333,-0.7441039398713608,0.49999999999999994,-0.8660254037844387
1.0,0.005159048215117479,0.6944444444444444,0.7714285714285714,0.3953488372093023,0.7000000000000001,0.466666666666665,32235,-0.6680638642135333,-0.7441039398713608,-0.2588190451025208,-0.9659258262890683
1.0,0.20612402811441885,0.6944444444444444,0.7714285714285714,0.3953488372093023,0.65,0.42857142857142705,19164,-0.6680638642135333,-0.7441039398713608,-0.8660254037844385,-0.5000000000000004
1.0,0.40708900801372033,0.6944444444444444,0.7714285714285714,0.5465116279069768,0.7000000000000001,0.40952380952380807,1110,-0.6680638642135333,-0.7441039398713608,-0.9659258262890684,0.2588190451025203
0.0,0.6080539888296453,0.6944444444444444,0.7714285714285714,0.6744186046511627,0.5,0.4380952380952401,0,-0.6680638642135333,-0.7441039398713608,-0.5000000000000004,0.8660254037844384
0.0,0.7090633224035777,0.5833333333333335,0.7142857142857143,0.6744186046511627,0.45,0.45714285714285907,0,-0.6807734094770159,-0.7324940716135792,0.25881904510252074,0.9659258262890683
0.0,0.5073613065463395,0.5833333333333335,0.7142857142857143,0.6744186046511627,0.6000000000000001,0.44761904761904603,0,-0.6807734094770159,-0.7324940716135792,0.8660254037844386,0.5000000000000001
1.0,0.30565929160572486,0.5833333333333335,0.7142857142857143,0.6744186046511627,0.42500000000000004,0.466666666666665,6524,-0.6807734094770159,-0.7324940716135792,0.9659258262890683,-0.25881904510252063
1.0,0.10395727574848662,0.5833333333333335,0.7142857142857143,0.569767441860465,0.65,0.485714285714284,27737,-0.6807734094770159,-0.7324940716135792,0.49999999999999994,-0.8660254037844387
1.0,0.005347401533086535,0.5833333333333335,0.7142857142857143,0.569767441860465,0.525,0.485714285714284,33293,-0.6807734094770159,-0.7324940716135792,-0.2588190451025208,-0.9659258262890683
1.0,0.2070494173903247,0.5833333333333335,0.7142857142857143,0.5930232558139534,0.5750000000000001,0.45714285714285907,19411,-0.6807734094770159,-0.7324940716135792,-0.8660254037844385,-0.5000000000000004
1.0,0.4087514323309394,0.5833333333333335,0.7142857142857143,0.7093023255813953,0.375,0.4380952380952401,1158,-0.6807734094770159,-0.7324940716135792,-0.9659258262890684,0.2588190451025203
0.0,0.6104534481881776,0.5833333333333335,0.7142857142857143,0.7790697674418605,0.25,0.4380952380952401,0,-0.6807734094770159,-0.7324940716135792,-0.5000000000000004,0.8660254037844384
0.0,0.7109144547721006,0.6944444444444444,0.8285714285714285,0.8023255813953487,0.07500000000000001,0.4380952380952401,0,-0.6932812268869771,-0.7206671495538615,0.25881904510252074,0.9659258262890683
0.0,0.5087180717231957,0.6944444444444444,0.8285714285714285,0.8023255813953487,0.07500000000000001,0.42857142857142705,0,-0.6932812268869771,-0.7206671495538615,0.8660254037844386,0.5000000000000001
1.0,0.30652168867429075,0.6944444444444444,0.8285714285714285,0.7441860465116279,0.0,0.45714285714285907,5826,-0.6932812268869771,-0.7206671495538615,0.9659258262890683,-0.25881904510252063
1.0,0.10432530470876211,0.6944444444444444,0.8285714285714285,0.6511627906976745,0.125,0.45714285714285907,26714,-0.6932812268869771,-0.7206671495538615,0.49999999999999994,-0.8660254037844387
1.0,0.0054737397644778404,0.6944444444444444,0.8285714285714285,0.3023255813953488,0.375,0.42857142857142705,32413,-0.6932812268869771,-0.7206671495538615,-0.2588190451025208,-0.9659258262890683
1.0,0.20767012281338285,0.6944444444444444,0.8285714285714285,0.45348837209302323,0.525,0.40952380952380807,18854,-0.6932812268869771,-0.7206671495538615,-0.8660254037844385,-0.5000000000000004
1.0,0.40986650677891145,0.6944444444444444,0.8285714285714285,0.6744186046511627,0.225,0.39047619047619264,1091,-0.6932812268869771,-0.7206671495538615,-0.9659258262890684,0.2588190451025203
0.0,0.6120628898278164,0.6944444444444444,0.8285714285714285,0.7790697674418605,0.325,0.4190476190476211,0,-0.6932812268869771,-0.7206671495538615,-0.5000000000000004,0.8660254037844384
0.0,0.7118434280462997,0.6388888888888888,0.8285714285714285,0.8023255813953487,0.17500000000000002,0.3999999999999986,0,-0.7055836101071774,-0.70862667826446,0.25881904510252074,0.9659258262890683
0.0,0.5093989507360103,0.6388888888888888,0.8285714285714285,0.8023255813953487,0.15000000000000002,0.3999999999999986,0,-0.7055836101071774,-0.70862667826446,0.8660254037844386,0.5000000000000001
1.0,0.3069544743423447,0.6388888888888888,0.8285714285714285,0.7441860465116279,0.0,0.42857142857142705,5831,-0.7055836101071774,-0.70862667826446,0.9659258262890683,-0.25881904510252063
1.0,0.10450999703205527,0.6388888888888888,0.8285714285714285,0.5465116279069768,0.15000000000000002,0.42857142857142705,26277,-0.7055836101071774,-0.70862667826446,0.49999999999999994,-0.8660254037844387
1.0,0.005537141702569012,0.6388888888888888,0.8285714285714285,0.45348837209302323,0.35000000000000003,0.3999999999999986,31397,-0.7055836101071774,-0.70862667826446,-0.2588190451025208,-0.9659258262890683
1.0,0.2079816180962347,0.6388888888888888,0.8285714285714285,0.4302325581395348,0.55,0.3523809523809547,18705,-0.7055836101071774,-0.70862667826446,-0.8660254037844385,-0.5000000000000004
1.0,0.4104260954065241,0.6388888888888888,0.8285714285714285,0.7441860465116279,0.45,0.3523809523809547,1055,-0.7055836101071774,-0.70862667826446,-0.9659258262890684,0.2588190451025203
0.0,0.6128705727168134,0.6388888888888888,0.8285714285714285,0.8023255813953487,0.4,0.39047619047619264,0,-0.7055836101071774,-0.70862667826446,-0.5000000000000004,0.8660254037844384
0.0,0.7137082300226347,0.5555555555555556,0.7999999999999999,0.8023255813953487,0.25,0.37142857142857366,0,-0.7176769136759615,-0.6963762255968726,0.25881904510252074,0.9659258262890683
0.0,0.5107657346088623,0.5555555555555556,0.7999999999999999,0.8488372093023255,0.17500000000000002,0.37142857142857366,0,-0.7176769136759615,-0.6963762255968726,0.8660254037844386,0.5000000000000001
1.0,0.3078232391950901,0.5555555555555556,0.7999999999999999,0.8139534883720929,0.2,0.4190476190476211,1379,-0.7176769136759615,-0.6963762255968726,0.9659258262890683,-0.25881904510252063
1.0,0.1048807437813177,0.5555555555555556,0.7999999999999999,0.5930232558139534,0.25,0.4190476190476211,24772,-0.7176769136759615,-0.6963762255968726,0.49999999999999994,-0.8660254037844387
1.0,0.005664413056789573,0.5555555555555556,0.7999999999999999,0.5930232558139534,0.5750000000000001,0.3999999999999986,33053,-0.7176769136759615,-0.6963762255968726,-0.2588190451025208,-0.9659258262890683
1.0,0.20860690847056187,0.5555555555555556,0.7999999999999999,0.6860465116279069,0.625,0.3619047619047606,19120,-0.7176769136759615,-0.6963762255968726,-0.8660254037844385,-0.5000000000000004
1.0,0.4115494038843343,0.5555555555555556,0.7999999999999999,0.8488372093023255,0.45,0.3619047619047606,1132,-0.7176769136759615,-0.6963762255968726,-0.9659258262890684,0.2588190451025203
0.0,0.6144918992981065,0.5555555555555556,0.7999999999999999,0.8488372093023255,0.325,0.3809523809523796,0,-0.7176769136759615,-0.6963762255968726,-0.5000000000000004,0.8660254037844384
0.0,0.7153910666308997,0.5555555555555556,0.7999999999999999,0.8488372093023255,0.15000000000000002,0.37142857142857366,0,-0.7295575540864876,-0.6839194216246105,0.25881904510252074,0.9659258262890683
0.0,0.5116969316119255,0.5555555555555556,0.7999999999999999,0.8023255813953487,0.125,0.3619047619047606,0,-0.7295575540864876,-0.6839194216246105,0.8660254037844386,0.5000000000000001
1.0,0.30800279750957515,0.5555555555555556,0.7999999999999999,0.8139534883720929,0.17500000000000002,0.37142857142857366,806,-0.7295575540864876,-0.6839194216246105,0.9659258262890683,-0.25881904510252063
1.0,0.10430866340722464,0.5555555555555556,0.7999999999999999,0.6860465116279069,0.325,0.3809523809523796,20290,-0.7295575540864876,-0.6839194216246105,0.49999999999999994,-0.8660254037844387
1.0,0.006988132119460803,0.5555555555555556,0.7999999999999999,0.569767441860465,0.45,0.3523809523809547,31772,-0.7295575540864876,-0.6839194216246105,-0.2588190451025208,-0.9659258262890683
1.0,0.21068226713843488,0.5555555555555556,0.7999999999999999,0.627906976744186,0.525,0.31428571428571317,18020,-0.7295575540864876,-0.6839194216246105,-0.8660254037844385,-0.5000000000000004
1.0,0.4143764012407854,0.5555555555555556,0.7999999999999999,0.8488372093023255,0.45,0.31428571428571317,499,-0.7295575540864876,-0.6839194216246105,-0.9659258262890684,0.2588190451025203
0.0,0.6180705353431358,0.5555555555555556,0.7999999999999999,0.8837209302325582,0.25,0.34285714285714164,0,-0.7295575540864876,-0.6839194216246105,-0.5000000000000004,0.8660254037844384
0.0,0.7172761892359202,0.6388888888888888,0.8285714285714285,0.9186046511627906,0.25,0.32380952380952266,0,-0.7412220108485957,-0.6712599575675315,0.25881904510252074,0.9659258262890683
0.0,0.513077861736864,0.6388888888888888,0.8285714285714285,0.8488372093023255,0.15000000000000002,0.32380952380952266,0,-0.7412220108485957,-0.6712599575675315,0.8660254037844386,0.5000000000000001
1.0,0.30887953423780784,0.6388888888888888,0.8285714285714285,0.8139534883720929,0.0,0.3523809523809547,0,-0.7412220108485957,-0.6712599575675315,0.9659258262890683,-0.25881904510252063
1.0,0.10468120582212806,0.6388888888888888,0.8285714285714285,0.6860465116279069,0.125,0.37142857142857366,8584,-0.7412220108485957,-0.6712599575675315,0.49999999999999994,-0.8660254037844387
1.0,0.007119783101263072,0.6388888888888888,0.8285714285714285,0.6046511627906976,0.15000000000000002,0.3523809523809547,18238,-0.7412220108485957,-0.6712599575675315,-0.2588190451025208,-0.9659258262890683
1.0,0.21131811060031927,0.6388888888888888,0.8285714285714285,0.569767441860465,0.42500000000000004,0.32380952380952266,11166,-0.7412220108485957,-0.6712599575675315,-0.8660254037844385,-0.5000000000000004
1.0,0.41551643809937544,0.6388888888888888,0.8285714285714285,0.7790697674418605,0.375,0.34285714285714164,863,-0.7412220108485957,-0.6712599575675315,-0.9659258262890684,0.2588190451025203
0.0,0.6197147665150553,0.6388888888888888,0.8285714285714285,0.7441860465116279,0.15000000000000002,0.37142857142857366,0,-0.7412220108485957,-0.6712599575675315,-0.5000000000000004,0.8660254037844384
0.0,0.7191706678180706,0.6111111111111112,0.7714285714285714,0.8139534883720929,0.0,0.3619047619047606,0,-0.7526668275320083,-0.6584015846980489,0.25881904510252074,0.9659258262890683
0.0,0.5144656445398688,0.6111111111111112,0.7714285714285714,0.8139534883720929,0.15000000000000002,0.3809523809523796,0,-0.7526668275320083,-0.6584015846980489,0.8660254037844386,0.5000000000000001
1.0,0.309760621261667,0.6111111111111112,0.7714285714285714,0.7790697674418605,0.17500000000000002,0.40952380952380807,759,-0.7526668275320083,-0.6584015846980489,0.9659258262890683,-0.25881904510252063
1.0,0.10505559798346512,0.6111111111111112,0.7714285714285714,0.6046511627906976,0.25,0.4190476190476211,8690,-0.7526668275320083,-0.6584015846980489,0.49999999999999994,-0.8660254037844387
1.0,0.007252086719071675,0.6111111111111112,0.7714285714285714,0.47674418604651164,0.4,0.4190476190476211,25632,-0.7526668275320083,-0.6584015846980489,-0.2588190451025208,-0.9659258262890683
1.0,0.2119571099972735,0.6111111111111112,0.7714285714285714,0.5930232558139534,0.525,0.3999999999999986,18709,-0.7526668275320083,-0.6584015846980489,-0.8660254037844385,-0.5000000000000004
1.0,0.41666213327547535,0.6111111111111112,0.7714285714285714,0.8139534883720929,0.5,0.40952380952380807,1306,-0.7526668275320083,-0.6584015846980489,-0.9659258262890684,0.2588190451025203
0.0,0.6213671565536771,0.6111111111111112,0.7714285714285714,0.8837209302325582,0.35000000000000003,0.4380952380952401,0,-0.7526668275320083,-0.6584015846980489,-0.5000000000000004,0.8660254037844384
0.0,0.7220300797350433,0.7222222222222223,0.7999999999999999,0.8488372093023255,0.15000000000000002,0.42857142857142705,0,-0.7638886127905429,-0.64534811322955,0.25881904510252074,0.9659258262890683
0.0,0.5165602807187654,0.7222222222222223,0.7999999999999999,0.8837209302325582,0.0,0.40952380952380807,0,-0.7638886127905429,-0.64534811322955,0.8660254037844386,0.5000000000000001
1.0,0.3110904817024875,0.7222222222222223,0.7999999999999999,0.8488372093023255,0.07500000000000001,0.4190476190476211,1211,-0.7638886127905429,-0.64534811322955,0.9659258262890683,-0.25881904510252063
1.0,0.10562068268620958,0.7222222222222223,0.7999999999999999,0.7093023255813953,0.07500000000000001,0.4190476190476211,22969,-0.7638886127905429,-0.64534811322955,0.49999999999999994,-0.8660254037844387
1.0,0.007451778671026872,0.7222222222222223,0.7999999999999999,0.627906976744186,0.15000000000000002,0.37142857142857366,31163,-0.7638886127905429,-0.64534811322955,-0.2588190451025208,-0.9659258262890683
1.0,0.21292157768730477,0.7222222222222223,0.7999999999999999,0.47674418604651164,0.45,0.31428571428571317,18040,-0.7638886127905429,-0.64534811322955,-0.8660254037844385,-0.5000000000000004
1.0,0.4183913767035827,0.7222222222222223,0.7999999999999999,0.6511627906976745,0.375,0.32380952380952266,886,-0.7638886127905429,-0.64534811322955,-0.9659258262890684,0.2588190451025203
0.0,0.6238611757198607,0.7222222222222223,0.7999999999999999,0.7441860465116279,0.25,0.3619047619047606,0,-0.7638886127905429,-0.64534811322955,-0.5000000000000004,0.8660254037844384
0.0,0.7228039052979653,0.5833333333333335,0.7999999999999999,0.7790697674418605,0.275,0.34285714285714164,0,-0.7748840413670406,-0.6321034111873488,0.25881904510252074,0.9659258262890683
0.0,0.5168210729669411,0.5833333333333335,0.7999999999999999,0.8139534883720929,0.2,0.33333333333333215,0,-0.7748840413670406,-0.6321034111873488,0.8660254037844386,0.5000000000000001
1.0,0.31083824063591703,0.5833333333333335,0.7999999999999999,0.8139534883720929,0.17500000000000002,0.3809523809523796,1709,-0.7748840413670406,-0.6321034111873488,0.9659258262890683,-0.25881904510252063
1.0,0.10485540738826912,0.5833333333333335,0.7999999999999999,0.6860465116279069,0.42500000000000004,0.39047619047619264,17165,-0.7748840413670406,-0.6321034111873488,0.49999999999999994,-0.8660254037844387
1.0,0.008730086367090044,0.5833333333333335,0.7999999999999999,0.569767441860465,0.525,0.3619047619047606,32668,-0.7748840413670406,-0.6321034111873488,-0.2588190451025208,-0.9659258262890683
1.0,0.21471291869811424,0.5833333333333335,0.7999999999999999,0.627906976744186,0.42500000000000004,0.3619047619047606,17506,-0.7748840413670406,-0.6321034111873488,-0.8660254037844385,-0.5000000000000004
1.0,0.4206957510291385,0.5833333333333335,0.7999999999999999,0.7441860465116279,0.55,0.3809523809523796,467,-0.7748840413670406,-0.6321034111873488,-0.9659258262890684,0.2588190451025203
0.0,0.6266785833601627,0.5833333333333335,0.7999999999999999,0.7790697674418605,0.35000000000000003,0.39047619047619264,0,-0.7748840413670406,-0.6321034111873488,-0.5000000000000004,0.8660254037844384
0.0,0.7247288176170283,0.5555555555555556,0.7714285714285714,0.7790697674418605,0.15000000000000002,0.37142857142857366,0,-0.7856498550787144,-0.6186714032625032,0.25881904510252074,0.9659258262890683
0.0,0.5182303835919183,0.5555555555555556,0.7714285714285714,0.8488372093023255,0.07500000000000001,0.37142857142857366,0,-0.7856498550787144,-0.6186714032625032,0.8660254037844386,0.5000000000000001
1.0,0.3117319495668084,0.5555555555555556,0.7714285714285714,0.8488372093023255,0.15000000000000002,0.40952380952380807,879,-0.7856498550787144,-0.6186714032625032,0.9659258262890683,-0.25881904510252063
1.0,0.10523351554169832,0.5555555555555556,0.7714285714285714,0.569767441860465,0.25,0.4380952380952401,14255,-0.7856498550787144,-0.6186714032625032,0.49999999999999994,-0.8660254037844387
1.0,0.008867579907746628,0.5555555555555556,0.7714285714285714,0.49999999999999994,0.6000000000000001,0.4190476190476211,34720,-0.7856498550787144,-0.6186714032625032,-0.2588190451025208,-0.9659258262890683
1.0,0.21536601393285662,0.5555555555555556,0.7714285714285714,0.5930232558139534,0.7250000000000001,0.40952380952380807,18413,-0.7856498550787144,-0.6186714032625032,-0.8660254037844385,-0.5000000000000004
1.0,0.4218644479579667,0.5555555555555556,0.7714285714285714,0.8023255813953487,0.275,0.40952380952380807,1261,-0.7856498550787144,-0.6186714032625032,-0.9659258262890684,0.2588190451025203
0.0,0.6283628819830765,0.5555555555555556,0.7714285714285714,0.7674418604651163,0.2,0.4190476190476211,0,-0.7856498550787144,-0.6186714032625032,-0.5000000000000004,0.8660254037844384
0.0,0.7266633911488815,0.5277777777777779,0.7428571428571428,0.7674418604651163,0.2,0.40952380952380807,0,-0.7961828637826154,-0.6050560696488494,0.25881904510252074,0.9659258262890683
0.0,0.5196467678012504,0.5277777777777779,0.7428571428571428,0.8023255813953487,0.07500000000000001,0.40952380952380807,0,-0.7961828637826154,-0.6050560696488494,0.8660254037844386,0.5000000000000001
1.0,0.3126301444536196,0.5277777777777779,0.7428571428571428,0.7674418604651163,0.0,0.4380952380952401,855,-0.7961828637826154,-0.6050560696488494,0.9659258262890683,-0.25881904510252063
1.0,0.1056135211059886,0.5277777777777779,0.7428571428571428,0.627906976744186,0.07500000000000001,0.45714285714285907,22613,-0.7961828637826154,-0.6050560696488494,0.49999999999999994,-0.8660254037844387
1.0,0.009005763665977301,0.5277777777777779,0.7428571428571428,0.5232558139534884,0.45,0.44761904761904603,32841,-0.7961828637826154,-0.6050560696488494,-0.2588190451025208,-0.9659258262890683
1.0,0.21602238701360824,0.5277777777777779,0.7428571428571428,0.569767441860465,0.35000000000000003,0.44761904761904603,18560,-0.7961828637826154,-0.6050560696488494,-0.8660254037844385,-0.5000000000000004
1.0,0.4230390103612392,0.5277777777777779,0.7428571428571428,0.7093023255813953,0.35000000000000003,0.4380952380952401,858,-0.7961828637826154,-0.6050560696488494,-0.9659258262890684,0.2588190451025203
0.0,0.6300556337088701,0.5277777777777779,0.7428571428571428,0.8372093023255813,0.225,0.466666666666665,0,-0.7961828637826154,-0.6050560696488494,-0.5000000000000004,0.8660254037844384
0.0,0.7286076983067894,0.5833333333333335,0.7999999999999999,0.8023255813953487,0.07500000000000001,0.466666666666665,0,-0.8064799463209447,-0.5912614448635782,0.25881904510252074,0.9659258262890683
0.0,0.5210702787591066,0.5833333333333335,0.7999999999999999,0.8023255813953487,0.125,0.45714285714285907,0,-0.8064799463209447,-0.5912614448635782,0.8660254037844386,0.5000000000000001
1.0,0.3135328582948003,0.5833333333333335,0.7999999999999999,0.8488372093023255,0.17500000000000002,0.485714285714284,1390,-0.8064799463209447,-0.5912614448635782,0.9659258262890683,-0.25881904510252063
1.0,0.10599543874711756,0.5833333333333335,0.7999999999999999,0.6511627906976745,0.15000000000000002,0.485714285714284,25263,-0.8064799463209447,-0.5912614448635782,0.49999999999999994,-0.8660254037844387
1.0,0.009144642224900093,0.5833333333333335,0.7999999999999999,0.6046511627906976,0.15000000000000002,0.45714285714285907,32513,-0.8064799463209447,-0.5912614448635782,-0.2588190451025208,-0.9659258262890683
1.0,0.21668206268920645,0.5833333333333335,0.7999999999999999,0.569767441860465,0.525,0.4190476190476211,18417,-0.8064799463209447,-0.5912614448635782,-0.8660254037844385,-0.5000000000000004
1.0,0.4242194822368892,0.5833333333333335,0.7999999999999999,0.7441860465116279,0.4,0.42857142857142705,802,-0.8064799463209447,-0.5912614448635782,-0.9659258262890684,0.2588190451025203
0.0,0.6317569027011956,0.5833333333333335,0.7999999999999999,0.8837209302325582,0.375,0.466666666666665,0,-0.8064799463209447,-0.5912614448635782,-0.5000000000000004,0.8660254037844384
0.0,0.7303852175502684,0.5555555555555556,0.8285714285714285,0.9186046511627906,0.2,0.485714285714284,0,-0.8165380514459157,-0.5772916165517278,0.25881904510252074,0.9659258262890683
0.0,0.5220616713508929,0.5555555555555556,0.8285714285714285,0.8837209302325582,0.125,0.485714285714284,0,-0.8165380514459157,-0.5772916165517278,0.8660254037844386,0.5000000000000001
1.0,0.3137381251515174,0.5555555555555556,0.8285714285714285,0.8488372093023255,0.125,0.5142857142857125,1245,-0.8165380514459157,-0.5772916165517278,0.9659258262890683,-0.25881904510252063
1.0,0.10541457803551815,0.5555555555555556,0.8285714285714285,0.6511627906976745,0.325,0.5238095238095255,23711,-0.8165380514459157,-0.5772916165517278,0.49999999999999994,-0.8660254037844387
1.0,0.010511629588192337,0.5555555555555556,0.8285714285714285,0.5465116279069768,0.375,0.4952380952380935,31463,-0.8165380514459157,-0.5772916165517278,-0.2588190451025208,-0.9659258262890683
1.0,0.21883517578756786,0.5555555555555556,0.8285714285714285,0.6511627906976745,0.5750000000000001,0.47619047619047805,18322,-0.8165380514459157,-0.5772916165517278,-0.8660254037844385,-0.5000000000000004
1.0,0.42715872198694355,0.5555555555555556,0.8285714285714285,0.8837209302325582,0.325,0.485714285714284,747,-0.8165380514459157,-0.5772916165517278,-0.9659258262890684,0.2588190451025203
0.0,0.6354822691029426,0.5555555555555556,0.8285714285714285,0.9186046511627906,0.375,0.5333333333333314,0,-0.8165380514459157,-0.5772916165517278,-0.5000000000000004,0.8660254037844384
0.0,0.7323512532707181,0.8055555555555556,0.7999999999999999,0.9186046511627906,0.25,0.5428571428571445,0,-0.8263541987239094,-0.5631507242749187,0.25881904510252074,0.9659258262890683
0.0,0.523500304764974,0.8055555555555556,0.7999999999999999,0.9534883720930232,0.15000000000000002,0.5333333333333314,0,-0.8263541987239094,-0.5631507242749187,0.8660254037844386,0.5000000000000001
1.0,0.31464935717585363,0.8055555555555556,0.7999999999999999,1.0,0.125,0.5523809523809504,5372,-0.8263541987239094,-0.5631507242749187,0.9659258262890683,-0.25881904510252063
1.0,0.10579840958673309,0.8055555555555556,0.7999999999999999,0.7441860465116279,0.07500000000000001,0.5428571428571445,26175,-0.8263541987239094,-0.5631507242749187,0.49999999999999994,-0.8660254037844387
1.0,0.010655199426722335,0.8055555555555556,0.7999999999999999,0.3255813953488372,0.325,0.4952380952380935,31028,-0.8263541987239094,-0.5631507242749187,-0.2588190451025208,-0.9659258262890683
1.0,0.2195061479324664,0.8055555555555556,0.7999999999999999,0.3837209302325581,0.45,0.44761904761904603,17989,-0.8263541987239094,-0.5631507242749187,-0.8660254037844385,-0.5000000000000004
1.0,0.4283570955215869,0.8055555555555556,0.7999999999999999,0.3837209302325581,0.55,0.44761904761904603,1090,-0.8263541987239094,-0.5631507242749187,-0.9659258262890684,0.2588190451025203
0.0,0.6372080431107074,0.8055555555555556,0.7999999999999999,0.5465116279069768,0.225,0.47619047619047805,0,-0.8263541987239094,-0.5631507242749187,-0.5000000000000004,0.8660254037844384
0.0,0.7353190412629308,1.0,0.7999999999999999,0.6744186046511627,0.15000000000000002,0.466666666666665,0,-0.8359254794186365,-0.5488429582847199,0.25881904510252074,0.9659258262890683
0.0,0.5256719657419702,1.0,0.7999999999999999,0.441860465116279,0.0,0.4380952380952401,0,-0.8359254794186365,-0.5488429582847199,0.8660254037844386,0.5000000000000001
1.0,0.3160248893043859,1.0,0.7999999999999999,0.6627906976744187,0.0,0.466666666666665,4957,-0.8359254794186365,-0.5488429582847199,0.9659258262890683,-0.25881904510252063
1.0,0.10637781378342515,1.0,0.7999999999999999,0.6046511627906976,0.07500000000000001,0.466666666666665,23873,-0.8359254794186365,-0.5488429582847199,0.49999999999999994,-0.8660254037844387
1.0,0.010871923161870474,1.0,0.7999999999999999,0.25581395348837205,0.125,0.4380952380952401,22231,-0.8359254794186365,-0.5488429582847199,-0.2588190451025208,-0.9659258262890683
1.0,0.22051899959945473,1.0,0.7999999999999999,0.05813953488372092,0.5,0.40952380952380807,9224,-0.8359254794186365,-0.5488429582847199,-0.8660254037844385,-0.5000000000000004
1.0,0.43016607512041544,1.0,0.7999999999999999,0.20930232558139533,0.325,0.3999999999999986,271,-0.8359254794186365,-0.5488429582847199,-0.9659258262890684,0.2588190451025203
0.0,0.6398131515579997,1.0,0.7999999999999999,0.3604651162790698,0.15000000000000002,0.4190476190476211,0,-0.8359254794186365,-0.5488429582847199,-0.5000000000000004,0.8660254037844384
0.0,0.7373101695545503,0.8888888888888888,0.7999999999999999,0.3720930232558139,0.125,0.3999999999999986,0,-0.8452490573530634,-0.5343725582809785,0.25881904510252074,0.9659258262890683
0.0,0.5271289609600942,0.8888888888888888,0.7999999999999999,0.49999999999999994,0.07500000000000001,0.39047619047619264,0,-0.8452490573530634,-0.5343725582809785,0.8660254037844386,0.5000000000000001
1.0,0.3169477523656381,0.8888888888888888,0.7999999999999999,0.6046511627906976,0.0,0.40952380952380807,0,-0.8452490573530634,-0.5343725582809785,0.9659258262890683,-0.25881904510252063
1.0,0.10676654377118189,0.8888888888888888,0.7999999999999999,0.6976744186046511,0.0,0.3999999999999986,7263,-0.8452490573530634,-0.5343725582809785,0.49999999999999994,-0.8660254037844387
1.0,0.011017326247609226,0.8888888888888888,0.7999999999999999,0.3023255813953488,0.6000000000000001,0.3619047619047606,29731,-0.8452490573530634,-0.5343725582809785,-0.2588190451025208,-0.9659258262890683
1.0,0.22119853484206534,0.8888888888888888,0.7999999999999999,0.3372093023255814,0.75,0.32380952380952266,16587,-0.8452490573530634,-0.5343725582809785,-0.8660254037844385,-0.5000000000000004
1.0,0.4313797434365215,0.8888888888888888,0.7999999999999999,0.6511627906976745,0.525,0.31428571428571317,586,-0.8452490573530634,-0.5343725582809785,-0.9659258262890684,0.2588190451025203
0.0,0.6415609520309777,0.8888888888888888,0.7999999999999999,0.7790697674418605,0.35000000000000003,0.34285714285714164,0,-0.8452490573530634,-0.5343725582809785,-0.5000000000000004,0.8660254037844384
0.0,0.7381408129482133,0.5277777777777779,0.7428571428571428,0.8837209302325582,0.45,0.33333333333333215,0,-0.8543221697498269,-0.5197438121555157,0.25881904510252074,0.9659258262890683
0.0,0.527422743408415,0.5277777777777779,0.7428571428571428,0.8837209302325582,0.325,0.34285714285714164,0,-0.8543221697498269,-0.5197438121555157,0.8660254037844386,0.5000000000000001
1.0,0.3167046738686169,0.5277777777777779,0.7428571428571428,0.8837209302325582,0.2,0.3619047619047606,884,-0.8543221697498269,-0.5197438121555157,0.9659258262890683,-0.25881904510252063
1.0,0.10598660341219501,0.5277777777777779,0.7428571428571428,0.7093023255813953,0.35000000000000003,0.3809523809523796,15348,-0.8543221697498269,-0.5197438121555157,0.49999999999999994,-0.8660254037844387
1.0,0.012334127551938218,0.5277777777777779,0.7428571428571428,0.627906976744186,0.5750000000000001,0.3619047619047606,32524,-0.8543221697498269,-0.5197438121555157,-0.2588190451025208,-0.9659258262890683
1.0,0.22305219800836004,0.5277777777777779,0.7428571428571428,0.6860465116279069,0.5,0.33333333333333215,17294,-0.8543221697498269,-0.5197438121555157,-0.8660254037844385,-0.5000000000000004
1.0,0.4337702675481584,0.5277777777777779,0.7428571428571428,0.8139534883720929,0.42500000000000004,0.3523809523809547,895,-0.8543221697498269,-0.5197438121555157,-0.9659258262890684,0.2588190451025203
0.0,0.6444883380045802,0.5277777777777779,0.7428571428571428,0.8837209302325582,0.325,0.37142857142857366,0,-0.8543221697498269,-0.5197438121555157,-0.5000000000000004,0.8660254037844384
0.0,0.7401493653379284,0.5833333333333335,0.7428571428571428,0.9186046511627906,0.275,0.3619047619047606,0,-0.8631421280499115,-0.5049610547215202,0.25881904510252074,0.9659258262890683
0.0,0.5288916840653514,0.5833333333333335,0.7428571428571428,0.8837209302325582,0.275,0.3619047619047606,0,-0.8631421280499115,-0.5049610547215202,0.8660254037844386,0.5000000000000001
1.0,0.3176340037093979,0.5833333333333335,0.7428571428571428,0.8488372093023255,0.225,0.3999999999999986,464,-0.8631421280499115,-0.5049610547215202,0.9659258262890683,-0.25881904510252063
1.0,0.10637632243682082,0.5833333333333335,0.7428571428571428,0.7093023255813953,0.25,0.42857142857142705,6995,-0.8631421280499115,-0.5049610547215202,0.49999999999999994,-0.8660254037844387
1.0,0.012484020260091204,0.5833333333333335,0.7428571428571428,0.6046511627906976,0.375,0.40952380952380807,29490,-0.8631421280499115,-0.5049610547215202,-0.2588190451025208,-0.9659258262890683
1.0,0.22374170061604468,0.5833333333333335,0.7428571428571428,0.627906976744186,0.525,0.3809523809523796,17257,-0.8631421280499115,-0.5049610547215202,-0.8660254037844385,-0.5000000000000004
1.0,0.43499938188862186,0.5833333333333335,0.7428571428571428,0.7790697674418605,0.42500000000000004,0.37142857142857366,677,-0.8631421280499115,-0.5049610547215202,-0.9659258262890684,0.2588190451025203
0.0,0.6462570622445752,0.5833333333333335,0.7428571428571428,0.7790697674418605,0.275,0.3999999999999986,0,-0.8631421280499115,-0.5049610547215202,-0.5000000000000004,0.8660254037844384
