datetime,Is Daylight,Distance to Solar Noon,Average Temperature (Day),Average Wind Direction (Day),Sky Cover,Relative Humidity,Average Wind Speed (Period),Average Barometric Pressure (Period),day_of_year_sin,day_of_year_cos,hour_sin,hour_cos,Power Generated
2025-05-01 00:00:00,1.0,0.7503276568503032,78.33333333333333,-0.0016423407505083,0.8020565262229077,92.33333333333331,0.0,29.0,0.8717063187093218,-0.4900286664290592,0.2588190451025207,0.9659258262890684,1724.4208
2025-05-01 03:00:00,1.0,0.2493620094077205,89.33333333333333,97.57386366501152,1.86638225021366,58.66666666666666,13.333333333333334,29.0,0.8717063187093218,-0.4900286664290592,0.8660254037844386,0.5000000000000001,5225.98
2025-05-01 06:00:00,0.0,0.4666261210830689,80.0,59.9918756504629,0.8618295210819733,84.66666666666667,10.0,29.0,0.8717063187093218,-0.4900286664290592,0.9659258262890684,-0.2588190451025206,1681.541
2025-05-01 09:00:00,0.0,0.9161304811017682,78.33333333333333,29.970231003879945,1.001236404496158,89.0,5.333333333333333,29.0,0.8717063187093218,-0.4900286664290592,0.4999999999999999,-0.8660254037844387,7731.401
2025-05-01 12:00:00,0.0,0.6679526030448761,78.66666666666667,30.00142164197868,0.4340011885355626,86.0,4.333333333333333,29.0,0.8717063187093218,-0.4900286664290592,-0.2588190451025208,-0.9659258262890684,7225.2246
2025-05-01 15:00:00,0.0,0.8356713947555275,80.0,-0.0014921088778699,0.53473100200047,89.33333333333333,0.0,29.0,0.8717063187093218,-0.4900286664290592,-0.8660254037844385,-0.5000000000000004,7081.888
2025-05-01 18:00:00,0.0,0.7503024412748837,82.0,108.65137827227572,0.7004343255530286,78.33333333333333,6.333333333333333,29.0,0.8717063187093218,-0.4900286664290592,-0.9659258262890684,0.2588190451025203,-969.82446
2025-05-01 21:00:00,1.0,0.087654600499658,83.66666666666667,82.46384371637272,1.0284737513851858,78.33333333333333,7.333333333333333,29.0,0.8717063187093218,-0.4900286664290592,-0.5000000000000004,0.8660254037844384,10875.503
2025-05-02 00:00:00,0.0,0.7497254968027167,80.66666666666667,103.58031779996014,1.9543720672259568,86.0,5.0,29.0,0.8631421280499114,-0.5049610547215204,0.2588190451025207,0.9659258262890684,-56.40688
2025-05-02 03:00:00,0.0,0.8314947050394008,82.66666666666667,67.48892995671594,0.3350385247813394,80.33333333333333,7.333333333333333,29.0,0.8631421280499114,-0.5049610547215204,0.8660254037844386,0.5000000000000001,-578.77203
2025-05-02 06:00:00,1.0,0.3323443125388788,77.66666666666667,67.48350730403568,0.001012289292755,87.66666666666667,4.333333333333333,29.0,0.8631421280499114,-0.5049610547215204,0.9659258262890684,-0.2588190451025206,9784.432
2025-05-02 09:00:00,0.0,0.5299009602615692,83.0,89.99036796008944,0.0014625168246734,73.33333333333333,7.666666666666667,29.0,0.8631421280499114,-0.5049610547215204,0.4999999999999999,-0.8660254037844387,8232.119
2025-05-02 12:00:00,0.0,0.5828537940670738,81.33333333333333,67.48213231523037,0.1671349716878225,79.33333333333333,5.666666666666667,29.0,0.8631421280499114,-0.5049610547215204,-0.2588190451025208,-0.9659258262890684,8385.6455
2025-05-02 15:00:00,0.0,0.8313830123349429,85.0,97.4941369051054,0.2674485926090193,70.66666666666667,10.333333333333334,29.0,0.8631421280499114,-0.5049610547215204,-0.8660254037844385,-0.5000000000000004,4806.915
2025-05-02 18:00:00,0.0,0.750875156498096,76.33333333333333,29.97491955358055,0.0016085063052236,89.66666666666667,2.0,29.0,0.8631421280499114,-0.5049610547215204,-0.9659258262890684,0.2588190451025203,255.51147
2025-05-02 21:00:00,1.0,0.1557135560338891,85.66666666666667,97.50369053465424,0.1672765984335391,72.0,13.0,29.0,0.8631421280499114,-0.5049610547215204,-0.5000000000000004,0.8660254037844384,9688.324
2025-05-03 00:00:00,0.0,1.001735665192774,76.33333333333333,37.48548530721994,1.0012548739237974,88.0,2.0,29.0,0.854322169749827,-0.5197438121555155,0.2588190451025207,0.9659258262890684,403.57672
2025-05-03 03:00:00,1.0,0.479515280031446,85.66666666666667,154.50076599195972,0.433803802786778,63.0,13.0,29.0,0.854322169749827,-0.5197438121555155,0.8660254037844386,0.5000000000000001,4507.779
2025-05-03 06:00:00,1.0,0.1455742335553791,78.0,30.00193396307519,0.0016119248238865,82.0,5.333333333333333,29.0,0.854322169749827,-0.5197438121555155,0.9659258262890684,-0.2588190451025206,12333.838
2025-05-03 09:00:00,1.0,0.2507142075078529,83.66666666666667,52.54134458925453,0.1666127073503814,73.0,7.333333333333333,29.0,0.854322169749827,-0.5197438121555155,0.4999999999999999,-0.8660254037844387,16305.207
2025-05-03 12:00:00,1.0,0.4502590055773845,80.66666666666667,-0.0083761533995224,1.3341654166719492,89.33333333333333,0.0,29.0,0.854322169749827,-0.5197438121555155,-0.2588190451025208,-0.9659258262890684,16480.928
2025-05-03 15:00:00,0.0,0.5841431860981655,80.0,0.0081005784309092,0.4334620758194882,89.33333333333333,0.0,29.0,0.854322169749827,-0.5197438121555155,-0.8660254037844385,-0.5000000000000004,6996.233
2025-05-03 18:00:00,0.0,0.7510565618167907,80.33333333333333,67.49370109796371,1.0292788153973278,78.66666666666667,5.0,29.0,0.854322169749827,-0.5197438121555155,-0.9659258262890684,0.2588190451025203,-1246.2316
2025-05-03 21:00:00,0.0,0.7491268870795694,80.66666666666667,60.01801678611781,0.5998009541146543,79.0,10.0,29.0,0.854322169749827,-0.5197438121555155,-0.5000000000000004,0.8660254037844384,-621.38574
2025-05-04 00:00:00,1.0,0.4036127618657418,83.66666666666667,67.50478489805899,0.6015510708608865,70.66666666666667,4.666666666666667,29.0,0.8452490573530633,-0.5343725582809786,0.2588190451025207,0.9659258262890684,4828.2544
2025-05-04 03:00:00,1.0,0.4144196224351063,77.0,67.5070533249304,1.13544292138085,85.0,4.0,29.0,0.8452490573530633,-0.5343725582809786,0.8660254037844386,0.5000000000000001,5520.7554
2025-05-04 06:00:00,0.0,0.8337894151571187,81.33333333333333,29.99741915316309,0.8005909794964331,84.33333333333333,4.333333333333333,29.0,0.8452490573530633,-0.5343725582809786,0.9659258262890684,-0.2588190451025206,1902.2534
2025-05-04 09:00:00,1.0,0.1122534250874329,88.0,74.99961519400502,0.2668175078545675,67.33333333333333,12.666666666666666,29.0,0.8452490573530633,-0.5343725582809786,0.4999999999999999,-0.8660254037844387,19503.744
2025-05-04 12:00:00,1.0,0.3361153201745955,81.33333333333333,29.991557980683663,0.800586308876753,71.66666666666667,2.6666666666666665,29.0,0.8452490573530633,-0.5343725582809786,-0.2588190451025208,-0.9659258262890684,7479.0894
2025-05-04 15:00:00,0.0,1.004003430649004,78.0,30.015321625412344,0.1679395928524644,92.33333333333331,2.0,29.0,0.8452490573530633,-0.5343725582809786,-0.8660254037844385,-0.5000000000000004,4504.466
2025-05-04 18:00:00,1.0,0.101694379537898,79.33333333333333,37.49729891705912,0.1669948731243562,76.0,4.0,29.0,0.8452490573530633,-0.5343725582809786,-0.9659258262890684,0.2588190451025203,7286.5366
2025-05-04 21:00:00,1.0,0.2490563590655528,84.33333333333333,67.4947140552979,0.5004364887896043,71.66666666666667,3.333333333333333,29.0,0.8452490573530633,-0.5343725582809786,-0.5000000000000004,0.8660254037844384,7372.508
2025-05-05 00:00:00,0.0,0.9993528282097648,80.0,29.98454075127363,0.8007303684555133,84.0,2.333333333333333,29.0,0.8359254794186372,-0.548842958284719,0.2588190451025207,0.9659258262890684,166.71034
2025-05-05 03:00:00,1.0,0.3347811175321828,82.33333333333333,44.98178133936897,0.2667924149747423,78.33333333333333,7.333333333333333,29.0,0.8359254794186372,-0.548842958284719,0.8660254037844386,0.5000000000000001,5768.6343
2025-05-05 06:00:00,1.0,0.3310552682464762,81.66666666666667,30.00572207699896,0.2685779831259468,75.0,4.0,29.0,0.8359254794186372,-0.548842958284719,0.9659258262890684,-0.2588190451025206,7171.7466
2025-05-05 09:00:00,1.0,0.4663489662907815,78.0,60.00496518307299,0.0012751341805484,79.33333333333333,10.0,29.0,0.8359254794186372,-0.548842958284719,0.4999999999999999,-0.8660254037844387,14546.363
2025-05-05 12:00:00,0.0,0.503039893863034,82.33333333333333,29.981564653669253,0.7012822426547408,81.66666666666667,4.333333333333333,29.0,0.8359254794186372,-0.548842958284719,-0.2588190451025208,-0.9659258262890684,5375.856
2025-05-05 15:00:00,0.0,0.7527816641372768,83.0,67.50190429381803,0.7008000768949144,74.0,3.6666666666666665,29.0,0.8359254794186372,-0.548842958284719,-0.8660254037844385,-0.5000000000000004,3686.6802
2025-05-05 18:00:00,1.0,0.3325192899346051,84.66666666666667,110.56128193945112,0.3335933451595972,72.66666666666667,10.666666666666666,29.0,0.8359254794186372,-0.548842958284719,-0.9659258262890684,0.2588190451025203,7159.879
2025-05-05 21:00:00,1.0,0.1169114594319421,79.33333333333333,30.017321428993508,0.4339515925483636,87.33333333333333,1.0,29.0,0.8359254794186372,-0.548842958284719,-0.5000000000000004,0.8660254037844384,12356.635
2025-05-06 00:00:00,1.0,0.0912476913583951,82.33333333333333,74.99304744748535,0.6009293463437267,75.66666666666667,10.0,29.0,0.8263541987239096,-0.5631507242749186,0.2588190451025207,0.9659258262890684,10173.953
2025-05-06 03:00:00,0.0,0.9151285503045762,83.0,97.49768602060352,1.8012199583722437,80.33333333333333,14.333333333333334,29.0,0.8263541987239096,-0.5631507242749186,0.8660254037844386,0.5000000000000001,-578.77203
2025-05-06 06:00:00,1.0,0.1056266263068333,80.66666666666667,45.02883940845157,1.2315211291396142,86.66666666666667,3.333333333333333,29.0,0.8263541987239096,-0.5631507242749186,0.9659258262890684,-0.2588190451025206,5996.631
2025-05-06 09:00:00,1.0,0.1151909005747595,82.33333333333333,67.48819845878562,1.234971887437729,88.33333333333333,4.0,29.0,0.8263541987239096,-0.5631507242749186,0.4999999999999999,-0.8660254037844387,17124.025
2025-05-06 12:00:00,0.0,0.9166417232849714,79.0,60.01161635687964,0.1673313419280713,81.66666666666667,6.333333333333333,29.0,0.8263541987239096,-0.5631507242749186,-0.2588190451025208,-0.9659258262890684,5852.3623
2025-05-06 15:00:00,0.0,0.6666112581647415,75.66666666666667,67.47002426281092,1.5359989282676203,89.33333333333333,3.6666666666666665,29.0,0.8263541987239096,-0.5631507242749186,-0.8660254037844385,-0.5000000000000004,5316.9956
2025-05-06 18:00:00,1.0,0.0773781281443805,79.33333333333333,59.92267883514349,0.7017826098257327,81.66666666666667,4.333333333333333,29.0,0.8263541987239096,-0.5631507242749186,-0.9659258262890684,0.2588190451025203,5443.0137
2025-05-06 21:00:00,1.0,0.250333802659117,86.66666666666667,105.02373082015951,1.0248158400715262,66.33333333333333,11.333333333333334,29.0,0.8263541987239096,-0.5631507242749186,-0.5000000000000004,0.8660254037844384,8417.971
2025-05-07 00:00:00,0.0,0.5357634096724867,82.33333333333333,104.99937641781696,0.4328843354349984,81.66666666666667,7.666666666666667,29.0,0.8165380514459161,-0.5772916165517272,0.2588190451025207,0.9659258262890684,113.4081
2025-05-07 03:00:00,0.0,0.9148860938343166,80.0,104.96630687310136,1.789918522847682,84.0,11.333333333333334,29.0,0.8165380514459161,-0.5772916165517272,0.8660254037844386,0.5000000000000001,-456.34296
2025-05-07 06:00:00,0.0,0.7501920573814151,81.33333333333333,59.98968465184049,0.9020238444447236,76.33333333333333,6.666666666666667,29.0,0.8165380514459161,-0.5772916165517272,0.9659258262890684,-0.2588190451025206,1880.7313
2025-05-07 09:00:00,0.0,0.6661592867285333,77.0,74.99126572218654,0.802941322194036,90.66666666666669,4.0,29.0,0.8165380514459161,-0.5772916165517272,0.4999999999999999,-0.8660254037844387,7978.5776
2025-05-07 12:00:00,1.0,0.2501472640283386,82.33333333333333,82.40839530049247,1.2342739663732798,75.0,7.666666666666667,29.0,0.8165380514459161,-0.5772916165517272,-0.2588190451025208,-0.9659258262890684,17181.787
2025-05-07 15:00:00,1.0,0.3319063627364659,84.33333333333333,112.44286593267216,1.4245845582569796,79.0,10.666666666666666,29.0,0.8165380514459161,-0.5772916165517272,-0.8660254037844385,-0.5000000000000004,6013.323
2025-05-07 18:00:00,0.0,0.9155185921161096,80.66666666666667,82.55572532846698,0.3353231740128475,72.66666666666667,6.0,29.0,0.8165380514459161,-0.5772916165517272,-0.9659258262890684,0.2588190451025203,-1190.1478
2025-05-07 21:00:00,0.0,1.0004929690937958,78.33333333333333,-0.0278099325175065,0.4336493892359622,91.33333333333331,0.0,29.0,0.8165380514459161,-0.5772916165517272,-0.5000000000000004,0.8660254037844384,1122.1454
2025-05-08 00:00:00,0.0,0.6672797219763993,81.66666666666667,147.5984706302546,2.338101664934627,81.33333333333333,8.0,29.0,0.8064799463209448,-0.5912614448635781,0.2588190451025207,0.9659258262890684,4.2555475
2025-05-08 03:00:00,0.0,0.9167746667018598,77.66666666666667,52.45227330535247,0.7995897066947307,92.33333333333331,3.333333333333333,29.0,0.8064799463209448,-0.5912614448635781,0.8660254037844386,0.5000000000000001,78.96264
2025-05-08 06:00:00,0.0,1.0022108249288608,81.33333333333333,44.91791514070056,0.1680658464377583,76.66666666666667,4.666666666666667,29.0,0.8064799463209448,-0.5912614448635781,0.9659258262890684,-0.2588190451025206,1584.6163
2025-05-08 09:00:00,0.0,0.8348627003203045,66.0,-0.006382072520323,0.8015515997690943,90.66666666666669,0.0,29.0,0.8064799463209448,-0.5912614448635781,0.4999999999999999,-0.8660254037844387,11557.403
2025-05-08 12:00:00,1.0,0.334634888796281,86.33333333333333,67.50522065830977,0.1667356023576412,66.66666666666667,10.0,29.0,0.8064799463209448,-0.5912614448635781,-0.2588190451025208,-0.9659258262890684,8214.055
2025-05-08 15:00:00,0.0,0.8330665082254649,81.66666666666667,102.80647234761295,0.9659079799141148,82.0,10.0,29.0,0.8064799463209448,-0.5912614448635781,-0.8660254037844385,-0.5000000000000004,4117.7734
2025-05-08 18:00:00,0.0,0.668463871631601,77.0,0.0014676621965898,0.6023098861266125,86.66666666666667,0.0,29.0,0.8064799463209448,-0.5912614448635781,-0.9659258262890684,0.2588190451025203,-415.24176
2025-05-08 21:00:00,1.0,0.333368039717127,76.33333333333333,112.4760156096292,0.26777476349658,81.66666666666667,8.0,29.0,0.8064799463209448,-0.5912614448635781,-0.5000000000000004,0.8660254037844384,8293.183
2025-05-09 00:00:00,0.0,0.666281062720265,76.33333333333333,-0.0223349161392261,0.167153970766091,98.0,0.0,29.0,0.7961828637826158,-0.6050560696488488,0.2588190451025207,0.9659258262890684,1318.819
2025-05-09 03:00:00,0.0,0.8306172935445425,77.66666666666667,104.98201751658262,0.7307392872083295,85.66666666666667,5.666666666666667,29.0,0.7961828637826158,-0.6050560696488488,0.8660254037844386,0.5000000000000001,43.47567
2025-05-09 06:00:00,1.0,0.3330832506374465,83.0,90.02340469340606,0.1663444675641141,81.33333333333333,6.666666666666667,29.0,0.7961828637826158,-0.6050560696488488,0.9659258262890684,-0.2588190451025206,7835.1997
2025-05-09 09:00:00,0.0,0.8314796696469455,80.0,97.5015217648247,1.1639984630392073,87.66666666666667,9.333333333333334,29.0,0.7961828637826158,-0.6050560696488488,0.4999999999999999,-0.8660254037844387,7853.412
2025-05-09 12:00:00,0.0,1.0038742284046835,78.66666666666667,67.45880238804416,1.833753021116837,85.66666666666667,4.0,29.0,0.7961828637826158,-0.6050560696488488,-0.2588190451025208,-0.9659258262890684,5683.065
2025-05-09 15:00:00,1.0,0.1101340759212921,82.66666666666667,67.4963544691323,1.066534892970395,78.66666666666667,5.0,29.0,0.7961828637826158,-0.6050560696488488,-0.8660254037844385,-0.5000000000000004,15915.442
2025-05-09 18:00:00,1.0,0.4370806075118306,82.66666666666667,97.48772556162535,0.1673259564503543,64.33333333333333,10.666666666666666,29.0,0.7961828637826158,-0.6050560696488488,-0.9659258262890684,0.2588190451025203,6277.092
2025-05-09 21:00:00,0.0,1.0008411247299962,80.0,29.98348632660967,1.336183885467939,81.66666666666667,5.666666666666667,29.0,0.7961828637826158,-0.6050560696488488,-0.5000000000000004,0.8660254037844384,496.51532
2025-05-10 00:00:00,0.0,0.5831254259459695,89.33333333333333,97.55080016849516,0.4331177841588471,60.66666666666666,12.333333333333334,29.0,0.7856498550787147,-0.6186714032625031,0.2588190451025207,0.9659258262890684,-438.65796
2025-05-10 03:00:00,0.0,0.8313985411581281,78.33333333333333,67.46076696488366,1.0355527926141168,84.66666666666667,4.666666666666667,29.0,0.7856498550787147,-0.6186714032625031,0.8660254037844386,0.5000000000000001,-295.36536
2025-05-10 06:00:00,0.0,0.5818957800222571,78.66666666666667,60.0062979333214,0.5340508412999146,80.66666666666667,9.666666666666666,29.0,0.7856498550787147,-0.6186714032625031,0.9659258262890684,-0.2588190451025206,2261.4521
2025-05-10 09:00:00,1.0,0.1052070757857716,83.0,74.95012810748491,0.3337208135139368,74.66666666666667,7.0,29.0,0.7856498550787147,-0.6186714032625031,0.4999999999999999,-0.8660254037844387,17942.715
2025-05-10 12:00:00,1.0,0.505501702117156,80.66666666666667,104.97918572598452,1.0306791272601818,84.66666666666667,5.333333333333333,29.0,0.7856498550787147,-0.6186714032625031,-0.2588190451025208,-0.9659258262890684,6508.3613
2025-05-10 15:00:00,1.0,0.1186440534133345,83.66666666666667,37.51060936637722,0.6015723300949909,75.0,5.333333333333333,29.0,0.7856498550787147,-0.6186714032625031,-0.8660254037844385,-0.5000000000000004,16026.81
2025-05-10 18:00:00,0.0,0.9985426136264106,78.33333333333333,29.95551417991925,1.0679274147589095,91.0,2.0,29.0,0.7856498550787147,-0.6186714032625031,-0.9659258262890684,0.2588190451025203,-1869.2212
2025-05-10 21:00:00,0.0,0.9150674635045024,78.66666666666667,29.97661147400417,0.4335246924600295,82.33333333333333,4.666666666666667,29.0,0.7856498550787147,-0.6186714032625031,-0.5000000000000004,0.8660254037844384,532.00226
2025-05-11 00:00:00,1.0,0.1465737108307931,81.66666666666667,97.55798537338416,1.168147939515802,79.33333333333333,8.666666666666666,29.0,0.7748840413670407,-0.6321034111873487,0.2588190451025207,0.9659258262890684,9657.515
2025-05-11 03:00:00,1.0,0.1088766505943209,80.66666666666667,67.46794092976546,0.9669862666742552,82.0,7.0,29.0,0.7748840413670407,-0.6321034111873487,0.8660254037844386,0.5000000000000001,8096.018
2025-05-11 06:00:00,1.0,0.3309150867818875,77.66666666666667,67.49110953741501,0.0019915493848209,86.0,2.6666666666666665,29.0,0.7748840413670407,-0.6321034111873487,0.9659258262890684,-0.2588190451025206,8821.795
2025-05-11 09:00:00,0.0,0.9212850595516056,77.66666666666667,-0.009570913328248,0.2683513479727553,90.33333333333331,0.0,29.0,0.7748840413670407,-0.6321034111873487,0.4999999999999999,-0.8660254037844387,10782.089
2025-05-11 12:00:00,1.0,0.4230218946616128,78.33333333333333,37.47446938737493,0.9683534032502824,86.66666666666667,2.0,29.0,0.7748840413670407,-0.6321034111873487,-0.2588190451025208,-0.9659258262890684,14546.352
2025-05-11 15:00:00,0.0,0.7494596710996593,81.33333333333333,30.01585559421855,1.0667486388892031,81.66666666666667,5.333333333333333,29.0,0.7748840413670407,-0.6321034111873487,-0.8660254037844385,-0.5000000000000004,3811.7017
2025-05-11 18:00:00,0.0,0.579963700174749,86.0,104.96731630560994,0.1662090152004726,72.66666666666667,10.333333333333334,29.0,0.7748840413670407,-0.6321034111873487,-0.9659258262890684,0.2588190451025203,-1409.7877
2025-05-11 21:00:00,1.0,0.2480836347697324,84.66666666666667,97.48136596416012,0.1662432405794096,68.33333333333333,8.333333333333334,29.0,0.7748840413670407,-0.6321034111873487,-0.5000000000000004,0.8660254037844384,8584.662
2025-05-12 00:00:00,0.0,0.8361699372689632,76.33333333333333,-0.0225530086760054,1.0711630117983588,92.0,0.0,29.0,0.7638886127905428,-0.6453481132295501,0.2588190451025207,0.9659258262890684,1404.4745
2025-05-12 03:00:00,1.0,0.1782920034743109,83.66666666666667,114.15066652643368,0.7013149870288862,79.66666666666667,6.666666666666667,29.0,0.7638886127905428,-0.6453481132295501,0.8660254037844386,0.5000000000000001,5559.676
2025-05-12 06:00:00,0.0,0.6655006032574804,80.0,97.6437465492288,0.8983809229482578,81.33333333333333,6.666666666666667,29.0,0.7638886127905428,-0.6453481132295501,0.9659258262890684,-0.2588190451025206,2804.2
2025-05-12 09:00:00,0.0,0.6657944357765067,82.66666666666667,67.51437543397167,0.9674404227939514,80.0,7.333333333333333,29.0,0.7638886127905428,-0.6453481132295501,0.4999999999999999,-0.8660254037844387,7469.2827
2025-05-12 12:00:00,0.0,0.5811617702572788,80.0,60.01039328838203,0.2673524393185354,84.66666666666667,4.666666666666667,29.0,0.7638886127905428,-0.6453481132295501,-0.2588190451025208,-0.9659258262890684,5988.7065
2025-05-12 15:00:00,1.0,0.2496660657450882,74.0,67.48863249350974,0.5002443382158901,78.0,6.333333333333333,29.0,0.7638886127905428,-0.6453481132295501,-0.8660254037844385,-0.5000000000000004,17032.209
2025-05-12 18:00:00,0.0,0.9157125832362204,67.33333333333333,59.95176031362312,0.9944042509528748,80.66666666666667,7.666666666666667,29.0,0.7638886127905428,-0.6453481132295501,-0.9659258262890684,0.2588190451025203,-784.26184
2025-05-12 21:00:00,1.0,0.2522126254280484,80.0,60.04390968350788,0.7021858980725112,72.0,6.0,29.0,0.7638886127905428,-0.6453481132295501,-0.5000000000000004,0.8660254037844384,8430.061
2025-05-13 00:00:00,0.0,0.5830130797958194,83.0,97.47664920262838,1.0673497126911589,75.0,8.0,29.0,0.7526668275320085,-0.6584015846980488,0.2588190451025207,0.9659258262890684,-602.59814
2025-05-13 03:00:00,1.0,0.1438375587202121,86.66666666666667,120.04711744602734,0.8988159480520889,65.0,12.333333333333334,29.0,0.7526668275320085,-0.6584015846980488,0.8660254037844386,0.5000000000000001,7385.7095
2025-05-13 06:00:00,0.0,0.5830469187255852,83.66666666666667,60.00052098881624,0.8002755946392828,77.66666666666667,5.333333333333333,29.0,0.7526668275320085,-0.6584015846980488,0.9659258262890684,-0.2588190451025206,2349.84
2025-05-13 09:00:00,0.0,0.5820691806540387,77.66666666666667,59.97705405300405,0.1669071055123151,71.66666666666667,6.333333333333333,29.0,0.7526668275320085,-0.6584015846980488,0.4999999999999999,-0.8660254037844387,8459.829
2025-05-13 12:00:00,0.0,1.006053339623185,74.33333333333333,37.44332817400273,1.6014078710348247,89.0,2.0,29.0,0.7526668275320085,-0.6584015846980488,-0.2588190451025208,-0.9659258262890684,6048.2734
2025-05-13 15:00:00,0.0,0.6687065472894165,83.66666666666667,82.46052278072965,0.7018637882750977,80.0,7.333333333333333,29.0,0.7526668275320085,-0.6584015846980488,-0.8660254037844385,-0.5000000000000004,3373.753
2025-05-13 18:00:00,1.0,0.0767694378768989,81.66666666666667,74.9928451429321,1.003902518800451,79.66666666666667,5.333333333333333,29.0,0.7526668275320085,-0.6584015846980488,-0.9659258262890684,0.2588190451025203,7017.4243
2025-05-13 21:00:00,0.0,0.8310959514767765,77.0,29.974984600445183,0.167146257976833,88.0,4.0,29.0,0.7526668275320085,-0.6584015846980488,-0.5000000000000004,0.8660254037844384,620.68976
2025-05-14 00:00:00,0.0,1.0003507443283652,79.66666666666667,29.996399412214867,0.9663000648948662,86.66666666666667,1.0,29.0,0.7412220108485958,-0.6712599575675313,0.2588190451025207,0.9659258262890684,166.71034
2025-05-14 03:00:00,1.0,0.5857157694066164,80.66666666666667,29.99906955497887,0.3336701924717644,79.0,4.666666666666667,29.0,0.7412220108485958,-0.6712599575675313,0.8660254037844386,0.5000000000000001,629.8995
2025-05-14 06:00:00,1.0,0.1704749357181313,82.33333333333333,30.0116562035802,0.9678236621478972,76.66666666666667,5.666666666666667,29.0,0.7412220108485958,-0.6712599575675313,0.9659258262890684,-0.2588190451025206,10477.777
2025-05-14 09:00:00,1.0,0.3367372261141806,86.0,45.09140001060792,0.6000663653770829,73.66666666666667,9.0,29.0,0.7412220108485958,-0.6712599575675313,0.4999999999999999,-0.8660254037844387,7550.907
2025-05-14 12:00:00,1.0,0.1359282003061153,83.66666666666667,67.49287112200437,0.5329426696564986,74.0,7.333333333333333,29.0,0.7412220108485958,-0.6712599575675313,-0.2588190451025208,-0.9659258262890684,22525.809
2025-05-14 15:00:00,0.0,0.5830776857832176,84.33333333333333,52.48240979586941,-0.0005963284745938,73.0,8.666666666666666,29.0,0.7412220108485958,-0.6712599575675313,-0.8660254037844385,-0.5000000000000004,3804.4438
2025-05-14 18:00:00,0.0,0.9172053830126584,77.66666666666667,29.994527379999937,0.9980575176485516,92.33333333333331,2.333333333333333,29.0,0.7412220108485958,-0.6712599575675313,-0.9659258262890684,0.2588190451025203,180.70909
2025-05-14 21:00:00,0.0,0.9139527154843088,79.33333333333333,75.03451452691567,1.430444311224008,87.66666666666667,7.666666666666667,29.0,0.7412220108485958,-0.6712599575675313,-0.5000000000000004,0.8660254037844384,-447.79968
2025-05-15 00:00:00,0.0,0.9173727082370544,83.66666666666667,105.04963268899344,0.8010928248954617,81.33333333333333,10.333333333333334,29.0,0.7295575540864875,-0.6839194216246106,0.2588190451025207,0.9659258262890684,-444.35382
2025-05-15 03:00:00,1.0,0.1500044529178625,79.33333333333333,37.47549119597744,0.433903317802512,78.33333333333333,5.666666666666667,29.0,0.7295575540864875,-0.6839194216246106,0.8660254037844386,0.5000000000000001,7737.203
2025-05-15 06:00:00,0.0,0.5854089540491748,80.0,30.007812808409017,0.1674972614463326,78.0,3.0,29.0,0.7295575540864875,-0.6839194216246106,0.9659258262890684,-0.2588190451025206,2065.8625
2025-05-15 09:00:00,1.0,0.251815933221648,79.0,22.51494874937008,0.4341642919717283,83.0,2.333333333333333,29.0,0.7295575540864875,-0.6839194216246106,0.4999999999999999,-0.8660254037844387,15901.775
2025-05-15 12:00:00,0.0,0.6687944230593387,78.66666666666667,44.982793327821895,0.9659452549271612,92.33333333333331,2.0,29.0,0.7295575540864875,-0.6839194216246106,-0.2588190451025208,-0.9659258262890684,5113.131
2025-05-15 15:00:00,0.0,0.4673031361240184,79.66666666666667,81.63135583156922,0.1667348811532296,81.33333333333333,2.0,29.0,0.7295575540864875,-0.6839194216246106,-0.8660254037844385,-0.5000000000000004,2537.0144
2025-05-15 18:00:00,1.0,0.3349811861877516,79.33333333333333,60.00712720344948,0.1668724281939061,78.66666666666667,5.0,29.0,0.7295575540864875,-0.6839194216246106,-0.9659258262890684,0.2588190451025203,7731.8057
2025-05-15 21:00:00,1.0,0.448653842800073,78.33333333333333,29.993725796406604,1.965808018521706,88.66666666666667,1.0,29.0,0.7295575540864875,-0.6839194216246106,-0.5000000000000004,0.8660254037844384,8819.371
2025-05-16 00:00:00,0.0,0.9986407366885272,83.66666666666667,67.47809498651195,1.0679743315300856,75.33333333333333,6.0,29.0,0.717676913675962,-0.6963762255968722,0.2588190451025207,0.9659258262890684,-230.82823
2025-05-16 03:00:00,1.0,0.3354695752501026,87.33333333333333,89.98398852243078,0.1673189356693573,63.66666666666666,10.333333333333334,29.0,0.717676913675962,-0.6963762255968722,0.8660254037844386,0.5000000000000001,6514.6733
2025-05-16 06:00:00,0.0,0.4843883741499027,83.33333333333333,59.97133207032499,0.4356784293345437,74.33333333333333,7.333333333333333,29.0,0.717676913675962,-0.6963762255968722,0.9659258262890684,-0.2588190451025206,1574.2102
2025-05-16 09:00:00,0.0,0.5815935325173587,80.66666666666667,143.5977795619379,0.9656236820031046,81.33333333333333,10.0,29.0,0.717676913675962,-0.6963762255968722,0.4999999999999999,-0.8660254037844387,7571.1567
2025-05-16 12:00:00,1.0,0.3353160818860974,86.33333333333333,52.510969664856965,0.1673856282951592,65.0,8.666666666666666,29.0,0.717676913675962,-0.6963762255968722,-0.2588190451025208,-0.9659258262890684,8214.055
2025-05-16 15:00:00,0.0,0.9165781922093708,83.66666666666667,97.49186087623691,0.9671465989163264,76.33333333333333,11.0,29.0,0.717676913675962,-0.6963762255968722,-0.8660254037844385,-0.5000000000000004,3204.6448
2025-05-16 18:00:00,1.0,0.389509874150161,81.33333333333333,105.00934807306928,1.0673590992220776,84.33333333333333,2.0,29.0,0.717676913675962,-0.6963762255968722,-0.9659258262890684,0.2588190451025203,7329.084
2025-05-16 21:00:00,1.0,0.4672655740975862,79.33333333333333,29.995260246307847,0.6005774753130092,86.0,1.0,29.0,0.717676913675962,-0.6963762255968722,-0.5000000000000004,0.8660254037844384,6641.6294
2025-05-17 00:00:00,1.0,0.3328056358121976,81.0,111.5000722554964,0.5015452484621354,83.0,6.333333333333333,29.0,0.705583610107178,-0.7086266782644596,0.2588190451025207,0.9659258262890684,6617.8257
2025-05-17 03:00:00,1.0,0.0844687869565393,82.33333333333333,59.996470198816816,0.3352914555300059,80.66666666666667,4.666666666666667,29.0,0.705583610107178,-0.7086266782644596,0.8660254037844386,0.5000000000000001,7793.807
2025-05-17 06:00:00,1.0,0.1403126439548617,82.33333333333333,67.46159081701221,1.3332907702791916,73.0,5.0,29.0,0.705583610107178,-0.7086266782644596,0.9659258262890684,-0.2588190451025206,10082.447
2025-05-17 09:00:00,1.0,0.0679786150474711,83.66666666666667,97.48237901612168,0.1663596378170405,73.0,8.333333333333334,29.0,0.705583610107178,-0.7086266782644596,0.4999999999999999,-0.8660254037844387,20708.613
2025-05-17 12:00:00,1.0,0.4534847963396319,80.66666666666667,97.45294587297838,1.7664947969420133,81.66666666666667,12.0,29.0,0.705583610107178,-0.7086266782644596,-0.2588190451025208,-0.9659258262890684,14485.03
2025-05-17 15:00:00,0.0,0.9162971324555262,80.66666666666667,29.97287269315898,1.0676571770890189,85.66666666666667,1.0,29.0,0.705583610107178,-0.7086266782644596,-0.8660254037844385,-0.5000000000000004,4019.7861
2025-05-17 18:00:00,0.0,0.5844918782991988,80.66666666666667,67.48269554289627,1.1345835857145163,81.33333333333333,5.333333333333333,29.0,0.705583610107178,-0.7086266782644596,-0.9659258262890684,0.2588190451025203,-1334.1005
2025-05-17 21:00:00,1.0,0.5398670942245244,75.33333333333333,0.0148171952296166,0.1669849609200416,92.33333333333331,0.0,29.0,0.705583610107178,-0.7086266782644596,-0.5000000000000004,0.8660254037844384,2060.8826
2025-05-18 00:00:00,1.0,0.3321891305150208,85.66666666666667,90.01536173298506,0.3336529234002974,70.33333333333333,10.0,29.0,0.6932812268869777,-0.7206671495538609,0.2588190451025207,0.9659258262890684,7072.471
2025-05-18 03:00:00,1.0,0.6677714886870253,77.66666666666667,52.43675103320561,0.2660775726482754,89.0,4.666666666666667,29.0,0.6932812268869777,-0.7206671495538609,0.8660254037844386,0.5000000000000001,933.8874
2025-05-18 06:00:00,1.0,0.457923604283374,80.66666666666667,67.5151829146203,0.1681099720967971,75.33333333333333,7.666666666666667,29.0,0.6932812268869777,-0.7206671495538609,0.9659258262890684,-0.2588190451025206,2340.9644
2025-05-18 09:00:00,1.0,0.3357215385171223,82.0,67.45989483037641,0.3344039984796332,77.0,3.333333333333333,29.0,0.6932812268869777,-0.7206671495538609,0.4999999999999999,-0.8660254037844387,7502.661
2025-05-18 12:00:00,0.0,0.9165487421886044,81.33333333333333,67.47120811485826,0.8997789612306718,82.0,6.333333333333333,29.0,0.6932812268869777,-0.7206671495538609,-0.2588190451025208,-0.9659258262890684,5519.5356
2025-05-18 15:00:00,1.0,0.1435352700425902,82.0,30.01501496235136,1.2365536193766768,81.66666666666667,5.0,29.0,0.6932812268869777,-0.7206671495538609,-0.8660254037844385,-0.5000000000000004,15447.849
2025-05-18 18:00:00,1.0,0.2504421613446208,80.0,30.009866457191308,0.1671162111002169,81.33333333333333,2.0,29.0,0.6932812268869777,-0.7206671495538609,-0.9659258262890684,0.2588190451025203,6651.9995
2025-05-18 21:00:00,0.0,0.7490518719003023,78.33333333333333,-0.0228272501674165,0.9668331872579428,87.33333333333333,2.333333333333333,29.0,0.6932812268869777,-0.7206671495538609,-0.5000000000000004,0.8660254037844384,-101.97727
2025-05-19 00:00:00,1.0,0.1172991160252415,83.33333333333333,59.96851558881445,0.2672254043927854,76.66666666666667,5.333333333333333,29.0,0.6807734094770161,-0.7324940716135789,0.2588190451025207,0.9659258262890684,11672.911
2025-05-19 03:00:00,0.0,0.9967647635006082,79.0,75.71054302637019,0.9667577497164184,85.66666666666667,5.0,29.0,0.6807734094770161,-0.7324940716135789,0.8660254037844386,0.5000000000000001,-295.36536
2025-05-19 06:00:00,1.0,0.3315520132208404,85.66666666666667,97.53139619452672,0.4337342715926305,74.66666666666667,7.0,29.0,0.6807734094770161,-0.7324940716135789,0.9659258262890684,-0.2588190451025206,7318.5474
2025-05-19 09:00:00,1.0,0.1313550718582563,82.0,30.008806164394,1.1343555224075634,79.0,5.333333333333333,29.0,0.6807734094770161,-0.7324940716135789,0.4999999999999999,-0.8660254037844387,18042.332
2025-05-19 12:00:00,0.0,0.9195249130322536,78.33333333333333,29.976936564085893,0.0005548213956405,86.0,5.0,29.0,0.6807734094770161,-0.7324940716135789,-0.2588190451025208,-0.9659258262890684,4487.1587
2025-05-19 15:00:00,1.0,0.0996433747720754,86.0,75.04910304031408,1.1315017625289858,70.0,5.333333333333333,29.0,0.6807734094770161,-0.7324940716135789,-0.8660254037844385,-0.5000000000000004,13963.057
2025-05-19 18:00:00,1.0,0.4420781854447469,77.66666666666667,22.52051713257765,1.0669185598690694,90.66666666666669,2.0,29.0,0.6807734094770161,-0.7324940716135789,-0.9659258262890684,0.2588190451025203,7075.02
2025-05-19 21:00:00,0.0,0.6660031549577534,80.0,0.0091015967638959,1.867486361432,87.66666666666667,0.0,29.0,0.6807734094770161,-0.7324940716135789,-0.5000000000000004,0.8660254037844384,1036.4897
2025-05-20 00:00:00,1.0,0.1091377158599675,84.33333333333333,52.50729603947874,0.4320435065984918,71.33333333333333,9.333333333333334,29.0,0.6680638642135335,-0.7441039398713607,0.2588190451025207,0.9659258262890684,11736.55
2025-05-20 03:00:00,1.0,0.4517234371554108,68.66666666666667,-0.0008026872742807,0.1674495027593151,87.0,0.0,29.0,0.6680638642135335,-0.7441039398713607,0.8660254037844386,0.5000000000000001,5585.688
2025-05-20 06:00:00,0.0,0.6669667403780097,77.66666666666667,37.48838351402792,0.2676278762879763,90.0,1.0,29.0,0.6680638642135335,-0.7441039398713607,0.9659258262890684,-0.2588190451025206,3139.6147
2025-05-20 09:00:00,0.0,0.5865071515586565,81.33333333333333,29.99721273457361,1.2346549519152628,81.33333333333333,5.333333333333333,29.0,0.6680638642135335,-0.7441039398713607,0.4999999999999999,-0.8660254037844387,7110.011
2025-05-20 12:00:00,0.0,0.6646233120273201,77.0,67.46186483898796,0.1674650010961025,88.0,4.0,29.0,0.6680638642135335,-0.7441039398713607,-0.2588190451025208,-0.9659258262890684,5780.4746
2025-05-20 15:00:00,0.0,0.667322054282218,78.66666666666667,60.02339199705989,0.2673342476210124,84.0,3.0,29.0,0.6680638642135335,-0.7441039398713607,-0.8660254037844385,-0.5000000000000004,4722.239
2025-05-20 18:00:00,1.0,0.1287870248992632,79.33333333333333,37.50453717412159,0.732316521564221,81.66666666666667,5.333333333333333,29.0,0.6680638642135335,-0.7441039398713607,-0.9659258262890684,0.2588190451025203,10581.807
2025-05-20 21:00:00,0.0,0.8314405779301397,80.66666666666667,37.55131564289455,1.770058072269156,86.0,1.0,29.0,0.6680638642135335,-0.7441039398713607,-0.5000000000000004,0.8660254037844384,-286.82214
2025-05-21 00:00:00,0.0,0.5814701867415961,83.0,89.97064319865636,1.5991151103528818,73.0,13.0,29.0,0.6551563572090853,-0.7554933140726803,0.2588190451025207,0.9659258262890684,-602.59814
2025-05-21 03:00:00,1.0,0.1585553200367055,83.33333333333333,104.98478267970825,0.1670370925650425,79.0,9.666666666666666,29.0,0.6551563572090853,-0.7554933140726803,0.8660254037844386,0.5000000000000001,6047.0
2025-05-21 06:00:00,1.0,0.4554233424381369,83.33333333333333,60.00813901206316,0.5016722285494891,74.33333333333333,6.0,29.0,0.6551563572090853,-0.7554933140726803,0.9659258262890684,-0.2588190451025206,2343.644
2025-05-21 09:00:00,1.0,0.3332626718207848,83.33333333333333,59.95746681155558,1.9341405151733888,78.33333333333333,6.0,29.0,0.6551563572090853,-0.7554933140726803,0.4999999999999999,-0.8660254037844387,7072.4873
2025-05-21 12:00:00,0.0,0.7499886620551373,82.33333333333333,29.97320909832098,0.8009443591180666,78.0,5.333333333333333,29.0,0.6551563572090853,-0.7554933140726803,-0.2588190451025208,-0.9659258262890684,4601.3687
2025-05-21 15:00:00,0.0,0.5821984843289846,85.33333333333333,67.47886868602872,1.8678875358994076,73.66666666666667,6.333333333333333,29.0,0.6551563572090853,-0.7554933140726803,-0.8660254037844385,-0.5000000000000004,4264.712
2025-05-21 18:00:00,1.0,0.4150351520906151,76.33333333333333,29.99923126138964,0.8017081952887141,90.66666666666669,2.0,29.0,0.6551563572090853,-0.7554933140726803,-0.9659258262890684,0.2588190451025203,7823.522
2025-05-21 21:00:00,0.0,0.5814512145483557,83.0,112.50200639396556,0.3339279532557986,73.33333333333333,6.0,29.0,0.6551563572090853,-0.7554933140726803,-0.5000000000000004,0.8660254037844384,-632.5543
2025-05-22 00:00:00,1.0,0.0967174742757233,86.66666666666667,143.89561234047366,0.5335216366744348,66.33333333333333,9.0,29.0,0.6420547132365637,-0.766658819300159,0.2588190451025207,0.9659258262890684,13633.296
2025-05-22 03:00:00,0.0,0.5827404883595981,81.33333333333333,59.971380918605526,1.2339340885471948,88.0,4.333333333333333,29.0,0.6420547132365637,-0.766658819300159,0.8660254037844386,0.5000000000000001,-381.02078
2025-05-22 06:00:00,1.0,0.2535132202697193,82.66666666666667,89.99905337985712,0.4330028332601832,74.33333333333333,11.666666666666666,29.0,0.6420547132365637,-0.766658819300159,0.9659258262890684,-0.2588190451025206,8906.874
2025-05-22 09:00:00,0.0,0.7518005145645709,77.33333333333333,0.0347369547869816,0.2679474930812361,93.66666666666669,0.0,29.0,0.6420547132365637,-0.766658819300159,0.4999999999999999,-0.8660254037844387,10696.433
2025-05-22 12:00:00,0.0,0.748732517542744,82.0,67.51101369972123,0.3348652739080865,81.33333333333333,7.666666666666667,29.0,0.6420547132365637,-0.766658819300159,-0.2588190451025208,-0.9659258262890684,5559.3574
2025-05-22 15:00:00,0.0,0.580006939100123,77.66666666666667,75.01284863160107,0.9661783498899432,86.0,3.6666666666666665,29.0,0.6420547132365637,-0.766658819300159,-0.8660254037844385,-0.5000000000000004,5622.637
2025-05-22 18:00:00,0.0,0.7495053477856614,77.0,29.994882617821588,0.96760303065628,92.33333333333331,2.0,29.0,0.6420547132365637,-0.766658819300159,-0.9659258262890684,0.2588190451025203,95.05365
2025-05-22 21:00:00,0.0,0.9176170843303296,76.33333333333333,67.49895905744086,1.0678285037049824,90.66666666666669,6.0,29.0,0.6420547132365637,-0.766658819300159,-0.5000000000000004,0.8660254037844384,22.447088
2025-05-23 00:00:00,0.0,0.8344736368451631,80.0,59.97885277840007,0.7356278072513595,80.66666666666667,8.666666666666666,29.0,0.6287628145958344,-0.7775971469736269,0.2588190451025207,0.9659258262890684,-444.35382
2025-05-23 03:00:00,1.0,0.0592934210824061,80.66666666666667,37.513456429328464,1.0025534509741916,80.66666666666667,4.333333333333333,29.0,0.6287628145958344,-0.7775971469736269,0.8660254037844386,0.5000000000000001,10295.909
2025-05-23 06:00:00,0.0,0.6672009124741162,82.0,37.48951057698219,0.3350801142104456,77.33333333333333,7.333333333333333,29.0,0.6287628145958344,-0.7775971469736269,0.9659258262890684,-0.2588190451025206,2188.863
2025-05-23 09:00:00,1.0,0.1030819730683986,83.66666666666667,89.96505461225432,0.8975307034897013,75.0,9.333333333333334,29.0,0.6287628145958344,-0.7775971469736269,0.4999999999999999,-0.8660254037844387,17808.123
2025-05-23 12:00:00,1.0,0.4595442255024771,79.33333333333333,45.00280909610572,1.0679912247353698,81.66666666666667,4.333333333333333,29.0,0.6287628145958344,-0.7775971469736269,-0.2588190451025208,-0.9659258262890684,14432.617
2025-05-23 15:00:00,1.0,0.0770446050947299,82.33333333333333,104.97219516982244,0.7347276426375764,69.33333333333333,12.333333333333334,29.0,0.6287628145958344,-0.7775971469736269,-0.8660254037844385,-0.5000000000000004,14937.025
2025-05-23 18:00:00,0.0,0.5814186529979427,81.33333333333333,52.400532107261085,0.4329994396988252,83.0,9.0,29.0,0.6287628145958344,-0.7775971469736269,-0.9659258262890684,0.2588190451025203,-1214.7697
2025-05-23 21:00:00,0.0,0.749148300698146,76.33333333333333,30.025218084791614,0.7011194384069318,96.33333333333331,2.333333333333333,29.0,0.6287628145958344,-0.7775971469736269,-0.5000000000000004,0.8660254037844384,535.03424
2025-05-24 00:00:00,0.0,0.7498717019756218,78.66666666666667,67.50080561498676,1.6659955849064705,82.33333333333333,6.0,29.0,0.6152845999633276,-0.7883050558305255,0.2588190451025207,0.9659258262890684,-243.89485
2025-05-24 03:00:00,0.0,0.5823491040413894,78.0,37.48604567705896,0.4344708005841743,88.0,4.0,29.0,0.6152845999633276,-0.7883050558305255,0.8660254037844386,0.5000000000000001,-381.02078
2025-05-24 06:00:00,0.0,0.8338163415179235,79.66666666666667,52.46337599178965,1.2323819496849906,85.66666666666667,5.0,29.0,0.6152845999633276,-0.7883050558305255,0.9659258262890684,-0.2588190451025206,1779.6344
2025-05-24 09:00:00,0.0,0.5829191230685065,77.66666666666667,29.96316354174063,0.5337580395499247,91.33333333333331,2.0,29.0,0.6152845999633276,-0.7883050558305255,0.4999999999999999,-0.8660254037844387,9527.838
2025-05-24 12:00:00,1.0,0.4017672591869125,81.0,29.995132686255328,0.1672814813928089,84.0,2.6666666666666665,29.0,0.6152845999633276,-0.7883050558305255,-0.2588190451025208,-0.9659258262890684,15394.864
2025-05-24 15:00:00,1.0,0.430631780502568,84.33333333333333,67.52251687377121,0.7361793322753725,67.33333333333333,7.333333333333333,29.0,0.6152845999633276,-0.7883050558305255,-0.8660254037844385,-0.5000000000000004,7758.501
2025-05-24 18:00:00,0.0,0.8316404541553579,83.0,59.982592189284446,1.1358213814768503,73.0,10.0,29.0,0.6152845999633276,-0.7883050558305255,-0.9659258262890684,0.2588190451025203,-1324.1322
2025-05-24 21:00:00,0.0,0.5832822653567191,79.33333333333333,59.96559459440984,8.27484351378451e-05,69.66666666666667,6.666666666666667,29.0,0.6152845999633276,-0.7883050558305255,-0.5000000000000004,0.8660254037844384,-692.2806
2025-05-25 00:00:00,1.0,0.1506201375876778,85.0,97.50949153405544,0.9668011222836892,57.333333333333336,14.333333333333334,29.0,0.6016240632249226,-0.7987793728863649,0.2588190451025207,0.9659258262890684,12324.294
2025-05-25 03:00:00,1.0,0.2529754768411116,85.0,59.96498173648138,0.1667073470468816,76.0,6.666666666666667,29.0,0.6016240632249226,-0.7987793728863649,0.8660254037844386,0.5000000000000001,3785.6357
2025-05-25 06:00:00,0.0,0.7513452474306107,78.33333333333333,67.45679786708692,0.0008922222728129,87.0,6.333333333333333,29.0,0.6016240632249226,-0.7987793728863649,0.9659258262890684,-0.2588190451025206,1993.2706
2025-05-25 09:00:00,0.0,0.914853219733902,81.33333333333333,29.9977851935918,0.4345496957346795,77.0,4.0,29.0,0.6016240632249226,-0.7987793728863649,0.4999999999999999,-0.8660254037844387,10320.169
2025-05-25 12:00:00,0.0,0.8343855279344917,79.33333333333333,52.53158747350677,0.7984923802194973,84.33333333333333,6.666666666666667,29.0,0.6016240632249226,-0.7987793728863649,-0.2588190451025208,-0.9659258262890684,9396.784
2025-05-25 15:00:00,0.0,0.7516644940515779,78.33333333333333,-0.0188705267465428,0.6017647940089074,92.33333333333331,0.0,29.0,0.6016240632249226,-0.7987793728863649,-0.8660254037844385,-0.5000000000000004,4956.848
2025-05-25 18:00:00,1.0,0.1271769281912052,83.66666666666667,74.99686682028756,0.9668763511612228,72.33333333333333,8.333333333333334,29.0,0.6016240632249226,-0.7987793728863649,-0.9659258262890684,0.2588190451025203,11515.696
2025-05-25 21:00:00,0.0,0.8335062399783794,78.33333333333333,37.495374049534014,0.0014756999106353,78.33333333333333,4.666666666666667,29.0,0.6016240632249226,-0.7987793728863649,-0.5000000000000004,0.8660254037844384,-481.8402
2025-05-26 00:00:00,0.0,0.6675360811350685,80.0,30.00010924715569,0.4338303034798235,84.0,4.666666666666667,29.0,0.5877852522924732,-0.8090169943749473,0.2588190451025207,0.9659258262890684,81.054886
2025-05-26 03:00:00,1.0,0.131895875501415,85.0,119.96095318372956,0.9668793271199048,75.0,9.333333333333334,29.0,0.5877852522924732,-0.8090169943749473,0.8660254037844386,0.5000000000000001,8852.643
2025-05-26 06:00:00,0.0,0.7504810682621237,75.66666666666667,37.468623488109664,0.1667964116032389,91.66666666666669,1.6666666666666667,29.0,0.5877852522924732,-0.8090169943749473,0.9659258262890684,-0.2588190451025206,2288.7354
2025-05-26 09:00:00,0.0,0.5834851057247985,85.0,75.12652847912989,1.0661789748468462,71.33333333333333,14.333333333333334,29.0,0.5877852522924732,-0.8090169943749473,0.4999999999999999,-0.8660254037844387,10923.219
2025-05-26 12:00:00,1.0,0.1310771513841817,80.0,37.49076932176848,0.9661652978026464,79.66666666666667,4.666666666666667,29.0,0.5877852522924732,-0.8090169943749473,-0.2588190451025208,-0.9659258262890684,20937.371
2025-05-26 15:00:00,1.0,0.3372181787144007,77.66666666666667,29.987454638210437,0.001548871013246,90.66666666666669,2.0,29.0,0.5877852522924732,-0.8090169943749473,-0.8660254037844385,-0.5000000000000004,10950.488
2025-05-26 18:00:00,1.0,0.075968310084329,80.0,81.28611064018575,0.5999421718831109,82.66666666666667,3.0,29.0,0.5877852522924732,-0.8090169943749473,-0.9659258262890684,0.2588190451025203,6636.939
2025-05-26 21:00:00,1.0,0.2493363235136069,78.66666666666667,29.98523939679751,0.4336055652869565,86.0,2.6666666666666665,29.0,0.5877852522924732,-0.8090169943749473,-0.5000000000000004,0.8660254037844384,10707.628
2025-05-27 00:00:00,0.0,0.5167369705258051,78.0,30.010050515010477,0.26658526745016,88.0,1.0,29.0,0.5737722679043246,-0.8190148866680801,0.2588190451025207,0.9659258262890684,536.23413
2025-05-27 03:00:00,1.0,0.0957727731275643,82.0,155.41606902772,0.1676663124805142,69.66666666666667,8.0,29.0,0.5737722679043246,-0.8190148866680801,0.8660254037844386,0.5000000000000001,7397.8003
2025-05-27 06:00:00,0.0,0.666243708135035,84.0,67.50452868513871,0.166248794672309,69.0,6.333333333333333,29.0,0.5737722679043246,-0.8190148866680801,0.9659258262890684,-0.2588190451025206,2649.132
2025-05-27 09:00:00,0.0,0.5852103072432974,81.0,74.97022705680723,1.6000533397726884,86.0,6.0,29.0,0.5737722679043246,-0.8190148866680801,0.4999999999999999,-0.8660254037844387,11237.997
2025-05-27 12:00:00,1.0,0.4613687235947424,87.33333333333333,104.97573561185226,0.3333924896364815,62.0,13.666666666666666,29.0,0.5737722679043246,-0.8190148866680801,-0.2588190451025208,-0.9659258262890684,18479.238
2025-05-27 15:00:00,1.0,0.3330661208064726,80.0,75.02148694829513,0.9693091692570478,83.66666666666667,5.666666666666667,29.0,0.5737722679043246,-0.8190148866680801,-0.8660254037844385,-0.5000000000000004,7315.5938
2025-05-27 18:00:00,0.0,0.7484524086406548,81.66666666666667,67.48057549275823,0.167037141700726,74.66666666666667,7.333333333333333,29.0,0.5737722679043246,-0.8190148866680801,-0.9659258262890684,0.2588190451025203,-1590.5515
2025-05-27 21:00:00,0.0,0.918295694612454,80.0,67.46563068008318,0.000769251723626,74.0,2.0,29.0,0.5737722679043246,-0.8190148866680801,-0.5000000000000004,0.8660254037844384,-481.8402
2025-05-28 00:00:00,1.0,0.0903306015044854,82.0,30.00384888790289,0.6991579825436339,83.0,5.0,29.0,0.5595892624101765,-0.8287700871745038,0.2588190451025207,0.9659258262890684,12499.904
2025-05-28 03:00:00,0.0,0.5848088059496723,79.0,90.02463782403646,0.0002553109109808,73.66666666666667,10.666666666666666,29.0,0.5595892624101765,-0.8287700871745038,0.8660254037844386,0.5000000000000001,-737.0165
2025-05-28 06:00:00,1.0,0.1011404529042997,85.66666666666667,59.998232812576816,0.4334677548811571,65.66666666666667,9.333333333333334,29.0,0.5595892624101765,-0.8287700871745038,0.9659258262890684,-0.2588190451025206,7691.055
2025-05-28 09:00:00,1.0,0.1003874062061227,81.66666666666667,59.99561422173417,0.533855744792874,72.66666666666667,7.0,29.0,0.5595892624101765,-0.8287700871745038,0.4999999999999999,-0.8660254037844387,16004.981
2025-05-28 12:00:00,0.0,0.8325225638673739,80.66666666666667,30.006046440758663,0.5011732562755561,86.0,2.0,29.0,0.5595892624101765,-0.8287700871745038,-0.2588190451025208,-0.9659258262890684,8358.4375
2025-05-28 15:00:00,0.0,0.9183898013726752,80.0,37.47528600444037,0.1677537686983771,83.0,4.0,29.0,0.5595892624101765,-0.8287700871745038,-0.8660254037844385,-0.5000000000000004,4807.894
2025-05-28 18:00:00,1.0,0.1366134970998856,86.66666666666667,97.4934873885598,0.3342252051598355,68.0,10.666666666666666,29.0,0.5595892624101765,-0.8287700871745038,-0.9659258262890684,0.2588190451025203,10279.955
2025-05-28 21:00:00,0.0,0.7507418201492573,80.66666666666667,37.5113851844264,0.1665176955929628,78.0,5.333333333333333,29.0,0.5595892624101765,-0.8287700871745038,-0.5000000000000004,0.8660254037844384,-567.49554
2025-05-29 00:00:00,0.0,1.0036880324174724,80.66666666666667,112.41821070408965,0.0004466147524029,83.0,7.0,29.0,0.545240438540651,-0.8382797052177744,0.2588190451025207,0.9659258262890684,-321.92477
2025-05-29 03:00:00,0.0,0.6678339245483149,76.33333333333333,0.0146781431327338,1.3366583289510514,94.33333333333331,0.0,29.0,0.545240438540651,-0.8382797052177744,0.8660254037844386,0.5000000000000001,994.20465
2025-05-29 06:00:00,0.0,0.7521157048108812,69.33333333333333,37.47226012783709,0.8610243699539937,94.0,1.6666666666666667,29.0,0.545240438540651,-0.8382797052177744,0.9659258262890684,-0.2588190451025206,2130.708
2025-05-29 09:00:00,1.0,0.415207421300399,76.33333333333333,30.002130295152337,0.2681002583158526,90.0,1.0,29.0,0.545240438540651,-0.8382797052177744,0.4999999999999999,-0.8660254037844387,20925.854
2025-05-29 12:00:00,0.0,0.5850202465217281,80.0,67.51612097804743,1.170634187243374,86.66666666666667,6.666666666666667,29.0,0.545240438540651,-0.8382797052177744,-0.2588190451025208,-0.9659258262890684,10149.055
2025-05-29 15:00:00,0.0,0.5149506680235052,80.66666666666667,30.00668790375451,0.7015103891085369,87.33333333333333,3.333333333333333,29.0,0.545240438540651,-0.8382797052177744,-0.8660254037844385,-0.5000000000000004,3950.6587
2025-05-29 18:00:00,1.0,0.3367015213923837,80.0,37.45648827477299,0.2672701965957087,83.33333333333333,6.333333333333333,29.0,0.545240438540651,-0.8382797052177744,-0.9659258262890684,0.2588190451025203,7296.7666
2025-05-29 21:00:00,0.0,0.7518269548004269,81.33333333333333,29.973377099484185,0.7323564301878589,88.66666666666667,4.666666666666667,29.0,0.545240438540651,-0.8382797052177744,-0.5000000000000004,0.8660254037844384,568.77594
2025-05-30 00:00:00,0.0,0.6676114115734094,81.33333333333333,67.49214184532056,1.2319298823039289,77.66666666666667,3.0,29.0,0.5307300481619334,-0.8475409228928311,0.2588190451025207,0.9659258262890684,-274.16068
2025-05-30 03:00:00,0.0,0.9164128264894356,77.0,-0.0290505936298592,0.167443314270739,92.33333333333331,0.0,29.0,0.5307300481619334,-0.8475409228928311,0.8660254037844386,0.5000000000000001,1057.1244
2025-05-30 06:00:00,1.0,0.1096614955163189,80.0,74.97136939889008,0.1684081223198897,80.0,5.333333333333333,29.0,0.5307300481619334,-0.8475409228928311,0.9659258262890684,-0.2588190451025206,10793.812
2025-05-30 09:00:00,1.0,0.3331261959122048,79.33333333333333,59.94111923965588,1.169926091231794,79.66666666666667,6.0,29.0,0.5307300481619334,-0.8475409228928311,0.4999999999999999,-0.8660254037844387,8371.554
2025-05-30 12:00:00,0.0,0.7510865744303779,79.0,67.49915834982694,0.000167541630651,88.33333333333333,6.0,29.0,0.5307300481619334,-0.8475409228928311,-0.2588190451025208,-0.9659258262890684,8623.986
2025-05-30 15:00:00,0.0,0.9200907478367508,84.0,67.47216130554744,0.2671351547840426,76.33333333333333,5.666666666666667,29.0,0.5307300481619334,-0.8475409228928311,-0.8660254037844385,-0.5000000000000004,3714.1128
2025-05-30 18:00:00,1.0,0.0890484741887921,88.66666666666667,97.4718712754263,1.0619904302767942,59.0,12.0,29.0,0.5307300481619334,-0.8475409228928311,-0.9659258262890684,0.2588190451025203,11078.283
2025-05-30 21:00:00,0.0,0.8367688881487383,79.33333333333333,59.771567794812455,0.4358819814026658,84.33333333333333,4.333333333333333,29.0,0.5307300481619334,-0.8475409228928311,-0.5000000000000004,0.8660254037844384,-309.55792
2025-05-31 00:00:00,1.0,0.332949262824709,80.0,29.975491680575107,0.333835296591872,84.0,0.3333333333333333,29.0,0.5160623910158528,-0.8565509959010036,0.2588190451025207,0.9659258262890684,8258.774
2025-05-31 03:00:00,1.0,0.581682448264109,86.33333333333333,59.981210709054345,0.16580514354282,65.0,9.333333333333334,29.0,0.5160623910158528,-0.8565509959010036,0.8660254037844386,0.5000000000000001,537.4755
2025-05-31 06:00:00,1.0,0.4645141087307911,81.33333333333333,89.91854437828567,0.6001429544302355,92.33333333333331,4.0,29.0,0.5160623910158528,-0.8565509959010036,0.9659258262890684,-0.2588190451025206,2696.2727
2025-05-31 09:00:00,1.0,0.0363676673389885,80.66666666666667,135.4129608092614,0.7016016809556865,82.66666666666667,7.666666666666667,29.0,0.5160623910158528,-0.8565509959010036,0.4999999999999999,-0.8660254037844387,23399.637
2025-05-31 12:00:00,0.0,0.8360950906227149,79.33333333333333,60.0181516478786,0.9658358788678556,79.0,6.666666666666667,29.0,0.5160623910158528,-0.8565509959010036,-0.2588190451025208,-0.9659258262890684,9843.413
2025-05-31 15:00:00,1.0,0.4362315034747243,88.66666666666667,97.48750748749757,0.5997807525990094,68.66666666666667,13.666666666666666,29.0,0.5160623910158528,-0.8565509959010036,-0.8660254037844385,-0.5000000000000004,7070.569
2025-05-31 18:00:00,1.0,0.0922486466232481,80.66666666666667,60.0128728973709,1.0707762164890835,77.33333333333333,6.666666666666667,29.0,0.5160623910158528,-0.8565509959010036,-0.9659258262890684,0.2588190451025203,9097.689
2025-05-31 21:00:00,1.0,0.0630307627674896,86.66666666666667,74.98026075772458,0.7992581180171766,67.0,8.666666666666666,29.0,0.5160623910158528,-0.8565509959010036,-0.5000000000000004,0.8660254037844384,16037.625
2025-06-01 00:00:00,1.0,0.251707512104898,82.33333333333333,122.64693877956528,1.1344659730795117,77.66666666666667,2.6666666666666665,29.0,0.5012418134457758,-0.865307254363206,0.2588190451025207,0.9659258262890684,9004.6875
2025-06-01 03:00:00,1.0,0.1319266968850071,83.33333333333333,67.50414008707517,1.0659873245645948,71.66666666666667,7.666666666666667,29.0,0.5012418134457758,-0.865307254363206,0.8660254037844386,0.5000000000000001,8377.613
2025-06-01 06:00:00,1.0,0.2496781882553836,86.66666666666667,67.5119888699355,0.601681701532442,73.33333333333333,5.666666666666667,29.0,0.5012418134457758,-0.865307254363206,0.9659258262890684,-0.2588190451025206,9436.431
2025-06-01 09:00:00,1.0,0.4694860237426033,80.66666666666667,67.53697250375195,0.9683228618795648,78.0,5.0,29.0,0.5012418134457758,-0.865307254363206,0.4999999999999999,-0.8660254037844387,17802.053
2025-06-01 12:00:00,0.0,0.9171410266896224,78.66666666666667,192.78299860128905,1.137434904505117,85.66666666666667,6.333333333333333,29.0,0.5012418134457758,-0.865307254363206,-0.2588190451025208,-0.9659258262890684,9390.8125
2025-06-01 15:00:00,0.0,0.9189551214171862,81.0,114.90370988153568,1.5314487141689317,80.66666666666667,6.666666666666667,29.0,0.5012418134457758,-0.865307254363206,-0.8660254037844385,-0.5000000000000004,4002.156
2025-06-01 18:00:00,1.0,0.332045759829258,81.66666666666667,29.98345683131049,0.9689108660476992,82.0,4.0,29.0,0.5012418134457758,-0.865307254363206,-0.9659258262890684,0.2588190451025203,7084.801
2025-06-01 21:00:00,0.0,0.6675354571980835,78.66666666666667,29.98408095263036,0.2687626449199957,86.0,1.0,29.0,0.5012418134457758,-0.865307254363206,-0.5000000000000004,0.8660254037844384,546.0401
2025-06-02 00:00:00,0.0,0.583755288913296,78.33333333333333,-0.0205363712066768,0.1673187241932198,83.66666666666667,0.0,29.0,0.4862727071086899,-0.8738071036110808,0.2588190451025207,0.9659258262890684,526.0328
2025-06-02 03:00:00,0.0,0.9156998335944536,82.0,59.92125680501433,0.8998890498186228,90.66666666666669,2.6666666666666665,29.0,0.4862727071086899,-0.8738071036110808,0.8660254037844386,0.5000000000000001,-318.10117
2025-06-02 06:00:00,1.0,0.1254252820537658,82.66666666666667,52.50469736433191,0.3332404167775781,74.66666666666667,8.333333333333334,29.0,0.4862727071086899,-0.8738071036110808,0.9659258262890684,-0.2588190451025206,10843.837
2025-06-02 09:00:00,1.0,0.3347325540198411,81.33333333333333,67.51566002223167,1.032719027333875,74.33333333333333,7.666666666666667,29.0,0.4862727071086899,-0.8738071036110808,0.4999999999999999,-0.8660254037844387,8545.661
2025-06-02 12:00:00,0.0,0.5254912980002466,82.66666666666667,90.04771870716984,1.067840494906749,82.0,2.333333333333333,29.0,0.4862727071086899,-0.8738071036110808,-0.2588190451025208,-0.9659258262890684,10087.478
2025-06-02 15:00:00,0.0,0.8323473923970691,77.0,67.46236857237697,1.2336427917770487,92.66666666666669,3.0,29.0,0.4862727071086899,-0.8738071036110808,-0.8660254037844385,-0.5000000000000004,5379.915
2025-06-02 18:00:00,1.0,0.2512285089162592,83.66666666666667,82.50340028112315,0.6014022581298336,71.33333333333333,13.0,29.0,0.4862727071086899,-0.8738071036110808,-0.9659258262890684,0.2588190451025203,7213.038
2025-06-02 21:00:00,1.0,0.0844074110289156,85.66666666666667,97.50564622903624,1.067463751320613,67.33333333333333,12.0,29.0,0.4862727071086899,-0.8738071036110808,-0.5000000000000004,0.8660254037844384,13937.768
2025-06-03 00:00:00,0.0,0.480055830806179,81.33333333333333,67.48783670444584,1.2964852957197217,76.33333333333333,3.0,29.0,0.4711595076738638,-0.8820480249558537,0.2588190451025207,0.9659258262890684,1953.3413
2025-06-03 03:00:00,1.0,0.5433024315104866,78.66666666666667,37.53364402944924,0.5357324182207301,83.33333333333333,3.333333333333333,29.0,0.4711595076738638,-0.8820480249558537,0.8660254037844386,0.5000000000000001,396.4886
2025-06-03 06:00:00,1.0,0.0685307202417719,85.33333333333333,75.02864875624317,1.2330556277411426,83.33333333333333,7.0,29.0,0.4711595076738638,-0.8820480249558537,0.9659258262890684,-0.2588190451025206,13742.379
2025-06-03 09:00:00,1.0,0.3322028895504684,87.33333333333333,60.00561030721318,0.3338516618643293,68.0,8.666666666666666,29.0,0.4711595076738638,-0.8820480249558537,0.4999999999999999,-0.8660254037844387,10185.73
2025-06-03 12:00:00,1.0,0.0905181307845819,80.0,29.985836123987585,0.2681840804433374,84.33333333333333,5.333333333333333,29.0,0.4711595076738638,-0.8820480249558537,-0.2588190451025208,-0.9659258262890684,20823.854
2025-06-03 15:00:00,0.0,1.002620532090133,80.0,74.97029855036023,0.8002475678201114,80.0,5.666666666666667,29.0,0.4711595076738638,-0.8820480249558537,-0.8660254037844385,-0.5000000000000004,3589.0642
2025-06-03 18:00:00,1.0,0.3343014694922246,83.33333333333333,67.52090298086024,0.9696638463359776,74.0,8.0,29.0,0.4711595076738638,-0.8820480249558537,-0.9659258262890684,0.2588190451025203,7704.0337
2025-06-03 21:00:00,1.0,0.4872431257032601,82.0,67.49761075559685,1.2345721444290614,76.0,4.0,29.0,0.4711595076738638,-0.8820480249558537,-0.5000000000000004,0.8660254037844384,4530.942
2025-06-04 00:00:00,1.0,0.1197446129087256,80.33333333333333,30.0131149512718,0.8014576725946009,81.66666666666667,4.666666666666667,29.0,0.4559066935084588,-0.8900275764346767,0.2588190451025207,0.9659258262890684,13151.279
2025-06-04 03:00:00,1.0,0.1265544131829555,85.66666666666667,104.95532575945144,1.2991895092754155,60.66666666666666,12.333333333333334,29.0,0.4559066935084588,-0.8900275764346767,0.8660254037844386,0.5000000000000001,10752.151
2025-06-04 06:00:00,1.0,0.1516892647028857,80.66666666666667,60.03632996317188,1.4290012545009867,89.33333333333333,4.333333333333333,29.0,0.4559066935084588,-0.8900275764346767,0.9659258262890684,-0.2588190451025206,10361.024
2025-06-04 09:00:00,0.0,0.9146335136624276,77.66666666666667,67.46795636625156,0.7991166559435672,89.0,5.666666666666667,29.0,0.4559066935084588,-0.8900275764346767,0.4999999999999999,-0.8660254037844387,11877.291
2025-06-04 12:00:00,1.0,0.4943486611818427,76.66666666666667,67.5268709961631,0.7380316026112576,72.33333333333333,10.666666666666666,29.0,0.4559066935084588,-0.8900275764346767,-0.2588190451025208,-0.9659258262890684,11798.448
2025-06-04 15:00:00,1.0,0.3325518990709895,81.66666666666667,104.9692890534734,0.8002819733513556,84.33333333333333,7.666666666666667,29.0,0.4559066935084588,-0.8900275764346767,-0.8660254037844385,-0.5000000000000004,7132.724
2025-06-04 18:00:00,0.0,0.4900388147432756,78.66666666666667,0.0138158551978434,1.0667487840370933,90.66666666666669,0.0,29.0,0.4559066935084588,-0.8900275764346767,-0.9659258262890684,0.2588190451025203,1008.058
2025-06-04 21:00:00,0.0,0.7513623164229296,80.66666666666667,105.21293634518064,0.4334965158865119,82.33333333333333,3.0,29.0,0.4559066935084588,-0.8900275764346767,-0.5000000000000004,0.8660254037844384,-517.64246
2025-06-05 00:00:00,1.0,0.4863366862000725,81.66666666666667,165.2056198898768,1.2000214565522769,77.66666666666667,8.0,29.0,0.440518784350495,-0.8977433935342337,0.2588190451025207,0.9659258262890684,4202.968
2025-06-05 03:00:00,0.0,0.8310825277323014,81.0,60.005553868477016,0.8003772485970376,80.33333333333333,6.666666666666667,29.0,0.440518784350495,-0.8977433935342337,0.8660254037844386,0.5000000000000001,-542.5795
2025-06-05 06:00:00,0.0,0.5855539836574829,79.33333333333333,37.49154326723396,0.4342306125925187,86.33333333333333,5.333333333333333,29.0,0.440518784350495,-0.8977433935342337,0.9659258262890684,-0.2588190451025206,2522.1223
2025-06-05 09:00:00,0.0,0.7477616255361397,80.0,37.44024053313352,0.2669686458662971,86.33333333333333,6.0,29.0,0.440518784350495,-0.8977433935342337,0.4999999999999999,-0.8660254037844387,11356.249
2025-06-05 12:00:00,0.0,0.5641068733207495,79.0,52.469361131109686,0.1669905219371494,82.66666666666667,7.0,29.0,0.440518784350495,-0.8977433935342337,-0.2588190451025208,-0.9659258262890684,9786.236
2025-06-05 15:00:00,0.0,0.7509966102879868,80.0,52.51091555622971,0.9671956230640344,80.33333333333333,6.666666666666667,29.0,0.440518784350495,-0.8977433935342337,-0.8660254037844385,-0.5000000000000004,3916.5007
2025-06-05 18:00:00,1.0,0.4249300691322618,80.66666666666667,67.51855011595275,0.1678107391803236,77.0,7.333333333333333,29.0,0.440518784350495,-0.8977433935342337,-0.9659258262890684,0.2588190451025203,5414.446
2025-06-05 21:00:00,0.0,0.9171066665269422,76.33333333333333,37.5115371887829,0.2673144895705144,90.66666666666669,2.0,29.0,0.440518784350495,-0.8977433935342337,-0.5000000000000004,0.8660254037844384,64.7701
2025-06-06 00:00:00,0.0,0.5867241735330324,79.33333333333333,37.51559878457554,0.1673289292345113,82.33333333333333,5.333333333333333,29.0,0.4250003399695541,-0.9051931898913974,0.2588190451025207,0.9659258262890684,-201.57176
2025-06-06 03:00:00,1.0,0.0733644594794181,78.66666666666667,89.99421193318881,1.5971748940015054,84.66666666666667,13.0,29.0,0.4250003399695541,-0.9051931898913974,0.8660254037844386,0.5000000000000001,13390.143
2025-06-06 06:00:00,0.0,1.0031736183090054,77.66666666666667,-0.0457440285020924,0.2685645747878655,92.33333333333331,0.0,29.0,0.4250003399695541,-0.9051931898913974,0.9659258262890684,-0.2588190451025206,3324.369
2025-06-06 09:00:00,0.0,0.6682993248997924,77.0,-0.0265025118806513,1.3348955421341495,89.33333333333333,0.0,29.0,0.4250003399695541,-0.9051931898913974,0.4999999999999999,-0.8660254037844387,14544.976
2025-06-06 12:00:00,0.0,0.9160157406690363,82.0,37.5167292042838,0.9662667241089884,79.33333333333333,5.333333333333333,29.0,0.4250003399695541,-0.9051931898913974,-0.2588190451025208,-0.9659258262890684,9531.607
2025-06-06 15:00:00,0.0,0.9173689942603568,71.0,-0.006977535463132,0.1680090780023958,94.0,0.0,29.0,0.4250003399695541,-0.9051931898913974,-0.8660254037844385,-0.5000000000000004,7985.23
2025-06-06 18:00:00,0.0,0.6672433146742679,79.66666666666667,67.49503983216727,4.1172714603021415e-05,90.66666666666669,4.0,29.0,0.4250003399695541,-0.9051931898913974,-0.9659258262890684,0.2588190451025203,-1234.4071
2025-06-06 21:00:00,1.0,-0.0184932451219248,81.0,145.42198952327234,1.2347805318082663,79.0,5.666666666666667,29.0,0.4250003399695541,-0.9051931898913974,-0.5000000000000004,0.8660254037844384,16718.006
2025-06-07 00:00:00,0.0,0.5854018676538907,83.66666666666667,112.44390010427082,2.4606203757610943,76.33333333333333,10.666666666666666,29.0,0.4093559588156213,-0.9123747579707272,0.2588190451025207,0.9659258262890684,-68.33336
2025-06-07 03:00:00,1.0,0.3333026152406536,82.33333333333333,67.49285189395852,0.7358297731319018,74.33333333333333,6.0,29.0,0.4093559588156213,-0.9123747579707272,0.8660254037844386,0.5000000000000001,7541.5176
2025-06-07 06:00:00,1.0,0.3354114007022274,81.0,29.98895909185057,0.533692285568038,82.66666666666667,0.0,29.0,0.4093559588156213,-0.9123747579707272,0.9659258262890684,-0.2588190451025206,7779.501
2025-06-07 09:00:00,1.0,0.0932663260339886,84.33333333333333,140.2299120745206,0.6005282356649663,75.33333333333333,5.666666666666667,29.0,0.4093559588156213,-0.9123747579707272,0.4999999999999999,-0.8660254037844387,17109.723
2025-06-07 12:00:00,0.0,0.8330956006286617,85.0,52.47003391248567,0.9650396869379964,70.66666666666667,9.0,29.0,0.4093559588156213,-0.9123747579707272,-0.2588190451025208,-0.9659258262890684,10044.332
2025-06-07 15:00:00,0.0,0.8361980901425701,76.33333333333333,0.0017925711713255,0.167068017762887,96.33333333333331,0.0,29.0,0.4093559588156213,-0.9123747579707272,-0.8660254037844385,-0.5000000000000004,7552.0034
2025-06-07 18:00:00,1.0,0.0576923724041129,80.0,67.47626996641202,1.0684315591979625,77.33333333333333,7.0,29.0,0.4093559588156213,-0.9123747579707272,-0.9659258262890684,0.2588190451025203,7218.384
2025-06-07 21:00:00,1.0,0.1028928446367304,82.33333333333333,67.45463744824941,1.3322945424181154,71.0,8.333333333333334,29.0,0.4093559588156213,-0.9123747579707272,-0.5000000000000004,0.8660254037844384,12506.581
2025-06-08 00:00:00,0.0,0.6661134025239012,77.66666666666667,29.988277633470904,0.8000896569528889,89.0,2.0,29.0,0.3935902766564667,-0.9192859697186104,0.2588190451025207,0.9659258262890684,828.3694
2025-06-08 03:00:00,1.0,0.1470291635304019,80.66666666666667,44.9787790686764,0.1674811550868225,82.66666666666667,2.0,29.0,0.3935902766564667,-0.9192859697186104,0.8660254037844386,0.5000000000000001,8219.611
2025-06-08 06:00:00,0.0,0.9999257276855018,80.0,123.0137035132954,0.9674281763470548,79.66666666666667,5.0,29.0,0.3935902766564667,-0.9192859697186104,0.9659258262890684,-0.2588190451025206,1634.4694
2025-06-08 09:00:00,0.0,0.7494140289118543,82.33333333333333,112.49313890070208,1.864768872470592,83.0,6.0,29.0,0.3935902766564667,-0.9192859697186104,0.4999999999999999,-0.8660254037844387,11356.249
2025-06-08 12:00:00,0.0,0.6696702774972542,84.33333333333333,82.54279233561878,0.1669999088334912,65.0,6.666666666666667,29.0,0.3935902766564667,-0.9192859697186104,-0.2588190451025208,-0.9659258262890684,10481.334
2025-06-08 15:00:00,1.0,0.3933339973070983,80.66666666666667,44.95742875720389,0.9665646229530256,87.33333333333333,1.0,29.0,0.3935902766564667,-0.9192859697186104,-0.8660254037844385,-0.5000000000000004,6243.477
2025-06-08 18:00:00,0.0,0.6654369016075569,78.0,67.51635037632559,1.2334899762425644,78.66666666666667,4.666666666666667,29.0,0.3935902766564667,-0.9192859697186104,-0.9659258262890684,0.2588190451025203,-1429.4252
2025-06-08 21:00:00,1.0,0.3340319578818896,84.33333333333333,97.54235243251873,1.1690988286932855,71.33333333333333,12.0,29.0,0.3935902766564667,-0.9192859697186104,-0.5000000000000004,0.8660254037844384,8040.284
2025-06-09 00:00:00,1.0,0.4479117224575951,79.0,108.66963286574216,0.5007590440162972,82.33333333333333,5.0,29.0,0.3777079652039649,-0.9259247771938498,0.2588190451025207,0.9659258262890684,8645.012
2025-06-09 03:00:00,1.0,0.1235869517178695,78.0,37.54130356999324,0.1682345053643855,84.33333333333333,4.666666666666667,29.0,0.3777079652039649,-0.9259247771938498,0.8660254037844386,0.5000000000000001,11345.578
2025-06-09 06:00:00,0.0,0.6652099843396477,80.66666666666667,37.50120764014058,0.1668138908160379,82.0,4.666666666666667,29.0,0.3777079652039649,-0.9259247771938498,0.9659258262890684,-0.2588190451025206,2399.6934
2025-06-09 09:00:00,1.0,0.4283806670082924,83.66666666666667,59.99909685200112,1.7659098664400348,74.0,6.666666666666667,29.0,0.3777079652039649,-0.9259247771938498,0.4999999999999999,-0.8660254037844387,20097.732
2025-06-09 12:00:00,0.0,0.5137732372843764,82.33333333333333,97.35144180596424,0.4344768755891436,79.33333333333333,3.0,29.0,0.3777079652039649,-0.9259247771938498,-0.2588190451025208,-0.9659258262890684,10087.478
2025-06-09 15:00:00,1.0,0.455978561381926,82.0,111.73612657342736,0.4344391716852371,80.33333333333333,5.0,29.0,0.3777079652039649,-0.9259247771938498,-0.8660254037844385,-0.5000000000000004,7146.383
2025-06-09 18:00:00,1.0,0.4200526323659834,77.66666666666667,29.99705470461125,0.5004625754498195,92.33333333333331,5.333333333333333,29.0,0.3777079652039649,-0.9259247771938498,-0.9659258262890684,0.2588190451025203,9786.969
2025-06-09 21:00:00,0.0,0.8341690319324622,77.0,29.9731278483185,0.968161790597976,82.66666666666667,4.0,29.0,0.3777079652039649,-0.9259247771938498,-0.5000000000000004,0.8660254037844384,475.5248
2025-06-10 00:00:00,0.0,0.3347537173559707,82.33333333333333,59.99097170550749,0.999218390565846,80.0,6.666666666666667,29.0,0.3617137307297676,-0.9322892131745132,0.2588190451025207,0.9659258262890684,5422.8286
2025-06-10 03:00:00,1.0,0.0563799932139957,83.0,97.46886217004788,0.5003878012508701,74.33333333333333,10.0,29.0,0.3617137307297676,-0.9322892131745132,0.8660254037844386,0.5000000000000001,13237.273
2025-06-10 06:00:00,0.0,0.8312143370214773,81.66666666666667,60.01349998645927,1.000771219773125,83.66666666666667,8.0,29.0,0.3617137307297676,-0.9322892131745132,0.9659258262890684,-0.2588190451025206,1618.6567
2025-06-10 09:00:00,1.0,0.336198345782234,80.33333333333333,59.9870173411633,1.2339840955667911,83.0,7.333333333333333,29.0,0.3617137307297676,-0.9322892131745132,0.4999999999999999,-0.8660254037844387,10995.962
2025-06-10 12:00:00,0.0,0.751432317506485,79.0,30.007697645628397,0.2669794196291359,86.66666666666667,4.666666666666667,29.0,0.3617137307297676,-0.9322892131745132,-0.2588190451025208,-0.9659258262890684,8335.702
2025-06-10 15:00:00,1.0,0.3894370127795044,82.33333333333333,60.01663001097099,0.000586062940766,72.33333333333333,8.666666666666666,29.0,0.3617137307297676,-0.9322892131745132,-0.8660254037844385,-0.5000000000000004,8235.786
2025-06-10 18:00:00,1.0,0.0834309366436789,78.33333333333333,59.99532817747232,0.1668388111884658,92.33333333333331,4.333333333333333,29.0,0.3617137307297676,-0.9322892131745132,-0.9659258262890684,0.2588190451025203,10139.624
2025-06-10 21:00:00,1.0,0.1291764843096645,82.66666666666667,97.4851908622038,2.405110780658418,79.0,8.0,29.0,0.3617137307297676,-0.9322892131745132,-0.5000000000000004,0.8660254037844384,16044.406
2025-06-11 00:00:00,1.0,0.3345709920833972,83.0,74.93763746260646,0.0005861149370673,79.33333333333333,6.0,29.0,0.3456123126707335,-0.938377391740864,0.2588190451025207,0.9659258262890684,10166.225
2025-06-11 03:00:00,0.0,0.9136604128451444,82.33333333333333,97.47852657982094,1.00098720242984,73.33333333333333,12.666666666666666,29.0,0.3456123126707335,-0.938377391740864,0.8660254037844386,0.5000000000000001,-651.36096
2025-06-11 06:00:00,0.0,0.5066613617902709,81.33333333333333,97.45136906732552,0.000856663960943,80.33333333333333,8.0,29.0,0.3456123126707335,-0.938377391740864,0.9659258262890684,-0.2588190451025206,647.1867
2025-06-11 09:00:00,1.0,0.4773131333329397,77.66666666666667,29.998918175178694,0.3336049280793513,90.0,2.0,29.0,0.3456123126707335,-0.938377391740864,0.4999999999999999,-0.8660254037844387,19416.582
2025-06-11 12:00:00,1.0,0.4576489914105554,80.0,0.0278894593675588,0.2680363938480868,84.66666666666667,0.0,29.0,0.3456123126707335,-0.938377391740864,-0.2588190451025208,-0.9659258262890684,18884.854
2025-06-11 15:00:00,1.0,0.1404907532327319,86.33333333333333,97.52854887494544,0.1663145437900372,62.66666666666666,10.333333333333334,29.0,0.3456123126707335,-0.938377391740864,-0.8660254037844385,-0.5000000000000004,19482.33
2025-06-11 18:00:00,0.0,0.666171888880362,83.33333333333333,67.45935690652709,0.4998612510096163,77.33333333333333,6.0,29.0,0.3456123126707335,-0.938377391740864,-0.9659258262890684,0.2588190451025203,-1458.997
2025-06-11 21:00:00,0.0,0.4847425815311623,81.33333333333333,60.01340986424402,0.1673668230844719,84.33333333333333,6.666666666666667,29.0,0.3456123126707335,-0.938377391740864,-0.5000000000000004,0.8660254037844384,2424.6313
2025-06-12 00:00:00,1.0,0.4346994473588397,86.33333333333333,147.19653524017272,0.6007744407622051,68.0,9.0,29.0,0.3294084822245304,-0.9441875088341992,0.2588190451025207,0.9659258262890684,7096.682
2025-06-12 03:00:00,0.0,0.9192427799249624,78.66666666666667,29.993610980277555,0.1675140923800882,78.0,4.666666666666667,29.0,0.3294084822245304,-0.9441875088341992,0.8660254037844386,0.5000000000000001,-297.5739
2025-06-12 06:00:00,0.0,0.5840904288018623,79.33333333333333,67.47902024671231,0.7982526888126172,76.66666666666667,6.333333333333333,29.0,0.3294084822245304,-0.9441875088341992,0.9659258262890684,-0.2588190451025206,2649.132
2025-06-12 09:00:00,1.0,0.451054747608592,80.0,67.51208234308083,1.4225606398509898,84.33333333333333,5.0,29.0,0.3294084822245304,-0.9441875088341992,0.4999999999999999,-0.8660254037844387,19443.049
2025-06-12 12:00:00,0.0,0.5851318584905639,81.33333333333333,74.9413494646991,0.1672578942980206,79.33333333333333,6.666666666666667,29.0,0.3294084822245304,-0.9441875088341992,-0.2588190451025208,-0.9659258262890684,10149.055
2025-06-12 15:00:00,0.0,0.9201367688408008,78.0,30.028099826935144,0.534668152705227,87.66666666666667,2.0,29.0,0.3294084822245304,-0.9441875088341992,-0.8660254037844385,-0.5000000000000004,3997.0508
2025-06-12 18:00:00,1.0,0.3359288822762377,84.66666666666667,30.025038943044724,0.8006679866015894,74.66666666666667,5.333333333333333,29.0,0.3294084822245304,-0.9441875088341992,-0.9659258262890684,0.2588190451025203,9078.996
2025-06-12 21:00:00,0.0,0.5834005678987806,81.0,89.88902213775175,1.2334432818472942,77.33333333333333,7.333333333333333,29.0,0.3294084822245304,-0.9441875088341992,-0.5000000000000004,0.8660254037844384,-728.47314
2025-06-13 00:00:00,1.0,0.0980713250362499,83.0,112.5569975592256,0.967338979831507,76.66666666666667,9.0,29.0,0.3131070409358269,-0.9497178427914316,0.2588190451025207,0.9659258262890684,13680.943
2025-06-13 03:00:00,1.0,0.3329500251429405,83.0,59.97896697546048,0.9689797469678948,70.66666666666667,10.333333333333334,29.0,0.3131070409358269,-0.9497178427914316,0.8660254037844386,0.5000000000000001,8477.593
2025-06-13 06:00:00,0.0,0.8340109072912391,75.66666666666667,44.930910411758326,0.8028776952490563,92.33333333333331,2.0,29.0,0.3131070409358269,-0.9497178427914316,0.9659258262890684,-0.2588190451025206,2351.655
2025-06-13 09:00:00,1.0,0.1251368577185429,80.0,30.036418268561363,1.1728614286807535,85.0,3.0,29.0,0.3131070409358269,-0.9497178427914316,0.4999999999999999,-0.8660254037844387,19288.588
2025-06-13 12:00:00,1.0,0.4200379149197635,80.0,29.996660512860387,0.1670220765338642,81.0,5.0,29.0,0.3131070409358269,-0.9497178427914316,-0.2588190451025208,-0.9659258262890684,17117.492
2025-06-13 15:00:00,1.0,0.2478846844864522,84.33333333333333,97.51054074248268,0.3336202307819315,81.0,9.666666666666666,29.0,0.3131070409358269,-0.9497178427914316,-0.8660254037844385,-0.5000000000000004,16091.589
2025-06-13 18:00:00,1.0,0.0758010799402048,85.33333333333333,89.98111041297891,0.1677755299882385,67.33333333333333,13.666666666666666,29.0,0.3131070409358269,-0.9497178427914316,-0.9659258262890684,0.2588190451025203,9093.587
2025-06-13 21:00:00,1.0,0.1626017694230936,84.66666666666667,67.53813571579735,0.2678963328628191,81.66666666666667,6.666666666666667,29.0,0.3131070409358269,-0.9497178427914316,-0.5000000000000004,0.8660254037844384,10840.094
2025-06-14 00:00:00,0.0,0.5055757498941915,79.66666666666667,30.00255957111493,1.1362126488286597,87.66666666666667,2.6666666666666665,29.0,0.2967128192734907,-0.9549667548552552,0.2588190451025207,0.9659258262890684,513.49835
2025-06-14 03:00:00,1.0,0.3322692056313268,79.0,67.48875431873623,1.066509874072669,76.0,5.0,29.0,0.2967128192734907,-0.9549667548552552,0.8660254037844386,0.5000000000000001,8411.653
2025-06-14 06:00:00,1.0,0.3365282472669972,81.33333333333333,82.42192301417207,0.1663710443387845,77.0,3.0,29.0,0.2967128192734907,-0.9549667548552552,0.9659258262890684,-0.2588190451025206,9083.815
2025-06-14 09:00:00,0.0,0.7495045399656605,82.66666666666667,67.50183614313228,0.3336228828406731,80.0,7.0,29.0,0.2967128192734907,-0.9549667548552552,0.4999999999999999,-0.8660254037844387,11340.564
2025-06-14 12:00:00,1.0,0.404056943403339,85.0,60.00667064553972,0.7015285212572545,74.33333333333333,7.0,29.0,0.2967128192734907,-0.9549667548552552,-0.2588190451025208,-0.9659258262890684,19535.527
2025-06-14 15:00:00,1.0,0.1171207257643711,80.0,67.48454907350322,0.2673968489050761,78.33333333333333,4.0,29.0,0.2967128192734907,-0.9549667548552552,-0.8660254037844385,-0.5000000000000004,18476.342
2025-06-14 18:00:00,0.0,0.751666015754267,77.66666666666667,29.97047300239247,1.262363041130773,90.33333333333331,1.0,29.0,0.2967128192734907,-0.9549667548552552,-0.9659258262890684,0.2588190451025203,72.31784
2025-06-14 21:00:00,1.0,0.1745605115158489,83.66666666666667,67.54676001114878,0.3346563369099078,70.0,4.0,29.0,0.2967128192734907,-0.9549667548552552,-0.5000000000000004,0.8660254037844384,12189.832
2025-06-15 00:00:00,0.0,0.6678978857799104,83.0,104.97688604996574,1.146455896645867,79.33333333333333,6.0,29.0,0.2802306751992158,-0.9599326896597448,0.2588190451025207,0.9659258262890684,-266.63065
2025-06-15 03:00:00,0.0,0.7513225838018115,78.66666666666667,29.979810373472308,0.7999375441846225,78.0,7.0,29.0,0.2802306751992158,-0.9599326896597448,0.8660254037844386,0.5000000000000001,-521.47107
2025-06-15 06:00:00,1.0,0.4093675736818906,80.0,90.05173482126277,0.8014133180628459,81.66666666666667,3.6666666666666665,29.0,0.2802306751992158,-0.9599326896597448,0.9659258262890684,-0.2588190451025206,5062.606
2025-06-15 09:00:00,0.0,0.8363951070149384,80.0,115.54656172214789,1.235415459318789,82.66666666666667,7.0,29.0,0.2802306751992158,-0.9599326896597448,0.4999999999999999,-0.8660254037844387,11426.22
2025-06-15 12:00:00,0.0,0.8326537652419508,79.33333333333333,44.99633622804759,1.1284054898479734,88.0,6.333333333333333,29.0,0.2802306751992158,-0.9599326896597448,-0.2588190451025208,-0.9659258262890684,8820.878
2025-06-15 15:00:00,0.0,0.6670783336023351,80.0,-0.0042409704603823,0.1660388808191585,86.0,0.0,29.0,0.2802306751992158,-0.9599326896597448,-0.8660254037844385,-0.5000000000000004,4934.112
2025-06-15 18:00:00,0.0,0.5855414903926529,85.33333333333333,112.48426090006716,0.1672254552344752,67.0,12.666666666666666,29.0,0.2802306751992158,-0.9599326896597448,-0.9659258262890684,0.2588190451025203,-1193.4127
2025-06-15 21:00:00,0.0,0.6674128149011537,82.33333333333333,97.4909760170927,1.2993651040401188,79.0,5.333333333333333,29.0,0.2802306751992158,-0.9599326896597448,-0.5000000000000004,0.8660254037844384,-517.64246
2025-06-16 00:00:00,1.0,0.4415442587722964,77.66666666666667,-0.0317472601257127,0.6008155246334532,90.0,0.0,29.0,0.263665492728007,-0.9646141756912436,0.2588190451025207,0.9659258262890684,9892.408
2025-06-16 03:00:00,0.0,0.7511081376944664,79.33333333333333,83.45099806866143,1.8688315405668223,87.33333333333333,3.333333333333333,29.0,0.263665492728007,-0.9646141756912436,0.8660254037844386,0.5000000000000001,-403.75662
2025-06-16 06:00:00,1.0,0.119725259025967,80.0,117.18482407222568,1.1585025480883562,87.66666666666667,3.333333333333333,29.0,0.263665492728007,-0.9646141756912436,0.9659258262890684,-0.2588190451025206,12148.259
2025-06-16 09:00:00,1.0,0.1485605623689012,78.0,89.97104183138204,1.0349680240779384,90.66666666666669,8.0,29.0,0.263665492728007,-0.9646141756912436,0.4999999999999999,-0.8660254037844387,18595.084
2025-06-16 12:00:00,1.0,0.2513225276608651,84.33333333333333,67.50230810816375,0.3340811570928874,73.33333333333333,6.666666666666667,29.0,0.263665492728007,-0.9646141756912436,-0.2588190451025208,-0.9659258262890684,17176.162
2025-06-16 15:00:00,0.0,0.509689336183856,85.33333333333333,97.5434442833078,1.232023265051953,69.66666666666667,8.666666666666666,29.0,0.263665492728007,-0.9646141756912436,-0.8660254037844385,-0.5000000000000004,3990.232
2025-06-16 18:00:00,0.0,0.5846533538507187,80.33333333333333,111.15159160933466,0.3344793434749231,75.33333333333333,7.666666666666667,29.0,0.263665492728007,-0.9646141756912436,-0.9659258262890684,0.2588190451025203,-1590.5515
2025-06-16 21:00:00,0.0,0.9188317709760784,79.33333333333333,29.98208553842852,0.0008287237817422,86.33333333333333,2.6666666666666665,29.0,0.263665492728007,-0.9646141756912436,-0.5000000000000004,0.8660254037844384,631.6956
2025-06-17 00:00:00,1.0,0.2512160444684117,80.66666666666667,112.4598845680074,0.8634391187122471,73.33333333333333,10.0,29.0,0.2470221804809355,-0.9690098257244062,0.2588190451025207,0.9659258262890684,10527.955
2025-06-17 03:00:00,1.0,0.4229246518889787,77.0,29.987566010118886,0.7986253993143232,92.33333333333331,2.0,29.0,0.2470221804809355,-0.9690098257244062,0.8660254037844386,0.5000000000000001,9371.89
2025-06-17 06:00:00,1.0,0.4403864350255084,79.33333333333333,59.99920787304506,1.0671964004497774,70.33333333333333,4.666666666666667,29.0,0.2470221804809355,-0.9690098257244062,0.9659258262890684,-0.2588190451025206,4416.0034
2025-06-17 09:00:00,1.0,0.1144571577858545,85.0,59.99693449549181,0.50195028384356,69.0,6.333333333333333,29.0,0.2470221804809355,-0.9690098257244062,0.4999999999999999,-0.8660254037844387,20223.672
2025-06-17 12:00:00,1.0,0.1013584497462743,83.0,67.48230492424682,0.1667359504183837,72.0,8.333333333333334,29.0,0.2470221804809355,-0.9690098257244062,-0.2588190451025208,-0.9659258262890684,21817.852
2025-06-17 15:00:00,1.0,0.497352634624441,76.33333333333333,0.0059271024525824,5.1484380123604906e-05,92.33333333333331,0.0,29.0,0.2470221804809355,-0.9690098257244062,-0.8660254037844385,-0.5000000000000004,7928.6685
2025-06-17 18:00:00,1.0,0.151708160338201,83.66666666666667,135.28089573565586,0.5335830880240728,76.33333333333333,6.0,29.0,0.2470221804809355,-0.9690098257244062,-0.9659258262890684,0.2588190451025203,11522.291
2025-06-17 21:00:00,0.0,1.003679574007477,78.66666666666667,67.46365787257302,1.795198584502111,90.66666666666669,4.0,29.0,0.2470221804809355,-0.9690098257244062,-0.5000000000000004,0.8660254037844384,-309.55792
2025-06-18 00:00:00,1.0,0.0982395431732945,82.0,106.68465020154186,0.1669305470018285,73.33333333333333,10.333333333333334,29.0,0.2303056702306122,-0.973118337233262,0.2588190451025207,0.9659258262890684,13815.534
2025-06-18 03:00:00,0.0,0.9171295609921032,83.66666666666667,109.6780795039774,1.1338198099212462,76.66666666666667,6.666666666666667,29.0,0.2303056702306122,-0.973118337233262,0.8660254037844386,0.5000000000000001,-615.16846
2025-06-18 06:00:00,1.0,0.1012540473538494,80.0,82.47040085498976,0.7316081170822445,84.66666666666667,6.0,29.0,0.2303056702306122,-0.973118337233262,0.9659258262890684,-0.2588190451025206,9901.419
2025-06-18 09:00:00,1.0,0.4599310806472484,77.0,-0.0179338643640894,0.1672519122394508,94.0,0.0,29.0,0.2303056702306122,-0.973118337233262,0.4999999999999999,-0.8660254037844387,20518.678
2025-06-18 12:00:00,1.0,0.1042933586707602,84.0,37.47945997986914,0.1669789298190218,71.66666666666667,4.0,29.0,0.2303056702306122,-0.973118337233262,-0.2588190451025208,-0.9659258262890684,21630.871
2025-06-18 15:00:00,0.0,0.7498734125239963,75.0,37.46948498054362,0.0005126127111293,88.66666666666667,2.0,29.0,0.2303056702306122,-0.973118337233262,-0.8660254037844385,-0.5000000000000004,5294.26
2025-06-18 18:00:00,0.0,0.833930000005573,78.66666666666667,29.987775785157364,0.8010171370258418,88.0,4.0,29.0,0.2303056702306122,-0.973118337233262,-0.9659258262890684,0.2588190451025203,-1891.9568
2025-06-18 21:00:00,0.0,0.6662119574693312,79.33333333333333,29.959955941417405,0.4344782902607397,84.0,4.0,29.0,0.2303056702306122,-0.973118337233262,-0.5000000000000004,0.8660254037844384,546.0401
2025-06-19 00:00:00,0.0,0.9170576376308444,85.0,74.95065509945933,0.1667607559870705,75.0,6.666666666666667,29.0,0.2135209154397961,-0.9769384927771816,0.2588190451025207,0.9659258262890684,-480.75018
2025-06-19 03:00:00,1.0,0.1233579166284535,81.33333333333333,82.4522815020685,1.068226527485983,63.66666666666666,8.333333333333334,29.0,0.2135209154397961,-0.9769384927771816,0.8660254037844386,0.5000000000000001,11313.098
2025-06-19 06:00:00,1.0,0.0963873805387295,80.66666666666667,44.98182526690776,0.333948553559974,80.33333333333333,1.6666666666666667,29.0,0.2135209154397961,-0.9769384927771816,0.9659258262890684,-0.2588190451025206,9253.441
2025-06-19 09:00:00,0.0,0.9167896763807426,77.66666666666667,37.49820398029725,1.0674304351887345,90.66666666666669,4.0,29.0,0.2135209154397961,-0.9769384927771816,0.4999999999999999,-0.8660254037844387,11912.778
2025-06-19 12:00:00,1.0,0.116121325806427,78.66666666666667,67.53423527451636,0.6015084782491779,82.33333333333333,6.0,29.0,0.2135209154397961,-0.9769384927771816,-0.2588190451025208,-0.9659258262890684,21926.973
2025-06-19 15:00:00,0.0,0.5828089653322718,82.33333333333333,89.92943108788153,0.5999355233356362,83.0,6.666666666666667,29.0,0.2135209154397961,-0.9769384927771816,-0.8660254037844385,-0.5000000000000004,5549.2637
2025-06-19 18:00:00,1.0,0.332292151079291,80.66666666666667,60.00924591608352,0.4333779630593641,82.33333333333333,6.666666666666667,29.0,0.2135209154397961,-0.9769384927771816,-0.9659258262890684,0.2588190451025203,10165.686
2025-06-19 21:00:00,1.0,0.1479819787698636,83.0,97.45910838354428,0.433920175629357,78.0,6.0,29.0,0.2135209154397961,-0.9769384927771816,-0.5000000000000004,0.8660254037844384,13994.551
2025-06-20 00:00:00,0.0,0.8341020153173215,77.0,-0.012993428791081,0.3337526077326749,91.33333333333331,0.0,29.0,0.1966728897935764,-0.980469160361632,0.2588190451025207,0.9659258262890684,1377.8524
2025-06-20 03:00:00,1.0,0.4944448276786478,83.0,67.55836659001632,0.4334617482729559,69.0,5.333333333333333,29.0,0.1966728897935764,-0.980469160361632,0.8660254037844386,0.5000000000000001,3409.8047
2025-06-20 06:00:00,1.0,0.3351295076231959,79.33333333333333,59.97891011790268,0.1676307478356257,79.0,5.333333333333333,29.0,0.1966728897935764,-0.980469160361632,0.9659258262890684,-0.2588190451025206,8936.554
2025-06-20 09:00:00,1.0,0.0921442633244666,84.66666666666667,90.0187461367616,1.5324071878383156,60.333333333333336,16.0,29.0,0.1966728897935764,-0.980469160361632,0.4999999999999999,-0.8660254037844387,20819.512
2025-06-20 12:00:00,1.0,0.2485078097635574,83.0,59.99828129013442,0.167206009580468,78.66666666666667,6.0,29.0,0.1966728897935764,-0.980469160361632,-0.2588190451025208,-0.9659258262890684,16526.67
2025-06-20 15:00:00,1.0,0.402032954144588,82.0,30.00818802611951,0.4333679756181774,74.33333333333333,7.0,29.0,0.1966728897935764,-0.980469160361632,-0.8660254037844385,-0.5000000000000004,7416.389
2025-06-20 18:00:00,0.0,0.6681075448929099,79.66666666666667,59.96793398434949,1.2328855756303068,88.66666666666667,6.666666666666667,29.0,0.1966728897935764,-0.980469160361632,-0.9659258262890684,0.2588190451025203,-686.2705
2025-06-20 21:00:00,1.0,0.1071758190067025,85.33333333333333,90.02581347489627,1.2337269332269172,62.0,12.333333333333334,29.0,0.1966728897935764,-0.980469160361632,-0.5000000000000004,0.8660254037844384,14999.469
2025-06-21 00:00:00,0.0,0.5820877471787461,82.0,97.47846478596468,1.3352953065762858,79.66666666666667,10.0,29.0,0.1797665857255624,-0.9837092937736096,0.2588190451025207,0.9659258262890684,-530.0092
2025-06-21 03:00:00,0.0,0.6656397159617329,75.0,29.983721047957957,1.7860777754350508,96.0,2.333333333333333,29.0,0.1797665857255624,-0.9837092937736096,0.8660254037844386,0.5000000000000001,466.13354
2025-06-21 06:00:00,1.0,0.4450617809811549,76.33333333333333,-0.0149888334353511,0.001511675272157,94.0,0.0,29.0,0.1797665857255624,-0.9837092937736096,0.9659258262890684,-0.2588190451025206,5502.3003
2025-06-21 09:00:00,1.0,0.1316423647183106,85.33333333333333,89.98252398016676,1.8005788859898797,62.66666666666666,13.0,29.0,0.1797665857255624,-0.9837092937736096,0.4999999999999999,-0.8660254037844387,19623.398
2025-06-21 12:00:00,1.0,0.3334163855653762,74.0,52.495614675814686,0.5337721352822379,72.33333333333333,9.666666666666666,29.0,0.1797665857255624,-0.9837092937736096,-0.2588190451025208,-0.9659258262890684,12500.753
2025-06-21 15:00:00,0.0,0.9167382528793055,85.66666666666667,67.47052067468711,0.1670816782035517,68.0,10.333333333333334,29.0,0.1797665857255624,-0.9837092937736096,-0.8660254037844385,-0.5000000000000004,3703.2344
2025-06-21 18:00:00,1.0,0.4462559465579411,80.0,-0.0114777252394382,0.4340810121781351,84.0,1.0,29.0,0.1797665857255624,-0.9837092937736096,-0.9659258262890684,0.2588190451025203,5776.189
2025-06-21 21:00:00,1.0,0.0954142864355589,78.66666666666667,60.08131825649112,1.234171689308269,86.33333333333333,4.666666666666667,29.0,0.1797665857255624,-0.9837092937736096,-0.5000000000000004,0.8660254037844384,13896.138
2025-06-22 00:00:00,0.0,0.8324352868767098,82.0,37.44306123701278,1.1349627270801426,83.0,5.666666666666667,29.0,0.1628070129385171,-0.986657932891657,0.2588190451025207,0.9659258262890684,-28.974169
2025-06-22 03:00:00,0.0,0.8338375405327364,75.66666666666667,29.970837475144,0.001013273946212,88.66666666666667,2.0,29.0,0.1628070129385171,-0.986657932891657,0.8660254037844386,0.5000000000000001,551.78894
2025-06-22 06:00:00,1.0,0.249682081758928,80.66666666666667,74.94539293645254,1.189931215659661,87.66666666666667,12.666666666666666,29.0,0.1628070129385171,-0.986657932891657,0.9659258262890684,-0.2588190451025206,11093.349
2025-06-22 09:00:00,0.0,0.5298925352744984,79.33333333333333,29.99385482646192,0.8027759504924746,75.33333333333333,4.333333333333333,29.0,0.1628070129385171,-0.986657932891657,0.4999999999999999,-0.8660254037844387,11106.8545
2025-06-22 12:00:00,1.0,0.2510089086507645,85.0,135.1542857993132,1.8664803433549064,71.66666666666667,7.666666666666667,29.0,0.1628070129385171,-0.986657932891657,-0.2588190451025208,-0.9659258262890684,16661.127
2025-06-22 15:00:00,1.0,0.3362605123929405,80.66666666666667,37.51517706697595,0.9658704851751472,79.0,5.333333333333333,29.0,0.1628070129385171,-0.986657932891657,-0.8660254037844385,-0.5000000000000004,8580.683
2025-06-22 18:00:00,1.0,0.4477263020332193,81.66666666666667,22.39151821066161,0.1674082828772227,80.0,4.0,29.0,0.1628070129385171,-0.986657932891657,-0.9659258262890684,0.2588190451025203,6453.43
2025-06-22 21:00:00,0.0,0.7503288678136778,77.0,29.966177573368423,0.9671215190620877,76.66666666666667,2.6666666666666665,29.0,0.1628070129385171,-0.986657932891657,-0.5000000000000004,0.8660254037844384,389.87067
2025-06-23 00:00:00,0.0,0.7500435313487006,81.33333333333333,67.48270619636419,0.3348350817817151,76.33333333333333,5.333333333333333,29.0,0.1457991969198751,-0.9893142039703664,0.2588190451025207,0.9659258262890684,-274.16068
2025-06-23 03:00:00,0.0,0.6650825269338964,81.0,82.22958278959659,0.3346779005265205,77.33333333333333,10.0,29.0,0.1457991969198751,-0.9893142039703664,0.8660254037844386,0.5000000000000001,-737.0165
2025-06-23 06:00:00,1.0,0.1576499060636395,84.0,112.47912567530597,0.9029033907941127,81.0,7.333333333333333,29.0,0.1457991969198751,-0.9893142039703664,0.9659258262890684,-0.2588190451025206,12992.293
2025-06-23 09:00:00,1.0,0.252408591737681,88.66666666666667,82.4295407392084,0.2681955510485889,64.33333333333333,10.0,29.0,0.1457991969198751,-0.9893142039703664,0.4999999999999999,-0.8660254037844387,16386.547
2025-06-23 12:00:00,1.0,0.4230313809067103,82.66666666666667,82.51395405210309,1.15167234931359,83.0,7.666666666666667,29.0,0.1457991969198751,-0.9893142039703664,-0.2588190451025208,-0.9659258262890684,17875.352
2025-06-23 15:00:00,1.0,0.2505345511917753,83.66666666666667,104.97276788095594,-0.0002325152714155,73.0,10.666666666666666,29.0,0.1457991969198751,-0.9893142039703664,-0.8660254037844385,-0.5000000000000004,16258.584
2025-06-23 18:00:00,0.0,0.5844896982141268,77.66666666666667,37.48084058347666,0.1666992367925784,92.33333333333331,2.0,29.0,0.1457991969198751,-0.9893142039703664,-0.9659258262890684,0.2588190451025203,-646.6399
2025-06-23 21:00:00,1.0,0.2500934217465126,79.33333333333333,29.986249108725836,0.434446319258201,87.33333333333333,3.0,29.0,0.1457991969198751,-0.9893142039703664,-0.5000000000000004,0.8660254037844384,12796.904
2025-06-24 00:00:00,1.0,0.4377766776408876,85.66666666666667,60.01878778057547,0.4331057197969579,76.33333333333333,3.6666666666666665,29.0,0.1287481774525813,-0.99167731989929,0.2588190451025207,0.9659258262890684,7883.0596
2025-06-24 03:00:00,0.0,0.5557850385278089,79.33333333333333,67.46557291142686,0.3343692334920503,81.66666666666667,6.666666666666667,29.0,0.1287481774525813,-0.99167731989929,0.8660254037844386,0.5000000000000001,-717.593
2025-06-24 06:00:00,0.0,0.6663550303322087,83.0,67.51012638618143,0.4326487852915995,74.33333333333333,6.666666666666667,29.0,0.1287481774525813,-0.99167731989929,0.9659258262890684,-0.2588190451025206,2898.1262
2025-06-24 09:00:00,1.0,0.1353269306299476,83.0,74.95411720559044,0.4350620273516719,81.0,3.6666666666666665,29.0,0.1287481774525813,-0.99167731989929,0.4999999999999999,-0.8660254037844387,19844.855
2025-06-24 12:00:00,0.0,0.916242659258549,80.66666666666667,67.46158084226869,1.159883266432591,79.66666666666667,7.666666666666667,29.0,0.1287481774525813,-0.99167731989929,-0.2588190451025208,-0.9659258262890684,9430.635
2025-06-24 15:00:00,1.0,0.4490504210331984,81.66666666666667,30.02819204847696,0.5344957884018835,85.33333333333333,2.6666666666666665,29.0,0.1287481774525813,-0.99167731989929,-0.8660254037844385,-0.5000000000000004,6920.3823
2025-06-24 18:00:00,1.0,0.1140691551497327,81.0,29.99388764850152,0.3341432920728671,82.33333333333333,5.666666666666667,29.0,0.1287481774525813,-0.99167731989929,-0.9659258262890684,0.2588190451025203,12514.542
2025-06-24 21:00:00,1.0,0.2510878995633232,84.33333333333333,105.00162671539208,1.233900153496638,76.33333333333333,5.666666666666667,29.0,0.1287481774525813,-0.99167731989929,-0.5000000000000004,0.8660254037844384,10695.951
2025-06-25 00:00:00,1.0,0.43286174392532,80.0,29.98858174423233,0.9663063760741736,86.33333333333333,2.333333333333333,29.0,0.1116590071216951,-0.993746580436178,0.2588190451025207,0.9659258262890684,8932.478
2025-06-25 03:00:00,1.0,0.4205917564495011,84.66666666666667,60.05086663384119,0.4328333932705424,73.0,5.666666666666667,29.0,0.1116590071216951,-0.993746580436178,0.8660254037844386,0.5000000000000001,7402.852
2025-06-25 06:00:00,0.0,0.8322162308378918,78.66666666666667,45.01233587183848,0.9683832836592624,88.0,2.0,29.0,0.1116590071216951,-0.993746580436178,0.9659258262890684,-0.2588190451025206,1756.8986
2025-06-25 09:00:00,0.0,0.529111154016707,78.66666666666667,67.45838613323926,0.8032080699343133,84.33333333333333,6.0,29.0,0.1116590071216951,-0.993746580436178,0.4999999999999999,-0.8660254037844387,11661.891
2025-06-25 12:00:00,1.0,0.1187730792983917,81.33333333333333,67.47106609958911,0.3334692955811449,82.66666666666667,3.0,29.0,0.1116590071216951,-0.993746580436178,-0.2588190451025208,-0.9659258262890684,21926.701
2025-06-25 15:00:00,0.0,0.9174983390316922,82.33333333333333,74.98308393474584,0.7331224066941271,90.33333333333331,8.666666666666666,29.0,0.1116590071216951,-0.993746580436178,-0.8660254037844385,-0.5000000000000004,4620.014
2025-06-25 18:00:00,1.0,0.333199573774313,77.0,60.03918234560396,0.3337405100116775,79.33333333333333,4.0,29.0,0.1116590071216951,-0.993746580436178,-0.9659258262890684,0.2588190451025203,11264.465
2025-06-25 21:00:00,1.0,0.336074346856111,82.0,67.4985524011079,0.6022807691279338,72.66666666666667,9.333333333333334,29.0,0.1116590071216951,-0.993746580436178,-0.5000000000000004,0.8660254037844384,9945.65
2025-06-26 00:00:00,1.0,0.1027625741289878,81.66666666666667,30.00087783756793,0.1677570332368227,82.33333333333333,3.333333333333333,29.0,0.0945367498171991,-0.9955213724144752,0.2588190451025207,0.9659258262890684,14022.166
2025-06-26 03:00:00,0.0,0.9194952899566518,77.66666666666667,29.99425248095223,0.1687022198710581,90.66666666666669,3.333333333333333,29.0,0.0945367498171991,-0.9955213724144752,0.8660254037844386,0.5000000000000001,531.4694
2025-06-26 06:00:00,0.0,0.75047166512692,73.33333333333333,29.96547948765429,-0.0005202978617398,86.33333333333333,1.0,29.0,0.0945367498171991,-0.9955213724144752,0.9659258262890684,-0.2588190451025206,3165.1228
2025-06-26 09:00:00,1.0,0.478147718909706,83.66666666666667,74.95659208147036,0.9674854764315256,75.0,12.666666666666666,29.0,0.0945367498171991,-0.9955213724144752,0.4999999999999999,-0.8660254037844387,17794.72
2025-06-26 12:00:00,0.0,0.9160532492034252,80.66666666666667,29.97133575608333,0.0001491544957251,80.33333333333333,4.333333333333333,29.0,0.0945367498171991,-0.9955213724144752,-0.2588190451025208,-0.9659258262890684,8349.469
2025-06-26 15:00:00,1.0,0.1222580775055864,83.66666666666667,37.52597865901402,0.500151117371613,75.33333333333333,3.0,29.0,0.0945367498171991,-0.9955213724144752,-0.8660254037844385,-0.5000000000000004,18857.053
2025-06-26 18:00:00,1.0,0.1378787314913119,83.0,82.5530941203185,1.2354686387977851,72.33333333333333,8.333333333333334,29.0,0.0945367498171991,-0.9955213724144752,-0.9659258262890684,0.2588190451025203,12404.069
2025-06-26 21:00:00,1.0,0.2517669036743591,83.66666666666667,74.95681847046906,0.4352650840011535,78.0,5.0,29.0,0.0945367498171991,-0.9955213724144752,-0.5000000000000004,0.8660254037844384,11014.142
2025-06-27 00:00:00,0.0,0.9165719031790508,80.66666666666667,-0.0063426959869589,0.4340661038100684,91.66666666666669,0.0,29.0,0.077386479233463,-0.9970011699250152,0.2588190451025207,0.9659258262890684,596.4294
2025-06-27 03:00:00,1.0,0.0542768637443965,80.66666666666667,112.49959500203757,0.9035231583883152,82.0,6.666666666666667,29.0,0.077386479233463,-0.9970011699250152,0.8660254037844386,0.5000000000000001,13894.21
2025-06-27 06:00:00,0.0,0.9193104662801668,80.0,59.96289838848512,0.2676459335548583,80.0,5.333333333333333,29.0,0.077386479233463,-0.9970011699250152,0.9659258262890684,-0.2588190451025206,1634.4694
2025-06-27 09:00:00,1.0,0.1425271256673848,83.66666666666667,74.98842689939721,0.7303406466444042,65.33333333333333,9.666666666666666,29.0,0.077386479233463,-0.9970011699250152,0.4999999999999999,-0.8660254037844387,19059.299
2025-06-27 12:00:00,1.0,0.1093925448116433,88.0,97.5079957270185,1.069524050106443,60.0,15.0,29.0,0.077386479233463,-0.9970011699250152,-0.2588190451025208,-0.9659258262890684,22907.3
2025-06-27 15:00:00,0.0,0.750432370198481,75.66666666666667,-0.0249831907161006,0.8003967282247443,88.33333333333333,0.0,29.0,0.077386479233463,-0.9970011699250152,-0.8660254037844385,-0.5000000000000004,7579.7983
2025-06-27 18:00:00,0.0,0.9183481266698484,80.66666666666667,74.94994788688199,1.6683083465393524,86.66666666666667,4.333333333333333,29.0,0.077386479233463,-0.9970011699250152,-0.9659258262890684,0.2588190451025203,-1148.7516
2025-06-27 21:00:00,0.0,0.7496834401275116,81.33333333333333,89.98662442606503,0.4349359188930575,80.0,9.0,29.0,0.077386479233463,-0.9970011699250152,-0.5000000000000004,0.8660254037844384,-655.8842
2025-06-28 00:00:00,1.0,0.336537873280577,86.66666666666667,82.47529998504653,0.6011769058481814,66.33333333333333,5.666666666666667,29.0,0.060213277365793,-0.9981855344718586,0.2588190451025207,0.9659258262890684,8728.169
2025-06-28 03:00:00,1.0,0.3326778156924273,80.66666666666667,52.49141023212036,0.9671345298283818,76.0,7.333333333333333,29.0,0.060213277365793,-0.9981855344718586,0.8660254037844386,0.5000000000000001,8585.473
2025-06-28 06:00:00,1.0,0.1705508577019431,80.0,0.0265016547312124,1.0660375930821913,85.66666666666667,0.0,29.0,0.060213277365793,-0.9981855344718586,0.9659258262890684,-0.2588190451025206,12800.727
2025-06-28 09:00:00,1.0,0.1026590776238697,86.66666666666667,90.01586822292784,0.9649046901028274,70.33333333333333,11.0,29.0,0.060213277365793,-0.9981855344718586,0.4999999999999999,-0.8660254037844387,19125.861
2025-06-28 12:00:00,1.0,0.4293800016303584,79.0,37.50763273631621,1.0666542460962678,92.33333333333331,2.333333333333333,29.0,0.060213277365793,-0.9981855344718586,-0.2588190451025208,-0.9659258262890684,18045.63
2025-06-28 15:00:00,0.0,0.5794036427807575,82.0,67.52235841807916,1.8315794695255216e-05,71.0,6.666666666666667,29.0,0.060213277365793,-0.9981855344718586,-0.8660254037844385,-0.5000000000000004,4513.706
2025-06-28 18:00:00,1.0,0.094948215548665,81.33333333333333,112.6578816632698,0.968762230561189,74.0,7.333333333333333,29.0,0.060213277365793,-0.9981855344718586,-0.9659258262890684,0.2588190451025203,11388.768
2025-06-28 21:00:00,0.0,0.914122611254026,79.66666666666667,30.002870001609825,0.1676267424253778,86.0,3.333333333333333,29.0,0.060213277365793,-0.9981855344718586,-0.5000000000000004,0.8660254037844384,614.8297
2025-06-29 00:00:00,0.0,0.7500713817814071,77.66666666666667,29.99085991759515,0.3347330969635524,85.33333333333333,2.0,29.0,0.0430222330045305,-0.99907411510223,0.2588190451025207,0.9659258262890684,534.205
2025-06-29 03:00:00,0.0,0.4934144837978713,79.66666666666667,-0.0268022774282487,1.234891743883452,90.0,0.0,29.0,0.0430222330045305,-0.99907411510223,0.8660254037844386,0.5000000000000001,3206.5962
2025-06-29 06:00:00,1.0,0.3332657256882035,81.66666666666667,115.23887053978562,0.8002211619239072,80.0,5.0,29.0,0.0430222330045305,-0.99907411510223,0.9659258262890684,-0.2588190451025206,8659.255
2025-06-29 09:00:00,0.0,0.9178332767497668,78.66666666666667,67.50363011861886,0.1690569292876468,84.66666666666667,1.0,29.0,0.0430222330045305,-0.99907411510223,0.4999999999999999,-0.8660254037844387,11454.733
2025-06-29 12:00:00,0.0,0.667367136217528,80.0,52.50917859785901,1.936206715156544,84.33333333333333,6.333333333333333,29.0,0.0430222330045305,-0.99907411510223,-0.2588190451025208,-0.9659258262890684,9557.327
2025-06-29 15:00:00,0.0,0.7507151445079271,85.66666666666667,59.99926330593386,0.3338746402971423,69.66666666666667,9.0,29.0,0.0430222330045305,-0.99907411510223,-0.8660254037844385,-0.5000000000000004,3973.7046
2025-06-29 18:00:00,0.0,0.5850399203267765,75.66666666666667,37.50540580353831,0.0011565141367841,81.0,4.666666666666667,29.0,0.0430222330045305,-0.99907411510223,-0.9659258262890684,0.2588190451025203,-769.06903
2025-06-29 21:00:00,1.0,0.5114141107502757,77.66666666666667,29.95880975234996,0.4338147926287143,88.0,4.0,29.0,0.0430222330045305,-0.99907411510223,-0.5000000000000004,0.8660254037844384,1793.3265
2025-06-30 00:00:00,0.0,0.6677751228304327,81.33333333333333,67.48116465196745,0.4341485044062763,83.0,5.666666666666667,29.0,0.025818440227133,-0.9996666485105112,0.2588190451025207,0.9659258262890684,-114.62967
2025-06-30 03:00:00,1.0,0.58382575618944,78.66666666666667,30.00969387166127,0.1672317088776479,92.0,5.0,29.0,0.025818440227133,-0.9996666485105112,0.8660254037844386,0.5000000000000001,233.1665
2025-06-30 06:00:00,1.0,0.3344040716819881,81.66666666666667,59.995322410142194,0.4354307087965157,77.66666666666667,5.666666666666667,29.0,0.025818440227133,-0.9996666485105112,0.9659258262890684,-0.2588190451025206,9454.264
2025-06-30 09:00:00,0.0,0.9964018839147394,77.66666666666667,29.94566247008512,1.5353588876546007,86.33333333333333,2.0,29.0,0.025818440227133,-0.9996666485105112,0.4999999999999999,-0.8660254037844387,13477.54
2025-06-30 12:00:00,0.0,0.7497879269119755,79.33333333333333,138.60145578962383,0.4338982861045957,79.33333333333333,6.333333333333333,29.0,0.025818440227133,-0.9996666485105112,-0.2588190451025208,-0.9659258262890684,9557.327
2025-06-30 15:00:00,1.0,0.1171132636856343,82.33333333333333,59.99287927998984,0.4345295574448816,76.66666666666667,11.0,29.0,0.025818440227133,-0.9996666485105112,-0.8660254037844385,-0.5000000000000004,18776.547
2025-06-30 18:00:00,0.0,0.5843693156833211,79.66666666666667,29.99603725879173,1.0008580394389022,80.0,5.0,29.0,0.025818440227133,-0.9996666485105112,-0.9659258262890684,0.2588190451025203,-2116.9072
2025-06-30 21:00:00,0.0,0.914648344860739,84.0,67.48573015981475,0.9665593719960968,79.33333333333333,6.666666666666667,29.0,0.025818440227133,-0.9996666485105112,-0.5000000000000004,0.8660254037844384,-534.0362
2025-07-01 00:00:00,1.0,0.0751280407940941,83.66666666666667,59.97152730058804,0.4335917474522455,72.33333333333333,6.666666666666667,29.0,0.0086069968886886,-0.9999629591162656,0.2588190451025207,0.9659258262890684,16993.805
2025-07-01 03:00:00,1.0,0.2494848048364554,83.66666666666667,105.011720995765,1.8661355688570196,73.0,7.666666666666667,29.0,0.0086069968886886,-0.9999629591162656,0.8660254037844386,0.5000000000000001,7106.3047
2025-07-01 06:00:00,1.0,0.3374506585756076,85.33333333333333,82.45175463567803,1.000465162943491,77.66666666666667,5.666666666666667,29.0,0.0086069968886886,-0.9999629591162656,0.9659258262890684,-0.2588190451025206,9133.638
2025-07-01 09:00:00,0.0,0.7495127553918297,81.33333333333333,29.977205522633756,0.5333055814384416,79.66666666666667,4.666666666666667,29.0,0.0086069968886886,-0.9999629591162656,0.4999999999999999,-0.8660254037844387,10487.459
2025-07-01 12:00:00,0.0,1.0011420717889368,77.66666666666667,29.99699940304913,0.7004687046094719,94.33333333333331,3.0,29.0,0.0086069968886886,-0.9999629591162656,-0.2588190451025208,-0.9659258262890684,10382.311
2025-07-01 15:00:00,0.0,0.6657597629395727,75.66666666666667,-0.0147589015068292,0.8019286106674306,96.33333333333331,0.0,29.0,0.0086069968886886,-0.9999629591162656,-0.8660254037844385,-0.5000000000000004,7579.7983
2025-07-01 18:00:00,0.0,0.8322706052463213,79.0,29.957728479705533,1.067059605685704,94.0,2.6666666666666665,29.0,0.0086069968886886,-0.9999629591162656,-0.9659258262890684,0.2588190451025203,-1908.8228
2025-07-01 21:00:00,0.0,0.9190664652642648,81.33333333333333,22.489068330402898,1.236635038334683,80.0,3.333333333333333,29.0,0.0086069968886886,-0.9999629591162656,-0.5000000000000004,0.8660254037844384,345.62527
2025-07-02 00:00:00,0.0,0.9164570015973844,84.0,22.44340357372538,0.1664567726125331,78.66666666666667,1.6666666666666667,29.0,-0.008606996888688,-0.9999629591162656,0.2588190451025207,0.9659258262890684,-142.09576
2025-07-02 03:00:00,1.0,0.4386951914570964,78.66666666666667,60.00057930008675,0.731784830054197,85.0,10.0,29.0,-0.008606996888688,-0.9999629591162656,0.8660254037844386,0.5000000000000001,7338.7266
2025-07-02 06:00:00,0.0,0.9190893575375446,77.66666666666667,29.97470905188893,0.0007667937200334,92.33333333333331,2.6666666666666665,29.0,-0.008606996888688,-0.9999629591162656,0.9659258262890684,-0.2588190451025206,3085.156
2025-07-02 09:00:00,0.0,0.575145468590934,81.0,104.99533197421488,0.8675730841440266,78.0,10.333333333333334,29.0,-0.008606996888688,-0.9999629591162656,0.4999999999999999,-0.8660254037844387,11369.848
2025-07-02 12:00:00,0.0,1.0000055774523708,75.66666666666667,67.46309014559756,1.0690184439596315,91.33333333333331,0.0,29.0,-0.008606996888688,-0.9999629591162656,-0.2588190451025208,-0.9659258262890684,12306.5205
2025-07-02 15:00:00,1.0,0.0869542447142898,84.33333333333333,67.52290725385116,1.1672548223459902,77.66666666666667,4.666666666666667,29.0,-0.008606996888688,-0.9999629591162656,-0.8660254037844385,-0.5000000000000004,15659.297
2025-07-02 18:00:00,1.0,0.3350156242997965,82.33333333333333,109.9740604916261,1.1670615019077546,80.66666666666667,5.666666666666667,29.0,-0.008606996888688,-0.9999629591162656,-0.9659258262890684,0.2588190451025203,9016.45
2025-07-02 21:00:00,0.0,1.0065321197207706,77.0,30.006324096964818,0.4360815777372073,88.66666666666667,2.0,29.0,-0.008606996888688,-0.9999629591162656,-0.5000000000000004,0.8660254037844384,303.78952
2025-07-03 00:00:00,0.0,0.5864878044431601,83.33333333333333,37.497414889991,0.4348366549009778,92.33333333333331,2.0,29.0,-0.0258184402271323,-0.9996666485105112,0.2588190451025207,0.9659258262890684,-356.4412
2025-07-03 03:00:00,0.0,0.917384190905048,80.66666666666667,89.96667565167202,0.965610177980027,82.33333333333333,5.666666666666667,29.0,-0.0258184402271323,-0.9996666485105112,0.8660254037844386,0.5000000000000001,-476.01733
2025-07-03 06:00:00,1.0,0.4230510191861391,78.33333333333333,30.00451965280329,0.1675607154164843,88.0,5.333333333333333,29.0,-0.0258184402271323,-0.9996666485105112,0.9659258262890684,-0.2588190451025206,3449.2534
2025-07-03 09:00:00,0.0,0.5146609696118757,85.66666666666667,30.00562355220244,0.1665080472747301,71.66666666666667,2.6666666666666665,29.0,-0.0258184402271323,-0.9996666485105112,0.4999999999999999,-0.8660254037844387,11435.231
2025-07-03 12:00:00,1.0,0.3314091436104533,82.33333333333333,30.008734197473856,0.7008603769274738,80.0,4.0,29.0,-0.0258184402271323,-0.9996666485105112,-0.2588190451025208,-0.9659258262890684,8823.368
2025-07-03 15:00:00,1.0,0.4405117635913455,82.33333333333333,45.08610097423113,1.0672938198839608,80.66666666666667,2.333333333333333,29.0,-0.0258184402271323,-0.9996666485105112,-0.8660254037844385,-0.5000000000000004,7066.938
2025-07-03 18:00:00,0.0,0.475761934525101,85.0,112.49306820104164,0.9650247373623912,67.33333333333333,8.666666666666666,29.0,-0.0258184402271323,-0.9996666485105112,-0.9659258262890684,0.2588190451025203,1620.407
2025-07-03 21:00:00,0.0,0.7488504587517785,80.0,97.48888098784153,0.7986535663714948,81.33333333333333,14.666666666666666,29.0,-0.0258184402271323,-0.9996666485105112,-0.5000000000000004,0.8660254037844384,-655.8842
2025-07-04 00:00:00,0.0,0.585209503199149,77.0,0.0225400761871232,0.3338745818609644,86.33333333333333,0.0,29.0,-0.0430222330045303,-0.99907411510223,0.2588190451025207,0.9659258262890684,1280.8242
2025-07-04 03:00:00,1.0,0.05080381202919,81.66666666666667,22.54573699115436,0.5338639634008661,81.66666666666667,3.0,29.0,-0.0430222330045303,-0.99907411510223,0.8660254037844386,0.5000000000000001,19595.006
2025-07-04 06:00:00,0.0,0.9160347591575504,80.66666666666667,22.48678785766532,0.1668734507918598,82.0,4.666666666666667,29.0,-0.0430222330045303,-0.99907411510223,0.9659258262890684,-0.2588190451025206,586.10205
2025-07-04 09:00:00,1.0,0.4940917115910195,78.33333333333333,107.76374980029112,1.260775807757715,87.0,4.333333333333333,29.0,-0.0430222330045303,-0.99907411510223,0.4999999999999999,-0.8660254037844387,11191.972
2025-07-04 12:00:00,1.0,0.2483214701747532,82.66666666666667,82.55791757361841,0.3341207575576355,83.33333333333333,4.333333333333333,29.0,-0.0430222330045303,-0.99907411510223,-0.2588190451025208,-0.9659258262890684,15987.416
2025-07-04 15:00:00,0.0,0.4717752812031488,77.66666666666667,67.46133308181398,0.9023692169847686,86.0,4.0,29.0,-0.0430222330045303,-0.99907411510223,-0.8660254037844385,-0.5000000000000004,3760.9773
2025-07-04 18:00:00,1.0,0.2495735964115351,84.33333333333333,60.02271507976523,0.1673165600909985,71.33333333333333,9.333333333333334,29.0,-0.0430222330045303,-0.99907411510223,-0.9659258262890684,0.2588190451025203,9300.11
2025-07-04 21:00:00,0.0,0.9996500453111574,78.66666666666667,29.97649087728573,0.7005004621872383,89.33333333333333,2.6666666666666665,29.0,-0.0430222330045303,-0.99907411510223,-0.5000000000000004,0.8660254037844384,337.53128
2025-07-05 00:00:00,0.0,0.5056491569116637,84.33333333333333,90.02202795200094,0.1669697016203066,66.33333333333333,9.666666666666666,29.0,-0.0602132773657927,-0.9981855344718586,0.2588190451025207,0.9659258262890684,35.50887
2025-07-05 03:00:00,0.0,0.9993343767286404,78.66666666666667,67.50019059487398,0.2678536375962432,85.0,7.333333333333333,29.0,-0.0602132773657927,-0.9981855344718586,0.8660254037844386,0.5000000000000001,-456.34296
2025-07-05 06:00:00,0.0,0.8334191959691025,76.33333333333333,-0.0399154424415779,0.2675239326558391,90.33333333333331,0.0,29.0,-0.0602132773657927,-0.9981855344718586,0.9659258262890684,-0.2588190451025206,3309.1099
2025-07-05 09:00:00,0.0,0.7498332245777873,80.66666666666667,59.96850288830695,1.0360549527941132,83.0,7.333333333333333,29.0,-0.0602132773657927,-0.9981855344718586,0.4999999999999999,-0.8660254037844387,12099.63
2025-07-05 12:00:00,1.0,0.1134141526607052,82.66666666666667,97.499959957527,0.2674911182703743,68.33333333333333,9.333333333333334,29.0,-0.0602132773657927,-0.9981855344718586,-0.2588190451025208,-0.9659258262890684,22371.373
2025-07-05 15:00:00,1.0,0.3313245562428507,80.33333333333333,0.0186161974467631,1.0667985214085278,84.0,0.0,29.0,-0.0602132773657927,-0.9981855344718586,-0.8660254037844385,-0.5000000000000004,9861.964
2025-07-05 18:00:00,1.0,0.3334316007850885,75.66666666666667,0.0403620566692338,0.1668451033000859,89.33333333333333,0.0,29.0,-0.0602132773657927,-0.9981855344718586,-0.9659258262890684,0.2588190451025203,10879.369
2025-07-05 21:00:00,1.0,0.1030163814528759,81.33333333333333,30.018383448630185,0.967158184720008,84.0,4.666666666666667,29.0,-0.0602132773657927,-0.9981855344718586,-0.5000000000000004,0.8660254037844384,15362.052
2025-07-06 00:00:00,1.0,0.110100588027886,85.0,59.985108651424895,0.4338393577838544,75.33333333333333,7.666666666666667,29.0,-0.0773864792334632,-0.9970011699250152,0.2588190451025207,0.9659258262890684,14225.557
2025-07-06 03:00:00,1.0,0.2507922298233584,85.0,90.16588112508052,0.6992048767707487,74.66666666666667,6.333333333333333,29.0,-0.0773864792334632,-0.9970011699250152,0.8660254037844386,0.5000000000000001,6468.212
2025-07-06 06:00:00,1.0,0.1623058735801742,82.0,60.03205486752815,1.1350624430155294,78.0,3.0,29.0,-0.0773864792334632,-0.9970011699250152,0.9659258262890684,-0.2588190451025206,11711.672
2025-07-06 09:00:00,1.0,0.3334997399663997,86.33333333333333,37.447280045809926,0.4338832914912158,68.33333333333333,6.0,29.0,-0.0773864792334632,-0.9970011699250152,0.4999999999999999,-0.8660254037844387,10005.202
2025-07-06 12:00:00,0.0,0.7486683436390705,83.0,104.96018678808284,0.9675931275091708,74.66666666666667,6.333333333333333,29.0,-0.0773864792334632,-0.9970011699250152,-0.2588190451025208,-0.9659258262890684,10230.089
2025-07-06 15:00:00,1.0,0.1266496249325996,83.0,82.48747214823288,0.4337079921994247,70.0,13.0,29.0,-0.0773864792334632,-0.9970011699250152,-0.8660254037844385,-0.5000000000000004,19424.229
2025-07-06 18:00:00,0.0,0.9183719088469088,78.33333333333333,30.01071772448282,0.8982904822639854,88.33333333333333,2.0,29.0,-0.0773864792334632,-0.9970011699250152,-0.9659258262890684,0.2588190451025203,-1908.8228
2025-07-06 21:00:00,0.0,0.8326246303524533,77.0,59.9356987490257,0.1672812800914409,88.33333333333333,3.6666666666666665,29.0,-0.0773864792334632,-0.9970011699250152,-0.5000000000000004,0.8660254037844384,-212.52835
2025-07-07 00:00:00,0.0,0.4965079483241678,76.66666666666667,29.99699357617525,0.0008341589583404,90.0,5.333333333333333,29.0,-0.0945367498171993,-0.9955213724144752,0.2588190451025207,0.9659258262890684,3357.861
2025-07-07 03:00:00,0.0,0.4872189845861189,84.66666666666667,97.48138728510628,0.4337095369991703,75.0,8.333333333333334,29.0,-0.0945367498171993,-0.9955213724144752,0.8660254037844386,0.5000000000000001,2020.6005
2025-07-07 06:00:00,1.0,0.4135366707746614,83.0,104.98855065470906,0.3326950445550272,69.33333333333333,9.333333333333334,29.0,-0.0945367498171993,-0.9955213724144752,0.9659258262890684,-0.2588190451025206,4870.5312
2025-07-07 09:00:00,1.0,0.3360294937641971,80.66666666666667,52.52234118373728,1.1675945013387312,80.0,6.0,29.0,-0.0945367498171993,-0.9955213724144752,0.4999999999999999,-0.8660254037844387,10991.479
2025-07-07 12:00:00,0.0,1.0057258231698012,77.0,37.50540152726449,0.168874814651444,86.0,4.0,29.0,-0.0945367498171993,-0.9955213724144752,-0.2588190451025208,-0.9659258262890684,10558.289
2025-07-07 15:00:00,0.0,0.6689947504419507,83.0,59.97488692358308,0.3333422437159666,84.0,6.666666666666667,29.0,-0.0945367498171993,-0.9955213724144752,-0.8660254037844385,-0.5000000000000004,5880.26
2025-07-07 18:00:00,0.0,0.6666114643388868,73.66666666666667,0.0518574326848723,1.0678081390045244,88.66666666666667,0.0,29.0,-0.0945367498171993,-0.9955213724144752,-0.9659258262890684,0.2588190451025203,-501.4261
2025-07-07 21:00:00,1.0,0.4604011467749687,80.0,30.003683920462908,0.5356102082101365,86.66666666666667,5.0,29.0,-0.0945367498171993,-0.9955213724144752,-0.5000000000000004,0.8660254037844384,6165.7754
2025-07-08 00:00:00,0.0,0.5859213047045182,80.0,60.02239082938818,1.3349455866937527,90.0,5.0,29.0,-0.1116590071216944,-0.993746580436178,0.2588190451025207,0.9659258262890684,-356.4412
2025-07-08 03:00:00,1.0,0.0721444275209766,82.66666666666667,74.95101161771971,0.8023940133746278,75.66666666666667,8.666666666666666,29.0,-0.1116590071216944,-0.993746580436178,0.8660254037844386,0.5000000000000001,15540.512
2025-07-08 06:00:00,0.0,0.5850713924147718,81.0,59.98918613306919,1.3327416120295363,82.66666666666667,7.333333333333333,29.0,-0.1116590071216944,-0.993746580436178,0.9659258262890684,-0.2588190451025206,2261.4521
2025-07-08 09:00:00,1.0,0.4575257157078921,79.33333333333333,30.021520914389477,0.4341263410744735,89.33333333333333,4.666666666666667,29.0,-0.1116590071216944,-0.993746580436178,0.4999999999999999,-0.8660254037844387,18377.943
2025-07-08 12:00:00,0.0,0.8324920343880425,79.0,74.96762320094047,0.7998764441446684,86.66666666666667,6.0,29.0,-0.1116590071216944,-0.993746580436178,-0.2588190451025208,-0.9659258262890684,9830.558
2025-07-08 15:00:00,1.0,0.4527626208900456,81.66666666666667,30.022398688013727,0.602097008752227,73.0,2.6666666666666665,29.0,-0.1116590071216944,-0.993746580436178,-0.8660254037844385,-0.5000000000000004,7069.436
2025-07-08 18:00:00,0.0,0.9171999699294814,82.0,30.01931520794862,0.0002747413996253,81.66666666666667,7.0,29.0,-0.1116590071216944,-0.993746580436178,-0.9659258262890684,0.2588190451025203,-2181.0054
2025-07-08 21:00:00,0.0,0.5325474123945415,80.0,67.5084911384052,0.4338692534771047,74.66666666666667,10.0,29.0,-0.1116590071216944,-0.993746580436178,-0.5000000000000004,0.8660254037844384,-254.30637
2025-07-09 00:00:00,1.0,0.1315579114117278,81.33333333333333,37.516016623746815,0.3334415420482342,79.0,5.0,29.0,-0.1287481774525806,-0.99167731989929,0.2588190451025207,0.9659258262890684,14611.757
2025-07-09 03:00:00,1.0,0.2087521145882865,80.0,67.3740532678783,0.5338524894273339,86.33333333333333,1.0,29.0,-0.1287481774525806,-0.99167731989929,0.8660254037844386,0.5000000000000001,7695.098
2025-07-09 06:00:00,1.0,0.1223397379542948,79.33333333333333,-0.0119965897720931,0.4337686004254403,89.33333333333333,0.0,29.0,-0.1287481774525806,-0.99167731989929,0.9659258262890684,-0.2588190451025206,15050.251
2025-07-09 09:00:00,0.0,0.5801087677859527,79.0,44.99519408088023,0.8018101137628264,89.0,1.6666666666666667,29.0,-0.1287481774525806,-0.99167731989929,0.4999999999999999,-0.8660254037844387,11824.759
2025-07-09 12:00:00,0.0,0.6679060764909655,79.0,37.48887395932618,0.9658290228563676,90.66666666666669,2.0,29.0,-0.1287481774525806,-0.99167731989929,-0.2588190451025208,-0.9659258262890684,9321.011
2025-07-09 15:00:00,0.0,0.6662082477767094,79.33333333333333,30.036253324140617,0.0013807700491197,77.66666666666667,4.666666666666667,29.0,-0.1287481774525806,-0.99167731989929,-0.8660254037844385,-0.5000000000000004,3456.0637
2025-07-09 18:00:00,0.0,0.9162390515548808,82.66666666666667,67.48877585536803,0.1673856228636401,70.33333333333333,7.666666666666667,29.0,-0.1287481774525806,-0.99167731989929,-0.9659258262890684,0.2588190451025203,-1504.896
2025-07-09 21:00:00,1.0,0.0900360040293219,84.66666666666667,104.99909273410036,1.197282701805081,72.0,12.0,29.0,-0.1287481774525806,-0.99167731989929,-0.5000000000000004,0.8660254037844384,14265.046
2025-07-10 00:00:00,0.0,0.7493968420123646,79.33333333333333,112.50652308958452,1.6012243220394362,78.66666666666667,6.0,29.0,-0.1457991969198744,-0.9893142039703664,0.2588190451025207,0.9659258262890684,-102.531586
2025-07-10 03:00:00,1.0,0.4531946930730831,85.0,89.93586190094406,1.2994110071546083,75.0,10.0,29.0,-0.1457991969198744,-0.9893142039703664,0.8660254037844386,0.5000000000000001,7350.833
2025-07-10 06:00:00,0.0,0.9175543856340812,80.66666666666667,29.965371290328235,0.2690423818777307,88.33333333333333,2.0,29.0,-0.1457991969198744,-0.9893142039703664,0.9659258262890684,-0.2588190451025206,1145.9587
2025-07-10 09:00:00,1.0,0.3361336685569275,77.0,-0.0129088813937985,0.0004699231200239,89.33333333333333,0.0,29.0,-0.1457991969198744,-0.9893142039703664,0.4999999999999999,-0.8660254037844387,15521.193
2025-07-10 12:00:00,1.0,0.4735142050422692,84.0,119.94829027051328,2.336089739977496,68.33333333333333,11.333333333333334,29.0,-0.1457991969198744,-0.9893142039703664,-0.2588190451025208,-0.9659258262890684,20176.291
2025-07-10 15:00:00,1.0,0.1087374131458673,83.0,119.97430228377436,0.7007065185839014,69.66666666666667,11.0,29.0,-0.1457991969198744,-0.9893142039703664,-0.8660254037844385,-0.5000000000000004,17055.861
2025-07-10 18:00:00,0.0,0.5366351280168372,81.33333333333333,29.97144642927573,1.0662080065092336,82.0,4.666666666666667,29.0,-0.1457991969198744,-0.9893142039703664,-0.9659258262890684,0.2588190451025203,-1661.508
2025-07-10 21:00:00,1.0,0.3305421938936591,84.33333333333333,59.986870429711246,0.6005949003786569,79.33333333333333,8.0,29.0,-0.1457991969198744,-0.9893142039703664,-0.5000000000000004,0.8660254037844384,10293.884
2025-07-11 00:00:00,0.0,0.6684622318064973,84.66666666666667,60.0329772035052,0.9046702542186223,66.33333333333333,9.0,29.0,-0.1628070129385164,-0.9866579328916572,0.2588190451025207,0.9659258262890684,-201.97008
2025-07-11 03:00:00,1.0,0.3334939845717226,80.0,29.989600339453823,1.1334254202582426,86.0,2.0,29.0,-0.1628070129385164,-0.9866579328916572,0.8660254037844386,0.5000000000000001,8887.18
2025-07-11 06:00:00,0.0,0.6650039351219243,77.66666666666667,59.93070309595356,1.794487656566713,89.0,4.333333333333333,29.0,-0.1628070129385164,-0.9866579328916572,0.9659258262890684,-0.2588190451025206,3076.2686
2025-07-11 09:00:00,0.0,0.5846144989269199,85.66666666666667,59.9806460902416,0.4341849632589404,69.0,10.0,29.0,-0.1628070129385164,-0.9866579328916572,0.4999999999999999,-0.8660254037844387,11606.536
2025-07-11 12:00:00,0.0,0.6676488521354549,80.0,60.01053130197936,0.1680820008278268,80.33333333333333,6.666666666666667,29.0,-0.1628070129385164,-0.9866579328916572,-0.2588190451025208,-0.9659258262890684,10883.253
2025-07-11 15:00:00,0.0,0.8332682922074542,78.66666666666667,67.46532927182572,0.970552275938358,90.66666666666669,4.0,29.0,-0.1628070129385164,-0.9866579328916572,-0.8660254037844385,-0.5000000000000004,5381.1855
2025-07-11 18:00:00,1.0,0.2487219075257342,83.0,60.0061874404897,0.3334438686127139,71.33333333333333,5.333333333333333,29.0,-0.1628070129385164,-0.9866579328916572,-0.9659258262890684,0.2588190451025203,9178.315
2025-07-11 21:00:00,1.0,0.3323359718805814,83.66666666666667,30.01067654191876,0.2671877770122761,78.0,2.6666666666666665,29.0,-0.1628070129385164,-0.9866579328916572,-0.5000000000000004,0.8660254037844384,10856.955
2025-07-12 00:00:00,0.0,0.9188107728867078,79.33333333333333,67.52320750124065,0.1667689555606037,79.33333333333333,4.0,29.0,-0.1797665857255621,-0.9837092937736098,0.2588190451025207,0.9659258262890684,-156.52687
2025-07-12 03:00:00,0.0,0.9133339840764372,81.33333333333333,52.47303010004631,0.8959831021930708,85.66666666666667,6.666666666666667,29.0,-0.1797665857255621,-0.9837092937736098,0.8660254037844386,0.5000000000000001,-183.46248
2025-07-12 06:00:00,0.0,0.9162350593088976,80.66666666666667,67.44302802755335,0.9649901661286288,76.0,7.0,29.0,-0.1797665857255621,-0.9837092937736098,0.9659258262890684,-0.2588190451025206,1660.3268
2025-07-12 09:00:00,0.0,0.3352605109453547,82.0,59.96837148608207,1.1333554461073236,82.33333333333333,2.0,29.0,-0.1797665857255621,-0.9837092937736098,0.4999999999999999,-0.8660254037844387,8963.076
2025-07-12 12:00:00,1.0,0.4487566953475949,82.66666666666667,120.03687276624134,0.9006605318263562,78.0,9.333333333333334,29.0,-0.1797665857255621,-0.9837092937736098,-0.2588190451025208,-0.9659258262890684,18477.855
2025-07-12 15:00:00,0.0,0.8339970409069398,78.33333333333333,30.03501297659569,0.2669305501349343,87.66666666666667,4.0,29.0,-0.1797665857255621,-0.9837092937736098,-0.8660254037844385,-0.5000000000000004,4384.809
2025-07-12 18:00:00,1.0,0.0541050982706382,85.33333333333333,127.34013221167152,1.704005736144202,67.0,13.666666666666666,29.0,-0.1797665857255621,-0.9837092937736098,-0.9659258262890684,0.2588190451025203,7293.7905
2025-07-12 21:00:00,0.0,0.917873263571203,81.33333333333333,29.97151162750601,1.067409674314377,79.33333333333333,5.0,29.0,-0.1797665857255621,-0.9837092937736098,-0.5000000000000004,0.8660254037844384,226.47473
2025-07-13 00:00:00,1.0,0.0591115515353923,79.33333333333333,97.545184148481,1.0676648927584018,83.33333333333333,6.333333333333333,29.0,-0.1966728897935762,-0.980469160361632,0.2588190451025207,0.9659258262890684,14011.626
2025-07-13 03:00:00,1.0,0.2510375942697675,89.33333333333333,105.03929105972824,0.3334878588931015,61.66666666666666,9.666666666666666,29.0,-0.1966728897935762,-0.980469160361632,0.8660254037844386,0.5000000000000001,6602.463
2025-07-13 06:00:00,0.0,0.5909177353206636,84.66666666666667,60.00672219671444,0.4328283361079741,71.33333333333333,7.666666666666667,29.0,-0.1966728897935762,-0.980469160361632,0.9659258262890684,-0.2588190451025206,2425.551
2025-07-13 09:00:00,0.0,0.5844381092763481,69.0,59.989303442613135,1.7932141498127945,82.33333333333333,6.666666666666667,29.0,-0.1966728897935762,-0.980469160361632,0.4999999999999999,-0.8660254037844387,14833.94
2025-07-13 12:00:00,0.0,0.8330263566717601,85.66666666666667,89.96492199355686,0.2676916823100329,63.333333333333336,15.333333333333334,29.0,-0.1966728897935762,-0.980469160361632,-0.2588190451025208,-0.9659258262890684,10008.238
2025-07-13 15:00:00,0.0,0.8335515374535616,76.33333333333333,-0.0423699004251413,1.039556308521954,86.66666666666667,1.0,29.0,-0.1966728897935762,-0.980469160361632,-0.8660254037844385,-0.5000000000000004,6078.848
2025-07-13 18:00:00,0.0,0.8335562044810165,77.0,0.0090230116987806,0.967727281342662,94.0,0.0,29.0,-0.1966728897935762,-0.980469160361632,-0.9659258262890684,0.2588190451025203,-516.66644
2025-07-13 21:00:00,1.0,0.1151637319701699,81.33333333333333,67.50510793712634,0.4354708143254354,83.0,7.333333333333333,29.0,-0.1966728897935762,-0.980469160361632,-0.5000000000000004,0.8660254037844384,15031.43
2025-07-14 00:00:00,1.0,0.0930849340637856,82.33333333333333,59.98396168945009,0.2677063670543875,74.66666666666667,10.0,29.0,-0.2135209154397959,-0.9769384927771816,0.2588190451025207,0.9659258262890684,14052.223
2025-07-14 03:00:00,1.0,0.2503728650084054,90.33333333333331,89.99739788213087,0.3332254037119453,61.333333333333336,10.0,29.0,-0.2135209154397959,-0.9769384927771816,0.8660254037844386,0.5000000000000001,6602.463
2025-07-14 06:00:00,0.0,0.999054409560157,75.33333333333333,30.011136139345123,0.3342833440917729,76.33333333333333,2.6666666666666665,29.0,-0.2135209154397959,-0.9769384927771816,0.9659258262890684,-0.2588190451025206,2985.0874
2025-07-14 09:00:00,0.0,0.8331775582790147,78.66666666666667,59.97564510975624,0.0006806355403921,92.33333333333331,4.333333333333333,29.0,-0.2135209154397959,-0.9769384927771816,0.4999999999999999,-0.8660254037844387,11841.461
2025-07-14 12:00:00,1.0,0.333045430312561,85.0,75.00359320058539,0.9648545364672408,65.66666666666667,5.0,29.0,-0.2135209154397959,-0.9769384927771816,-0.2588190451025208,-0.9659258262890684,10263.522
2025-07-14 15:00:00,1.0,0.4333061682507206,83.0,60.01617643092322,0.3360738770080185,73.66666666666667,8.333333333333334,29.0,-0.2135209154397959,-0.9769384927771816,-0.8660254037844385,-0.5000000000000004,8162.011
2025-07-14 18:00:00,1.0,0.1230414637675129,77.33333333333333,59.96688864087824,0.7998596300698501,82.0,4.0,29.0,-0.2135209154397959,-0.9769384927771816,-0.9659258262890684,0.2588190451025203,15266.299
2025-07-14 21:00:00,1.0,0.5068744894340843,77.66666666666667,-0.0016186643091233,0.1676238557799625,86.66666666666667,0.0,29.0,-0.2135209154397959,-0.9769384927771816,-0.5000000000000004,0.8660254037844384,2368.0874
2025-07-15 00:00:00,0.0,0.6677260747423235,79.33333333333333,67.49297673445817,0.2671014609935503,83.0,4.666666666666667,29.0,-0.2303056702306119,-0.973118337233262,0.2588190451025207,0.9659258262890684,-119.75325
2025-07-15 03:00:00,1.0,0.4158520154092251,85.0,67.51755407905611,0.6013494748055757,67.33333333333333,9.333333333333334,29.0,-0.2303056702306119,-0.973118337233262,0.8660254037844386,0.5000000000000001,6164.3613
2025-07-15 06:00:00,0.0,0.5838056954453966,79.33333333333333,97.47921222058471,1.2321086970855717,80.66666666666667,9.333333333333334,29.0,-0.2303056702306119,-0.973118337233262,0.9659258262890684,-0.2588190451025206,2498.1401
2025-07-15 09:00:00,1.0,0.1337648160122053,88.0,97.50497061893589,1.2352224871546358,62.0,12.333333333333334,29.0,-0.2303056702306119,-0.973118337233262,0.4999999999999999,-0.8660254037844387,19860.086
2025-07-15 12:00:00,1.0,0.1124884503949706,79.33333333333333,82.47000364803165,2.0100026975547127,70.0,11.333333333333334,29.0,-0.2303056702306119,-0.973118337233262,-0.2588190451025208,-0.9659258262890684,23507.54
2025-07-15 15:00:00,0.0,0.918173938133947,82.0,97.5263240546672,1.1271065206640694,71.33333333333333,11.0,29.0,-0.2303056702306119,-0.973118337233262,-0.8660254037844385,-0.5000000000000004,3441.3328
2025-07-15 18:00:00,1.0,0.4440881756088197,83.0,67.46197387450319,0.0004514712939462,76.66666666666667,6.666666666666667,29.0,-0.2303056702306119,-0.973118337233262,-0.9659258262890684,0.2588190451025203,7493.8003
2025-07-15 21:00:00,0.0,1.0039311048513218,82.0,67.53261600147785,0.4337626265512666,70.33333333333333,9.333333333333334,29.0,-0.2303056702306119,-0.973118337233262,-0.5000000000000004,0.8660254037844384,-406.12982
2025-07-16 00:00:00,0.0,0.7491597937596735,79.0,-0.0177748568437098,0.3340176067569191,88.0,0.0,29.0,-0.2470221804809352,-0.9690098257244064,0.2588190451025207,0.9659258262890684,526.0328
2025-07-16 03:00:00,0.0,0.4949659479202166,77.33333333333333,67.47262587660462,1.0670621232782105,81.33333333333333,4.333333333333333,29.0,-0.2470221804809352,-0.9690098257244064,0.8660254037844386,0.5000000000000001,3069.9495
2025-07-16 06:00:00,1.0,0.3329780211099956,81.33333333333333,89.97455692417115,0.4340503404504125,79.33333333333333,8.666666666666666,29.0,-0.2470221804809352,-0.9690098257244064,0.9659258262890684,-0.2588190451025206,9338.676
2025-07-16 09:00:00,0.0,1.0014860957912133,78.33333333333333,-0.0506039864167881,0.4332634935295933,94.0,2.0,29.0,-0.2470221804809352,-0.9690098257244064,0.4999999999999999,-0.8660254037844387,9798.268
2025-07-16 12:00:00,0.0,1.001446165172182,81.0,29.98816406776412,1.3348899547450028,82.66666666666667,3.333333333333333,29.0,-0.2470221804809352,-0.9690098257244064,-0.2588190451025208,-0.9659258262890684,8277.056
2025-07-16 15:00:00,1.0,0.3717717571945343,78.0,60.00555210093589,0.0013729901954541,81.33333333333333,9.333333333333334,29.0,-0.2470221804809352,-0.9690098257244064,-0.8660254037844385,-0.5000000000000004,9744.46
2025-07-16 18:00:00,0.0,0.7481832378646527,76.33333333333333,67.47258669214223,1.5336764981540434,92.33333333333331,6.0,29.0,-0.2470221804809352,-0.9690098257244064,-0.9659258262890684,0.2588190451025203,-439.52374
2025-07-16 21:00:00,1.0,0.4215244695977517,78.66666666666667,59.97922551925927,0.0020582453923782,83.33333333333333,7.333333333333333,29.0,-0.2470221804809352,-0.9690098257244064,-0.5000000000000004,0.8660254037844384,8963.38
2025-07-17 00:00:00,1.0,0.2482896706082802,83.66666666666667,110.41599755004222,0.6008574481881092,75.33333333333333,6.666666666666667,29.0,-0.2636654927280072,-0.9646141756912436,0.2588190451025207,0.9659258262890684,9888.401
2025-07-17 03:00:00,0.0,0.9997044450347612,79.66666666666667,59.96896700399618,-0.000759027335222,80.33333333333333,4.666666666666667,29.0,-0.2636654927280072,-0.9646141756912436,0.8660254037844386,0.5000000000000001,-481.14087
2025-07-17 06:00:00,1.0,0.0941585969800756,82.33333333333333,104.96939398886816,0.001103008417472,70.66666666666667,8.333333333333334,29.0,-0.2636654927280072,-0.9646141756912436,0.9659258262890684,-0.2588190451025206,10306.888
2025-07-17 09:00:00,0.0,0.916468339136272,78.33333333333333,29.962208605844324,0.800178087043729,92.33333333333331,2.333333333333333,29.0,-0.2636654927280072,-0.9646141756912436,0.4999999999999999,-0.8660254037844387,10733.737
2025-07-17 12:00:00,0.0,0.7528063836541788,78.66666666666667,67.48271584731063,0.167591082079198,85.66666666666667,4.666666666666667,29.0,-0.2636654927280072,-0.9646141756912436,-0.2588190451025208,-0.9659258262890684,9709.649
2025-07-17 15:00:00,1.0,0.1270120270001362,85.0,105.01401446349124,0.9694844043081744,67.0,8.333333333333334,29.0,-0.2636654927280072,-0.9646141756912436,-0.8660254037844385,-0.5000000000000004,18856.834
2025-07-17 18:00:00,0.0,0.9184331711303224,78.33333333333333,-0.0159281689599445,0.3350974056616437,92.33333333333331,0.0,29.0,-0.2636654927280072,-0.9646141756912436,-0.9659258262890684,0.2588190451025203,-2562.7102
2025-07-17 21:00:00,1.0,0.1588031923018865,83.0,60.11233920738854,1.2692095330386248,78.0,7.333333333333333,29.0,-0.2636654927280072,-0.9646141756912436,-0.5000000000000004,0.8660254037844384,11601.754
2025-07-18 00:00:00,0.0,0.663183848687907,79.0,59.963775045242926,0.2666686096222245,83.0,8.0,29.0,-0.2802306751992161,-0.9599326896597444,0.2588190451025207,0.9659258262890684,-170.89226
2025-07-18 03:00:00,1.0,0.2499216629895958,77.0,0.0132588495896465,0.0004264193845653,85.33333333333333,0.0,29.0,-0.2802306751992161,-0.9599326896597444,0.8660254037844386,0.5000000000000001,12615.315
2025-07-18 06:00:00,1.0,0.3345398115585781,81.66666666666667,14.933429023277869,0.2688148948823488,86.33333333333333,4.0,29.0,-0.2802306751992161,-0.9599326896597444,0.9659258262890684,-0.2588190451025206,8195.735
2025-07-18 09:00:00,0.0,0.6689331782846138,80.66666666666667,67.47913650269432,0.2672115474119742,78.66666666666667,4.0,29.0,-0.2802306751992161,-0.9599326896597444,0.4999999999999999,-0.8660254037844387,12047.385
2025-07-18 12:00:00,1.0,0.3309299415119581,82.66666666666667,112.48154468150312,1.2587556576055037,77.66666666666667,4.333333333333333,29.0,-0.2802306751992161,-0.9599326896597444,-0.2588190451025208,-0.9659258262890684,9678.727
2025-07-18 15:00:00,1.0,0.3766754500851064,81.66666666666667,106.45912800948206,0.1686039453335171,72.33333333333333,6.333333333333333,29.0,-0.2802306751992161,-0.9599326896597444,-0.8660254037844385,-0.5000000000000004,10136.692
2025-07-18 18:00:00,1.0,0.1108395968908048,85.66666666666667,127.4727870306546,1.533425276959199,70.33333333333333,9.666666666666666,29.0,-0.2802306751992161,-0.9599326896597444,-0.9659258262890684,0.2588190451025203,13891.293
2025-07-18 21:00:00,0.0,1.001822035529006,78.33333333333333,-0.037413525047464,0.267318241224978,89.0,0.0,29.0,-0.2802306751992161,-0.9599326896597444,-0.5000000000000004,0.8660254037844384,1099.4095
2025-07-19 00:00:00,0.0,0.7499020872080671,77.0,37.460892333887664,0.1668793205187614,90.66666666666669,2.333333333333333,29.0,-0.2967128192734901,-0.9549667548552552,0.2588190451025207,0.9659258262890684,254.57486
2025-07-19 03:00:00,1.0,0.2516299369264632,82.66666666666667,118.39907476345672,1.8058885727730296,81.33333333333333,9.0,29.0,-0.2967128192734901,-0.9549667548552552,0.8660254037844386,0.5000000000000001,7741.649
2025-07-19 06:00:00,0.0,0.5827134816503685,77.66666666666667,29.98012335698814,0.9674192374107994,90.33333333333331,2.0,29.0,-0.2967128192734901,-0.9549667548552552,0.9659258262890684,-0.2588190451025206,3867.2458
2025-07-19 09:00:00,1.0,0.4164460320629891,83.66666666666667,115.85087083555426,0.2667316361456284,76.33333333333333,10.0,29.0,-0.2967128192734901,-0.9549667548552552,0.4999999999999999,-0.8660254037844387,19670.56
2025-07-19 12:00:00,1.0,0.2546638580745238,82.33333333333333,67.56499138229205,0.4346761595577739,78.66666666666667,5.333333333333333,29.0,-0.2967128192734901,-0.9549667548552552,-0.2588190451025208,-0.9659258262890684,16643.162
2025-07-19 15:00:00,1.0,0.0570951986680555,83.0,153.663586475714,1.5352485049736109,68.33333333333333,11.666666666666666,29.0,-0.2967128192734901,-0.9549667548552552,-0.8660254037844385,-0.5000000000000004,17895.816
2025-07-19 18:00:00,1.0,0.3330346082606373,75.66666666666667,37.48948186898748,0.1677571958133185,80.33333333333333,4.0,29.0,-0.2967128192734901,-0.9549667548552552,-0.9659258262890684,0.2588190451025203,10735.028
2025-07-19 21:00:00,1.0,0.1116811315474366,83.0,30.004977490195056,0.1670246030610633,83.0,4.666666666666667,29.0,-0.2967128192734901,-0.9549667548552552,-0.5000000000000004,0.8660254037844384,15877.268
2025-07-20 00:00:00,1.0,0.1273847273774989,81.33333333333333,79.85489380314822,0.3337620902544662,85.66666666666667,4.666666666666667,29.0,-0.3131070409358267,-0.9497178427914316,0.2588190451025207,0.9659258262890684,14950.418
2025-07-20 03:00:00,1.0,0.0363676183083978,83.0,29.98070478958736,0.1666676584710473,77.66666666666667,1.0,29.0,-0.3131070409358267,-0.9497178427914316,0.8660254037844386,0.5000000000000001,19660.121
2025-07-20 06:00:00,0.0,0.9171566143526416,82.66666666666667,29.97981244157189,0.5007398169886534,71.33333333333333,5.0,29.0,-0.3131070409358267,-0.9497178427914316,0.9659258262890684,-0.2588190451025206,1000.6043
2025-07-20 09:00:00,1.0,0.107393780725802,82.66666666666667,112.51934480725276,1.5970299237406842,66.66666666666667,10.0,29.0,-0.3131070409358267,-0.9497178427914316,0.4999999999999999,-0.8660254037844387,17588.69
2025-07-20 12:00:00,0.0,0.7508310737310087,77.0,-0.0151693043895091,0.167135304020064,86.66666666666667,0.0,29.0,-0.3131070409358267,-0.9497178427914316,-0.2588190451025208,-0.9659258262890684,13263.518
2025-07-20 15:00:00,0.0,0.5843092868510795,76.33333333333333,37.45533884075254,1.601673245992183,92.33333333333331,2.0,29.0,-0.3131070409358267,-0.9497178427914316,-0.8660254037844385,-0.5000000000000004,6195.9287
2025-07-20 18:00:00,1.0,0.2460856992854004,82.0,89.98727032417155,0.5331555296155946,81.33333333333333,10.0,29.0,-0.3131070409358267,-0.9497178427914316,-0.9659258262890684,0.2588190451025203,9679.979
2025-07-20 21:00:00,1.0,0.1043855234520649,79.66666666666667,82.49792938738618,1.4693699693316402,86.66666666666667,7.333333333333333,29.0,-0.3131070409358267,-0.9497178427914316,-0.5000000000000004,0.8660254037844384,14257.849
2025-07-21 00:00:00,0.0,0.8343759751575953,76.66666666666667,37.48445175695649,0.0010513021897681,85.66666666666667,5.0,29.0,-0.3294084822245302,-0.9441875088341994,0.2588190451025207,0.9659258262890684,340.23032
2025-07-21 03:00:00,1.0,0.3879726218746926,82.33333333333333,30.022539999496185,0.432809239496514,75.66666666666667,1.0,29.0,-0.3294084822245302,-0.9441875088341994,0.8660254037844386,0.5000000000000001,7981.6006
2025-07-21 06:00:00,0.0,0.8325119661405681,84.33333333333333,112.52095302462637,0.9674289110529276,65.33333333333333,10.0,29.0,-0.3294084822245302,-0.9441875088341994,0.9659258262890684,-0.2588190451025206,1783.909
2025-07-21 09:00:00,0.0,0.9179824417067824,82.0,104.94567854296832,0.8992435883470713,77.0,10.666666666666666,29.0,-0.3294084822245302,-0.9441875088341994,0.4999999999999999,-0.8660254037844387,11386.55
2025-07-21 12:00:00,1.0,0.0472776224684831,82.33333333333333,82.56155948203597,1.234733315933773,77.66666666666667,4.666666666666667,29.0,-0.3294084822245302,-0.9441875088341994,-0.2588190451025208,-0.9659258262890684,26065.26
2025-07-21 15:00:00,1.0,0.3367413887245815,83.66666666666667,59.94528317406323,0.2676190275454539,76.66666666666667,6.666666666666667,29.0,-0.3294084822245302,-0.9441875088341994,-0.8660254037844385,-0.5000000000000004,9709.065
2025-07-21 18:00:00,0.0,0.667950367511955,84.66666666666667,75.01621767703995,1.06841906805993,71.33333333333333,5.666666666666667,29.0,-0.3294084822245302,-0.9441875088341994,-0.9659258262890684,0.2588190451025203,-1192.7372
2025-07-21 21:00:00,1.0,0.1122205029316111,82.66666666666667,67.47017724323219,1.0635386987603692,74.66666666666667,7.0,29.0,-0.3294084822245302,-0.9441875088341994,-0.5000000000000004,0.8660254037844384,14413.176
2025-07-22 00:00:00,0.0,0.8341969420021877,78.0,83.8491894806668,1.13627204054958,87.66666666666667,3.333333333333333,29.0,-0.3456123126707333,-0.9383773917408642,0.2588190451025207,0.9659258262890684,-34.097767
2025-07-22 03:00:00,1.0,0.2491410336728656,88.66666666666667,74.98007295325301,0.3331791363340314,63.333333333333336,7.333333333333333,29.0,-0.3456123126707333,-0.9383773917408642,0.8660254037844386,0.5000000000000001,6340.384
2025-07-22 06:00:00,1.0,0.1091253054631601,80.66666666666667,114.96229104911056,0.1674908102048873,89.33333333333333,5.666666666666667,29.0,-0.3456123126707333,-0.9383773917408642,0.9659258262890684,-0.2588190451025206,12992.749
2025-07-22 09:00:00,1.0,0.0563712167382714,80.66666666666667,29.99494294122698,0.4339127287725821,82.66666666666667,4.666666666666667,29.0,-0.3456123126707333,-0.9383773917408642,0.4999999999999999,-0.8660254037844387,21524.135
2025-07-22 12:00:00,1.0,0.481569677836817,80.0,29.96914683349729,1.8689177010488909,87.66666666666667,2.6666666666666665,29.0,-0.3456123126707333,-0.9383773917408642,-0.2588190451025208,-0.9659258262890684,14231.285
2025-07-22 15:00:00,1.0,0.0717511757829686,85.0,60.01203423212272,1.3249136214263018,71.0,11.0,29.0,-0.3456123126707333,-0.9383773917408642,-0.8660254037844385,-0.5000000000000004,16810.914
2025-07-22 18:00:00,0.0,0.7497317852618227,79.0,37.47596508611134,0.3335398053399837,94.0,1.0,29.0,-0.3456123126707333,-0.9383773917408642,-0.9659258262890684,0.2588190451025203,-997.7192
2025-07-22 21:00:00,1.0,0.1753585937544234,82.0,97.37606563640976,0.4330570227155457,81.0,3.6666666666666665,29.0,-0.3456123126707333,-0.9383773917408642,-0.5000000000000004,0.8660254037844384,12459.199
2025-07-23 00:00:00,1.0,0.4352966152481123,83.0,67.52931488135405,0.8025052486814362,79.66666666666667,7.333333333333333,29.0,-0.3617137307297674,-0.9322892131745134,0.2588190451025207,0.9659258262890684,8448.155
2025-07-23 03:00:00,0.0,0.8320915153452122,80.0,30.03865355204164,0.6007953805085996,85.33333333333333,3.0,29.0,-0.3617137307297674,-0.9322892131745134,0.8660254037844386,0.5000000000000001,-457.93796
2025-07-23 06:00:00,1.0,0.0683184894444013,81.33333333333333,104.95375754109934,2.3999343765141643,74.66666666666667,10.0,29.0,-0.3617137307297674,-0.9322892131745134,0.9659258262890684,-0.2588190451025206,16068.823
2025-07-23 09:00:00,1.0,0.0722291297520965,80.0,67.50110811445407,0.0009984188842986,79.33333333333333,4.333333333333333,29.0,-0.3617137307297674,-0.9322892131745134,0.4999999999999999,-0.8660254037844387,22548.97
2025-07-23 12:00:00,1.0,0.2501357698335109,82.33333333333333,67.49305612499654,0.1681775708819468,77.33333333333333,8.666666666666666,29.0,-0.3617137307297674,-0.9322892131745134,-0.2588190451025208,-0.9659258262890684,17112.355
2025-07-23 15:00:00,1.0,0.7476084756206519,78.0,0.0164263195145242,0.6005630762791551,96.0,0.0,29.0,-0.3617137307297674,-0.9322892131745134,-0.8660254037844385,-0.5000000000000004,5452.984
2025-07-23 18:00:00,1.0,0.3321551123396102,81.0,29.96175305908916,0.1669063716176474,80.33333333333333,4.0,29.0,-0.3617137307297674,-0.9322892131745134,-0.9659258262890684,0.2588190451025203,8992.456
2025-07-23 21:00:00,0.0,0.9178989399321724,80.0,82.9922117460325,1.1641948549037089,82.66666666666667,3.333333333333333,29.0,-0.3617137307297674,-0.9322892131745134,-0.5000000000000004,0.8660254037844384,-472.5976
2025-07-24 00:00:00,0.0,0.9172119567965794,79.0,37.495617088293066,0.43442842036966,88.66666666666667,2.0,29.0,-0.3777079652039646,-0.92592477719385,0.2588190451025207,0.9659258262890684,-34.097767
2025-07-24 03:00:00,1.0,0.3336520435520573,80.66666666666667,0.0004599801102207,0.5339028199517354,89.33333333333333,0.0,29.0,-0.3777079652039646,-0.92592477719385,0.8660254037844386,0.5000000000000001,10236.336
2025-07-24 06:00:00,1.0,0.0914133336656995,86.66666666666667,120.0064490932351,1.8349656452670104,71.0,8.333333333333334,29.0,-0.3777079652039646,-0.92592477719385,0.9659258262890684,-0.2588190451025206,9705.347
2025-07-24 09:00:00,0.0,0.5840118607933539,85.66666666666667,59.99444158061302,0.6992266930110613,73.66666666666667,7.0,29.0,-0.3777079652039646,-0.92592477719385,0.4999999999999999,-0.8660254037844387,12446.941
2025-07-24 12:00:00,0.0,0.7529611326505338,80.66666666666667,59.98752926606232,1.598149911504341,81.66666666666667,5.0,29.0,-0.3777079652039646,-0.92592477719385,-0.2588190451025208,-0.9659258262890684,9709.649
2025-07-24 15:00:00,1.0,0.4601869136018989,77.0,0.0136732453753014,0.2668769895104596,90.33333333333331,0.0,29.0,-0.3777079652039646,-0.92592477719385,-0.8660254037844385,-0.5000000000000004,7759.3804
2025-07-24 18:00:00,1.0,0.1720770366683314,85.0,59.99255289410462,0.9687037457040922,80.33333333333333,6.666666666666667,29.0,-0.3777079652039646,-0.92592477719385,-0.9659258262890684,0.2588190451025203,10201.271
2025-07-24 21:00:00,0.0,0.5833569453001262,86.66666666666667,75.01849486237046,0.2667749992069895,64.66666666666667,13.333333333333334,29.0,-0.3777079652039646,-0.92592477719385,-0.5000000000000004,0.8660254037844384,-327.84503
2025-07-25 00:00:00,0.0,0.4911750466448569,86.66666666666667,90.03617746678167,0.0001844826043365,66.66666666666667,11.333333333333334,29.0,-0.3935902766564664,-0.9192859697186104,0.2588190451025207,0.9659258262890684,2967.1711
2025-07-25 03:00:00,0.0,0.6666416443994755,82.33333333333333,52.45937826244378,0.9665077038190796,78.33333333333333,6.666666666666667,29.0,-0.3935902766564664,-0.9192859697186104,0.8660254037844386,0.5000000000000001,-464.13605
2025-07-25 06:00:00,0.0,0.7497617792208293,77.0,0.0074428563216023,1.0016261735793237,96.0,0.0,29.0,-0.3935902766564664,-0.9192859697186104,0.9659258262890684,-0.2588190451025206,3238.7134
2025-07-25 09:00:00,1.0,0.4633315231310349,78.33333333333333,30.017637746101045,0.4348831871501921,78.66666666666667,5.0,29.0,-0.3935902766564664,-0.9192859697186104,0.4999999999999999,-0.8660254037844387,16768.896
2025-07-25 12:00:00,1.0,0.1315037099795688,84.33333333333333,120.0123236650201,1.9561401573922956,75.66666666666667,11.333333333333334,29.0,-0.3935902766564664,-0.9192859697186104,-0.2588190451025208,-0.9659258262890684,22099.338
2025-07-25 15:00:00,0.0,0.9216098331178788,77.0,29.97835002146532,0.8024321188077321,89.66666666666667,2.0,29.0,-0.3935902766564664,-0.9192859697186104,-0.8660254037844385,-0.5000000000000004,6888.6255
2025-07-25 18:00:00,0.0,0.666348705256978,81.33333333333333,67.43556861561726,0.3341533006536466,79.33333333333333,6.333333333333333,29.0,-0.3935902766564664,-0.9192859697186104,-0.9659258262890684,0.2588190451025203,-654.49036
2025-07-25 21:00:00,1.0,0.5268680700407092,79.33333333333333,75.07089102196103,0.2662702659725708,80.0,6.666666666666667,29.0,-0.3935902766564664,-0.9192859697186104,-0.5000000000000004,0.8660254037844384,1287.1887
2025-07-26 00:00:00,1.0,0.0929128239615488,84.0,109.20299982292836,0.8986626010777775,81.0,6.333333333333333,29.0,-0.4093559588156211,-0.9123747579707274,0.2588190451025207,0.9659258262890684,12921.842
2025-07-26 03:00:00,0.0,0.8302174532900576,78.33333333333333,37.47062783290556,-0.0005354547367706,92.33333333333331,2.0,29.0,-0.4093559588156211,-0.9123747579707274,0.8660254037844386,0.5000000000000001,-358.7117
2025-07-26 06:00:00,1.0,0.3336591436973213,86.66666666666667,90.01984176309047,0.2667255784961333,68.33333333333333,10.333333333333334,29.0,-0.4093559588156211,-0.9123747579707274,0.9659258262890684,-0.2588190451025206,8436.266
2025-07-26 09:00:00,1.0,0.1327009766576185,83.66666666666667,60.00252955306731,0.96731276370882,69.66666666666667,8.666666666666666,29.0,-0.4093559588156211,-0.9123747579707274,0.4999999999999999,-0.8660254037844387,19045.898
2025-07-26 12:00:00,0.0,0.918074172866271,80.66666666666667,67.45683475692643,0.8618783148561416,79.66666666666667,6.0,29.0,-0.4093559588156211,-0.9123747579707274,-0.2588190451025208,-0.9659258262890684,9649.262
2025-07-26 15:00:00,1.0,0.4712819501531882,83.33333333333333,67.51492011510335,1.1337450310314567,72.0,5.333333333333333,29.0,-0.4093559588156211,-0.9123747579707274,-0.8660254037844385,-0.5000000000000004,4848.301
2025-07-26 18:00:00,0.0,0.918588801074245,81.33333333333333,67.47016155169798,1.0273783176404092,80.66666666666667,5.0,29.0,-0.4093559588156211,-0.9123747579707274,-0.9659258262890684,0.2588190451025203,-1034.4928
2025-07-26 21:00:00,0.0,0.6662095301680748,78.66666666666667,22.487581084014263,0.2671271983254328,77.66666666666667,3.0,29.0,-0.4093559588156211,-0.9123747579707274,-0.5000000000000004,0.8660254037844384,275.22873
2025-07-27 00:00:00,1.0,0.4268306821394703,79.33333333333333,67.4914098004708,0.9072422266825696,85.0,7.0,29.0,-0.4250003399695539,-0.9051931898913976,0.2588190451025207,0.9659258262890684,8691.689
2025-07-27 03:00:00,1.0,0.1304266135075902,83.0,67.48295420571844,0.434233616377757,70.66666666666667,7.333333333333333,29.0,-0.4250003399695539,-0.9051931898913976,0.8660254037844386,0.5000000000000001,11447.322
2025-07-27 06:00:00,1.0,0.4685950988806391,80.66666666666667,37.44828857415109,0.2667877495195805,85.66666666666667,2.333333333333333,29.0,-0.4250003399695539,-0.9051931898913976,0.9659258262890684,-0.2588190451025206,2550.513
2025-07-27 09:00:00,1.0,0.3333272047187172,80.66666666666667,37.46704072915826,0.2679350346133248,82.66666666666667,4.666666666666667,29.0,-0.4250003399695539,-0.9051931898913976,0.4999999999999999,-0.8660254037844387,11381.041
2025-07-27 12:00:00,1.0,0.4413305617034805,78.66666666666667,22.44601214073964,1.6604944830816104,81.0,4.666666666666667,29.0,-0.4250003399695539,-0.9051931898913976,-0.2588190451025208,-0.9659258262890684,16482.266
2025-07-27 15:00:00,1.0,0.2501659277372464,86.66666666666667,147.74600107568597,0.4329673115242826,67.33333333333333,14.333333333333334,29.0,-0.4250003399695539,-0.9051931898913976,-0.8660254037844385,-0.5000000000000004,16934.348
2025-07-27 18:00:00,1.0,0.2516339887508494,79.33333333333333,29.99607258498525,1.1322088573410038,85.66666666666667,2.0,29.0,-0.4250003399695539,-0.9051931898913976,-0.9659258262890684,0.2588190451025203,8675.228
2025-07-27 21:00:00,1.0,0.0962980998404847,80.66666666666667,29.98319689731141,0.1669018892845647,79.0,4.666666666666667,29.0,-0.4250003399695539,-0.9051931898913976,-0.5000000000000004,0.8660254037844384,15160.559
2025-07-28 00:00:00,0.0,0.4933248300213152,81.66666666666667,67.45297330357538,0.4346939088881837,69.66666666666667,4.666666666666667,29.0,-0.4405187843504952,-0.8977433935342336,0.2588190451025207,0.9659258262890684,2518.5337
2025-07-28 03:00:00,0.0,0.586917796513278,83.66666666666667,67.50122832763867,0.7009350065939598,77.0,6.666666666666667,29.0,-0.4405187843504952,-0.8977433935342336,0.8660254037844386,0.5000000000000001,-464.13605
2025-07-28 06:00:00,1.0,0.0911330210645394,85.66666666666667,60.0091434980327,9.475429466312265e-05,68.33333333333333,7.0,29.0,-0.4405187843504952,-0.8977433935342336,0.9659258262890684,-0.2588190451025206,9920.13
2025-07-28 09:00:00,1.0,0.1451703874382094,85.66666666666667,67.48735844141264,1.8665550550421,68.0,9.333333333333334,29.0,-0.4405187843504952,-0.8977433935342336,0.4999999999999999,-0.8660254037844387,17239.523
2025-07-28 12:00:00,1.0,0.3820133026332306,80.0,0.0031036931826484,1.1342289172683262,88.66666666666667,0.0,29.0,-0.4405187843504952,-0.8977433935342336,-0.2588190451025208,-0.9659258262890684,20064.607
2025-07-28 15:00:00,0.0,0.5833995089806343,78.66666666666667,78.89024387098502,1.8030058814841996,87.33333333333333,3.333333333333333,29.0,-0.4405187843504952,-0.8977433935342336,-0.8660254037844385,-0.5000000000000004,5601.172
2025-07-28 18:00:00,0.0,0.9181114497254556,77.66666666666667,0.0081108300802301,0.3340907474519972,85.0,0.0,29.0,-0.4405187843504952,-0.8977433935342336,-0.9659258262890684,0.2588190451025203,-512.7802
2025-07-28 21:00:00,1.0,0.3361507843287537,82.0,37.497001007290216,0.9679209928685936,80.33333333333333,2.0,29.0,-0.4405187843504952,-0.8977433935342336,-0.5000000000000004,0.8660254037844384,10163.393
2025-07-29 00:00:00,1.0,0.1338536066402677,85.66666666666667,59.99131398143917,0.433473440432799,78.0,6.666666666666667,29.0,-0.455906693508459,-0.8900275764346766,0.2588190451025207,0.9659258262890684,13655.758
2025-07-29 03:00:00,1.0,0.1643087882940922,87.33333333333333,112.50786982051176,0.9032267880254676,65.33333333333333,15.666666666666666,29.0,-0.455906693508459,-0.8900275764346766,0.8660254037844386,0.5000000000000001,7729.013
2025-07-29 06:00:00,1.0,0.1514866288149446,87.66666666666667,89.01170759865613,0.6011848768303899,69.66666666666667,7.0,29.0,-0.455906693508459,-0.8900275764346766,0.9659258262890684,-0.2588190451025206,13059.597
2025-07-29 09:00:00,1.0,0.130737908727554,82.66666666666667,67.51946995865255,0.166231878319901,76.66666666666667,7.333333333333333,29.0,-0.455906693508459,-0.8900275764346766,0.4999999999999999,-0.8660254037844387,19040.086
2025-07-29 12:00:00,0.0,0.7482318718383117,77.0,29.991603208942998,1.039951348646125,98.0,2.0,29.0,-0.455906693508459,-0.8900275764346766,-0.2588190451025208,-0.9659258262890684,10489.118
2025-07-29 15:00:00,1.0,0.3813251268622311,77.0,37.44949324739537,0.7998405308079559,90.66666666666669,1.6666666666666667,29.0,-0.455906693508459,-0.8900275764346766,-0.8660254037844385,-0.5000000000000004,10572.993
2025-07-29 18:00:00,0.0,0.6668519054138013,81.33333333333333,30.00342554820428,0.3337490240058953,84.66666666666667,3.333333333333333,29.0,-0.455906693508459,-0.8900275764346766,-0.9659258262890684,0.2588190451025203,-1977.6123
2025-07-29 21:00:00,1.0,0.102072902533623,81.0,22.545141200596188,0.4328877893522604,84.0,4.666666666666667,29.0,-0.455906693508459,-0.8900275764346766,-0.5000000000000004,0.8660254037844384,15415.977
2025-07-30 00:00:00,1.0,0.2492053270600455,84.33333333333333,67.51972872489516,1.135604022052079,71.0,8.0,29.0,-0.4711595076738639,-0.8820480249558535,0.2588190451025207,0.9659258262890684,11067.864
2025-07-30 03:00:00,1.0,0.4606042946198704,78.66666666666667,97.50912539557024,1.5992905691588006,87.33333333333333,6.333333333333333,29.0,-0.4711595076738639,-0.8820480249558535,0.8660254037844386,0.5000000000000001,3165.573
2025-07-30 06:00:00,1.0,0.4170698991017221,83.0,60.02402260333762,0.7007800459516407,82.0,4.666666666666667,29.0,-0.4711595076738639,-0.8820480249558535,0.9659258262890684,-0.2588190451025206,4406.523
2025-07-30 09:00:00,0.0,0.6661203800140991,77.0,37.49583003617692,1.0325578711040626,86.66666666666667,2.0,29.0,-0.4711595076738639,-0.8820480249558535,0.4999999999999999,-0.8660254037844387,12909.747
2025-07-30 12:00:00,0.0,0.5841615756038768,78.33333333333333,37.51179316964549,0.3337002371633439,90.66666666666669,1.6666666666666667,29.0,-0.4711595076738639,-0.8820480249558535,-0.2588190451025208,-0.9659258262890684,9445.356
2025-07-30 15:00:00,0.0,0.5803708457358084,78.0,60.01172696852955,0.1662593367113337,83.66666666666667,5.0,29.0,-0.4711595076738639,-0.8820480249558535,-0.8660254037844385,-0.5000000000000004,5601.172
2025-07-30 18:00:00,0.0,0.916288481532034,85.66666666666667,60.00148511363619,0.3335237857296251,67.33333333333333,8.0,29.0,-0.4711595076738639,-0.8820480249558535,-0.9659258262890684,0.2588190451025203,-1137.4885
2025-07-30 21:00:00,0.0,0.5846548131800745,79.66666666666667,112.51573111572424,0.6009506341841546,86.66666666666667,6.333333333333333,29.0,-0.4711595076738639,-0.8820480249558535,-0.5000000000000004,0.8660254037844384,-343.05338
2025-07-31 00:00:00,1.0,0.2534970050443968,83.33333333333333,97.51033112173964,0.8006350566830761,74.33333333333333,15.333333333333334,29.0,-0.4862727071086902,-0.8738071036110807,0.2588190451025207,0.9659258262890684,11660.815
2025-07-31 03:00:00,1.0,0.4155005938302858,77.66666666666667,30.002121302977997,0.5012478143847655,85.66666666666667,4.666666666666667,29.0,-0.4862727071086902,-0.8738071036110807,0.8660254037844386,0.5000000000000001,9118.449
2025-07-31 06:00:00,1.0,0.1231670575112254,81.33333333333333,74.92621341917275,0.9641972733901152,83.0,4.333333333333333,29.0,-0.4862727071086902,-0.8738071036110807,0.9659258262890684,-0.2588190451025206,12817.506
2025-07-31 09:00:00,1.0,0.1280937172612993,82.66666666666667,60.001189595605446,1.2670654300723705,73.0,10.333333333333334,29.0,-0.4862727071086902,-0.8738071036110807,0.4999999999999999,-0.8660254037844387,18654.062
2025-07-31 12:00:00,0.0,0.5240939615825488,79.0,29.954993602910253,0.2680666824495004,85.33333333333333,4.666666666666667,29.0,-0.4862727071086902,-0.8738071036110807,-0.2588190451025208,-0.9659258262890684,8582.697
2025-07-31 15:00:00,0.0,1.0042960388093292,79.33333333333333,37.50463389048107,0.1674828779281039,85.33333333333333,2.0,29.0,-0.4862727071086902,-0.8738071036110807,-0.8660254037844385,-0.5000000000000004,5381.1855
2025-07-31 18:00:00,0.0,0.5834005060332933,79.0,59.961095954063445,0.801241085843988,81.33333333333333,6.0,29.0,-0.4862727071086902,-0.8738071036110807,-0.9659258262890684,0.2588190451025203,-1149.7203
2025-07-31 21:00:00,0.0,0.5834368392392388,77.0,29.9752629757578,0.2673934952284627,94.33333333333331,2.6666666666666665,29.0,-0.4862727071086902,-0.8738071036110807,-0.5000000000000004,0.8660254037844384,235.00005
2025-08-01 00:00:00,1.0,0.1489170487070981,83.0,60.01778410149776,1.2345620065966096,81.33333333333333,5.0,29.0,-0.5012418134457756,-0.8653072543632061,0.2588190451025207,0.9659258262890684,12603.05
2025-08-01 03:00:00,0.0,0.7507891589839412,77.66666666666667,29.94601002973124,0.1672901368644548,85.66666666666667,1.6666666666666667,29.0,-0.5012418134457756,-0.8653072543632061,0.8660254037844386,0.5000000000000001,226.45671
2025-08-01 06:00:00,1.0,0.109211594588204,87.0,105.02981221198704,1.031582934174806,61.66666666666666,11.666666666666666,29.0,-0.5012418134457756,-0.8653072543632061,0.9659258262890684,-0.2588190451025206,12504.057
2025-08-01 09:00:00,0.0,0.4715495636351032,81.0,59.972136668691725,0.1669440215842177,78.0,6.666666666666667,29.0,-0.5012418134457756,-0.8653072543632061,0.4999999999999999,-0.8660254037844387,17876.043
2025-08-01 12:00:00,0.0,0.6665053658496392,79.0,52.49230442528231,1.0663062270440666,90.66666666666669,4.333333333333333,29.0,-0.5012418134457756,-0.8653072543632061,-0.2588190451025208,-0.9659258262890684,9139.715
2025-08-01 15:00:00,0.0,0.9169420971614626,80.0,37.49117685206532,0.9694073415576376,85.66666666666667,2.0,29.0,-0.5012418134457756,-0.8653072543632061,-0.8660254037844385,-0.5000000000000004,5381.1855
2025-08-01 18:00:00,0.0,0.7510883191702986,83.66666666666667,60.002598447845166,0.9700109369958192,70.33333333333333,10.333333333333334,29.0,-0.5012418134457756,-0.8653072543632061,-0.9659258262890684,0.2588190451025203,-1173.0999
2025-08-01 21:00:00,1.0,0.3332965852647339,81.33333333333333,37.48634518491714,0.166739267868389,78.33333333333333,2.0,29.0,-0.5012418134457756,-0.8653072543632061,-0.5000000000000004,0.8660254037844384,9876.177
2025-08-02 00:00:00,1.0,0.25196330955838,80.0,29.986155152975083,1.235464440727063,86.0,2.6666666666666665,29.0,-0.5160623910158526,-0.8565509959010037,0.2588190451025207,0.9659258262890684,12036.719
2025-08-02 03:00:00,0.0,0.8328877912288501,77.0,-0.0277992638232581,0.0003519680705743,94.0,0.0,29.0,-0.5160623910158526,-0.8565509959010037,0.8660254037844386,0.5000000000000001,1057.1244
2025-08-02 06:00:00,0.0,0.9168071642553444,81.33333333333333,29.964859583772306,0.9678916794237484,84.33333333333333,4.0,29.0,-0.5160623910158526,-0.8565509959010037,0.9659258262890684,-0.2588190451025206,1080.5325
2025-08-02 09:00:00,0.0,0.5484246033884125,80.0,52.45083472483521,0.4346088652148036,78.33333333333333,6.333333333333333,29.0,-0.5160623910158526,-0.8565509959010037,0.4999999999999999,-0.8660254037844387,12703.604
2025-08-02 12:00:00,0.0,0.5827583315594934,82.0,97.47938470760272,0.2670547489058341,71.0,14.0,29.0,-0.5160623910158526,-0.8565509959010037,-0.2588190451025208,-0.9659258262890684,9187.068
2025-08-02 15:00:00,1.0,0.3644528112368624,80.66666666666667,15.035160697546436,0.5340856533674444,86.0,4.0,29.0,-0.5160623910158526,-0.8565509959010037,-0.8660254037844385,-0.5000000000000004,8567.01
2025-08-02 18:00:00,1.0,0.3342992648708396,82.33333333333333,97.50989214838582,0.0018881995584432,68.0,5.666666666666667,29.0,-0.5160623910158526,-0.8565509959010037,-0.9659258262890684,0.2588190451025203,9011.195
2025-08-02 21:00:00,1.0,0.1304503593997948,85.66666666666667,52.46038969734335,0.4335340145162455,73.0,7.333333333333333,29.0,-0.5160623910158526,-0.8565509959010037,-0.5000000000000004,0.8660254037844384,14747.088
2025-08-03 00:00:00,0.0,0.5371314313401628,79.0,37.50912172918603,1.0688154474985598,86.0,4.0,29.0,-0.5307300481619331,-0.8475409228928312,0.2588190451025207,0.9659258262890684,287.5737
2025-08-03 03:00:00,1.0,0.3338472787093987,84.33333333333333,67.49155105131952,0.4349935886970394,73.33333333333333,5.0,29.0,-0.5307300481619331,-0.8475409228928312,0.8660254037844386,0.5000000000000001,8920.878
2025-08-03 06:00:00,1.0,0.1266190487019607,81.0,89.90390343919148,0.8017233639841476,82.66666666666667,2.6666666666666665,29.0,-0.5307300481619331,-0.8475409228928312,0.9659258262890684,-0.2588190451025206,12829.002
2025-08-03 09:00:00,0.0,0.8361677356291519,69.0,29.980795688066262,0.1675102891683609,86.66666666666667,3.0,29.0,-0.5307300481619331,-0.8475409228928312,0.4999999999999999,-0.8660254037844387,14751.657
2025-08-03 12:00:00,1.0,0.4920344153498114,79.33333333333333,97.46242172940954,0.2678183529429555,75.0,4.666666666666667,29.0,-0.5307300481619331,-0.8475409228928312,-0.2588190451025208,-0.9659258262890684,9726.151
2025-08-03 15:00:00,1.0,0.4661259706993964,77.0,37.49468220899249,0.7341496820433507,86.33333333333333,1.6666666666666667,29.0,-0.5307300481619331,-0.8475409228928312,-0.8660254037844385,-0.5000000000000004,5817.837
2025-08-03 18:00:00,0.0,1.001393484176224,83.0,67.47881362120135,0.0015371778308329,75.33333333333333,8.666666666666666,29.0,-0.5307300481619331,-0.8475409228928312,-0.9659258262890684,0.2588190451025203,-1268.208
2025-08-03 21:00:00,0.0,0.6667772685240343,77.66666666666667,112.46169372619032,1.0320250937320108,89.0,6.333333333333333,29.0,-0.5307300481619331,-0.8475409228928312,-0.5000000000000004,0.8660254037844384,31.274649
2025-08-04 00:00:00,1.0,0.2506337151681567,89.33333333333333,105.02123239276888,0.3328571329354119,57.0,12.333333333333334,29.0,-0.5452404385406507,-0.8382797052177745,0.2588190451025207,0.9659258262890684,11481.698
2025-08-04 03:00:00,1.0,0.334036475324963,82.0,112.50178306089764,0.8667818325571711,80.66666666666667,7.0,29.0,-0.5452404385406507,-0.8382797052177745,0.8660254037844386,0.5000000000000001,9396.112
2025-08-04 06:00:00,0.0,0.5844428752807733,80.0,44.88421823349672,1.868130467084104,84.66666666666667,0.0,29.0,-0.5452404385406507,-0.8382797052177745,0.9659258262890684,-0.2588190451025206,3897.2773
2025-08-04 09:00:00,0.0,0.6687641315339707,78.66666666666667,67.44411197526289,1.332559982924831,86.33333333333333,4.333333333333333,29.0,-0.5452404385406507,-0.8382797052177745,0.4999999999999999,-0.8660254037844387,12242.403
2025-08-04 12:00:00,0.0,0.666627150100325,77.0,22.445780129491155,-0.0003832971254589,87.0,2.0,29.0,-0.5452404385406507,-0.8382797052177745,-0.2588190451025208,-0.9659258262890684,10959.21
2025-08-04 15:00:00,0.0,0.581441040928518,86.0,105.00069360524776,1.1695726207860566,63.66666666666666,11.333333333333334,29.0,-0.5452404385406507,-0.8382797052177745,-0.8660254037844385,-0.5000000000000004,4352.594
2025-08-04 18:00:00,0.0,0.9979618202816358,80.66666666666667,52.64507585739237,1.0687921051593736,86.0,4.0,29.0,-0.5452404385406507,-0.8382797052177745,-0.9659258262890684,0.2588190451025203,-912.06396
2025-08-04 21:00:00,0.0,0.5831301138415914,80.33333333333333,0.0111263613710665,0.2673340819656594,82.0,2.0,29.0,-0.5452404385406507,-0.8382797052177745,-0.5000000000000004,0.8660254037844384,-561.4471
2025-08-05 00:00:00,0.0,0.6673762936870931,76.33333333333333,97.48016774762034,0.7998855103952619,75.66666666666667,8.333333333333334,29.0,-0.5595892624101763,-0.828770087174504,0.2588190451025207,0.9659258262890684,8.417848
2025-08-05 03:00:00,1.0,0.4222849711044604,77.0,0.0037905936791355,2.4044771245139,92.66666666666669,0.0,29.0,-0.5595892624101763,-0.828770087174504,0.8660254037844386,0.5000000000000001,8298.883
2025-08-05 06:00:00,1.0,0.4059459876968693,81.0,67.48913692834238,0.9023219732760503,78.0,9.333333333333334,29.0,-0.5595892624101763,-0.828770087174504,0.9659258262890684,-0.2588190451025206,4904.724
2025-08-05 09:00:00,0.0,0.5104538824853082,79.66666666666667,59.96514427286431,0.2676818806141249,80.66666666666667,6.333333333333333,29.0,-0.5595892624101763,-0.828770087174504,0.4999999999999999,-0.8660254037844387,12776.193
2025-08-05 12:00:00,1.0,0.4138192107005444,84.0,97.45949939830292,0.8013349855124526,68.66666666666667,15.666666666666666,29.0,-0.5595892624101763,-0.828770087174504,-0.2588190451025208,-0.9659258262890684,18600.361
2025-08-05 15:00:00,0.0,0.6668069646130191,77.66666666666667,-0.0084684513350185,0.0011717012195571,87.0,0.0,29.0,-0.5595892624101763,-0.828770087174504,-0.8660254037844385,-0.5000000000000004,8102.986
2025-08-05 18:00:00,0.0,0.6653519868239701,78.66666666666667,67.52087590795237,0.7009563958033457,81.33333333333333,6.333333333333333,29.0,-0.5595892624101763,-0.828770087174504,-0.9659258262890684,0.2588190451025203,-654.49036
2025-08-05 21:00:00,0.0,0.9168275504445372,79.33333333333333,67.49329594056246,0.4343910782202815,79.66666666666667,7.333333333333333,29.0,-0.5595892624101763,-0.828770087174504,-0.5000000000000004,0.8660254037844384,-333.54083
2025-08-06 00:00:00,0.0,0.6677567232942783,76.33333333333333,45.00122643346285,0.1683931528346383,89.66666666666667,2.0,29.0,-0.5737722679043243,-0.8190148866680802,0.2588190451025207,0.9659258262890684,254.57486
2025-08-06 03:00:00,1.0,0.4214287611439157,77.0,30.012734836281734,0.7995157982647579,89.0,2.6666666666666665,29.0,-0.5737722679043243,-0.8190148866680802,0.8660254037844386,0.5000000000000001,8922.6
2025-08-06 06:00:00,1.0,0.3329264326066219,80.0,29.986722721114106,1.0653187307055696,85.0,2.0,29.0,-0.5737722679043243,-0.8190148866680802,0.9659258262890684,-0.2588190451025206,8521.567
2025-08-06 09:00:00,1.0,0.7478945524552665,83.0,97.49895412526566,1.038178703859967,72.33333333333333,8.0,29.0,-0.5737722679043243,-0.8190148866680802,0.4999999999999999,-0.8660254037844387,11726.503
2025-08-06 12:00:00,0.0,1.00188519977207,78.0,30.00173752045393,1.0003837597897467,84.66666666666667,4.0,29.0,-0.5737722679043243,-0.8190148866680802,-0.2588190451025208,-0.9659258262890684,8115.644
2025-08-06 15:00:00,0.0,0.7473688956091742,77.66666666666667,112.468126000847,0.800147858710687,86.0,7.0,29.0,-0.5737722679043243,-0.8190148866680802,-0.8660254037844385,-0.5000000000000004,6002.4414
2025-08-06 18:00:00,1.0,0.1612606130478555,85.0,52.48610742202985,1.1343506886358845,70.0,10.0,29.0,-0.5737722679043243,-0.8190148866680802,-0.9659258262890684,0.2588190451025203,9525.464
2025-08-06 21:00:00,1.0,0.1835677251996839,83.66666666666667,67.46147186740886,1.2645221366157708,78.33333333333333,6.0,29.0,-0.5737722679043243,-0.8190148866680802,-0.5000000000000004,0.8660254037844384,12048.731
2025-08-07 00:00:00,0.0,0.3345903246060691,76.33333333333333,30.00506925104109,1.5353477698293716,92.33333333333331,6.666666666666667,29.0,-0.5877852522924734,-0.8090169943749472,0.2588190451025207,0.9659258262890684,7539.069
2025-08-07 03:00:00,0.0,0.4816527262833435,80.0,29.97049694548833,1.26395333312659,86.66666666666667,2.6666666666666665,29.0,-0.5877852522924734,-0.8090169943749472,0.8660254037844386,0.5000000000000001,2354.8096
2025-08-07 06:00:00,0.0,0.7515892033467114,77.0,-0.0159083861718932,1.067165060005505,87.66666666666667,0.0,29.0,-0.5877852522924734,-0.8090169943749472,0.9659258262890684,-0.2588190451025206,3238.7134
2025-08-07 09:00:00,1.0,0.1129725237589686,83.66666666666667,74.99914665392446,0.9689008165815844,70.0,7.333333333333333,29.0,-0.5877852522924734,-0.8090169943749472,0.4999999999999999,-0.8660254037844387,19374.55
2025-08-07 12:00:00,0.0,0.4927594873580095,85.33333333333333,67.52664128201498,0.0006135130508348,67.0,8.666666666666666,29.0,-0.5877852522924734,-0.8090169943749472,-0.2588190451025208,-0.9659258262890684,10912.346
2025-08-07 15:00:00,1.0,0.1192942499615835,87.33333333333333,89.95583528882116,1.1318083012645566,62.333333333333336,16.666666666666668,29.0,-0.5877852522924734,-0.8090169943749472,-0.8660254037844385,-0.5000000000000004,19928.326
2025-08-07 18:00:00,0.0,0.833140402513041,80.0,0.0185555183164219,0.3335839939231927,90.0,0.0,29.0,-0.5877852522924734,-0.8090169943749472,-0.9659258262890684,0.2588190451025203,-2527.281
2025-08-07 21:00:00,1.0,0.0991278455144259,83.66666666666667,134.63654960342305,1.0679416249820168,73.66666666666667,11.0,29.0,-0.5877852522924734,-0.8090169943749472,-0.5000000000000004,0.8660254037844384,13799.003
2025-08-08 00:00:00,0.0,0.9968310441110202,79.33333333333333,29.982685010813885,1.0667058729905596,89.33333333333333,2.6666666666666665,29.0,-0.6016240632249227,-0.7987793728863648,0.2588190451025207,0.9659258262890684,-170.33041
2025-08-08 03:00:00,1.0,0.1244875738935966,84.66666666666667,118.54612855048369,0.9677201437424148,72.33333333333333,7.0,29.0,-0.6016240632249227,-0.7987793728863648,0.8660254037844386,0.5000000000000001,11489.44
2025-08-08 06:00:00,0.0,0.9167347819108344,77.0,22.490066129790645,0.8688050680885753,94.33333333333331,4.0,29.0,-0.6016240632249227,-0.7987793728863648,0.9659258262890684,-0.2588190451025206,2708.2732
2025-08-08 09:00:00,1.0,0.3345303877026778,82.0,67.49996051986659,0.8032998199098862,72.33333333333333,7.0,29.0,-0.6016240632249227,-0.7987793728863648,0.4999999999999999,-0.8660254037844387,11372.308
2025-08-08 12:00:00,0.0,0.8330197158484102,77.0,37.48263743093452,0.3321253180919239,92.33333333333331,1.0,29.0,-0.6016240632249227,-0.7987793728863648,-0.2588190451025208,-0.9659258262890684,9807.059
2025-08-08 15:00:00,0.0,0.749216880098229,81.33333333333333,89.91394963485784,0.3340872549217366,82.0,2.6666666666666665,29.0,-0.6016240632249227,-0.7987793728863648,-0.8660254037844385,-0.5000000000000004,5173.101
2025-08-08 18:00:00,0.0,0.8334307351374547,86.33333333333333,67.49956107779475,0.0013970671810682,69.0,7.0,29.0,-0.6016240632249227,-0.7987793728863648,-0.9659258262890684,0.2588190451025203,-1268.208
2025-08-08 21:00:00,0.0,0.9160644958788728,77.66666666666667,-0.0039781757441425,0.1673955406263415,91.33333333333331,5.0,29.0,-0.6016240632249227,-0.7987793728863648,-0.5000000000000004,0.8660254037844384,-350.09784
2025-08-09 00:00:00,0.0,0.5842095086352892,77.0,37.47204405821374,1.068445564631009,89.0,2.333333333333333,29.0,-0.6152845999633277,-0.7883050558305253,0.2588190451025207,0.9659258262890684,254.57486
2025-08-09 03:00:00,0.0,0.5831904682963813,81.33333333333333,52.43281183560445,0.4333447983880908,73.0,3.0,29.0,-0.6152845999633277,-0.7883050558305253,0.8660254037844386,0.5000000000000001,-639.3853
2025-08-09 06:00:00,1.0,0.1371744636305484,84.33333333333333,113.43414024401106,1.1362498895916897,70.0,6.666666666666667,29.0,-0.6152845999633277,-0.7883050558305253,0.9659258262890684,-0.2588190451025206,13840.094
2025-08-09 09:00:00,0.0,0.8330058000743337,78.0,37.480984703529074,1.0392778395123872,89.33333333333333,4.0,29.0,-0.6152845999633277,-0.7883050558305253,0.4999999999999999,-0.8660254037844387,8416.812
2025-08-09 12:00:00,0.0,0.9157808772738916,78.0,-0.0096558116879768,0.1668171532568155,87.0,0.0,29.0,-0.6152845999633277,-0.7883050558305253,-0.2588190451025208,-0.9659258262890684,6325.5283
2025-08-09 15:00:00,1.0,0.1472949696770048,83.0,82.58737833554956,0.801545993783975,69.33333333333333,7.0,29.0,-0.6152845999633277,-0.7883050558305253,-0.8660254037844385,-0.5000000000000004,18489.602
2025-08-09 18:00:00,0.0,0.5853034225502599,78.66666666666667,59.978745457057,0.4326063483091966,79.0,9.333333333333334,29.0,-0.6152845999633277,-0.7883050558305253,-0.9659258262890684,0.2588190451025203,-1100.511
2025-08-09 21:00:00,1.0,0.0725017322928788,84.33333333333333,75.1036382689885,0.3338831216728701,69.66666666666667,8.666666666666666,29.0,-0.6152845999633277,-0.7883050558305253,-0.5000000000000004,0.8660254037844384,16407.389
2025-08-10 00:00:00,1.0,0.1135677042129373,84.0,59.9801133204623,0.3329783037432806,73.33333333333333,9.333333333333334,29.0,-0.6287628145958345,-0.7775971469736268,0.2588190451025207,0.9659258262890684,14258.095
2025-08-10 03:00:00,0.0,0.5859756172154668,80.0,67.48511891155985,0.0007826784717004,72.33333333333333,5.333333333333333,29.0,-0.6287628145958345,-0.7775971469736268,0.8660254037844386,0.5000000000000001,-639.3853
2025-08-10 06:00:00,1.0,0.1278308906659736,82.0,109.5338378480744,0.1665886484075662,73.66666666666667,9.0,29.0,-0.6287628145958345,-0.7775971469736268,0.9659258262890684,-0.2588190451025206,13599.363
2025-08-10 09:00:00,1.0,0.1059907675459936,83.0,89.95040844142989,0.7010693324230827,72.33333333333333,6.0,29.0,-0.6287628145958345,-0.7775971469736268,0.4999999999999999,-0.8660254037844387,18796.365
2025-08-10 12:00:00,0.0,0.7500467748052896,82.66666666666667,29.97488211261428,0.3338721206750941,76.66666666666667,4.666666666666667,29.0,-0.6287628145958345,-0.7775971469736268,-0.2588190451025208,-0.9659258262890684,4805.205
2025-08-10 15:00:00,1.0,0.3327917122479658,87.33333333333333,52.51216776109349,0.7339100673042592,68.0,7.333333333333333,29.0,-0.6287628145958345,-0.7775971469736268,-0.8660254037844385,-0.5000000000000004,8877.169
2025-08-10 18:00:00,1.0,0.4284107902166694,79.0,52.5807659342486,0.7356830090216082,88.33333333333333,4.0,29.0,-0.6287628145958345,-0.7775971469736268,-0.9659258262890684,0.2588190451025203,8044.6465
2025-08-10 21:00:00,0.0,0.6665057671313271,79.33333333333333,37.51728507785033,0.4331760484026802,82.0,3.0,29.0,-0.6287628145958345,-0.7775971469736268,-0.5000000000000004,0.8660254037844384,-558.253
2025-08-11 00:00:00,0.0,0.8339818791210238,80.33333333333333,59.979554684178936,1.9356845181226323,89.33333333333333,7.0,29.0,-0.6420547132365636,-0.7666588193001592,0.2588190451025207,0.9659258262890684,-85.23683
2025-08-11 03:00:00,1.0,0.1430237376620426,85.66666666666667,60.01536995342934,0.6003492514257442,70.0,7.0,29.0,-0.6420547132365636,-0.7666588193001592,0.8660254037844386,0.5000000000000001,9222.267
2025-08-11 06:00:00,0.0,0.7511559265389636,85.0,97.48043607918387,0.167365660304188,71.33333333333333,10.333333333333334,29.0,-0.6420547132365636,-0.7666588193001592,0.9659258262890684,-0.2588190451025206,1574.671
2025-08-11 09:00:00,0.0,0.665938038049373,79.0,22.46420482471813,0.5336019468510742,86.33333333333333,1.6666666666666667,29.0,-0.6420547132365636,-0.7666588193001592,0.4999999999999999,-0.8660254037844387,7412.8174
2025-08-11 12:00:00,1.0,0.3668115372962361,80.0,59.91828352460471,0.4338499765446472,78.33333333333333,4.666666666666667,29.0,-0.6420547132365636,-0.7666588193001592,-0.2588190451025208,-0.9659258262890684,17839.016
2025-08-11 15:00:00,0.0,0.6664642641364731,77.0,37.49181957500893,0.1686181383059881,88.66666666666667,1.0,29.0,-0.6420547132365636,-0.7666588193001592,-0.8660254037844385,-0.5000000000000004,5890.287
2025-08-11 18:00:00,0.0,0.7478206786807874,81.33333333333333,97.48265344029488,0.7978405528896975,77.66666666666667,13.0,29.0,-0.6420547132365636,-0.7666588193001592,-0.9659258262890684,0.2588190451025203,-1173.0999
2025-08-11 21:00:00,1.0,0.1086615684795254,79.33333333333333,59.99572535702401,0.2682734621210725,70.33333333333333,12.0,29.0,-0.6420547132365636,-0.7666588193001592,-0.5000000000000004,0.8660254037844384,14299.966
2025-08-12 00:00:00,1.0,0.4675348576842614,81.33333333333333,82.58736538574856,0.9667302113948965,77.33333333333333,3.333333333333333,29.0,-0.655156357209085,-0.7554933140726804,0.2588190451025207,0.9659258262890684,4824.905
2025-08-12 03:00:00,1.0,0.1305321311102281,80.0,127.49008065346328,0.7021083739133923,83.0,6.666666666666667,29.0,-0.655156357209085,-0.7554933140726804,0.8660254037844386,0.5000000000000001,10730.007
2025-08-12 06:00:00,0.0,0.6674035551008564,79.66666666666667,89.92887799308455,0.0006715472608966,86.33333333333333,5.0,29.0,-0.655156357209085,-0.7554933140726804,0.9659258262890684,-0.2588190451025206,2481.512
2025-08-12 09:00:00,0.0,0.75038223509328,82.33333333333333,89.78927570845151,0.7361180980765885,77.66666666666667,6.666666666666667,29.0,-0.655156357209085,-0.7554933140726804,0.4999999999999999,-0.8660254037844387,9425.913
2025-08-12 12:00:00,0.0,0.7506944984870092,77.0,-0.0031197701046593,0.5334980414458367,94.33333333333331,0.0,29.0,-0.655156357209085,-0.7554933140726804,-0.2588190451025208,-0.9659258262890684,9268.9375
2025-08-12 15:00:00,1.0,0.3639669252623748,78.33333333333333,30.022369281794983,1.0679874103582134,85.66666666666667,4.0,29.0,-0.655156357209085,-0.7554933140726804,-0.8660254037844385,-0.5000000000000004,8662.4
2025-08-12 18:00:00,1.0,0.0849127834700662,83.0,60.001098896026924,0.7364965748113331,66.66666666666667,7.0,29.0,-0.655156357209085,-0.7554933140726804,-0.9659258262890684,0.2588190451025203,10327.276
2025-08-12 21:00:00,0.0,0.5229053575985348,79.33333333333333,60.01431998574191,0.1676846378706493,84.33333333333333,6.0,29.0,-0.655156357209085,-0.7554933140726804,-0.5000000000000004,0.8660254037844384,250.58243
2025-08-13 00:00:00,0.0,0.6688682334655818,83.66666666666667,127.4620046487,1.065639234752894,79.33333333333333,7.333333333333333,29.0,-0.6680638642135333,-0.7441039398713608,0.2588190451025207,0.9659258262890684,-293.3213
2025-08-13 03:00:00,0.0,0.8303170681506611,79.33333333333333,67.49200193754008,0.8591085229506777,84.33333333333333,6.666666666666667,29.0,-0.6680638642135333,-0.7441039398713608,0.8660254037844386,0.5000000000000001,-183.46248
2025-08-13 06:00:00,1.0,0.254873918303176,80.0,30.02731262357062,1.4229445976950028,84.33333333333333,1.0,29.0,-0.6680638642135333,-0.7441039398713608,0.9659258262890684,-0.2588190451025206,11864.585
2025-08-13 09:00:00,1.0,0.1008957308545673,86.0,146.37179676109727,1.1339381981483443,70.0,10.666666666666666,29.0,-0.6680638642135333,-0.7441039398713608,0.4999999999999999,-0.8660254037844387,18213.703
2025-08-13 12:00:00,1.0,0.2500797140719321,85.66666666666667,60.00020060382048,0.167028772283225,69.33333333333333,8.333333333333334,29.0,-0.6680638642135333,-0.7441039398713608,-0.2588190451025208,-0.9659258262890684,17592.541
2025-08-13 15:00:00,1.0,0.3341182017938411,81.66666666666667,97.49977521540204,1.2336617439167628,73.33333333333333,4.0,29.0,-0.6680638642135333,-0.7441039398713608,-0.8660254037844385,-0.5000000000000004,8236.115
2025-08-13 18:00:00,1.0,0.2515316881911076,83.66666666666667,59.95653189962704,0.4336611198379226,69.66666666666667,11.333333333333334,29.0,-0.6680638642135333,-0.7441039398713608,-0.9659258262890684,0.2588190451025203,10264.194
2025-08-13 21:00:00,1.0,0.4428785905035577,77.0,0.0233305049388941,1.438175034017387,94.33333333333331,0.0,29.0,-0.6680638642135333,-0.7441039398713608,-0.5000000000000004,0.8660254037844384,10293.926
2025-08-14 00:00:00,0.0,0.8323561925928559,80.0,30.0156782389506,0.9691904286486928,84.0,4.666666666666667,29.0,-0.6807734094770159,-0.7324940716135792,0.2588190451025207,0.9659258262890684,-170.33041
2025-08-14 03:00:00,0.0,1.0024209495625953,85.0,67.47851292432158,0.8021527981741198,74.0,5.666666666666667,29.0,-0.6807734094770159,-0.7324940716135792,0.8660254037844386,0.5000000000000001,-311.91824
2025-08-14 06:00:00,1.0,0.2519345258852895,80.66666666666667,29.93464790250354,0.2677734813773365,79.66666666666667,4.666666666666667,29.0,-0.6807734094770159,-0.7324940716135792,0.9659258262890684,-0.2588190451025206,12242.964
2025-08-14 09:00:00,0.0,0.836004559044222,79.33333333333333,0.0241903466131515,0.5336722361023317,92.0,0.0,29.0,-0.6807734094770159,-0.7324940716135792,0.4999999999999999,-0.8660254037844387,8899.211
2025-08-14 12:00:00,0.0,0.8334803605232257,78.0,74.98429279188917,0.3339888214756961,84.0,5.0,29.0,-0.6807734094770159,-0.7324940716135792,-0.2588190451025208,-0.9659258262890684,6285.001
2025-08-14 15:00:00,0.0,0.8348394721796186,85.0,90.02922705466035,0.3342852184315923,75.0,5.0,29.0,-0.6807734094770159,-0.7324940716135792,-0.8660254037844385,-0.5000000000000004,4345.627
2025-08-14 18:00:00,0.0,1.0003128884922865,76.66666666666667,29.95555851205392,0.8635189731888039,92.33333333333331,2.0,29.0,-0.6807734094770159,-0.7324940716135792,-0.9659258262890684,0.2588190451025203,157.97328
2025-08-14 21:00:00,1.0,0.1456412810022853,84.33333333333333,104.9892342923376,0.6021987131602278,63.0,9.333333333333334,29.0,-0.6807734094770159,-0.7324940716135792,-0.5000000000000004,0.8660254037844384,13641.356
2025-08-15 00:00:00,1.0,0.3356593209994364,77.0,0.0128688855852626,0.0008890738177521,91.33333333333331,0.0,29.0,-0.6932812268869771,-0.7206671495538615,0.2588190451025207,0.9659258262890684,13350.219
2025-08-15 03:00:00,0.0,0.6673063940610513,73.66666666666667,44.93079839344235,0.981109866670125,84.66666666666667,2.0,29.0,-0.6932812268869771,-0.7206671495538615,0.8660254037844386,0.5000000000000001,-140.64009
2025-08-15 06:00:00,1.0,0.250827307682211,83.0,59.99334333696353,0.4328507930167369,77.66666666666667,5.666666666666667,29.0,-0.6932812268869771,-0.7206671495538615,0.9659258262890684,-0.2588190451025206,11644.993
2025-08-15 09:00:00,0.0,0.7510846186126003,76.33333333333333,-0.0251034155010523,0.7331353988263086,94.0,0.0,29.0,-0.6932812268869771,-0.7206671495538615,0.4999999999999999,-0.8660254037844387,12343.192
2025-08-15 12:00:00,0.0,0.9181034067169024,78.66666666666667,37.45997267703433,1.7651519885613698,89.33333333333333,2.0,29.0,-0.6932812268869771,-0.7206671495538615,-0.2588190451025208,-0.9659258262890684,5715.066
2025-08-15 15:00:00,1.0,0.4821611264463937,81.33333333333333,90.01320403636377,0.4334490615304612,82.33333333333333,10.0,29.0,-0.6932812268869771,-0.7206671495538615,-0.8660254037844385,-0.5000000000000004,5374.8047
2025-08-15 18:00:00,1.0,0.0996109937206806,82.33333333333333,59.981817762125125,0.3335979316352279,75.0,9.666666666666666,29.0,-0.6932812268869771,-0.7206671495538615,-0.9659258262890684,0.2588190451025203,11025.042
2025-08-15 21:00:00,0.0,0.9224215560815988,77.0,-0.0126643685571804,0.2679218174024316,96.0,0.0,29.0,-0.6932812268869771,-0.7206671495538615,-0.5000000000000004,0.8660254037844384,1065.6677
2025-08-16 00:00:00,0.0,0.9184623958149049,81.33333333333333,30.00328599951735,0.3338920733090335,82.33333333333333,2.6666666666666665,29.0,-0.7055836101071774,-0.70862667826446,0.2588190451025207,0.9659258262890684,-292.75943
2025-08-16 03:00:00,0.0,0.9179444030028177,78.33333333333333,29.99379526112885,0.5010047248137447,90.66666666666669,3.0,29.0,-0.7055836101071774,-0.70862667826446,0.8660254037844386,0.5000000000000001,-494.94437
2025-08-16 06:00:00,1.0,0.12207248729106,79.33333333333333,37.51943142407253,0.2666923814534612,83.0,4.666666666666667,29.0,-0.7055836101071774,-0.70862667826446,0.9659258262890684,-0.2588190451025206,12740.053
2025-08-16 09:00:00,1.0,0.4441653220590559,77.66666666666667,59.97848648742018,1.5343154446172875,90.66666666666669,5.666666666666667,29.0,-0.7055836101071774,-0.70862667826446,0.4999999999999999,-0.8660254037844387,16118.972
2025-08-16 12:00:00,1.0,0.1333354475868162,86.33333333333333,67.52866733826497,0.501225310821573,72.66666666666667,8.666666666666666,29.0,-0.7055836101071774,-0.70862667826446,-0.2588190451025208,-0.9659258262890684,21744.861
2025-08-16 15:00:00,0.0,0.5842250891246727,80.0,59.96718219924282,1.031166240325641,83.0,3.6666666666666665,29.0,-0.7055836101071774,-0.70862667826446,-0.8660254037844385,-0.5000000000000004,5601.172
2025-08-16 18:00:00,0.0,0.6687936800531727,83.0,67.54134118581777,0.4346406628644801,72.0,5.0,29.0,-0.7055836101071774,-0.70862667826446,-0.9659258262890684,0.2588190451025203,-1192.7372
2025-08-16 21:00:00,1.0,0.3321132132308433,84.0,59.98558961258245,0.4329054455871322,63.333333333333336,10.666666666666666,29.0,-0.7055836101071774,-0.70862667826446,-0.5000000000000004,0.8660254037844384,8633.581
2025-08-17 00:00:00,1.0,0.583316786881933,78.33333333333333,75.03576655984583,1.795129914415881,87.66666666666667,3.0,29.0,-0.7176769136759615,-0.6963762255968726,0.2588190451025207,0.9659258262890684,1076.2708
2025-08-17 03:00:00,1.0,0.1283545053155296,82.33333333333333,60.00244892455239,1.836072368649398,75.0,8.333333333333334,29.0,-0.7176769136759615,-0.6963762255968726,0.8660254037844386,0.5000000000000001,11035.935
2025-08-17 06:00:00,1.0,0.2492070377387784,83.66666666666667,52.50651979026291,0.3343891091243911,76.33333333333333,7.333333333333333,29.0,-0.7176769136759615,-0.6963762255968726,0.9659258262890684,-0.2588190451025206,11439.979
2025-08-17 09:00:00,0.0,0.8354429725234161,79.0,29.97227597670873,0.1667657087171895,92.33333333333331,2.6666666666666665,29.0,-0.7176769136759615,-0.6963762255968726,0.4999999999999999,-0.8660254037844387,7147.676
2025-08-17 12:00:00,1.0,0.109450894986087,83.66666666666667,127.60746880446356,0.6008844767337531,74.33333333333333,8.333333333333334,29.0,-0.7176769136759615,-0.6963762255968726,-0.2588190451025208,-0.9659258262890684,22403.908
2025-08-17 15:00:00,0.0,0.752669392183045,84.33333333333333,67.4600436859779,0.8017161371049847,67.66666666666667,8.333333333333334,29.0,-0.7176769136759615,-0.6963762255968726,-0.8660254037844385,-0.5000000000000004,5063.403
2025-08-17 18:00:00,1.0,0.1189649567432715,82.33333333333333,59.99133282342873,0.4351084560830021,73.33333333333333,10.0,29.0,-0.7176769136759615,-0.6963762255968726,-0.9659258262890684,0.2588190451025203,12958.558
2025-08-17 21:00:00,1.0,0.1394079126384808,85.0,59.99156192661344,0.3345502412976397,68.0,6.0,29.0,-0.7176769136759615,-0.6963762255968726,-0.5000000000000004,0.8660254037844384,13794.598
2025-08-18 00:00:00,0.0,0.8327070238851048,80.66666666666667,44.97162173128857,0.8015852920243441,79.0,4.666666666666667,29.0,-0.7295575540864876,-0.6839194216246105,0.2588190451025207,0.9659258262890684,-156.52687
2025-08-18 03:00:00,1.0,0.4990250521262301,73.0,37.49915232900055,1.066558503551394,89.0,2.0,29.0,-0.7295575540864876,-0.6839194216246105,0.8660254037844386,0.5000000000000001,1267.1108
2025-08-18 06:00:00,1.0,0.4127909467853816,81.33333333333333,112.75954168648202,0.1682158598904591,80.0,5.333333333333333,29.0,-0.7295575540864876,-0.6839194216246105,0.9659258262890684,-0.2588190451025206,4699.681
2025-08-18 09:00:00,1.0,0.4791617421938708,83.66666666666667,75.02667095292294,0.8004477044115447,75.0,7.666666666666667,29.0,-0.7295575540864876,-0.6839194216246105,0.4999999999999999,-0.8660254037844387,14630.985
2025-08-18 12:00:00,0.0,0.5868705009491497,75.66666666666667,0.015428358402916,0.3336699451714633,90.33333333333331,0.0,29.0,-0.7295575540864876,-0.6839194216246105,-0.2588190451025208,-0.9659258262890684,9842.377
2025-08-18 15:00:00,0.0,0.4915654369177073,83.0,97.43967898252862,1.06542258657601,85.66666666666667,10.666666666666666,29.0,-0.7295575540864876,-0.6839194216246105,-0.8660254037844385,-0.5000000000000004,3783.8828
2025-08-18 18:00:00,1.0,0.5863227438425969,77.0,30.032669163576458,0.9665993740863644,82.66666666666667,4.0,29.0,-0.7295575540864876,-0.6839194216246105,-0.9659258262890684,0.2588190451025203,317.40295
2025-08-18 21:00:00,1.0,0.109273750290798,85.66666666666667,59.98772077120236,0.43358982933001,69.66666666666667,10.666666666666666,29.0,-0.7295575540864876,-0.6839194216246105,-0.5000000000000004,0.8660254037844384,14570.502
2025-08-19 00:00:00,0.0,0.832878123530232,79.66666666666667,59.98799621432045,0.1675251385509754,73.0,8.0,29.0,-0.7412220108485957,-0.6712599575675315,0.2588190451025207,0.9659258262890684,-280.25482
2025-08-19 03:00:00,0.0,0.749182598601092,76.33333333333333,37.45738227299916,0.1670837018788361,92.33333333333331,2.0,29.0,-0.7412220108485957,-0.6712599575675315,0.8660254037844386,0.5000000000000001,-70.03914
2025-08-19 06:00:00,1.0,0.1501216247147368,87.33333333333333,135.03259272274258,1.2333589309472457,64.66666666666667,12.666666666666666,29.0,-0.7412220108485957,-0.6712599575675315,0.9659258262890684,-0.2588190451025206,12333.912
2025-08-19 09:00:00,0.0,0.8355456203600345,83.0,67.48844764345806,1.066511262313433,76.66666666666667,11.0,29.0,-0.7412220108485957,-0.6712599575675315,0.4999999999999999,-0.8660254037844387,7961.897
2025-08-19 12:00:00,0.0,0.6668427464513477,82.66666666666667,59.98086056438559,0.2672346289718518,81.33333333333333,9.333333333333334,29.0,-0.7412220108485957,-0.6712599575675315,-0.2588190451025208,-0.9659258262890684,6437.104
2025-08-19 15:00:00,1.0,0.4621170672519048,78.66666666666667,29.972996724273965,1.0024905801119497,88.0,5.0,29.0,-0.7412220108485957,-0.6712599575675315,-0.8660254037844385,-0.5000000000000004,4146.404
2025-08-19 18:00:00,0.0,0.9180840893354928,83.66666666666667,67.49546945503465,1.1691529966490488,70.0,7.666666666666667,29.0,-0.7412220108485957,-0.6712599575675315,-0.9659258262890684,0.2588190451025203,-1268.208
2025-08-19 21:00:00,0.0,0.5828154002131183,79.0,30.039077450715546,0.5337849191621015,87.33333333333333,2.6666666666666665,29.0,-0.7412220108485957,-0.6712599575675315,-0.5000000000000004,0.8660254037844384,231.73521
2025-08-20 00:00:00,0.0,0.6678623677870343,77.66666666666667,67.45514898683342,0.2677817501666117,87.66666666666667,3.0,29.0,-0.7526668275320083,-0.6584015846980489,0.2588190451025207,0.9659258262890684,254.57486
2025-08-20 03:00:00,1.0,0.1647788634244629,89.33333333333333,97.500962549187,0.5007937544200026,56.333333333333336,16.666666666666668,29.0,-0.7526668275320083,-0.6584015846980489,0.8660254037844386,0.5000000000000001,7767.8613
2025-08-20 06:00:00,1.0,0.1759797585356385,86.66666666666667,67.51714447268297,0.6995319039156097,68.66666666666667,7.333333333333333,29.0,-0.7526668275320083,-0.6584015846980489,0.9659258262890684,-0.2588190451025206,11012.195
2025-08-20 09:00:00,1.0,0.249852142895778,83.33333333333333,29.970533537559344,0.4343692614555306,82.66666666666667,4.666666666666667,29.0,-0.7526668275320083,-0.6584015846980489,0.4999999999999999,-0.8660254037844387,17907.797
2025-08-20 12:00:00,1.0,0.4268577542310203,80.0,74.96406231004534,0.1664505883798812,78.66666666666667,10.0,29.0,-0.7526668275320083,-0.6584015846980489,-0.2588190451025208,-0.9659258262890684,14888.075
2025-08-20 15:00:00,1.0,0.1320641107726473,81.33333333333333,90.02025290722115,1.1974895806330028,79.0,12.333333333333334,29.0,-0.7526668275320083,-0.6584015846980489,-0.8660254037844385,-0.5000000000000004,18036.205
2025-08-20 18:00:00,0.0,0.665870292978352,80.0,67.49525967625283,1.8658087797142064,85.0,8.666666666666666,29.0,-0.7526668275320083,-0.6584015846980489,-0.9659258262890684,0.2588190451025203,-1158.8456
2025-08-20 21:00:00,0.0,0.6661426808754934,78.0,30.004493015862177,0.9686988376250274,84.66666666666667,4.0,29.0,-0.7526668275320083,-0.6584015846980489,-0.5000000000000004,0.8660254037844384,231.73521
2025-08-21 00:00:00,1.0,0.0851948526864255,83.0,89.95895195476156,0.5339739187227541,66.33333333333333,12.666666666666666,29.0,-0.7638886127905429,-0.64534811322955,0.2588190451025207,0.9659258262890684,14700.226
2025-08-21 03:00:00,1.0,0.2501879051005931,83.66666666666667,89.958549334251,0.3344993211594918,76.0,8.333333333333334,29.0,-0.7638886127905429,-0.64534811322955,0.8660254037844386,0.5000000000000001,7680.0083
2025-08-21 06:00:00,0.0,0.5824512407701071,82.66666666666667,74.96487302655665,1.0649937491004875,77.33333333333333,5.0,29.0,-0.7638886127905429,-0.64534811322955,0.9659258262890684,-0.2588190451025206,2286.494
2025-08-21 09:00:00,0.0,0.4486425419038685,76.33333333333333,22.55231000245256,1.4291898665522966,87.66666666666667,3.333333333333333,29.0,-0.7638886127905429,-0.64534811322955,0.4999999999999999,-0.8660254037844387,16464.002
2025-08-21 12:00:00,1.0,0.1298946353707465,83.66666666666667,127.02056059422723,0.1674181944307189,74.33333333333333,5.333333333333333,29.0,-0.7638886127905429,-0.64534811322955,-0.2588190451025208,-0.9659258262890684,21615.277
2025-08-21 15:00:00,1.0,0.1134432494875612,86.66666666666667,74.89824321844966,1.0679137705839052,66.0,13.333333333333334,29.0,-0.7638886127905429,-0.64534811322955,-0.8660254037844385,-0.5000000000000004,18370.44
2025-08-21 18:00:00,0.0,0.9157534427584908,81.66666666666667,105.00854272849972,1.06804356378213,77.66666666666667,10.333333333333334,29.0,-0.7638886127905429,-0.64534811322955,-0.9659258262890684,0.2588190451025203,-1087.4445
2025-08-21 21:00:00,0.0,0.9179956428096628,81.33333333333333,97.545258334469,0.7006603848773091,86.33333333333333,3.0,29.0,-0.7638886127905429,-0.64534811322955,-0.5000000000000004,0.8660254037844384,-350.1685
2025-08-22 00:00:00,0.0,0.9186926509458088,79.33333333333333,37.52188015569828,0.1666329772819826,84.33333333333333,5.0,29.0,-0.7748840413670406,-0.6321034111873488,0.2588190451025207,0.9659258262890684,-34.097767
2025-08-22 03:00:00,1.0,0.487757340258754,81.33333333333333,14.981078460424357,1.0687413931356993,80.66666666666667,2.0,29.0,-0.7748840413670406,-0.6321034111873488,0.8660254037844386,0.5000000000000001,3899.2007
2025-08-22 06:00:00,0.0,0.9188487717382864,82.0,67.493283657355,1.3367816657903653,77.0,7.666666666666667,29.0,-0.7748840413670406,-0.6321034111873488,0.9659258262890684,-0.2588190451025206,1660.3268
2025-08-22 09:00:00,1.0,0.117096529167891,81.33333333333333,29.964502687240422,0.7009003504907826,83.0,3.333333333333333,29.0,-0.7748840413670406,-0.6321034111873488,0.4999999999999999,-0.8660254037844387,19192.31
2025-08-22 12:00:00,0.0,0.9159537247105816,78.33333333333333,-0.0132370308781362,0.5336222570102441,92.33333333333331,0.0,29.0,-0.7748840413670406,-0.6321034111873488,-0.2588190451025208,-0.9659258262890684,6325.5283
2025-08-22 15:00:00,0.0,0.582985705208629,85.66666666666667,67.49932648876664,0.3325967502580599,67.0,6.0,29.0,-0.7748840413670406,-0.6321034111873488,-0.8660254037844385,-0.5000000000000004,6478.4263
2025-08-22 18:00:00,1.0,0.0881879335780161,80.66666666666667,59.71988030311024,0.4335154322870882,81.0,1.6666666666666667,29.0,-0.7748840413670406,-0.6321034111873488,-0.9659258262890684,0.2588190451025203,9808.442
2025-08-22 21:00:00,0.0,0.7503687845529506,78.66666666666667,29.99721957003496,0.967065897083526,87.0,3.0,29.0,-0.7748840413670406,-0.6321034111873488,-0.5000000000000004,0.8660254037844384,231.73521
2025-08-23 00:00:00,1.0,0.1228686516792237,83.0,67.53951814284635,0.5329907250038465,73.33333333333333,5.333333333333333,29.0,-0.7856498550787144,-0.6186714032625032,0.2588190451025207,0.9659258262890684,13804.009
2025-08-23 03:00:00,0.0,0.5811894949459435,79.33333333333333,97.50135767620662,0.3342496506154742,83.66666666666667,6.666666666666667,29.0,-0.7856498550787144,-0.6186714032625032,0.8660254037844386,0.5000000000000001,-269.11792
2025-08-23 06:00:00,0.0,1.0003574274986038,84.33333333333333,104.95206290224075,0.0011379667248974,69.0,6.0,29.0,-0.7856498550787144,-0.6186714032625032,0.9659258262890684,-0.2588190451025206,1733.5095
2025-08-23 09:00:00,0.0,0.7531269306782904,76.33333333333333,0.0210225128316847,0.1673541945798645,89.66666666666667,0.0,29.0,-0.7856498550787144,-0.6186714032625032,0.4999999999999999,-0.8660254037844387,12343.192
2025-08-23 12:00:00,1.0,0.4658509759676681,77.33333333333333,0.0252858897655545,0.1678016431215385,94.33333333333331,0.0,29.0,-0.7856498550787144,-0.6186714032625032,-0.2588190451025208,-0.9659258262890684,16281.203
2025-08-23 15:00:00,1.0,0.5208350183960594,75.66666666666667,37.46892510457901,2.460655661102131,90.0,2.0,29.0,-0.7856498550787144,-0.6186714032625032,-0.8660254037844385,-0.5000000000000004,2892.2021
2025-08-23 18:00:00,0.0,1.003581829099197,80.0,37.503685675177934,0.968185084521242,83.0,4.333333333333333,29.0,-0.7856498550787144,-0.6186714032625032,-0.9659258262890684,0.2588190451025203,-912.06396
2025-08-23 21:00:00,1.0,0.5863350108612378,80.66666666666667,97.90529144624747,1.93640416620114,81.33333333333333,3.0,29.0,-0.7856498550787144,-0.6186714032625032,-0.5000000000000004,0.8660254037844384,637.7715
2025-08-24 00:00:00,1.0,0.3334182722765808,79.66666666666667,22.524749015419555,0.3336301565641714,81.33333333333333,4.666666666666667,29.0,-0.7961828637826154,-0.6050560696488494,0.2588190451025207,0.9659258262890684,8707.365
2025-08-24 03:00:00,1.0,0.1317805932680722,85.0,120.2323140880777,0.3341401699070744,75.0,7.333333333333333,29.0,-0.7961828637826154,-0.6050560696488494,0.8660254037844386,0.5000000000000001,11260.792
2025-08-24 06:00:00,0.0,0.8330077566626201,82.66666666666667,37.5024259999963,0.2675654845742934,80.66666666666667,5.333333333333333,29.0,-0.7961828637826154,-0.6050560696488494,0.9659258262890684,-0.2588190451025206,1593.8588
2025-08-24 09:00:00,1.0,0.1411849735939984,80.0,67.52374252235337,1.3343229702105048,86.33333333333333,5.333333333333333,29.0,-0.7961828637826154,-0.6050560696488494,0.4999999999999999,-0.8660254037844387,17733.578
2025-08-24 12:00:00,1.0,0.1334532115223621,87.33333333333333,90.00274116568558,0.3341689462121076,56.66666666666666,12.0,29.0,-0.7961828637826154,-0.6050560696488494,-0.2588190451025208,-0.9659258262890684,21653.084
2025-08-24 15:00:00,0.0,0.7509574501836123,80.33333333333333,22.51301494454039,0.4343942596512858,84.0,2.0,29.0,-0.7961828637826154,-0.6050560696488494,-0.8660254037844385,-0.5000000000000004,5226.479
2025-08-24 18:00:00,0.0,0.6652699713206539,77.0,22.50615835975824,0.7008810467900132,94.33333333333331,2.0,29.0,-0.7961828637826154,-0.6050560696488494,-0.9659258262890684,0.2588190451025203,361.6918
2025-08-24 21:00:00,0.0,0.915158416081209,80.66666666666667,52.49468806948943,1.6030024491074677,70.0,9.0,29.0,-0.7961828637826154,-0.6050560696488494,-0.5000000000000004,0.8660254037844384,-406.12982
2025-08-25 00:00:00,1.0,0.0765609296328328,78.0,37.48538388608599,0.8013364794687807,83.66666666666667,1.0,29.0,-0.8064799463209447,-0.5912614448635782,0.2588190451025207,0.9659258262890684,17198.23
2025-08-25 03:00:00,0.0,0.582975715776394,79.66666666666667,-0.0214833480722128,0.2676254864872965,89.33333333333333,0.0,29.0,-0.8064799463209447,-0.5912614448635782,0.8660254037844386,0.5000000000000001,164.41231
2025-08-25 06:00:00,0.0,0.9156149070306216,77.66666666666667,67.48198347039217,0.0013661850408281,80.66666666666667,3.0,29.0,-0.8064799463209447,-0.5912614448635782,0.9659258262890684,-0.2588190451025206,2188.6157
2025-08-25 09:00:00,0.0,0.7519618651358887,78.66666666666667,67.50931610359449,0.7352305438697645,85.66666666666667,4.333333333333333,29.0,-0.8064799463209447,-0.5912614448635782,0.4999999999999999,-0.8660254037844387,8817.754
2025-08-25 12:00:00,1.0,0.441681789302474,78.66666666666667,75.0610696657018,1.7059080446470911,77.0,6.333333333333333,29.0,-0.8064799463209447,-0.5912614448635782,-0.2588190451025208,-0.9659258262890684,14254.52
2025-08-25 15:00:00,1.0,0.4120128544262862,80.66666666666667,59.97923659216829,0.435186372057544,74.0,3.0,29.0,-0.8064799463209447,-0.5912614448635782,-0.8660254037844385,-0.5000000000000004,8154.367
2025-08-25 18:00:00,0.0,0.7504254835917488,77.0,37.45710164727691,0.964662522288029,92.33333333333331,1.0,29.0,-0.8064799463209447,-0.5912614448635782,-0.9659258262890684,0.2588190451025203,-249.49405
2025-08-25 21:00:00,1.0,0.1233977841560184,84.33333333333333,90.0149536758277,0.3343649514407124,69.33333333333333,9.666666666666666,29.0,-0.8064799463209447,-0.5912614448635782,-0.5000000000000004,0.8660254037844384,14750.782
2025-08-26 00:00:00,0.0,0.8349743258873583,84.33333333333333,67.49214517106255,0.2677664981092423,68.0,9.333333333333334,29.0,-0.8165380514459157,-0.5772916165517278,0.2588190451025207,0.9659258262890684,-309.00134
2025-08-26 03:00:00,0.0,0.5344400109012745,78.0,29.983590162721057,0.2674690352282788,88.0,2.6666666666666665,29.0,-0.8165380514459157,-0.5772916165517278,0.8660254037844386,0.5000000000000001,-201.43288
2025-08-26 06:00:00,0.0,0.8356159072673185,79.33333333333333,67.48205022430729,0.8039674069456523,81.33333333333333,6.666666666666667,29.0,-0.8165380514459157,-0.5772916165517278,0.9659258262890684,-0.2588190451025206,2442.1792
2025-08-26 09:00:00,0.0,0.6673318425651036,76.33333333333333,74.5719828691726,0.1670940531313973,92.33333333333331,2.0,29.0,-0.8165380514459157,-0.5772916165517278,0.4999999999999999,-0.8660254037844387,9584.7295
2025-08-26 12:00:00,1.0,0.4570250508080565,83.0,82.55531837109913,0.1683460816974519,76.66666666666667,7.666666666666667,29.0,-0.8165380514459157,-0.5772916165517278,-0.2588190451025208,-0.9659258262890684,13974.844
2025-08-26 15:00:00,1.0,0.2484293837051308,80.0,30.006296760924897,0.5340879397446733,84.33333333333333,4.0,29.0,-0.8165380514459157,-0.5772916165517278,-0.8660254037844385,-0.5000000000000004,16498.363
2025-08-26 18:00:00,1.0,0.3333621395069109,79.33333333333333,81.29369179849492,0.4337406999674952,90.66666666666669,3.333333333333333,29.0,-0.8165380514459157,-0.5772916165517278,-0.9659258262890684,0.2588190451025203,8325.283
2025-08-26 21:00:00,1.0,0.104048159515665,81.66666666666667,90.0186665480194,0.9675018511860224,72.0,8.333333333333334,29.0,-0.8165380514459157,-0.5772916165517278,-0.5000000000000004,0.8660254037844384,14321.757
2025-08-27 00:00:00,1.0,0.3326696745729485,86.33333333333333,97.53152819024234,1.1354707826693826,65.33333333333333,9.0,29.0,-0.8263541987239094,-0.5631507242749187,0.2588190451025207,0.9659258262890684,6872.9536
2025-08-27 03:00:00,0.0,0.6643772917560206,81.0,-0.0105665515801981,0.50051578214034,84.0,0.0,29.0,-0.8263541987239094,-0.5631507242749187,0.8660254037844386,0.5000000000000001,164.41231
2025-08-27 06:00:00,1.0,0.2516087759155518,80.0,30.05472558706353,0.9681593407213852,78.0,5.0,29.0,-0.8263541987239094,-0.5631507242749187,0.9659258262890684,-0.2588190451025206,12290.403
2025-08-27 09:00:00,1.0,0.0702471775014684,80.66666666666667,52.41633216497623,1.2720093135751491,90.66666666666669,1.6666666666666667,29.0,-0.8263541987239094,-0.5631507242749187,0.4999999999999999,-0.8660254037844387,20772.354
2025-08-27 12:00:00,0.0,0.834497898084547,78.66666666666667,-0.0027016701239431,0.0007605458878568,91.0,0.0,29.0,-0.8263541987239094,-0.5631507242749187,-0.2588190451025208,-0.9659258262890684,5923.657
2025-08-27 15:00:00,0.0,0.5853527457111865,82.66666666666667,59.9869085609976,0.3329680239576575,75.0,7.333333333333333,29.0,-0.8263541987239094,-0.5631507242749187,-0.8660254037844385,-0.5000000000000004,5762.626
2025-08-27 18:00:00,0.0,0.9153867500614228,81.33333333333333,97.4800988688084,-0.0001517955756136,72.0,8.333333333333334,29.0,-0.8263541987239094,-0.5631507242749187,-0.9659258262890684,0.2588190451025203,-1107.7501
2025-08-27 21:00:00,0.0,0.7525092508374147,84.33333333333333,97.47887398936196,5.592895091890168e-05,75.66666666666667,11.333333333333334,29.0,-0.8263541987239094,-0.5631507242749187,-0.5000000000000004,0.8660254037844384,-491.78534
2025-08-28 00:00:00,0.0,0.5531146730476963,80.66666666666667,67.47343882594897,0.2664272340861374,79.33333333333333,4.0,29.0,-0.8359254794186365,-0.5488429582847199,0.2588190451025207,0.9659258262890684,-331.5403
2025-08-28 03:00:00,1.0,0.2513856758493213,79.66666666666667,158.8318074637143,0.9664058718192434,85.66666666666667,6.333333333333333,29.0,-0.8359254794186365,-0.5488429582847199,0.8660254037844386,0.5000000000000001,7119.943
2025-08-28 06:00:00,1.0,0.3342947036422506,80.66666666666667,52.49614080428728,0.3339492417969183,84.66666666666667,2.0,29.0,-0.8359254794186365,-0.5488429582847199,0.9659258262890684,-0.2588190451025206,8745.619
2025-08-28 09:00:00,0.0,0.6684943931523019,82.33333333333333,114.05558091155406,1.0685553630121971,75.66666666666667,5.666666666666667,29.0,-0.8359254794186365,-0.5488429582847199,0.4999999999999999,-0.8660254037844387,8864.547
2025-08-28 12:00:00,0.0,0.5522295938652639,79.33333333333333,59.99247724282719,-0.0003938204241303,84.33333333333333,3.6666666666666665,29.0,-0.8359254794186365,-0.5488429582847199,-0.2588190451025208,-0.9659258262890684,6306.596
2025-08-28 15:00:00,0.0,0.9176885429795564,76.33333333333333,0.0094846387291016,0.5344953679360778,98.0,0.0,29.0,-0.8359254794186365,-0.5488429582847199,-0.8660254037844385,-0.5000000000000004,9273.496
2025-08-28 18:00:00,1.0,0.2508806979764184,81.33333333333333,29.98408652964287,0.5997644915249175,83.0,3.0,29.0,-0.8359254794186365,-0.5488429582847199,-0.9659258262890684,0.2588190451025203,9282.139
2025-08-28 21:00:00,1.0,0.333094338044297,80.66666666666667,29.98974524195976,0.0005845542936601,82.0,4.666666666666667,29.0,-0.8359254794186365,-0.5488429582847199,-0.5000000000000004,0.8660254037844384,10448.071
2025-08-29 00:00:00,1.0,0.4653555630748685,81.33333333333333,59.95136706641509,1.870544496154506,77.66666666666667,4.333333333333333,29.0,-0.8452490573530634,-0.5343725582809785,0.2588190451025207,0.9659258262890684,4824.905
2025-08-29 03:00:00,1.0,0.0985854817467492,78.33333333333333,59.97421051156291,1.5298330661287771,70.0,8.333333333333334,29.0,-0.8452490573530634,-0.5343725582809785,0.8660254037844386,0.5000000000000001,10125.714
2025-08-29 06:00:00,0.0,0.4743712760234772,79.33333333333333,89.98000256579324,0.8003340062169756,81.33333333333333,6.666666666666667,29.0,-0.8452490573530634,-0.5343725582809785,0.9659258262890684,-0.2588190451025206,2296.2634
2025-08-29 09:00:00,0.0,0.9173001448132654,77.66666666666667,-0.0143471734487816,0.1664531895128016,83.33333333333333,0.0,29.0,-0.8452490573530634,-0.5343725582809785,0.4999999999999999,-0.8660254037844387,12329.216
2025-08-29 12:00:00,1.0,0.1464967554329941,78.0,77.44074217946248,1.2360541153609084,87.66666666666667,2.0,29.0,-0.8452490573530634,-0.5343725582809785,-0.2588190451025208,-0.9659258262890684,18350.615
2025-08-29 15:00:00,0.0,0.4823737059404243,79.33333333333333,67.41494755323083,2.4013427999189827,84.0,8.666666666666666,29.0,-0.8452490573530634,-0.5343725582809785,-0.8660254037844385,-0.5000000000000004,1935.2789
2025-08-29 18:00:00,0.0,0.9171010330600704,80.66666666666667,67.5179110282139,0.3340827850616651,86.0,5.0,29.0,-0.8452490573530634,-0.5343725582809785,-0.9659258262890684,0.2588190451025203,-751.6061
2025-08-29 21:00:00,0.0,0.83157543175464,78.33333333333333,67.44798607940227,0.9660221424292476,87.33333333333333,3.0,29.0,-0.8452490573530634,-0.5343725582809785,-0.5000000000000004,0.8660254037844384,-350.1685
2025-08-30 00:00:00,1.0,0.099364762507011,82.66666666666667,67.45177350650854,1.5971026670678512,80.66666666666667,5.333333333333333,29.0,-0.8543221697498269,-0.5197438121555157,0.2588190451025207,0.9659258262890684,13270.968
2025-08-30 03:00:00,1.0,0.0943641549026395,81.33333333333333,67.52230467308976,1.0672736719980496,81.33333333333333,6.333333333333333,29.0,-0.8543221697498269,-0.5197438121555157,0.8660254037844386,0.5000000000000001,8763.784
2025-08-30 06:00:00,0.0,1.0131837383219782,78.33333333333333,37.47584044674221,1.5329474989979364,83.0,2.0,29.0,-0.8543221697498269,-0.5197438121555157,0.9659258262890684,-0.2588190451025206,1716.288
2025-08-30 09:00:00,1.0,0.1323815574459443,66.66666666666667,29.97701380802124,0.1677441996139115,80.33333333333333,3.333333333333333,29.0,-0.8543221697498269,-0.5197438121555157,0.4999999999999999,-0.8660254037844387,23180.2
2025-08-30 12:00:00,0.0,0.6648998465810723,80.66666666666667,52.44718363936769,0.2665581134099588,80.66666666666667,6.0,29.0,-0.8543221697498269,-0.5197438121555157,-0.2588190451025208,-0.9659258262890684,5672.404
2025-08-30 15:00:00,1.0,0.0521849170210468,82.0,241.1067433208957,2.406764122360301,70.0,17.0,29.0,-0.8543221697498269,-0.5197438121555157,-0.8660254037844385,-0.5000000000000004,18395.406
2025-08-30 18:00:00,,,,,,,,,-0.8543221697498269,-0.5197438121555157,-0.9659258262890684,0.2588190451025203,1830.5383
2025-08-30 21:00:00,,,,,,,,,-0.8543221697498269,-0.5197438121555157,-0.5000000000000004,0.8660254037844384,3020.3794
2025-08-31 00:00:00,,,,,,,,,-0.8631421280499115,-0.5049610547215202,0.2588190451025207,0.9659258262890684,2993.7593
2025-08-31 03:00:00,,,,,,,,,-0.8631421280499115,-0.5049610547215202,0.8660254037844386,0.5000000000000001,2631.0222
2025-08-31 06:00:00,,,,,,,,,-0.8631421280499115,-0.5049610547215202,0.9659258262890684,-0.2588190451025206,4868.176
2025-08-31 09:00:00,,,,,,,,,-0.8631421280499115,-0.5049610547215202,0.4999999999999999,-0.8660254037844387,8871.548
2025-08-31 12:00:00,,,,,,,,,-0.8631421280499115,-0.5049610547215202,-0.2588190451025208,-0.9659258262890684,7257.0684
2025-08-31 15:00:00,,,,,,,,,-0.8631421280499115,-0.5049610547215202,-0.8660254037844385,-0.5000000000000004,4689.0273
2025-08-31 18:00:00,,,,,,,,,-0.8631421280499115,-0.5049610547215202,-0.9659258262890684,0.2588190451025203,1830.5383
2025-08-31 21:00:00,,,,,,,,,-0.8631421280499115,-0.5049610547215202,-0.5000000000000004,0.8660254037844384,3020.3794
2025-09-01 00:00:00,,,,,,,,,-0.8717063187093217,-0.4900286664290594,0.2588190451025207,0.9659258262890684,2993.7593
2025-09-01 03:00:00,,,,,,,,,-0.8717063187093217,-0.4900286664290594,0.8660254037844386,0.5000000000000001,2631.0222
2025-09-01 06:00:00,,,,,,,,,-0.8717063187093217,-0.4900286664290594,0.9659258262890684,-0.2588190451025206,4868.176
2025-09-01 09:00:00,,,,,,,,,-0.8717063187093217,-0.4900286664290594,0.4999999999999999,-0.8660254037844387,8871.548
2025-09-01 12:00:00,,,,,,,,,-0.8717063187093217,-0.4900286664290594,-0.2588190451025208,-0.9659258262890684,7257.0684
2025-09-01 15:00:00,,,,,,,,,-0.8717063187093217,-0.4900286664290594,-0.8660254037844385,-0.5000000000000004,4689.0273
2025-09-01 18:00:00,,,,,,,,,-0.8717063187093217,-0.4900286664290594,-0.9659258262890684,0.2588190451025203,1830.5383
2025-09-01 21:00:00,,,,,,,,,-0.8717063187093217,-0.4900286664290594,-0.5000000000000004,0.8660254037844384,3020.3794
2025-09-02 00:00:00,,,,,,,,,-0.8800122039735356,-0.4749510720670502,0.2588190451025207,0.9659258262890684,2993.7593
2025-09-02 03:00:00,,,,,,,,,-0.8800122039735356,-0.4749510720670502,0.8660254037844386,0.5000000000000001,2631.0222
2025-09-02 06:00:00,,,,,,,,,-0.8800122039735356,-0.4749510720670502,0.9659258262890684,-0.2588190451025206,4868.176
2025-09-02 09:00:00,,,,,,,,,-0.8800122039735356,-0.4749510720670502,0.4999999999999999,-0.8660254037844387,9594.391
2025-09-02 12:00:00,,,,,,,,,-0.8800122039735356,-0.4749510720670502,-0.2588190451025208,-0.9659258262890684,7325.119
2025-09-02 15:00:00,,,,,,,,,-0.8800122039735356,-0.4749510720670502,-0.8660254037844385,-0.5000000000000004,4689.0273
2025-09-02 18:00:00,,,,,,,,,-0.8800122039735356,-0.4749510720670502,-0.9659258262890684,0.2588190451025203,1830.5383
2025-09-02 21:00:00,,,,,,,,,-0.8800122039735356,-0.4749510720670502,-0.5000000000000004,0.8660254037844384,3020.3794
2025-09-03 00:00:00,,,,,,,,,-0.888057322629493,-0.4597327394521046,0.2588190451025207,0.9659258262890684,2993.7593
2025-09-03 03:00:00,,,,,,,,,-0.888057322629493,-0.4597327394521046,0.8660254037844386,0.5000000000000001,2631.0222
2025-09-03 06:00:00,,,,,,,,,-0.888057322629493,-0.4597327394521046,0.9659258262890684,-0.2588190451025206,4868.176
2025-09-03 09:00:00,,,,,,,,,-0.888057322629493,-0.4597327394521046,0.4999999999999999,-0.8660254037844387,9594.391
2025-09-03 12:00:00,,,,,,,,,-0.888057322629493,-0.4597327394521046,-0.2588190451025208,-0.9659258262890684,7325.119
2025-09-03 15:00:00,,,,,,,,,-0.888057322629493,-0.4597327394521046,-0.8660254037844385,-0.5000000000000004,4689.0273
2025-09-03 18:00:00,,,,,,,,,-0.888057322629493,-0.4597327394521046,-0.9659258262890684,0.2588190451025203,2017.3466
2025-09-03 21:00:00,,,,,,,,,-0.888057322629493,-0.4597327394521046,-0.5000000000000004,0.8660254037844384,3020.3794
2025-09-04 00:00:00,,,,,,,,,-0.8958392907349089,-0.4443781781046134,0.2588190451025207,0.9659258262890684,2667.05
2025-09-04 03:00:00,,,,,,,,,-0.8958392907349089,-0.4443781781046134,0.8660254037844386,0.5000000000000001,2304.313
2025-09-04 06:00:00,,,,,,,,,-0.8958392907349089,-0.4443781781046134,0.9659258262890684,-0.2588190451025206,4541.467
2025-09-04 09:00:00,,,,,,,,,-0.8958392907349089,-0.4443781781046134,0.4999999999999999,-0.8660254037844387,9267.682
2025-09-04 12:00:00,,,,,,,,,-0.8958392907349089,-0.4443781781046134,-0.2588190451025208,-0.9659258262890684,6998.41
2025-09-04 15:00:00,,,,,,,,,-0.8958392907349089,-0.4443781781046134,-0.8660254037844385,-0.5000000000000004,3822.2607
2025-09-04 18:00:00,,,,,,,,,-0.8958392907349089,-0.4443781781046134,-0.9659258262890684,0.2588190451025203,1690.6373
2025-09-04 21:00:00,,,,,,,,,-0.8958392907349089,-0.4443781781046134,-0.5000000000000004,0.8660254037844384,2693.6702
2025-09-05 00:00:00,,,,,,,,,-0.9033558023246842,-0.4288919379124841,0.2588190451025207,0.9659258262890684,2667.05
2025-09-05 03:00:00,,,,,,,,,-0.9033558023246842,-0.4288919379124841,0.8660254037844386,0.5000000000000001,2304.313
2025-09-05 06:00:00,,,,,,,,,-0.9033558023246842,-0.4288919379124841,0.9659258262890684,-0.2588190451025206,4541.467
2025-09-05 09:00:00,,,,,,,,,-0.9033558023246842,-0.4288919379124841,0.4999999999999999,-0.8660254037844387,9267.682
2025-09-05 12:00:00,,,,,,,,,-0.9033558023246842,-0.4288919379124841,-0.2588190451025208,-0.9659258262890684,6998.41
2025-09-05 15:00:00,,,,,,,,,-0.9033558023246842,-0.4288919379124841,-0.8660254037844385,-0.5000000000000004,3822.2607
2025-09-05 18:00:00,,,,,,,,,-0.9033558023246842,-0.4288919379124841,-0.9659258262890684,0.2588190451025203,1690.6373
2025-09-05 21:00:00,,,,,,,,,-0.9033558023246842,-0.4288919379124841,-0.5000000000000004,0.8660254037844384,2693.6702
2025-09-06 00:00:00,,,,,,,,,-0.9106046300942162,-0.4132786077829044,0.2588190451025207,0.9659258262890684,2667.05
2025-09-06 03:00:00,,,,,,,,,-0.9106046300942162,-0.4132786077829044,0.8660254037844386,0.5000000000000001,2304.313
2025-09-06 06:00:00,,,,,,,,,-0.9106046300942162,-0.4132786077829044,0.9659258262890684,-0.2588190451025206,4541.467
2025-09-06 09:00:00,,,,,,,,,-0.9106046300942162,-0.4132786077829044,0.4999999999999999,-0.8660254037844387,9267.682
2025-09-06 12:00:00,,,,,,,,,-0.9106046300942162,-0.4132786077829044,-0.2588190451025208,-0.9659258262890684,6998.41
2025-09-06 15:00:00,,,,,,,,,-0.9106046300942162,-0.4132786077829044,-0.8660254037844385,-0.5000000000000004,3822.2607
2025-09-06 18:00:00,,,,,,,,,-0.9106046300942162,-0.4132786077829044,-0.9659258262890684,0.2588190451025203,1690.6373
2025-09-06 21:00:00,,,,,,,,,-0.9106046300942162,-0.4132786077829044,-0.5000000000000004,0.8660254037844384,2693.6702
2025-09-07 00:00:00,,,,,,,,,-0.9175836260593934,-0.3975428142825566,0.2588190451025207,0.9659258262890684,2691.6394
2025-09-07 03:00:00,,,,,,,,,-0.9175836260593934,-0.3975428142825566,0.8660254037844386,0.5000000000000001,2328.902
2025-09-07 06:00:00,,,,,,,,,-0.9175836260593934,-0.3975428142825566,0.9659258262890684,-0.2588190451025206,4566.056
2025-09-07 09:00:00,,,,,,,,,-0.9175836260593934,-0.3975428142825566,0.4999999999999999,-0.8660254037844387,9402.607
2025-09-07 12:00:00,,,,,,,,,-0.9175836260593934,-0.3975428142825566,-0.2588190451025208,-0.9659258262890684,7133.3364
2025-09-07 15:00:00,,,,,,,,,-0.9175836260593934,-0.3975428142825566,-0.8660254037844385,-0.5000000000000004,3957.1868
2025-09-07 18:00:00,,,,,,,,,-0.9175836260593934,-0.3975428142825566,-0.9659258262890684,0.2588190451025203,1715.2266
2025-09-07 21:00:00,,,,,,,,,-0.9175836260593934,-0.3975428142825566,-0.5000000000000004,0.8660254037844384,2718.2595
2025-09-08 00:00:00,,,,,,,,,-0.9242907221930934,-0.3816892202666586,0.2588190451025207,0.9659258262890684,2691.6394
2025-09-08 03:00:00,,,,,,,,,-0.9242907221930934,-0.3816892202666586,0.8660254037844386,0.5000000000000001,2328.902
2025-09-08 06:00:00,,,,,,,,,-0.9242907221930934,-0.3816892202666586,0.9659258262890684,-0.2588190451025206,4566.056
2025-09-08 09:00:00,,,,,,,,,-0.9242907221930934,-0.3816892202666586,0.4999999999999999,-0.8660254037844387,9402.607
2025-09-08 12:00:00,,,,,,,,,-0.9242907221930934,-0.3816892202666586,-0.2588190451025208,-0.9659258262890684,7133.3364
2025-09-08 15:00:00,,,,,,,,,-0.9242907221930934,-0.3816892202666586,-0.8660254037844385,-0.5000000000000004,3957.1868
2025-09-08 18:00:00,,,,,,,,,-0.9242907221930934,-0.3816892202666586,-0.9659258262890684,0.2588190451025203,1715.2266
2025-09-08 21:00:00,,,,,,,,,-0.9242907221930934,-0.3816892202666586,-0.5000000000000004,0.8660254037844384,2718.2595
2025-09-09 00:00:00,,,,,,,,,-0.9307239310379792,-0.3657225234972692,0.2588190451025207,0.9659258262890684,2691.6394
2025-09-09 03:00:00,,,,,,,,,-0.9307239310379792,-0.3657225234972692,0.8660254037844386,0.5000000000000001,2328.902
2025-09-09 06:00:00,,,,,,,,,-0.9307239310379792,-0.3657225234972692,0.9659258262890684,-0.2588190451025206,4566.056
2025-09-09 09:00:00,,,,,,,,,-0.9307239310379792,-0.3657225234972692,0.4999999999999999,-0.8660254037844387,9402.607
2025-09-09 12:00:00,,,,,,,,,-0.9307239310379792,-0.3657225234972692,-0.2588190451025208,-0.9659258262890684,7133.3364
2025-09-09 15:00:00,,,,,,,,,-0.9307239310379792,-0.3657225234972692,-0.8660254037844385,-0.5000000000000004,3957.1868
2025-09-09 18:00:00,,,,,,,,,-0.9307239310379792,-0.3657225234972692,-0.9659258262890684,0.2588190451025203,1715.2266
2025-09-09 21:00:00,,,,,,,,,-0.9307239310379792,-0.3657225234972692,-0.5000000000000004,0.8660254037844384,2718.2595
2025-09-10 00:00:00,,,,,,,,,-0.9368813462954316,-0.3496474552512282,0.2588190451025207,0.9659258262890684,2691.6394
2025-09-10 03:00:00,,,,,,,,,-0.9368813462954316,-0.3496474552512282,0.8660254037844386,0.5000000000000001,2328.902
2025-09-10 06:00:00,,,,,,,,,-0.9368813462954316,-0.3496474552512282,0.9659258262890684,-0.2588190451025206,4566.056
2025-09-10 09:00:00,,,,,,,,,-0.9368813462954316,-0.3496474552512282,0.4999999999999999,-0.8660254037844387,9402.607
2025-09-10 12:00:00,,,,,,,,,-0.9368813462954316,-0.3496474552512282,-0.2588190451025208,-0.9659258262890684,7133.3364
2025-09-10 15:00:00,,,,,,,,,-0.9368813462954316,-0.3496474552512282,-0.8660254037844385,-0.5000000000000004,3957.1868
2025-09-10 18:00:00,,,,,,,,,-0.9368813462954316,-0.3496474552512282,-0.9659258262890684,0.2588190451025203,1715.2266
2025-09-10 21:00:00,,,,,,,,,-0.9368813462954316,-0.3496474552512282,-0.5000000000000004,0.8660254037844384,2718.2595
2025-09-11 00:00:00,,,,,,,,,-0.9427611433904206,-0.333468778918187,0.2588190451025207,0.9659258262890684,2691.6394
2025-09-11 03:00:00,,,,,,,,,-0.9427611433904206,-0.333468778918187,0.8660254037844386,0.5000000000000001,2328.902
2025-09-11 06:00:00,,,,,,,,,-0.9427611433904206,-0.333468778918187,0.9659258262890684,-0.2588190451025206,4566.056
2025-09-11 09:00:00,,,,,,,,,-0.9427611433904206,-0.333468778918187,0.4999999999999999,-0.8660254037844387,9402.607
2025-09-11 12:00:00,,,,,,,,,-0.9427611433904206,-0.333468778918187,-0.2588190451025208,-0.9659258262890684,7133.3364
2025-09-11 15:00:00,,,,,,,,,-0.9427611433904206,-0.333468778918187,-0.8660254037844385,-0.5000000000000004,3957.1868
2025-09-11 18:00:00,,,,,,,,,-0.9427611433904206,-0.333468778918187,-0.9659258262890684,0.2588190451025203,1715.2266
2025-09-11 21:00:00,,,,,,,,,-0.9427611433904206,-0.333468778918187,-0.5000000000000004,0.8660254037844384,2718.2595
2025-09-12 00:00:00,,,,,,,,,-0.9483615800121716,-0.3171912885891059,0.2588190451025207,0.9659258262890684,2691.6394
2025-09-12 03:00:00,,,,,,,,,-0.9483615800121716,-0.3171912885891059,0.8660254037844386,0.5000000000000001,2328.902
2025-09-12 06:00:00,,,,,,,,,-0.9483615800121716,-0.3171912885891059,0.9659258262890684,-0.2588190451025206,4566.056
2025-09-12 09:00:00,,,,,,,,,-0.9483615800121716,-0.3171912885891059,0.4999999999999999,-0.8660254037844387,9402.607
2025-09-12 12:00:00,,,,,,,,,-0.9483615800121716,-0.3171912885891059,-0.2588190451025208,-0.9659258262890684,7133.3364
2025-09-12 15:00:00,,,,,,,,,-0.9483615800121716,-0.3171912885891059,-0.8660254037844385,-0.5000000000000004,3957.1868
2025-09-12 18:00:00,,,,,,,,,-0.9483615800121716,-0.3171912885891059,-0.9659258262890684,0.2588190451025203,1715.2266
2025-09-12 21:00:00,,,,,,,,,-0.9483615800121716,-0.3171912885891059,-0.5000000000000004,0.8660254037844384,2718.2595
2025-09-13 00:00:00,,,,,,,,,-0.9536809966304456,-0.300819807635668,0.2588190451025207,0.9659258262890684,2691.6394
2025-09-13 03:00:00,,,,,,,,,-0.9536809966304456,-0.300819807635668,0.8660254037844386,0.5000000000000001,2328.902
2025-09-13 06:00:00,,,,,,,,,-0.9536809966304456,-0.300819807635668,0.9659258262890684,-0.2588190451025206,4566.056
2025-09-13 09:00:00,,,,,,,,,-0.9536809966304456,-0.300819807635668,0.4999999999999999,-0.8660254037844387,9402.607
2025-09-13 12:00:00,,,,,,,,,-0.9536809966304456,-0.300819807635668,-0.2588190451025208,-0.9659258262890684,7133.3364
2025-09-13 15:00:00,,,,,,,,,-0.9536809966304456,-0.300819807635668,-0.8660254037844385,-0.5000000000000004,3957.1868
2025-09-13 18:00:00,,,,,,,,,-0.9536809966304456,-0.300819807635668,-0.9659258262890684,0.2588190451025203,1715.2266
2025-09-13 21:00:00,,,,,,,,,-0.9536809966304456,-0.300819807635668,-0.5000000000000004,0.8660254037844384,2718.2595
2025-09-14 00:00:00,,,,,,,,,-0.9587178169872964,-0.2843591872810036,0.2588190451025207,0.9659258262890684,2691.6394
2025-09-14 03:00:00,,,,,,,,,-0.9587178169872964,-0.2843591872810036,0.8660254037844386,0.5000000000000001,2328.902
2025-09-14 06:00:00,,,,,,,,,-0.9587178169872964,-0.2843591872810036,0.9659258262890684,-0.2588190451025206,4566.056
2025-09-14 09:00:00,,,,,,,,,-0.9587178169872964,-0.2843591872810036,0.4999999999999999,-0.8660254037844387,9402.607
2025-09-14 12:00:00,,,,,,,,,-0.9587178169872964,-0.2843591872810036,-0.2588190451025208,-0.9659258262890684,7133.3364
2025-09-14 15:00:00,,,,,,,,,-0.9587178169872964,-0.2843591872810036,-0.8660254037844385,-0.5000000000000004,3957.1868
2025-09-14 18:00:00,,,,,,,,,-0.9587178169872964,-0.2843591872810036,-0.9659258262890684,0.2588190451025203,1715.2266
2025-09-14 21:00:00,,,,,,,,,-0.9587178169872964,-0.2843591872810036,-0.5000000000000004,0.8660254037844384,2718.2595
2025-09-15 00:00:00,,,,,,,,,-0.9634705485641486,-0.2678143051621748,0.2588190451025207,0.9659258262890684,2691.6394
2025-09-15 03:00:00,,,,,,,,,-0.9634705485641486,-0.2678143051621748,0.8660254037844386,0.5000000000000001,2328.902
2025-09-15 06:00:00,,,,,,,,,-0.9634705485641486,-0.2678143051621748,0.9659258262890684,-0.2588190451025206,4566.056
2025-09-15 09:00:00,,,,,,,,,-0.9634705485641486,-0.2678143051621748,0.4999999999999999,-0.8660254037844387,9402.607
2025-09-15 12:00:00,,,,,,,,,-0.9634705485641486,-0.2678143051621748,-0.2588190451025208,-0.9659258262890684,7133.3364
2025-09-15 15:00:00,,,,,,,,,-0.9634705485641486,-0.2678143051621748,-0.8660254037844385,-0.5000000000000004,3957.1868
2025-09-15 18:00:00,,,,,,,,,-0.9634705485641486,-0.2678143051621748,-0.9659258262890684,0.2588190451025203,1715.2266
2025-09-15 21:00:00,,,,,,,,,-0.9634705485641486,-0.2678143051621748,-0.5000000000000004,0.8660254037844384,2718.2595
2025-09-16 00:00:00,,,,,,,,,-0.9679377830240642,-0.2511900638848195,0.2588190451025207,0.9659258262890684,1950.6174
2025-09-16 03:00:00,,,,,,,,,-0.9679377830240642,-0.2511900638848195,0.8660254037844386,0.5000000000000001,1587.8801
2025-09-16 06:00:00,,,,,,,,,-0.9679377830240642,-0.2511900638848195,0.9659258262890684,-0.2588190451025206,3825.0337
2025-09-16 09:00:00,,,,,,,,,-0.9679377830240642,-0.2511900638848195,0.4999999999999999,-0.8660254037844387,6243.106
2025-09-16 12:00:00,,,,,,,,,-0.9679377830240642,-0.2511900638848195,-0.2588190451025208,-0.9659258262890684,3907.6907
2025-09-16 15:00:00,,,,,,,,,-0.9679377830240642,-0.2511900638848195,-0.8660254037844385,-0.5000000000000004,1520.1936
2025-09-16 18:00:00,,,,,,,,,-0.9679377830240642,-0.2511900638848195,-0.9659258262890684,0.2588190451025203,461.74872
2025-09-16 21:00:00,,,,,,,,,-0.9679377830240642,-0.2511900638848195,-0.5000000000000004,0.8660254037844384,1977.2378
2025-09-17 00:00:00,,,,,,,,,-0.9721181966290612,-0.2344913895704105,0.2588190451025207,0.9659258262890684,1950.6174
2025-09-17 03:00:00,,,,,,,,,-0.9721181966290612,-0.2344913895704105,0.8660254037844386,0.5000000000000001,1587.8801
2025-09-17 06:00:00,,,,,,,,,-0.9721181966290612,-0.2344913895704105,0.9659258262890684,-0.2588190451025206,3825.0337
2025-09-17 09:00:00,,,,,,,,,-0.9721181966290612,-0.2344913895704105,0.4999999999999999,-0.8660254037844387,6243.106
2025-09-17 12:00:00,,,,,,,,,-0.9721181966290612,-0.2344913895704105,-0.2588190451025208,-0.9659258262890684,3907.6907
2025-09-17 15:00:00,,,,,,,,,-0.9721181966290612,-0.2344913895704105,-0.8660254037844385,-0.5000000000000004,1520.1936
2025-09-17 18:00:00,,,,,,,,,-0.9721181966290612,-0.2344913895704105,-0.9659258262890684,0.2588190451025203,461.74872
2025-09-17 21:00:00,,,,,,,,,-0.9721181966290612,-0.2344913895704105,-0.5000000000000004,0.8660254037844384,1977.2378
2025-09-18 00:00:00,,,,,,,,,-0.9760105506323682,-0.2177232303965322,0.2588190451025207,0.9659258262890684,1950.6174
2025-09-18 03:00:00,,,,,,,,,-0.9760105506323682,-0.2177232303965322,0.8660254037844386,0.5000000000000001,1587.8801
2025-09-18 06:00:00,,,,,,,,,-0.9760105506323682,-0.2177232303965322,0.9659258262890684,-0.2588190451025206,3825.0337
2025-09-18 09:00:00,,,,,,,,,-0.9760105506323682,-0.2177232303965322,0.4999999999999999,-0.8660254037844387,6243.106
2025-09-18 12:00:00,,,,,,,,,-0.9760105506323682,-0.2177232303965322,-0.2588190451025208,-0.9659258262890684,3907.6907
2025-09-18 15:00:00,,,,,,,,,-0.9760105506323682,-0.2177232303965322,-0.8660254037844385,-0.5000000000000004,1520.1936
2025-09-18 18:00:00,,,,,,,,,-0.9760105506323682,-0.2177232303965322,-0.9659258262890684,0.2588190451025203,461.74872
2025-09-18 21:00:00,,,,,,,,,-0.9760105506323682,-0.2177232303965322,-0.5000000000000004,0.8660254037844384,1977.2378
2025-09-19 00:00:00,,,,,,,,,-0.97961369164549,-0.2008905551306352,0.2588190451025207,0.9659258262890684,1950.6174
2025-09-19 03:00:00,,,,,,,,,-0.97961369164549,-0.2008905551306352,0.8660254037844386,0.5000000000000001,1587.8801
2025-09-19 06:00:00,,,,,,,,,-0.97961369164549,-0.2008905551306352,0.9659258262890684,-0.2588190451025206,3825.0337
2025-09-19 09:00:00,,,,,,,,,-0.97961369164549,-0.2008905551306352,0.4999999999999999,-0.8660254037844387,6243.106
2025-09-19 12:00:00,,,,,,,,,-0.97961369164549,-0.2008905551306352,-0.2588190451025208,-0.9659258262890684,3907.6907
2025-09-19 15:00:00,,,,,,,,,-0.97961369164549,-0.2008905551306352,-0.8660254037844385,-0.5000000000000004,1520.1936
2025-09-19 18:00:00,,,,,,,,,-0.97961369164549,-0.2008905551306352,-0.9659258262890684,0.2588190451025203,461.74872
2025-09-19 21:00:00,,,,,,,,,-0.97961369164549,-0.2008905551306352,-0.5000000000000004,0.8660254037844384,1977.2378
2025-09-20 00:00:00,,,,,,,,,-0.9829265519799822,-0.1839983516576798,0.2588190451025207,0.9659258262890684,1950.6174
2025-09-20 03:00:00,,,,,,,,,-0.9829265519799822,-0.1839983516576798,0.8660254037844386,0.5000000000000001,1587.8801
2025-09-20 06:00:00,,,,,,,,,-0.9829265519799822,-0.1839983516576798,0.9659258262890684,-0.2588190451025206,3825.0337
2025-09-20 09:00:00,,,,,,,,,-0.9829265519799822,-0.1839983516576798,0.4999999999999999,-0.8660254037844387,6243.106
2025-09-20 12:00:00,,,,,,,,,-0.9829265519799822,-0.1839983516576798,-0.2588190451025208,-0.9659258262890684,3907.6907
2025-09-20 15:00:00,,,,,,,,,-0.9829265519799822,-0.1839983516576798,-0.8660254037844385,-0.5000000000000004,1520.1936
2025-09-20 18:00:00,,,,,,,,,-0.9829265519799822,-0.1839983516576798,-0.9659258262890684,0.2588190451025203,461.74872
2025-09-20 21:00:00,,,,,,,,,-0.9829265519799822,-0.1839983516576798,-0.5000000000000004,0.8660254037844384,1977.2378
2025-09-21 00:00:00,,,,,,,,,-0.9859481499638304,-0.1670516255021195,0.2588190451025207,0.9659258262890684,1950.6174
2025-09-21 03:00:00,,,,,,,,,-0.9859481499638304,-0.1670516255021195,0.8660254037844386,0.5000000000000001,1587.8801
2025-09-21 06:00:00,,,,,,,,,-0.9859481499638304,-0.1670516255021195,0.9659258262890684,-0.2588190451025206,3825.0337
2025-09-21 09:00:00,,,,,,,,,-0.9859481499638304,-0.1670516255021195,0.4999999999999999,-0.8660254037844387,6243.106
2025-09-21 12:00:00,,,,,,,,,-0.9859481499638304,-0.1670516255021195,-0.2588190451025208,-0.9659258262890684,3907.6907
2025-09-21 15:00:00,,,,,,,,,-0.9859481499638304,-0.1670516255021195,-0.8660254037844385,-0.5000000000000004,1520.1936
2025-09-21 18:00:00,,,,,,,,,-0.9859481499638304,-0.1670516255021195,-0.9659258262890684,0.2588190451025203,461.74872
2025-09-21 21:00:00,,,,,,,,,-0.9859481499638304,-0.1670516255021195,-0.5000000000000004,0.8660254037844384,1977.2378
2025-09-22 00:00:00,,,,,,,,,-0.9886775902323404,-0.1500553983446526,0.2588190451025207,0.9659258262890684,1950.6174
2025-09-22 03:00:00,,,,,,,,,-0.9886775902323404,-0.1500553983446526,0.8660254037844386,0.5000000000000001,1587.8801
2025-09-22 06:00:00,,,,,,,,,-0.9886775902323404,-0.1500553983446526,0.9659258262890684,-0.2588190451025206,3758.083
2025-09-22 09:00:00,,,,,,,,,-0.9886775902323404,-0.1500553983446526,0.4999999999999999,-0.8660254037844387,6275.976
2025-09-22 12:00:00,,,,,,,,,-0.9886775902323404,-0.1500553983446526,-0.2588190451025208,-0.9659258262890684,3940.5608
2025-09-22 15:00:00,,,,,,,,,-0.9886775902323404,-0.1500553983446526,-0.8660254037844385,-0.5000000000000004,1453.2424
2025-09-22 18:00:00,,,,,,,,,-0.9886775902323404,-0.1500553983446526,-0.9659258262890684,0.2588190451025203,461.74872
2025-09-22 21:00:00,,,,,,,,,-0.9886775902323404,-0.1500553983446526,-0.5000000000000004,0.8660254037844384,1977.2378
2025-09-23 00:00:00,,,,,,,,,-0.9911140639934546,-0.1330147065341963,0.2588190451025207,0.9659258262890684,1950.6174
2025-09-23 03:00:00,,,,,,,,,-0.9911140639934546,-0.1330147065341963,0.8660254037844386,0.5000000000000001,1587.8801
2025-09-23 06:00:00,,,,,,,,,-0.9911140639934546,-0.1330147065341963,0.9659258262890684,-0.2588190451025206,3758.083
2025-09-23 09:00:00,,,,,,,,,-0.9911140639934546,-0.1330147065341963,0.4999999999999999,-0.8660254037844387,6275.976
2025-09-23 12:00:00,,,,,,,,,-0.9911140639934546,-0.1330147065341963,-0.2588190451025208,-0.9659258262890684,3940.5608
2025-09-23 15:00:00,,,,,,,,,-0.9911140639934546,-0.1330147065341963,-0.8660254037844385,-0.5000000000000004,1453.2424
2025-09-23 18:00:00,,,,,,,,,-0.9911140639934546,-0.1330147065341963,-0.9659258262890684,0.2588190451025203,461.74872
2025-09-23 21:00:00,,,,,,,,,-0.9911140639934546,-0.1330147065341963,-0.5000000000000004,0.8660254037844384,1977.2378
2025-09-24 00:00:00,,,,,,,,,-0.9932568492674144,-0.1159345995955006,0.2588190451025207,0.9659258262890684,1950.6174
2025-09-24 03:00:00,,,,,,,,,-0.9932568492674144,-0.1159345995955006,0.8660254037844386,0.5000000000000001,1587.8801
2025-09-24 06:00:00,,,,,,,,,-0.9932568492674144,-0.1159345995955006,0.9659258262890684,-0.2588190451025206,3758.083
2025-09-24 09:00:00,,,,,,,,,-0.9932568492674144,-0.1159345995955006,0.4999999999999999,-0.8660254037844387,6275.976
2025-09-24 12:00:00,,,,,,,,,-0.9932568492674144,-0.1159345995955006,-0.2588190451025208,-0.9659258262890684,3940.5608
2025-09-24 15:00:00,,,,,,,,,-0.9932568492674144,-0.1159345995955006,-0.8660254037844385,-0.5000000000000004,1453.2424
2025-09-24 18:00:00,,,,,,,,,-0.9932568492674144,-0.1159345995955006,-0.9659258262890684,0.2588190451025203,461.74872
2025-09-24 21:00:00,,,,,,,,,-0.9932568492674144,-0.1159345995955006,-0.5000000000000004,0.8660254037844384,1977.2378
2025-09-25 00:00:00,,,,,,,,,-0.9951053111006974,-0.0988201387328721,0.2588190451025207,0.9659258262890684,1950.6174
2025-09-25 03:00:00,,,,,,,,,-0.9951053111006974,-0.0988201387328721,0.8660254037844386,0.5000000000000001,1587.8801
2025-09-25 06:00:00,,,,,,,,,-0.9951053111006974,-0.0988201387328721,0.9659258262890684,-0.2588190451025206,3758.083
2025-09-25 09:00:00,,,,,,,,,-0.9951053111006974,-0.0988201387328721,0.4999999999999999,-0.8660254037844387,6275.976
2025-09-25 12:00:00,,,,,,,,,-0.9951053111006974,-0.0988201387328721,-0.2588190451025208,-0.9659258262890684,3940.5608
2025-09-25 15:00:00,,,,,,,,,-0.9951053111006974,-0.0988201387328721,-0.8660254037844385,-0.5000000000000004,1453.2424
2025-09-25 18:00:00,,,,,,,,,-0.9951053111006974,-0.0988201387328721,-0.9659258262890684,0.2588190451025203,461.74872
2025-09-25 21:00:00,,,,,,,,,-0.9951053111006974,-0.0988201387328721,-0.5000000000000004,0.8660254037844384,1977.2378
2025-09-26 00:00:00,,,,,,,,,-0.99665890175417,-0.0816763953304228,0.2588190451025207,0.9659258262890684,1950.6174
2025-09-26 03:00:00,,,,,,,,,-0.99665890175417,-0.0816763953304228,0.8660254037844386,0.5000000000000001,1587.8801
2025-09-26 06:00:00,,,,,,,,,-0.99665890175417,-0.0816763953304228,0.9659258262890684,-0.2588190451025206,3758.083
2025-09-26 09:00:00,,,,,,,,,-0.99665890175417,-0.0816763953304228,0.4999999999999999,-0.8660254037844387,6275.976
2025-09-26 12:00:00,,,,,,,,,-0.99665890175417,-0.0816763953304228,-0.2588190451025208,-0.9659258262890684,3940.5608
2025-09-26 15:00:00,,,,,,,,,-0.99665890175417,-0.0816763953304228,-0.8660254037844385,-0.5000000000000004,1453.2424
2025-09-26 18:00:00,,,,,,,,,-0.99665890175417,-0.0816763953304228,-0.9659258262890684,0.2588190451025203,461.74872
2025-09-26 21:00:00,,,,,,,,,-0.99665890175417,-0.0816763953304228,-0.5000000000000004,0.8660254037844384,1977.2378
2025-09-27 00:00:00,,,,,,,,,-0.9979171608653922,-0.0645084494493162,0.2588190451025207,0.9659258262890684,1950.6174
2025-09-27 03:00:00,,,,,,,,,-0.9979171608653922,-0.0645084494493162,0.8660254037844386,0.5000000000000001,1587.8801
2025-09-27 06:00:00,,,,,,,,,-0.9979171608653922,-0.0645084494493162,0.9659258262890684,-0.2588190451025206,3758.083
2025-09-27 09:00:00,,,,,,,,,-0.9979171608653922,-0.0645084494493162,0.4999999999999999,-0.8660254037844387,6275.976
2025-09-27 12:00:00,,,,,,,,,-0.9979171608653922,-0.0645084494493162,-0.2588190451025208,-0.9659258262890684,3940.5608
2025-09-27 15:00:00,,,,,,,,,-0.9979171608653922,-0.0645084494493162,-0.8660254037844385,-0.5000000000000004,1453.2424
2025-09-27 18:00:00,,,,,,,,,-0.9979171608653922,-0.0645084494493162,-0.9659258262890684,0.2588190451025203,461.74872
2025-09-27 21:00:00,,,,,,,,,-0.9979171608653922,-0.0645084494493162,-0.5000000000000004,0.8660254037844384,1977.2378
2025-09-28 00:00:00,,,,,,,,,-0.9988797155850336,-0.0473213883224323,0.2588190451025207,0.9659258262890684,1950.6174
2025-09-28 03:00:00,,,,,,,,,-0.9988797155850336,-0.0473213883224323,0.8660254037844386,0.5000000000000001,1587.8801
2025-09-28 06:00:00,,,,,,,,,-0.9988797155850336,-0.0473213883224323,0.9659258262890684,-0.2588190451025206,3758.083
2025-09-28 09:00:00,,,,,,,,,-0.9988797155850336,-0.0473213883224323,0.4999999999999999,-0.8660254037844387,12066.803
2025-09-28 12:00:00,,,,,,,,,-0.9988797155850336,-0.0473213883224323,-0.2588190451025208,-0.9659258262890684,9731.384
2025-09-28 15:00:00,,,,,,,,,-0.9988797155850336,-0.0473213883224323,-0.8660254037844385,-0.5000000000000004,1453.2424
2025-09-28 18:00:00,,,,,,,,,-0.9988797155850336,-0.0473213883224323,-0.9659258262890684,0.2588190451025203,461.74872
2025-09-28 21:00:00,,,,,,,,,-0.9988797155850336,-0.0473213883224323,-0.5000000000000004,0.8660254037844384,1977.2378
2025-09-29 00:00:00,,,,,,,,,-0.9995462806873572,-0.0301203048469083,0.2588190451025207,0.9659258262890684,1950.6174
2025-09-29 03:00:00,,,,,,,,,-0.9995462806873572,-0.0301203048469083,0.8660254037844386,0.5000000000000001,1587.8801
2025-09-29 06:00:00,,,,,,,,,-0.9995462806873572,-0.0301203048469083,0.9659258262890684,-0.2588190451025206,3758.083
2025-09-29 09:00:00,,,,,,,,,-0.9995462806873572,-0.0301203048469083,0.4999999999999999,-0.8660254037844387,12066.803
2025-09-29 12:00:00,,,,,,,,,-0.9995462806873572,-0.0301203048469083,-0.2588190451025208,-0.9659258262890684,9731.384
2025-09-29 15:00:00,,,,,,,,,-0.9995462806873572,-0.0301203048469083,-0.8660254037844385,-0.5000000000000004,1453.2424
2025-09-29 18:00:00,,,,,,,,,-0.9995462806873572,-0.0301203048469083,-0.9659258262890684,0.2588190451025203,461.74872
2025-09-29 21:00:00,,,,,,,,,-0.9995462806873572,-0.0301203048469083,-0.5000000000000004,0.8660254037844384,1977.2378
2025-09-30 00:00:00,,,,,,,,,-0.999916658654738,-0.0129102960750088,0.2588190451025207,0.9659258262890684,2000.644
2025-09-30 03:00:00,,,,,,,,,-0.999916658654738,-0.0129102960750088,0.8660254037844386,0.5000000000000001,1637.9067
2025-09-30 06:00:00,,,,,,,,,-0.999916658654738,-0.0129102960750088,0.9659258262890684,-0.2588190451025206,3808.1094
2025-09-30 09:00:00,,,,,,,,,-0.999916658654738,-0.0129102960750088,0.4999999999999999,-0.8660254037844387,12066.803
2025-09-30 12:00:00,,,,,,,,,-0.999916658654738,-0.0129102960750088,-0.2588190451025208,-0.9659258262890684,9731.384
2025-09-30 15:00:00,,,,,,,,,-0.999916658654738,-0.0129102960750088,-0.8660254037844385,-0.5000000000000004,1453.2424
2025-09-30 18:00:00,,,,,,,,,-0.999916658654738,-0.0129102960750088,-0.9659258262890684,0.2588190451025203,461.74872
2025-09-30 21:00:00,,,,,,,,,-0.999916658654738,-0.0129102960750088,-0.5000000000000004,0.8660254037844384,2027.2642
2025-10-01 00:00:00,,,,,,,,,-0.99999073973619,0.0043035382962438,0.2588190451025207,0.9659258262890684,2000.644
2025-10-01 03:00:00,,,,,,,,,-0.99999073973619,0.0043035382962438,0.8660254037844386,0.5000000000000001,1637.9067
2025-10-01 06:00:00,,,,,,,,,-0.99999073973619,0.0043035382962438,0.9659258262890684,-0.2588190451025206,3808.1094
2025-10-01 09:00:00,,,,,,,,,-0.99999073973619,0.0043035382962438,0.4999999999999999,-0.8660254037844387,12066.803
2025-10-01 12:00:00,,,,,,,,,-0.99999073973619,0.0043035382962438,-0.2588190451025208,-0.9659258262890684,9731.384
2025-10-01 15:00:00,,,,,,,,,-0.99999073973619,0.0043035382962438,-0.8660254037844385,-0.5000000000000004,1453.2424
2025-10-01 18:00:00,,,,,,,,,-0.99999073973619,0.0043035382962438,-0.9659258262890684,0.2588190451025203,461.74872
2025-10-01 21:00:00,,,,,,,,,-0.99999073973619,0.0043035382962438,-0.5000000000000004,0.8660254037844384,2027.2642
2025-10-02 00:00:00,,,,,,,,,-0.9997685019798908,0.0215160974362222,0.2588190451025207,0.9659258262890684,2000.644
2025-10-02 03:00:00,,,,,,,,,-0.9997685019798908,0.0215160974362222,0.8660254037844386,0.5000000000000001,1637.9067
2025-10-02 06:00:00,,,,,,,,,-0.9997685019798908,0.0215160974362222,0.9659258262890684,-0.2588190451025206,3808.1094
2025-10-02 09:00:00,,,,,,,,,-0.9997685019798908,0.0215160974362222,0.4999999999999999,-0.8660254037844387,12066.803
2025-10-02 12:00:00,,,,,,,,,-0.9997685019798908,0.0215160974362222,-0.2588190451025208,-0.9659258262890684,9731.384
2025-10-02 15:00:00,,,,,,,,,-0.9997685019798908,0.0215160974362222,-0.8660254037844385,-0.5000000000000004,1453.2424
2025-10-02 18:00:00,,,,,,,,,-0.9997685019798908,0.0215160974362222,-0.9659258262890684,0.2588190451025203,461.74872
2025-10-02 21:00:00,,,,,,,,,-0.9997685019798908,0.0215160974362222,-0.5000000000000004,0.8660254037844384,2027.2642
2025-10-03 00:00:00,,,,,,,,,-0.9992500112396836,0.0387222808921739,0.2588190451025207,0.9659258262890684,1950.6174
2025-10-03 03:00:00,,,,,,,,,-0.9992500112396836,0.0387222808921739,0.8660254037844386,0.5000000000000001,1587.8801
2025-10-03 06:00:00,,,,,,,,,-0.9992500112396836,0.0387222808921739,0.9659258262890684,-0.2588190451025206,3758.083
2025-10-03 09:00:00,,,,,,,,,-0.9992500112396836,0.0387222808921739,0.4999999999999999,-0.8660254037844387,12066.803
2025-10-03 12:00:00,,,,,,,,,-0.9992500112396836,0.0387222808921739,-0.2588190451025208,-0.9659258262890684,9731.384
2025-10-03 15:00:00,,,,,,,,,-0.9992500112396836,0.0387222808921739,-0.8660254037844385,-0.5000000000000004,1453.2424
2025-10-03 18:00:00,,,,,,,,,-0.9992500112396836,0.0387222808921739,-0.9659258262890684,0.2588190451025203,461.74872
2025-10-03 21:00:00,,,,,,,,,-0.9992500112396836,0.0387222808921739,-0.5000000000000004,0.8660254037844384,1977.2378
2025-10-04 00:00:00,,,,,,,,,-0.9984354211555644,0.055916990100603,0.2588190451025207,0.9659258262890684,2222.678
2025-10-04 03:00:00,,,,,,,,,-0.9984354211555644,0.055916990100603,0.8660254037844386,0.5000000000000001,1859.9409
2025-10-04 06:00:00,,,,,,,,,-0.9984354211555644,0.055916990100603,0.9659258262890684,-0.2588190451025206,4030.1443
2025-10-04 09:00:00,,,,,,,,,-0.9984354211555644,0.055916990100603,0.4999999999999999,-0.8660254037844387,12338.863
2025-10-04 12:00:00,,,,,,,,,-0.9984354211555644,0.055916990100603,-0.2588190451025208,-0.9659258262890684,10003.444
2025-10-04 15:00:00,,,,,,,,,-0.9984354211555644,0.055916990100603,-0.8660254037844385,-0.5000000000000004,1725.3032
2025-10-04 18:00:00,,,,,,,,,-0.9984354211555644,0.055916990100603,-0.9659258262890684,0.2588190451025203,733.8094
2025-10-04 21:00:00,,,,,,,,,-0.9984354211555644,0.055916990100603,-0.5000000000000004,0.8660254037844384,2249.2983
2025-10-05 00:00:00,,,,,,,,,-0.9973249731081556,0.0730951298980777,0.2588190451025207,0.9659258262890684,1978.9255
2025-10-05 03:00:00,,,,,,,,,-0.9973249731081556,0.0730951298980777,0.8660254037844386,0.5000000000000001,1616.1882
2025-10-05 06:00:00,,,,,,,,,-0.9973249731081556,0.0730951298980777,0.9659258262890684,-0.2588190451025206,3500.7485
2025-10-05 09:00:00,,,,,,,,,-0.9973249731081556,0.0730951298980777,0.4999999999999999,-0.8660254037844387,12007.738
2025-10-05 12:00:00,,,,,,,,,-0.9973249731081556,0.0730951298980777,-0.2588190451025208,-0.9659258262890684,9672.319
2025-10-05 15:00:00,,,,,,,,,-0.9973249731081556,0.0730951298980777,-0.8660254037844385,-0.5000000000000004,1394.1765
2025-10-05 18:00:00,,,,,,,,,-0.9973249731081556,0.0730951298980777,-0.9659258262890684,0.2588190451025203,360.12158
2025-10-05 21:00:00,,,,,,,,,-0.9973249731081556,0.0730951298980777,-0.5000000000000004,0.8660254037844384,2005.5457
2025-10-06 00:00:00,,,,,,,,,-0.9959189961471792,0.0902516100310407,0.2588190451025207,0.9659258262890684,1978.9255
2025-10-06 03:00:00,,,,,,,,,-0.9959189961471792,0.0902516100310407,0.8660254037844386,0.5000000000000001,1616.1882
2025-10-06 06:00:00,,,,,,,,,-0.9959189961471792,0.0902516100310407,0.9659258262890684,-0.2588190451025206,3500.7485
2025-10-06 09:00:00,,,,,,,,,-0.9959189961471792,0.0902516100310407,0.4999999999999999,-0.8660254037844387,12007.738
2025-10-06 12:00:00,,,,,,,,,-0.9959189961471792,0.0902516100310407,-0.2588190451025208,-0.9659258262890684,9672.319
2025-10-06 15:00:00,,,,,,,,,-0.9959189961471792,0.0902516100310407,-0.8660254037844385,-0.5000000000000004,1394.1765
2025-10-06 18:00:00,,,,,,,,,-0.9959189961471792,0.0902516100310407,-0.9659258262890684,0.2588190451025203,360.12158
2025-10-06 21:00:00,,,,,,,,,-0.9959189961471792,0.0902516100310407,-0.5000000000000004,0.8660254037844384,2005.5457
2025-10-07 00:00:00,,,,,,,,,-0.994217906893952,0.107381346664163,0.2588190451025207,0.9659258262890684,1853.532
2025-10-07 03:00:00,,,,,,,,,-0.994217906893952,0.107381346664163,0.8660254037844386,0.5000000000000001,1490.7944
2025-10-07 06:00:00,,,,,,,,,-0.994217906893952,0.107381346664163,0.9659258262890684,-0.2588190451025206,3375.3547
2025-10-07 09:00:00,,,,,,,,,-0.994217906893952,0.107381346664163,0.4999999999999999,-0.8660254037844387,11882.345
2025-10-07 12:00:00,,,,,,,,,-0.994217906893952,0.107381346664163,-0.2588190451025208,-0.9659258262890684,9546.926
2025-10-07 15:00:00,,,,,,,,,-0.994217906893952,0.107381346664163,-0.8660254037844385,-0.5000000000000004,1268.7827
2025-10-07 18:00:00,,,,,,,,,-0.994217906893952,0.107381346664163,-0.9659258262890684,0.2588190451025203,234.7278
2025-10-07 21:00:00,,,,,,,,,-0.994217906893952,0.107381346664163,-0.5000000000000004,0.8660254037844384,1880.1523
2025-10-08 00:00:00,,,,,,,,,-0.9922222094179324,0.1244792638867886,0.2588190451025207,0.9659258262890684,1853.532
2025-10-08 03:00:00,,,,,,,,,-0.9922222094179324,0.1244792638867886,0.8660254037844386,0.5000000000000001,1490.7944
2025-10-08 06:00:00,,,,,,,,,-0.9922222094179324,0.1244792638867886,0.9659258262890684,-0.2588190451025206,3375.3547
2025-10-08 09:00:00,,,,,,,,,-0.9922222094179324,0.1244792638867886,0.4999999999999999,-0.8660254037844387,11882.345
2025-10-08 12:00:00,,,,,,,,,-0.9922222094179324,0.1244792638867886,-0.2588190451025208,-0.9659258262890684,9546.926
2025-10-08 15:00:00,,,,,,,,,-0.9922222094179324,0.1244792638867886,-0.8660254037844385,-0.5000000000000004,1268.7827
2025-10-08 18:00:00,,,,,,,,,-0.9922222094179324,0.1244792638867886,-0.9659258262890684,0.2588190451025203,234.7278
2025-10-08 21:00:00,,,,,,,,,-0.9922222094179324,0.1244792638867886,-0.5000000000000004,0.8660254037844384,1880.1523
2025-10-09 00:00:00,,,,,,,,,-0.989932495087353,0.141540295217043,0.2588190451025207,0.9659258262890684,1853.532
2025-10-09 03:00:00,,,,,,,,,-0.989932495087353,0.141540295217043,0.8660254037844386,0.5000000000000001,1490.7944
2025-10-09 06:00:00,,,,,,,,,-0.989932495087353,0.141540295217043,0.9659258262890684,-0.2588190451025206,3375.3547
2025-10-09 09:00:00,,,,,,,,,-0.989932495087353,0.141540295217043,0.4999999999999999,-0.8660254037844387,11882.345
2025-10-09 12:00:00,,,,,,,,,-0.989932495087353,0.141540295217043,-0.2588190451025208,-0.9659258262890684,9546.926
2025-10-09 15:00:00,,,,,,,,,-0.989932495087353,0.141540295217043,-0.8660254037844385,-0.5000000000000004,1268.7827
2025-10-09 18:00:00,,,,,,,,,-0.989932495087353,0.141540295217043,-0.9659258262890684,0.2588190451025203,234.7278
2025-10-09 21:00:00,,,,,,,,,-0.989932495087353,0.141540295217043,-0.5000000000000004,0.8660254037844384,1880.1523
2025-10-10 00:00:00,,,,,,,,,-0.9873494423939864,0.1585593851031347,0.2588190451025207,0.9659258262890684,1853.532
2025-10-10 03:00:00,,,,,,,,,-0.9873494423939864,0.1585593851031347,0.8660254037844386,0.5000000000000001,1490.7944
2025-10-10 06:00:00,,,,,,,,,-0.9873494423939864,0.1585593851031347,0.9659258262890684,-0.2588190451025206,3375.3547
2025-10-10 09:00:00,,,,,,,,,-0.9873494423939864,0.1585593851031347,0.4999999999999999,-0.8660254037844387,11882.345
2025-10-10 12:00:00,,,,,,,,,-0.9873494423939864,0.1585593851031347,-0.2588190451025208,-0.9659258262890684,9546.926
2025-10-10 15:00:00,,,,,,,,,-0.9873494423939864,0.1585593851031347,-0.8660254037844385,-0.5000000000000004,1268.7827
2025-10-10 18:00:00,,,,,,,,,-0.9873494423939864,0.1585593851031347,-0.9659258262890684,0.2588190451025203,234.7278
2025-10-10 21:00:00,,,,,,,,,-0.9873494423939864,0.1585593851031347,-0.5000000000000004,0.8660254037844384,1880.1523
2025-10-11 00:00:00,,,,,,,,,-0.9844738167520924,0.1755314904214277,0.2588190451025207,0.9659258262890684,1853.532
2025-10-11 03:00:00,,,,,,,,,-0.9844738167520924,0.1755314904214277,0.8660254037844386,0.5000000000000001,1490.7944
2025-10-11 06:00:00,,,,,,,,,-0.9844738167520924,0.1755314904214277,0.9659258262890684,-0.2588190451025206,3375.3547
2025-10-11 09:00:00,,,,,,,,,-0.9844738167520924,0.1755314904214277,0.4999999999999999,-0.8660254037844387,11882.345
2025-10-11 12:00:00,,,,,,,,,-0.9844738167520924,0.1755314904214277,-0.2588190451025208,-0.9659258262890684,9546.926
2025-10-11 15:00:00,,,,,,,,,-0.9844738167520924,0.1755314904214277,-0.8660254037844385,-0.5000000000000004,1268.7827
2025-10-11 18:00:00,,,,,,,,,-0.9844738167520924,0.1755314904214277,-0.9659258262890684,0.2588190451025203,234.7278
2025-10-11 21:00:00,,,,,,,,,-0.9844738167520924,0.1755314904214277,-0.5000000000000004,0.8660254037844384,1880.1523
2025-10-12 00:00:00,,,,,,,,,-0.9813064702716092,0.1924515819708299,0.2588190451025207,0.9659258262890684,1853.532
2025-10-12 03:00:00,,,,,,,,,-0.9813064702716092,0.1924515819708299,0.8660254037844386,0.5000000000000001,1490.7944
2025-10-12 06:00:00,,,,,,,,,-0.9813064702716092,0.1924515819708299,0.9659258262890684,-0.2588190451025206,3375.3547
2025-10-12 09:00:00,,,,,,,,,-0.9813064702716092,0.1924515819708299,0.4999999999999999,-0.8660254037844387,11882.345
2025-10-12 12:00:00,,,,,,,,,-0.9813064702716092,0.1924515819708299,-0.2588190451025208,-0.9659258262890684,9546.926
2025-10-12 15:00:00,,,,,,,,,-0.9813064702716092,0.1924515819708299,-0.8660254037844385,-0.5000000000000004,1268.7827
2025-10-12 18:00:00,,,,,,,,,-0.9813064702716092,0.1924515819708299,-0.9659258262890684,0.2588190451025203,234.7278
2025-10-12 21:00:00,,,,,,,,,-0.9813064702716092,0.1924515819708299,-0.5000000000000004,0.8660254037844384,1880.1523
2025-10-13 00:00:00,,,,,,,,,-0.9778483415056568,0.2093146459630488,0.2588190451025207,0.9659258262890684,1853.532
2025-10-13 03:00:00,,,,,,,,,-0.9778483415056568,0.2093146459630488,0.8660254037844386,0.5000000000000001,1490.7944
2025-10-13 06:00:00,,,,,,,,,-0.9778483415056568,0.2093146459630488,0.9659258262890684,-0.2588190451025206,3375.3547
2025-10-13 09:00:00,,,,,,,,,-0.9778483415056568,0.2093146459630488,0.4999999999999999,-0.8660254037844387,11882.345
2025-10-13 12:00:00,,,,,,,,,-0.9778483415056568,0.2093146459630488,-0.2588190451025208,-0.9659258262890684,9546.926
2025-10-13 15:00:00,,,,,,,,,-0.9778483415056568,0.2093146459630488,-0.8660254037844385,-0.5000000000000004,1268.7827
2025-10-13 18:00:00,,,,,,,,,-0.9778483415056568,0.2093146459630488,-0.9659258262890684,0.2588190451025203,234.7278
2025-10-13 21:00:00,,,,,,,,,-0.9778483415056568,0.2093146459630488,-0.5000000000000004,0.8660254037844384,1880.1523
2025-10-14 00:00:00,,,,,,,,,-0.9741004551724206,0.226115685508288,0.2588190451025207,0.9659258262890684,1853.532
2025-10-14 03:00:00,,,,,,,,,-0.9741004551724206,0.226115685508288,0.8660254037844386,0.5000000000000001,1490.7944
2025-10-14 06:00:00,,,,,,,,,-0.9741004551724206,0.226115685508288,0.9659258262890684,-0.2588190451025206,3375.3547
2025-10-14 09:00:00,,,,,,,,,-0.9741004551724206,0.226115685508288,0.4999999999999999,-0.8660254037844387,11882.345
2025-10-14 12:00:00,,,,,,,,,-0.9741004551724206,0.226115685508288,-0.2588190451025208,-0.9659258262890684,9546.926
2025-10-14 15:00:00,,,,,,,,,-0.9741004551724206,0.226115685508288,-0.8660254037844385,-0.5000000000000004,1268.7827
2025-10-14 18:00:00,,,,,,,,,-0.9741004551724206,0.226115685508288,-0.9659258262890684,0.2588190451025203,234.7278
2025-10-14 21:00:00,,,,,,,,,-0.9741004551724206,0.226115685508288,-0.5000000000000004,0.8660254037844384,1880.1523
2025-10-15 00:00:00,,,,,,,,,-0.970063921851507,0.2428497220959358,0.2588190451025207,0.9659258262890684,1853.532
2025-10-15 03:00:00,,,,,,,,,-0.970063921851507,0.2428497220959358,0.8660254037844386,0.5000000000000001,1490.7944
2025-10-15 06:00:00,,,,,,,,,-0.970063921851507,0.2428497220959358,0.9659258262890684,-0.2588190451025206,3375.3547
2025-10-15 09:00:00,,,,,,,,,-0.970063921851507,0.2428497220959358,0.4999999999999999,-0.8660254037844387,11882.345
2025-10-15 12:00:00,,,,,,,,,-0.970063921851507,0.2428497220959358,-0.2588190451025208,-0.9659258262890684,9546.926
2025-10-15 15:00:00,,,,,,,,,-0.970063921851507,0.2428497220959358,-0.8660254037844385,-0.5000000000000004,1268.7827
2025-10-15 18:00:00,,,,,,,,,-0.970063921851507,0.2428497220959358,-0.9659258262890684,0.2588190451025203,234.7278
2025-10-15 21:00:00,,,,,,,,,-0.970063921851507,0.2428497220959358,-0.5000000000000004,0.8660254037844384,1880.1523
2025-10-16 00:00:00,,,,,,,,,-0.965739937654855,0.2595117970697994,0.2588190451025207,0.9659258262890684,1853.532
2025-10-16 03:00:00,,,,,,,,,-0.965739937654855,0.2595117970697994,0.8660254037844386,0.5000000000000001,1490.7944
2025-10-16 06:00:00,,,,,,,,,-0.965739937654855,0.2595117970697994,0.9659258262890684,-0.2588190451025206,3375.3547
2025-10-16 09:00:00,,,,,,,,,-0.965739937654855,0.2595117970697994,0.4999999999999999,-0.8660254037844387,11882.345
2025-10-16 12:00:00,,,,,,,,,-0.965739937654855,0.2595117970697994,-0.2588190451025208,-0.9659258262890684,9546.926
2025-10-16 15:00:00,,,,,,,,,-0.965739937654855,0.2595117970697994,-0.8660254037844385,-0.5000000000000004,1268.7827
2025-10-16 18:00:00,,,,,,,,,-0.965739937654855,0.2595117970697994,-0.9659258262890684,0.2588190451025203,234.7278
2025-10-16 21:00:00,,,,,,,,,-0.965739937654855,0.2595117970697994,-0.5000000000000004,0.8660254037844384,1880.1523
2025-10-17 00:00:00,,,,,,,,,-0.9611297838723007,0.2760969730974688,0.2588190451025207,0.9659258262890684,2594.5537
2025-10-17 03:00:00,,,,,,,,,-0.9611297838723007,0.2760969730974688,0.8660254037844386,0.5000000000000001,2231.8164
2025-10-17 06:00:00,,,,,,,,,-0.9611297838723007,0.2760969730974688,0.9659258262890684,-0.2588190451025206,4116.3774
2025-10-17 09:00:00,,,,,,,,,-0.9611297838723007,0.2760969730974688,0.4999999999999999,-0.8660254037844387,15648.135
2025-10-17 12:00:00,,,,,,,,,-0.9611297838723007,0.2760969730974688,-0.2588190451025208,-0.9659258262890684,13378.86
2025-10-17 15:00:00,,,,,,,,,-0.9611297838723007,0.2760969730974688,-0.8660254037844385,-0.5000000000000004,3830.1428
2025-10-17 18:00:00,,,,,,,,,-0.9611297838723007,0.2760969730974688,-0.9659258262890684,0.2588190451025203,1488.2053
2025-10-17 21:00:00,,,,,,,,,-0.9611297838723007,0.2760969730974688,-0.5000000000000004,0.8660254037844384,2621.1738
2025-10-18 00:00:00,,,,,,,,,-0.9562348265919058,0.2926003356333479,0.2588190451025207,0.9659258262890684,2594.5537
2025-10-18 03:00:00,,,,,,,,,-0.9562348265919058,0.2926003356333479,0.8660254037844386,0.5000000000000001,2231.8164
2025-10-18 06:00:00,,,,,,,,,-0.9562348265919058,0.2926003356333479,0.9659258262890684,-0.2588190451025206,4116.3774
2025-10-18 09:00:00,,,,,,,,,-0.9562348265919058,0.2926003356333479,0.4999999999999999,-0.8660254037844387,15648.135
2025-10-18 12:00:00,,,,,,,,,-0.9562348265919058,0.2926003356333479,-0.2588190451025208,-0.9659258262890684,13378.86
2025-10-18 15:00:00,,,,,,,,,-0.9562348265919058,0.2926003356333479,-0.8660254037844385,-0.5000000000000004,3830.1428
2025-10-18 18:00:00,,,,,,,,,-0.9562348265919058,0.2926003356333479,-0.9659258262890684,0.2588190451025203,1488.2053
2025-10-18 21:00:00,,,,,,,,,-0.9562348265919058,0.2926003356333479,-0.5000000000000004,0.8660254037844384,2621.1738
2025-10-19 00:00:00,,,,,,,,,-0.9510565162951536,0.3090169943749472,0.2588190451025207,0.9659258262890684,2594.5537
2025-10-19 03:00:00,,,,,,,,,-0.9510565162951536,0.3090169943749472,0.8660254037844386,0.5000000000000001,2231.8164
2025-10-19 06:00:00,,,,,,,,,-0.9510565162951536,0.3090169943749472,0.9659258262890684,-0.2588190451025206,4116.3774
2025-10-19 09:00:00,,,,,,,,,-0.9510565162951536,0.3090169943749472,0.4999999999999999,-0.8660254037844387,16161.47
2025-10-19 12:00:00,,,,,,,,,-0.9510565162951536,0.3090169943749472,-0.2588190451025208,-0.9659258262890684,13892.197
2025-10-19 15:00:00,,,,,,,,,-0.9510565162951536,0.3090169943749472,-0.8660254037844385,-0.5000000000000004,3830.1428
2025-10-19 18:00:00,,,,,,,,,-0.9510565162951536,0.3090169943749472,-0.9659258262890684,0.2588190451025203,1488.2053
2025-10-19 21:00:00,,,,,,,,,-0.9510565162951536,0.3090169943749472,-0.5000000000000004,0.8660254037844384,2621.1738
2025-10-20 00:00:00,,,,,,,,,-0.9455963874271428,0.3253420847119795,0.2588190451025207,0.9659258262890684,2594.5537
2025-10-20 03:00:00,,,,,,,,,-0.9455963874271428,0.3253420847119795,0.8660254037844386,0.5000000000000001,2231.8164
2025-10-20 06:00:00,,,,,,,,,-0.9455963874271428,0.3253420847119795,0.9659258262890684,-0.2588190451025206,4116.3774
2025-10-20 09:00:00,,,,,,,,,-0.9455963874271428,0.3253420847119795,0.4999999999999999,-0.8660254037844387,16161.47
2025-10-20 12:00:00,,,,,,,,,-0.9455963874271428,0.3253420847119795,-0.2588190451025208,-0.9659258262890684,13892.197
2025-10-20 15:00:00,,,,,,,,,-0.9455963874271428,0.3253420847119795,-0.8660254037844385,-0.5000000000000004,3830.1428
2025-10-20 18:00:00,,,,,,,,,-0.9455963874271428,0.3253420847119795,-0.9659258262890684,0.2588190451025203,1488.2053
2025-10-20 21:00:00,,,,,,,,,-0.9455963874271428,0.3253420847119795,-0.5000000000000004,0.8660254037844384,2621.1738
2025-10-21 00:00:00,,,,,,,,,-0.9398560579418952,0.341570769167856,0.2588190451025207,0.9659258262890684,2594.5537
2025-10-21 03:00:00,,,,,,,,,-0.9398560579418952,0.341570769167856,0.8660254037844386,0.5000000000000001,2231.8164
2025-10-21 06:00:00,,,,,,,,,-0.9398560579418952,0.341570769167856,0.9659258262890684,-0.2588190451025206,4116.3774
2025-10-21 09:00:00,,,,,,,,,-0.9398560579418952,0.341570769167856,0.4999999999999999,-0.8660254037844387,16161.47
2025-10-21 12:00:00,,,,,,,,,-0.9398560579418952,0.341570769167856,-0.2588190451025208,-0.9659258262890684,13892.197
2025-10-21 15:00:00,,,,,,,,,-0.9398560579418952,0.341570769167856,-0.8660254037844385,-0.5000000000000004,3830.1428
2025-10-21 18:00:00,,,,,,,,,-0.9398560579418952,0.341570769167856,-0.9659258262890684,0.2588190451025203,1488.2053
2025-10-21 21:00:00,,,,,,,,,-0.9398560579418952,0.341570769167856,-0.5000000000000004,0.8660254037844384,2621.1738
2025-10-22 00:00:00,,,,,,,,,-0.9338372288229252,0.3576982388331254,0.2588190451025207,0.9659258262890684,2594.5537
2025-10-22 03:00:00,,,,,,,,,-0.9338372288229252,0.3576982388331254,0.8660254037844386,0.5000000000000001,2231.8164
2025-10-22 06:00:00,,,,,,,,,-0.9338372288229252,0.3576982388331254,0.9659258262890684,-0.2588190451025206,4116.3774
2025-10-22 09:00:00,,,,,,,,,-0.9338372288229252,0.3576982388331254,0.4999999999999999,-0.8660254037844387,16161.47
2025-10-22 12:00:00,,,,,,,,,-0.9338372288229252,0.3576982388331254,-0.2588190451025208,-0.9659258262890684,13892.197
2025-10-22 15:00:00,,,,,,,,,-0.9338372288229252,0.3576982388331254,-0.8660254037844385,-0.5000000000000004,3830.1428
2025-10-22 18:00:00,,,,,,,,,-0.9338372288229252,0.3576982388331254,-0.9659258262890684,0.2588190451025203,1488.2053
2025-10-22 21:00:00,,,,,,,,,-0.9338372288229252,0.3576982388331254,-0.5000000000000004,0.8660254037844384,2621.1738
2025-10-23 00:00:00,,,,,,,,,-0.9275416835791964,0.3737197147904692,0.2588190451025207,0.9659258262890684,2594.5537
2025-10-23 03:00:00,,,,,,,,,-0.9275416835791964,0.3737197147904692,0.8660254037844386,0.5000000000000001,2231.8164
2025-10-23 06:00:00,,,,,,,,,-0.9275416835791964,0.3737197147904692,0.9659258262890684,-0.2588190451025206,4116.3774
2025-10-23 09:00:00,,,,,,,,,-0.9275416835791964,0.3737197147904692,0.4999999999999999,-0.8660254037844387,16161.47
2025-10-23 12:00:00,,,,,,,,,-0.9275416835791964,0.3737197147904692,-0.2588190451025208,-0.9659258262890684,13892.197
2025-10-23 15:00:00,,,,,,,,,-0.9275416835791964,0.3737197147904692,-0.8660254037844385,-0.5000000000000004,3830.1428
2025-10-23 18:00:00,,,,,,,,,-0.9275416835791964,0.3737197147904692,-0.9659258262890684,0.2588190451025203,1488.2053
2025-10-23 21:00:00,,,,,,,,,-0.9275416835791964,0.3737197147904692,-0.5000000000000004,0.8660254037844384,2621.1738
2025-10-24 00:00:00,,,,,,,,,-0.9209712877166348,0.3896304495307877,0.2588190451025207,0.9659258262890684,2594.5537
2025-10-24 03:00:00,,,,,,,,,-0.9209712877166348,0.3896304495307877,0.8660254037844386,0.5000000000000001,2231.8164
2025-10-24 06:00:00,,,,,,,,,-0.9209712877166348,0.3896304495307877,0.9659258262890684,-0.2588190451025206,4116.3774
2025-10-24 09:00:00,,,,,,,,,-0.9209712877166348,0.3896304495307877,0.4999999999999999,-0.8660254037844387,16161.47
2025-10-24 12:00:00,,,,,,,,,-0.9209712877166348,0.3896304495307877,-0.2588190451025208,-0.9659258262890684,13892.197
2025-10-24 15:00:00,,,,,,,,,-0.9209712877166348,0.3896304495307877,-0.8660254037844385,-0.5000000000000004,3830.1428
2025-10-24 18:00:00,,,,,,,,,-0.9209712877166348,0.3896304495307877,-0.9659258262890684,0.2588190451025203,1488.2053
2025-10-24 21:00:00,,,,,,,,,-0.9209712877166348,0.3896304495307877,-0.5000000000000004,0.8660254037844384,2621.1738
2025-10-25 00:00:00,,,,,,,,,-0.9141279881853336,0.4054257283599973,0.2588190451025207,0.9659258262890684,2170.669
2025-10-25 03:00:00,,,,,,,,,-0.9141279881853336,0.4054257283599973,0.8660254037844386,0.5000000000000001,1807.9315
2025-10-25 06:00:00,,,,,,,,,-0.9141279881853336,0.4054257283599973,0.9659258262890684,-0.2588190451025206,3692.492
2025-10-25 09:00:00,,,,,,,,,-0.9141279881853336,0.4054257283599973,0.4999999999999999,-0.8660254037844387,15737.587
2025-10-25 12:00:00,,,,,,,,,-0.9141279881853336,0.4054257283599973,-0.2588190451025208,-0.9659258262890684,13992.879
2025-10-25 15:00:00,,,,,,,,,-0.9141279881853336,0.4054257283599973,-0.8660254037844385,-0.5000000000000004,3406.2578
2025-10-25 18:00:00,,,,,,,,,-0.9141279881853336,0.4054257283599973,-0.9659258262890684,0.2588190451025203,1064.3206
2025-10-25 21:00:00,,,,,,,,,-0.9141279881853336,0.4054257283599973,-0.5000000000000004,0.8660254037844384,2197.289
2025-10-26 00:00:00,,,,,,,,,-0.9070138128026362,0.4211008707960891,0.2588190451025207,0.9659258262890684,2170.669
2025-10-26 03:00:00,,,,,,,,,-0.9070138128026362,0.4211008707960891,0.8660254037844386,0.5000000000000001,1807.9315
2025-10-26 06:00:00,,,,,,,,,-0.9070138128026362,0.4211008707960891,0.9659258262890684,-0.2588190451025206,3692.492
2025-10-26 09:00:00,,,,,,,,,-0.9070138128026362,0.4211008707960891,0.4999999999999999,-0.8660254037844387,15737.587
2025-10-26 12:00:00,,,,,,,,,-0.9070138128026362,0.4211008707960891,-0.2588190451025208,-0.9659258262890684,13992.879
2025-10-26 15:00:00,,,,,,,,,-0.9070138128026362,0.4211008707960891,-0.8660254037844385,-0.5000000000000004,3406.2578
2025-10-26 18:00:00,,,,,,,,,-0.9070138128026362,0.4211008707960891,-0.9659258262890684,0.2588190451025203,1064.3206
2025-10-26 21:00:00,,,,,,,,,-0.9070138128026362,0.4211008707960891,-0.5000000000000004,0.8660254037844384,2197.289
2025-10-27 00:00:00,,,,,,,,,-0.8996308696522434,0.4366512319560638,0.2588190451025207,0.9659258262890684,2170.669
2025-10-27 03:00:00,,,,,,,,,-0.8996308696522434,0.4366512319560638,0.8660254037844386,0.5000000000000001,1807.9315
2025-10-27 06:00:00,,,,,,,,,-0.8996308696522434,0.4366512319560638,0.9659258262890684,-0.2588190451025206,3692.492
2025-10-27 09:00:00,,,,,,,,,-0.8996308696522434,0.4366512319560638,0.4999999999999999,-0.8660254037844387,15737.587
2025-10-27 12:00:00,,,,,,,,,-0.8996308696522434,0.4366512319560638,-0.2588190451025208,-0.9659258262890684,13992.879
2025-10-27 15:00:00,,,,,,,,,-0.8996308696522434,0.4366512319560638,-0.8660254037844385,-0.5000000000000004,3406.2578
2025-10-27 18:00:00,,,,,,,,,-0.8996308696522434,0.4366512319560638,-0.9659258262890684,0.2588190451025203,1064.3206
2025-10-27 21:00:00,,,,,,,,,-0.8996308696522434,0.4366512319560638,-0.5000000000000004,0.8660254037844384,2197.289
2025-10-28 00:00:00,,,,,,,,,-0.8919813464595487,0.4520722039323037,0.2588190451025207,0.9659258262890684,2170.669
2025-10-28 03:00:00,,,,,,,,,-0.8919813464595487,0.4520722039323037,0.8660254037844386,0.5000000000000001,1807.9315
2025-10-28 06:00:00,,,,,,,,,-0.8919813464595487,0.4520722039323037,0.9659258262890684,-0.2588190451025206,3515.9563
2025-10-28 09:00:00,,,,,,,,,-0.8919813464595487,0.4520722039323037,0.4999999999999999,-0.8660254037844387,15737.587
2025-10-28 12:00:00,,,,,,,,,-0.8919813464595487,0.4520722039323037,-0.2588190451025208,-0.9659258262890684,13992.879
2025-10-28 15:00:00,,,,,,,,,-0.8919813464595487,0.4520722039323037,-0.8660254037844385,-0.5000000000000004,3406.2578
2025-10-28 18:00:00,,,,,,,,,-0.8919813464595487,0.4520722039323037,-0.9659258262890684,0.2588190451025203,1064.3206
2025-10-28 21:00:00,,,,,,,,,-0.8919813464595487,0.4520722039323037,-0.5000000000000004,0.8660254037844384,2197.289
2025-10-29 00:00:00,,,,,,,,,-0.8840675099433637,0.467359217158002,0.2588190451025207,0.9659258262890684,2170.669
2025-10-29 03:00:00,,,,,,,,,-0.8840675099433637,0.467359217158002,0.8660254037844386,0.5000000000000001,1807.9315
2025-10-29 06:00:00,,,,,,,,,-0.8840675099433637,0.467359217158002,0.9659258262890684,-0.2588190451025206,3515.9563
2025-10-29 09:00:00,,,,,,,,,-0.8840675099433637,0.467359217158002,0.4999999999999999,-0.8660254037844387,15737.587
2025-10-29 12:00:00,,,,,,,,,-0.8840675099433637,0.467359217158002,-0.2588190451025208,-0.9659258262890684,13992.879
2025-10-29 15:00:00,,,,,,,,,-0.8840675099433637,0.467359217158002,-0.8660254037844385,-0.5000000000000004,3406.2578
2025-10-29 18:00:00,,,,,,,,,-0.8840675099433637,0.467359217158002,-0.9659258262890684,0.2588190451025203,1064.3206
2025-10-29 21:00:00,,,,,,,,,-0.8840675099433637,0.467359217158002,-0.5000000000000004,0.8660254037844384,2197.289
2025-10-30 00:00:00,,,,,,,,,-0.8758917051442433,0.4825077417612176,0.2588190451025207,0.9659258262890684,2170.669
2025-10-30 03:00:00,,,,,,,,,-0.8758917051442433,0.4825077417612176,0.8660254037844386,0.5000000000000001,1807.9315
2025-10-30 06:00:00,,,,,,,,,-0.8758917051442433,0.4825077417612176,0.9659258262890684,-0.2588190451025206,3515.9563
2025-10-30 09:00:00,,,,,,,,,-0.8758917051442433,0.4825077417612176,0.4999999999999999,-0.8660254037844387,15737.587
2025-10-30 12:00:00,,,,,,,,,-0.8758917051442433,0.4825077417612176,-0.2588190451025208,-0.9659258262890684,13992.879
2025-10-30 15:00:00,,,,,,,,,-0.8758917051442433,0.4825077417612176,-0.8660254037844385,-0.5000000000000004,3406.2578
2025-10-30 18:00:00,,,,,,,,,-0.8758917051442433,0.4825077417612176,-0.9659258262890684,0.2588190451025203,877.51227
2025-10-30 21:00:00,,,,,,,,,-0.8758917051442433,0.4825077417612176,-0.5000000000000004,0.8660254037844384,2197.289
2025-10-31 00:00:00,,,,,,,,,-0.8674563547295971,0.4975132889071803,0.2588190451025207,0.9659258262890684,2170.669
2025-10-31 03:00:00,,,,,,,,,-0.8674563547295971,0.4975132889071803,0.8660254037844386,0.5000000000000001,1807.9315
2025-10-31 06:00:00,,,,,,,,,-0.8674563547295971,0.4975132889071803,0.9659258262890684,-0.2588190451025206,3515.9563
2025-10-31 09:00:00,,,,,,,,,-0.8674563547295971,0.4975132889071803,0.4999999999999999,-0.8660254037844387,15737.587
2025-10-31 12:00:00,,,,,,,,,-0.8674563547295971,0.4975132889071803,-0.2588190451025208,-0.9659258262890684,13992.879
2025-10-31 15:00:00,,,,,,,,,-0.8674563547295971,0.4975132889071803,-0.8660254037844385,-0.5000000000000004,3406.2578
2025-10-31 18:00:00,,,,,,,,,-0.8674563547295971,0.4975132889071803,-0.9659258262890684,0.2588190451025203,877.51227
2025-10-31 21:00:00,,,,,,,,,-0.8674563547295971,0.4975132889071803,-0.5000000000000004,0.8660254037844384,2197.289
2025-11-01 00:00:00,,,,,,,,,-0.858763958275803,0.5123714121284235,0.2588190451025207,0.9659258262890684,2170.669
2025-11-01 03:00:00,,,,,,,,,-0.858763958275803,0.5123714121284235,0.8660254037844386,0.5000000000000001,1807.9315
2025-11-01 06:00:00,,,,,,,,,-0.858763958275803,0.5123714121284235,0.9659258262890684,-0.2588190451025206,3515.9563
2025-11-01 09:00:00,,,,,,,,,-0.858763958275803,0.5123714121284235,0.4999999999999999,-0.8660254037844387,15737.587
2025-11-01 12:00:00,,,,,,,,,-0.858763958275803,0.5123714121284235,-0.2588190451025208,-0.9659258262890684,13992.879
2025-11-01 15:00:00,,,,,,,,,-0.858763958275803,0.5123714121284235,-0.8660254037844385,-0.5000000000000004,3406.2578
2025-11-01 18:00:00,,,,,,,,,-0.858763958275803,0.5123714121284235,-0.9659258262890684,0.2588190451025203,877.51227
2025-11-01 21:00:00,,,,,,,,,-0.858763958275803,0.5123714121284235,-0.5000000000000004,0.8660254037844384,2197.289
2025-11-02 00:00:00,,,,,,,,,-0.8498170915275277,0.5270777086423724,0.2588190451025207,0.9659258262890684,2170.669
2025-11-02 03:00:00,,,,,,,,,-0.8498170915275277,0.5270777086423724,0.8660254037844386,0.5000000000000001,1807.9315
2025-11-02 06:00:00,,,,,,,,,-0.8498170915275277,0.5270777086423724,0.9659258262890684,-0.2588190451025206,3515.9563
2025-11-02 09:00:00,,,,,,,,,-0.8498170915275277,0.5270777086423724,0.4999999999999999,-0.8660254037844387,15737.587
2025-11-02 12:00:00,,,,,,,,,-0.8498170915275277,0.5270777086423724,-0.2588190451025208,-0.9659258262890684,13992.879
2025-11-02 15:00:00,,,,,,,,,-0.8498170915275277,0.5270777086423724,-0.8660254037844385,-0.5000000000000004,3406.2578
2025-11-02 18:00:00,,,,,,,,,-0.8498170915275277,0.5270777086423724,-0.9659258262890684,0.2588190451025203,877.51227
2025-11-02 21:00:00,,,,,,,,,-0.8498170915275277,0.5270777086423724,-0.5000000000000004,0.8660254037844384,2197.289
2025-11-03 00:00:00,,,,,,,,,-0.8406184056344783,0.5416278206559811,0.2588190451025207,0.9659258262890684,2170.669
2025-11-03 03:00:00,,,,,,,,,-0.8406184056344783,0.5416278206559811,0.8660254037844386,0.5000000000000001,1807.9315
2025-11-03 06:00:00,,,,,,,,,-0.8406184056344783,0.5416278206559811,0.9659258262890684,-0.2588190451025206,3515.9563
2025-11-03 09:00:00,,,,,,,,,-0.8406184056344783,0.5416278206559811,0.4999999999999999,-0.8660254037844387,15737.587
2025-11-03 12:00:00,,,,,,,,,-0.8406184056344783,0.5416278206559811,-0.2588190451025208,-0.9659258262890684,13992.879
2025-11-03 15:00:00,,,,,,,,,-0.8406184056344783,0.5416278206559811,-0.8660254037844385,-0.5000000000000004,3406.2578
2025-11-03 18:00:00,,,,,,,,,-0.8406184056344783,0.5416278206559811,-0.9659258262890684,0.2588190451025203,877.51227
2025-11-03 21:00:00,,,,,,,,,-0.8406184056344783,0.5416278206559811,-0.5000000000000004,0.8660254037844384,2197.289
2025-11-04 00:00:00,,,,,,,,,-0.8311706263658079,0.5560174366570446,0.2588190451025207,0.9659258262890684,2170.669
2025-11-04 03:00:00,,,,,,,,,-0.8311706263658079,0.5560174366570446,0.8660254037844386,0.5000000000000001,1807.9315
2025-11-04 06:00:00,,,,,,,,,-0.8311706263658079,0.5560174366570446,0.9659258262890684,-0.2588190451025206,3515.9563
2025-11-04 09:00:00,,,,,,,,,-0.8311706263658079,0.5560174366570446,0.4999999999999999,-0.8660254037844387,15737.587
2025-11-04 12:00:00,,,,,,,,,-0.8311706263658079,0.5560174366570446,-0.2588190451025208,-0.9659258262890684,13992.879
2025-11-04 15:00:00,,,,,,,,,-0.8311706263658079,0.5560174366570446,-0.8660254037844385,-0.5000000000000004,3406.2578
2025-11-04 18:00:00,,,,,,,,,-0.8311706263658079,0.5560174366570446,-0.9659258262890684,0.2588190451025203,877.51227
2025-11-04 21:00:00,,,,,,,,,-0.8311706263658079,0.5560174366570446,-0.5000000000000004,0.8660254037844384,2197.289
2025-11-05 00:00:00,,,,,,,,,-0.8214765533024145,0.5702422926917867,0.2588190451025207,0.9659258262890684,2170.669
2025-11-05 03:00:00,,,,,,,,,-0.8214765533024145,0.5702422926917867,0.8660254037844386,0.5000000000000001,1807.9315
2025-11-05 06:00:00,,,,,,,,,-0.8214765533024145,0.5702422926917867,0.9659258262890684,-0.2588190451025206,3457.576
2025-11-05 09:00:00,,,,,,,,,-0.8214765533024145,0.5702422926917867,0.4999999999999999,-0.8660254037844387,15737.587
2025-11-05 12:00:00,,,,,,,,,-0.8214765533024145,0.5702422926917867,-0.2588190451025208,-0.9659258262890684,13992.879
2025-11-05 15:00:00,,,,,,,,,-0.8214765533024145,0.5702422926917867,-0.8660254037844385,-0.5000000000000004,3406.2578
2025-11-05 18:00:00,,,,,,,,,-0.8214765533024145,0.5702422926917867,-0.9659258262890684,0.2588190451025203,877.51227
2025-11-05 21:00:00,,,,,,,,,-0.8214765533024145,0.5702422926917867,-0.5000000000000004,0.8660254037844384,2197.289
2025-11-06 00:00:00,,,,,,,,,-0.8115390590073611,0.5842981736283683,0.2588190451025207,0.9659258262890684,2170.669
2025-11-06 03:00:00,,,,,,,,,-0.8115390590073611,0.5842981736283683,0.8660254037844386,0.5000000000000001,1807.9315
2025-11-06 06:00:00,,,,,,,,,-0.8115390590073611,0.5842981736283683,0.9659258262890684,-0.2588190451025206,3457.576
2025-11-06 09:00:00,,,,,,,,,-0.8115390590073611,0.5842981736283683,0.4999999999999999,-0.8660254037844387,15737.587
2025-11-06 12:00:00,,,,,,,,,-0.8115390590073611,0.5842981736283683,-0.2588190451025208,-0.9659258262890684,13992.879
2025-11-06 15:00:00,,,,,,,,,-0.8115390590073611,0.5842981736283683,-0.8660254037844385,-0.5000000000000004,3406.2578
2025-11-06 18:00:00,,,,,,,,,-0.8115390590073611,0.5842981736283683,-0.9659258262890684,0.2588190451025203,877.51227
2025-11-06 21:00:00,,,,,,,,,-0.8115390590073611,0.5842981736283683,-0.5000000000000004,0.8660254037844384,2197.289
2025-11-07 00:00:00,,,,,,,,,-0.801361088174677,0.5981809144059158,0.2588190451025207,0.9659258262890684,2170.669
2025-11-07 03:00:00,,,,,,,,,-0.801361088174677,0.5981809144059158,0.8660254037844386,0.5000000000000001,1807.9315
2025-11-07 06:00:00,,,,,,,,,-0.801361088174677,0.5981809144059158,0.9659258262890684,-0.2588190451025206,3457.576
2025-11-07 09:00:00,,,,,,,,,-0.801361088174677,0.5981809144059158,0.4999999999999999,-0.8660254037844387,15737.587
2025-11-07 12:00:00,,,,,,,,,-0.801361088174677,0.5981809144059158,-0.2588190451025208,-0.9659258262890684,13992.879
2025-11-07 15:00:00,,,,,,,,,-0.801361088174677,0.5981809144059158,-0.8660254037844385,-0.5000000000000004,3406.2578
2025-11-07 18:00:00,,,,,,,,,-0.801361088174677,0.5981809144059158,-0.9659258262890684,0.2588190451025203,877.51227
2025-11-07 21:00:00,,,,,,,,,-0.801361088174677,0.5981809144059158,-0.5000000000000004,0.8660254037844384,2197.289
2025-11-08 00:00:00,,,,,,,,,-0.7909456567567774,0.6118864012687242,0.2588190451025207,0.9659258262890684,2170.669
2025-11-08 03:00:00,,,,,,,,,-0.7909456567567774,0.6118864012687242,0.8660254037844386,0.5000000000000001,1807.9315
2025-11-08 06:00:00,,,,,,,,,-0.7909456567567774,0.6118864012687242,0.9659258262890684,-0.2588190451025206,3457.576
2025-11-08 09:00:00,,,,,,,,,-0.7909456567567774,0.6118864012687242,0.4999999999999999,-0.8660254037844387,14759.653
2025-11-08 12:00:00,,,,,,,,,-0.7909456567567774,0.6118864012687242,-0.2588190451025208,-0.9659258262890684,13014.945
2025-11-08 15:00:00,,,,,,,,,-0.7909456567567774,0.6118864012687242,-0.8660254037844385,-0.5000000000000004,3406.2578
2025-11-08 18:00:00,,,,,,,,,-0.7909456567567774,0.6118864012687242,-0.9659258262890684,0.2588190451025203,877.51227
2025-11-08 21:00:00,,,,,,,,,-0.7909456567567774,0.6118864012687242,-0.5000000000000004,0.8660254037844384,2197.289
2025-11-09 00:00:00,,,,,,,,,-0.780295851070776,0.6254105729852457,0.2588190451025207,0.9659258262890684,2170.669
2025-11-09 03:00:00,,,,,,,,,-0.780295851070776,0.6254105729852457,0.8660254037844386,0.5000000000000001,1807.9315
2025-11-09 06:00:00,,,,,,,,,-0.780295851070776,0.6254105729852457,0.9659258262890684,-0.2588190451025206,3457.576
2025-11-09 09:00:00,,,,,,,,,-0.780295851070776,0.6254105729852457,0.4999999999999999,-0.8660254037844387,14759.653
2025-11-09 12:00:00,,,,,,,,,-0.780295851070776,0.6254105729852457,-0.2588190451025208,-0.9659258262890684,13014.945
2025-11-09 15:00:00,,,,,,,,,-0.780295851070776,0.6254105729852457,-0.8660254037844385,-0.5000000000000004,3406.2578
2025-11-09 18:00:00,,,,,,,,,-0.780295851070776,0.6254105729852457,-0.9659258262890684,0.2588190451025203,877.51227
2025-11-09 21:00:00,,,,,,,,,-0.780295851070776,0.6254105729852457,-0.5000000000000004,0.8660254037844384,2197.289
2025-11-10 00:00:00,,,,,,,,,-0.7694148268839381,0.6387494220515268,0.2588190451025207,0.9659258262890684,844.93524
2025-11-10 03:00:00,,,,,,,,,-0.7694148268839381,0.6387494220515268,0.8660254037844386,0.5000000000000001,482.19785
2025-11-10 06:00:00,,,,,,,,,-0.7694148268839381,0.6387494220515268,0.9659258262890684,-0.2588190451025206,2131.8425
2025-11-10 09:00:00,,,,,,,,,-0.7694148268839381,0.6387494220515268,0.4999999999999999,-0.8660254037844387,13433.918
2025-11-10 12:00:00,,,,,,,,,-0.7694148268839381,0.6387494220515268,-0.2588190451025208,-0.9659258262890684,11098.499
2025-11-10 15:00:00,,,,,,,,,-0.7694148268839381,0.6387494220515268,-0.8660254037844385,-0.5000000000000004,2080.5242
2025-11-10 18:00:00,,,,,,,,,-0.7694148268839381,0.6387494220515268,-0.9659258262890684,0.2588190451025203,-448.22183
2025-11-10 21:00:00,,,,,,,,,-0.7694148268839381,0.6387494220515268,-0.5000000000000004,0.8660254037844384,871.5557
2025-11-11 00:00:00,,,,,,,,,-0.7583058084785625,0.6518989958787125,0.2588190451025207,0.9659258262890684,1733.6606
2025-11-11 03:00:00,,,,,,,,,-0.7583058084785625,0.6518989958787125,0.8660254037844386,0.5000000000000001,1370.9232
2025-11-11 06:00:00,,,,,,,,,-0.7583058084785625,0.6518989958787125,0.9659258262890684,-0.2588190451025206,3020.568
2025-11-11 09:00:00,,,,,,,,,-0.7583058084785625,0.6518989958787125,0.4999999999999999,-0.8660254037844387,14322.645
2025-11-11 12:00:00,,,,,,,,,-0.7583058084785625,0.6518989958787125,-0.2588190451025208,-0.9659258262890684,11987.226
2025-11-11 15:00:00,,,,,,,,,-0.7583058084785625,0.6518989958787125,-0.8660254037844385,-0.5000000000000004,2969.2498
2025-11-11 18:00:00,,,,,,,,,-0.7583058084785625,0.6518989958787125,-0.9659258262890684,0.2588190451025203,440.50415
2025-11-11 21:00:00,,,,,,,,,-0.7583058084785625,0.6518989958787125,-0.5000000000000004,0.8660254037844384,1760.2812
2025-11-12 00:00:00,,,,,,,,,-0.7469720876965551,0.6648553979642866,0.2588190451025207,0.9659258262890684,1733.6606
2025-11-12 03:00:00,,,,,,,,,-0.7469720876965551,0.6648553979642866,0.8660254037844386,0.5000000000000001,1370.9232
2025-11-12 06:00:00,,,,,,,,,-0.7469720876965551,0.6648553979642866,0.9659258262890684,-0.2588190451025206,3020.568
2025-11-12 09:00:00,,,,,,,,,-0.7469720876965551,0.6648553979642866,0.4999999999999999,-0.8660254037844387,14322.645
2025-11-12 12:00:00,,,,,,,,,-0.7469720876965551,0.6648553979642866,-0.2588190451025208,-0.9659258262890684,11987.226
2025-11-12 15:00:00,,,,,,,,,-0.7469720876965551,0.6648553979642866,-0.8660254037844385,-0.5000000000000004,2969.2498
2025-11-12 18:00:00,,,,,,,,,-0.7469720876965551,0.6648553979642866,-0.9659258262890684,0.2588190451025203,440.50415
2025-11-12 21:00:00,,,,,,,,,-0.7469720876965551,0.6648553979642866,-0.5000000000000004,0.8660254037844384,1760.2812
2025-11-13 00:00:00,,,,,,,,,-0.7354170229639858,0.6776147890466887,0.2588190451025207,0.9659258262890684,1733.6606
2025-11-13 03:00:00,,,,,,,,,-0.7354170229639858,0.6776147890466887,0.8660254037844386,0.5000000000000001,1370.9232
2025-11-13 06:00:00,,,,,,,,,-0.7354170229639858,0.6776147890466887,0.9659258262890684,-0.2588190451025206,3020.568
2025-11-13 09:00:00,,,,,,,,,-0.7354170229639858,0.6776147890466887,0.4999999999999999,-0.8660254037844387,14322.645
2025-11-13 12:00:00,,,,,,,,,-0.7354170229639858,0.6776147890466887,-0.2588190451025208,-0.9659258262890684,11987.226
2025-11-13 15:00:00,,,,,,,,,-0.7354170229639858,0.6776147890466887,-0.8660254037844385,-0.5000000000000004,2969.2498
2025-11-13 18:00:00,,,,,,,,,-0.7354170229639858,0.6776147890466887,-0.9659258262890684,0.2588190451025203,440.50415
2025-11-13 21:00:00,,,,,,,,,-0.7354170229639858,0.6776147890466887,-0.5000000000000004,0.8660254037844384,1760.2812
2025-11-14 00:00:00,,,,,,,,,-0.7236440382959124,0.690173388242972,0.2588190451025207,0.9659258262890684,1733.6606
2025-11-14 03:00:00,,,,,,,,,-0.7236440382959124,0.690173388242972,0.8660254037844386,0.5000000000000001,1370.9232
2025-11-14 06:00:00,,,,,,,,,-0.7236440382959124,0.690173388242972,0.9659258262890684,-0.2588190451025206,3020.568
2025-11-14 09:00:00,,,,,,,,,-0.7236440382959124,0.690173388242972,0.4999999999999999,-0.8660254037844387,14322.645
2025-11-14 12:00:00,,,,,,,,,-0.7236440382959124,0.690173388242972,-0.2588190451025208,-0.9659258262890684,11987.226
2025-11-14 15:00:00,,,,,,,,,-0.7236440382959124,0.690173388242972,-0.8660254037844385,-0.5000000000000004,2969.2498
2025-11-14 18:00:00,,,,,,,,,-0.7236440382959124,0.690173388242972,-0.9659258262890684,0.2588190451025203,440.50415
2025-11-14 21:00:00,,,,,,,,,-0.7236440382959124,0.690173388242972,-0.5000000000000004,0.8660254037844384,1760.2812
2025-11-15 00:00:00,,,,,,,,,-0.711656622281775,0.7025274741691566,0.2588190451025207,0.9659258262890684,1733.6606
2025-11-15 03:00:00,,,,,,,,,-0.711656622281775,0.7025274741691566,0.8660254037844386,0.5000000000000001,1370.9232
2025-11-15 06:00:00,,,,,,,,,-0.711656622281775,0.7025274741691566,0.9659258262890684,-0.2588190451025206,3020.568
2025-11-15 09:00:00,,,,,,,,,-0.711656622281775,0.7025274741691566,0.4999999999999999,-0.8660254037844387,14322.645
2025-11-15 12:00:00,,,,,,,,,-0.711656622281775,0.7025274741691566,-0.2588190451025208,-0.9659258262890684,11987.226
2025-11-15 15:00:00,,,,,,,,,-0.711656622281775,0.7025274741691566,-0.8660254037844385,-0.5000000000000004,2969.2498
2025-11-15 18:00:00,,,,,,,,,-0.711656622281775,0.7025274741691566,-0.9659258262890684,0.2588190451025203,440.50415
2025-11-15 21:00:00,,,,,,,,,-0.711656622281775,0.7025274741691566,-0.5000000000000004,0.8660254037844384,1760.2812
2025-11-16 00:00:00,,,,,,,,,-0.6994583270516471,0.7146733860429608,0.2588190451025207,0.9659258262890684,1733.6606
2025-11-16 03:00:00,,,,,,,,,-0.6994583270516471,0.7146733860429608,0.8660254037844386,0.5000000000000001,1370.9232
2025-11-16 06:00:00,,,,,,,,,-0.6994583270516471,0.7146733860429608,0.9659258262890684,-0.2588190451025206,3020.568
2025-11-16 09:00:00,,,,,,,,,-0.6994583270516471,0.7146733860429608,0.4999999999999999,-0.8660254037844387,14322.645
2025-11-16 12:00:00,,,,,,,,,-0.6994583270516471,0.7146733860429608,-0.2588190451025208,-0.9659258262890684,11987.226
2025-11-16 15:00:00,,,,,,,,,-0.6994583270516471,0.7146733860429608,-0.8660254037844385,-0.5000000000000004,2969.2498
2025-11-16 18:00:00,,,,,,,,,-0.6994583270516471,0.7146733860429608,-0.9659258262890684,0.2588190451025203,440.50415
2025-11-16 21:00:00,,,,,,,,,-0.6994583270516471,0.7146733860429608,-0.5000000000000004,0.8660254037844384,1760.2812
2025-11-17 00:00:00,,,,,,,,,-0.6870527672236675,0.7266075247685652,0.2588190451025207,0.9659258262890684,1733.6606
2025-11-17 03:00:00,,,,,,,,,-0.6870527672236675,0.7266075247685652,0.8660254037844386,0.5000000000000001,1370.9232
2025-11-17 06:00:00,,,,,,,,,-0.6870527672236675,0.7266075247685652,0.9659258262890684,-0.2588190451025206,3020.568
2025-11-17 09:00:00,,,,,,,,,-0.6870527672236675,0.7266075247685652,0.4999999999999999,-0.8660254037844387,14322.645
2025-11-17 12:00:00,,,,,,,,,-0.6870527672236675,0.7266075247685652,-0.2588190451025208,-0.9659258262890684,11987.226
2025-11-17 15:00:00,,,,,,,,,-0.6870527672236675,0.7266075247685652,-0.8660254037844385,-0.5000000000000004,2969.2498
2025-11-17 18:00:00,,,,,,,,,-0.6870527672236675,0.7266075247685652,-0.9659258262890684,0.2588190451025203,440.50415
2025-11-17 21:00:00,,,,,,,,,-0.6870527672236675,0.7266075247685652,-0.5000000000000004,0.8660254037844384,1760.2812
2025-11-18 00:00:00,,,,,,,,,-0.6744436188329457,0.7383263540031063,0.2588190451025207,0.9659258262890684,1733.6606
2025-11-18 03:00:00,,,,,,,,,-0.6744436188329457,0.7383263540031063,0.8660254037844386,0.5000000000000001,1370.9232
2025-11-18 06:00:00,,,,,,,,,-0.6744436188329457,0.7383263540031063,0.9659258262890684,-0.2588190451025206,3020.568
2025-11-18 09:00:00,,,,,,,,,-0.6744436188329457,0.7383263540031063,0.4999999999999999,-0.8660254037844387,14322.645
2025-11-18 12:00:00,,,,,,,,,-0.6744436188329457,0.7383263540031063,-0.2588190451025208,-0.9659258262890684,11987.226
2025-11-18 15:00:00,,,,,,,,,-0.6744436188329457,0.7383263540031063,-0.8660254037844385,-0.5000000000000004,2969.2498
2025-11-18 18:00:00,,,,,,,,,-0.6744436188329457,0.7383263540031063,-0.9659258262890684,0.2588190451025203,440.50415
2025-11-18 21:00:00,,,,,,,,,-0.6744436188329457,0.7383263540031063,-0.5000000000000004,0.8660254037844384,1760.2812
2025-11-19 00:00:00,,,,,,,,,-0.661634618242279,0.749826401204568,0.2588190451025207,0.9659258262890684,1733.6606
2025-11-19 03:00:00,,,,,,,,,-0.661634618242279,0.749826401204568,0.8660254037844386,0.5000000000000001,1370.9232
2025-11-19 06:00:00,,,,,,,,,-0.661634618242279,0.749826401204568,0.9659258262890684,-0.2588190451025206,3020.568
2025-11-19 09:00:00,,,,,,,,,-0.661634618242279,0.749826401204568,0.4999999999999999,-0.8660254037844387,14322.645
2025-11-19 12:00:00,,,,,,,,,-0.661634618242279,0.749826401204568,-0.2588190451025208,-0.9659258262890684,11987.226
2025-11-19 15:00:00,,,,,,,,,-0.661634618242279,0.749826401204568,-0.8660254037844385,-0.5000000000000004,2969.2498
2025-11-19 18:00:00,,,,,,,,,-0.661634618242279,0.749826401204568,-0.9659258262890684,0.2588190451025203,440.50415
2025-11-19 21:00:00,,,,,,,,,-0.661634618242279,0.749826401204568,-0.5000000000000004,0.8660254037844384,1760.2812
2025-11-20 00:00:00,,,,,,,,,-0.6486295610349818,0.7611042586607742,0.2588190451025207,0.9659258262890684,1733.6606
2025-11-20 03:00:00,,,,,,,,,-0.6486295610349818,0.7611042586607742,0.8660254037844386,0.5000000000000001,1370.9232
2025-11-20 06:00:00,,,,,,,,,-0.6486295610349818,0.7611042586607742,0.9659258262890684,-0.2588190451025206,3020.568
2025-11-20 09:00:00,,,,,,,,,-0.6486295610349818,0.7611042586607742,0.4999999999999999,-0.8660254037844387,14322.645
2025-11-20 12:00:00,,,,,,,,,-0.6486295610349818,0.7611042586607742,-0.2588190451025208,-0.9659258262890684,11987.226
2025-11-20 15:00:00,,,,,,,,,-0.6486295610349818,0.7611042586607742,-0.8660254037844385,-0.5000000000000004,2969.2498
2025-11-20 18:00:00,,,,,,,,,-0.6486295610349818,0.7611042586607742,-0.9659258262890684,0.2588190451025203,440.50415
2025-11-20 21:00:00,,,,,,,,,-0.6486295610349818,0.7611042586607742,-0.5000000000000004,0.8660254037844384,1760.2812
2025-11-21 00:00:00,,,,,,,,,-0.6354323008901775,0.7721565844991641,0.2588190451025207,0.9659258262890684,1733.6606
2025-11-21 03:00:00,,,,,,,,,-0.6354323008901775,0.7721565844991641,0.8660254037844386,0.5000000000000001,1370.9232
2025-11-21 06:00:00,,,,,,,,,-0.6354323008901775,0.7721565844991641,0.9659258262890684,-0.2588190451025206,3020.568
2025-11-21 09:00:00,,,,,,,,,-0.6354323008901775,0.7721565844991641,0.4999999999999999,-0.8660254037844387,14322.645
2025-11-21 12:00:00,,,,,,,,,-0.6354323008901775,0.7721565844991641,-0.2588190451025208,-0.9659258262890684,11987.226
2025-11-21 15:00:00,,,,,,,,,-0.6354323008901775,0.7721565844991641,-0.8660254037844385,-0.5000000000000004,2969.2498
2025-11-21 18:00:00,,,,,,,,,-0.6354323008901775,0.7721565844991641,-0.9659258262890684,0.2588190451025203,440.50415
2025-11-21 21:00:00,,,,,,,,,-0.6354323008901775,0.7721565844991641,-0.5000000000000004,0.8660254037844384,1760.2812
2025-11-22 00:00:00,,,,,,,,,-0.622046748440868,0.7829801036770624,0.2588190451025207,0.9659258262890684,1733.6606
2025-11-22 03:00:00,,,,,,,,,-0.622046748440868,0.7829801036770624,0.8660254037844386,0.5000000000000001,1370.9232
2025-11-22 06:00:00,,,,,,,,,-0.622046748440868,0.7829801036770624,0.9659258262890684,-0.2588190451025206,3020.568
2025-11-22 09:00:00,,,,,,,,,-0.622046748440868,0.7829801036770624,0.4999999999999999,-0.8660254037844387,14322.645
2025-11-22 12:00:00,,,,,,,,,-0.622046748440868,0.7829801036770624,-0.2588190451025208,-0.9659258262890684,11987.226
2025-11-22 15:00:00,,,,,,,,,-0.622046748440868,0.7829801036770624,-0.8660254037844385,-0.5000000000000004,2969.2498
2025-11-22 18:00:00,,,,,,,,,-0.622046748440868,0.7829801036770624,-0.9659258262890684,0.2588190451025203,440.50415
2025-11-22 21:00:00,,,,,,,,,-0.622046748440868,0.7829801036770624,-0.5000000000000004,0.8660254037844384,1760.2812
2025-11-23 00:00:00,,,,,,,,,-0.6084768701151264,0.7935716089521472,0.2588190451025207,0.9659258262890684,1733.6606
2025-11-23 03:00:00,,,,,,,,,-0.6084768701151264,0.7935716089521472,0.8660254037844386,0.5000000000000001,1370.9232
2025-11-23 06:00:00,,,,,,,,,-0.6084768701151264,0.7935716089521472,0.9659258262890684,-0.2588190451025206,3020.568
2025-11-23 09:00:00,,,,,,,,,-0.6084768701151264,0.7935716089521472,0.4999999999999999,-0.8660254037844387,14322.645
2025-11-23 12:00:00,,,,,,,,,-0.6084768701151264,0.7935716089521472,-0.2588190451025208,-0.9659258262890684,11987.226
2025-11-23 15:00:00,,,,,,,,,-0.6084768701151264,0.7935716089521472,-0.8660254037844385,-0.5000000000000004,2969.2498
2025-11-23 18:00:00,,,,,,,,,-0.6084768701151264,0.7935716089521472,-0.9659258262890684,0.2588190451025203,440.50415
2025-11-23 21:00:00,,,,,,,,,-0.6084768701151264,0.7935716089521472,-0.5000000000000004,0.8660254037844384,1760.2812
2025-11-24 00:00:00,,,,,,,,,-0.594726686960764,0.8039279618328208,0.2588190451025207,0.9659258262890684,1733.6606
2025-11-24 03:00:00,,,,,,,,,-0.594726686960764,0.8039279618328208,0.8660254037844386,0.5000000000000001,1370.9232
2025-11-24 06:00:00,,,,,,,,,-0.594726686960764,0.8039279618328208,0.9659258262890684,-0.2588190451025206,3020.568
2025-11-24 09:00:00,,,,,,,,,-0.594726686960764,0.8039279618328208,0.4999999999999999,-0.8660254037844387,14322.645
2025-11-24 12:00:00,,,,,,,,,-0.594726686960764,0.8039279618328208,-0.2588190451025208,-0.9659258262890684,11987.226
2025-11-24 15:00:00,,,,,,,,,-0.594726686960764,0.8039279618328208,-0.8660254037844385,-0.5000000000000004,2969.2498
2025-11-24 18:00:00,,,,,,,,,-0.594726686960764,0.8039279618328208,-0.9659258262890684,0.2588190451025203,440.50415
2025-11-24 21:00:00,,,,,,,,,-0.594726686960764,0.8039279618328208,-0.5000000000000004,0.8660254037844384,1760.2812
2025-11-25 00:00:00,,,,,,,,,-0.5808002734538013,0.8140460935082175,0.2588190451025207,0.9659258262890684,1733.6606
2025-11-25 03:00:00,,,,,,,,,-0.5808002734538013,0.8140460935082175,0.8660254037844386,0.5000000000000001,1370.9232
2025-11-25 06:00:00,,,,,,,,,-0.5808002734538013,0.8140460935082175,0.9659258262890684,-0.2588190451025206,3020.568
2025-11-25 09:00:00,,,,,,,,,-0.5808002734538013,0.8140460935082175,0.4999999999999999,-0.8660254037844387,14322.645
2025-11-25 12:00:00,,,,,,,,,-0.5808002734538013,0.8140460935082175,-0.2588190451025208,-0.9659258262890684,11987.226
2025-11-25 15:00:00,,,,,,,,,-0.5808002734538013,0.8140460935082175,-0.8660254037844385,-0.5000000000000004,2969.2498
2025-11-25 18:00:00,,,,,,,,,-0.5808002734538013,0.8140460935082175,-0.9659258262890684,0.2588190451025203,440.50415
2025-11-25 21:00:00,,,,,,,,,-0.5808002734538013,0.8140460935082175,-0.5000000000000004,0.8660254037844384,1760.2812
2025-11-26 00:00:00,,,,,,,,,-0.5667017562911184,0.8239230057575536,0.2588190451025207,0.9659258262890684,1733.6606
2025-11-26 03:00:00,,,,,,,,,-0.5667017562911184,0.8239230057575536,0.8660254037844386,0.5000000000000001,1370.9232
2025-11-26 06:00:00,,,,,,,,,-0.5667017562911184,0.8239230057575536,0.9659258262890684,-0.2588190451025206,3020.568
2025-11-26 09:00:00,,,,,,,,,-0.5667017562911184,0.8239230057575536,0.4999999999999999,-0.8660254037844387,14322.645
2025-11-26 12:00:00,,,,,,,,,-0.5667017562911184,0.8239230057575536,-0.2588190451025208,-0.9659258262890684,11987.226
2025-11-26 15:00:00,,,,,,,,,-0.5667017562911184,0.8239230057575536,-0.8660254037844385,-0.5000000000000004,2969.2498
2025-11-26 18:00:00,,,,,,,,,-0.5667017562911184,0.8239230057575536,-0.9659258262890684,0.2588190451025203,440.50415
2025-11-26 21:00:00,,,,,,,,,-0.5667017562911184,0.8239230057575536,-0.5000000000000004,0.8660254037844384,1760.2812
2025-11-27 00:00:00,,,,,,,,,-0.5524353131676203,0.8335557718385695,0.2588190451025207,0.9659258262890684,1733.6606
2025-11-27 03:00:00,,,,,,,,,-0.5524353131676203,0.8335557718385695,0.8660254037844386,0.5000000000000001,1370.9232
2025-11-27 06:00:00,,,,,,,,,-0.5524353131676203,0.8335557718385695,0.9659258262890684,-0.2588190451025206,3020.568
2025-11-27 09:00:00,,,,,,,,,-0.5524353131676203,0.8335557718385695,0.4999999999999999,-0.8660254037844387,14322.645
2025-11-27 12:00:00,,,,,,,,,-0.5524353131676203,0.8335557718385695,-0.2588190451025208,-0.9659258262890684,11987.226
2025-11-27 15:00:00,,,,,,,,,-0.5524353131676203,0.8335557718385695,-0.8660254037844385,-0.5000000000000004,2969.2498
2025-11-27 18:00:00,,,,,,,,,-0.5524353131676203,0.8335557718385695,-0.9659258262890684,0.2588190451025203,440.50415
2025-11-27 21:00:00,,,,,,,,,-0.5524353131676203,0.8335557718385695,-0.5000000000000004,0.8660254037844384,1760.2812
2025-11-28 00:00:00,,,,,,,,,-0.5380051715382992,0.8429415373547832,0.2588190451025207,0.9659258262890684,1733.6606
2025-11-28 03:00:00,,,,,,,,,-0.5380051715382992,0.8429415373547832,0.8660254037844386,0.5000000000000001,1370.9232
2025-11-28 06:00:00,,,,,,,,,-0.5380051715382992,0.8429415373547832,0.9659258262890684,-0.2588190451025206,3020.568
2025-11-28 09:00:00,,,,,,,,,-0.5380051715382992,0.8429415373547832,0.4999999999999999,-0.8660254037844387,14322.645
2025-11-28 12:00:00,,,,,,,,,-0.5380051715382992,0.8429415373547832,-0.2588190451025208,-0.9659258262890684,11987.226
2025-11-28 15:00:00,,,,,,,,,-0.5380051715382992,0.8429415373547832,-0.8660254037844385,-0.5000000000000004,2969.2498
2025-11-28 18:00:00,,,,,,,,,-0.5380051715382992,0.8429415373547832,-0.9659258262890684,0.2588190451025203,440.50415
2025-11-28 21:00:00,,,,,,,,,-0.5380051715382992,0.8429415373547832,-0.5000000000000004,0.8660254037844384,1760.2812
2025-11-29 00:00:00,,,,,,,,,-0.5234156073655503,0.8520775211013093,0.2588190451025207,0.9659258262890684,1733.6606
2025-11-29 03:00:00,,,,,,,,,-0.5234156073655503,0.8520775211013093,0.8660254037844386,0.5000000000000001,1370.9232
2025-11-29 06:00:00,,,,,,,,,-0.5234156073655503,0.8520775211013093,0.9659258262890684,-0.2588190451025206,3020.568
2025-11-29 09:00:00,,,,,,,,,-0.5234156073655503,0.8520775211013093,0.4999999999999999,-0.8660254037844387,14247.125
2025-11-29 12:00:00,,,,,,,,,-0.5234156073655503,0.8520775211013093,-0.2588190451025208,-0.9659258262890684,11911.706
2025-11-29 15:00:00,,,,,,,,,-0.5234156073655503,0.8520775211013093,-0.8660254037844385,-0.5000000000000004,2969.2498
2025-11-29 18:00:00,,,,,,,,,-0.5234156073655503,0.8520775211013093,-0.9659258262890684,0.2588190451025203,440.50415
2025-11-29 21:00:00,,,,,,,,,-0.5234156073655503,0.8520775211013093,-0.5000000000000004,0.8660254037844384,1760.2812
2025-11-30 00:00:00,,,,,,,,,-0.5086709438521042,0.8609610158889945,0.2588190451025207,0.9659258262890684,1733.6606
2025-11-30 03:00:00,,,,,,,,,-0.5086709438521042,0.8609610158889945,0.8660254037844386,0.5000000000000001,1370.9232
2025-11-30 06:00:00,,,,,,,,,-0.5086709438521042,0.8609610158889945,0.9659258262890684,-0.2588190451025206,3020.568
2025-11-30 09:00:00,,,,,,,,,-0.5086709438521042,0.8609610158889945,0.4999999999999999,-0.8660254037844387,14247.125
2025-11-30 12:00:00,,,,,,,,,-0.5086709438521042,0.8609610158889945,-0.2588190451025208,-0.9659258262890684,11911.706
2025-11-30 15:00:00,,,,,,,,,-0.5086709438521042,0.8609610158889945,-0.8660254037844385,-0.5000000000000004,2969.2498
2025-11-30 18:00:00,,,,,,,,,-0.5086709438521042,0.8609610158889945,-0.9659258262890684,0.2588190451025203,440.50415
2025-11-30 21:00:00,,,,,,,,,-0.5086709438521042,0.8609610158889945,-0.5000000000000004,0.8660254037844384,1760.2812
2025-12-01 00:00:00,,,,,,,,,-0.4937755501599773,0.8695893893466109,0.2588190451025207,0.9659258262890684,1733.6606
2025-12-01 03:00:00,,,,,,,,,-0.4937755501599773,0.8695893893466109,0.8660254037844386,0.5000000000000001,1370.9232
2025-12-01 06:00:00,,,,,,,,,-0.4937755501599773,0.8695893893466109,0.9659258262890684,-0.2588190451025206,3020.568
2025-12-01 09:00:00,,,,,,,,,-0.4937755501599773,0.8695893893466109,0.4999999999999999,-0.8660254037844387,14247.125
2025-12-01 12:00:00,,,,,,,,,-0.4937755501599773,0.8695893893466109,-0.2588190451025208,-0.9659258262890684,11911.706
2025-12-01 15:00:00,,,,,,,,,-0.4937755501599773,0.8695893893466109,-0.8660254037844385,-0.5000000000000004,2969.2498
2025-12-01 18:00:00,,,,,,,,,-0.4937755501599773,0.8695893893466109,-0.9659258262890684,0.2588190451025203,440.50415
2025-12-01 21:00:00,,,,,,,,,-0.4937755501599773,0.8695893893466109,-0.5000000000000004,0.8660254037844384,1760.2812
2025-12-02 00:00:00,,,,,,,,,-0.4787338401157883,0.8779600847008883,0.2588190451025207,0.9659258262890684,2336.7668
2025-12-02 03:00:00,,,,,,,,,-0.4787338401157883,0.8779600847008883,0.8660254037844386,0.5000000000000001,1974.0297
2025-12-02 06:00:00,,,,,,,,,-0.4787338401157883,0.8779600847008883,0.9659258262890684,-0.2588190451025206,3359.1853
2025-12-02 09:00:00,,,,,,,,,-0.4787338401157883,0.8779600847008883,0.4999999999999999,-0.8660254037844387,14850.231
2025-12-02 12:00:00,,,,,,,,,-0.4787338401157883,0.8779600847008883,-0.2588190451025208,-0.9659258262890684,12514.8125
2025-12-02 15:00:00,,,,,,,,,-0.4787338401157883,0.8779600847008883,-0.8660254037844385,-0.5000000000000004,3572.356
2025-12-02 18:00:00,,,,,,,,,-0.4787338401157883,0.8779600847008883,-0.9659258262890684,0.2588190451025203,440.50415
2025-12-02 21:00:00,,,,,,,,,-0.4787338401157883,0.8779600847008883,-0.5000000000000004,0.8660254037844384,2363.3867
2025-12-03 00:00:00,,,,,,,,,-0.4635502709028512,0.8860706215341378,0.2588190451025207,0.9659258262890684,2336.7668
2025-12-03 03:00:00,,,,,,,,,-0.4635502709028512,0.8860706215341378,0.8660254037844386,0.5000000000000001,1974.0297
2025-12-03 06:00:00,,,,,,,,,-0.4635502709028512,0.8860706215341378,0.9659258262890684,-0.2588190451025206,3359.1853
2025-12-03 09:00:00,,,,,,,,,-0.4635502709028512,0.8860706215341378,0.4999999999999999,-0.8660254037844387,14850.231
2025-12-03 12:00:00,,,,,,,,,-0.4635502709028512,0.8860706215341378,-0.2588190451025208,-0.9659258262890684,12514.8125
2025-12-03 15:00:00,,,,,,,,,-0.4635502709028512,0.8860706215341378,-0.8660254037844385,-0.5000000000000004,3572.356
2025-12-03 18:00:00,,,,,,,,,-0.4635502709028512,0.8860706215341378,-0.9659258262890684,0.2588190451025203,440.50415
2025-12-03 21:00:00,,,,,,,,,-0.4635502709028512,0.8860706215341378,-0.5000000000000004,0.8660254037844384,2363.3867
2025-12-04 00:00:00,,,,,,,,,-0.4482293417404106,0.893918596519257,0.2588190451025207,0.9659258262890684,2336.7668
2025-12-04 03:00:00,,,,,,,,,-0.4482293417404106,0.893918596519257,0.8660254037844386,0.5000000000000001,1974.0297
2025-12-04 06:00:00,,,,,,,,,-0.4482293417404106,0.893918596519257,0.9659258262890684,-0.2588190451025206,3359.1853
2025-12-04 09:00:00,,,,,,,,,-0.4482293417404106,0.893918596519257,0.4999999999999999,-0.8660254037844387,14850.231
2025-12-04 12:00:00,,,,,,,,,-0.4482293417404106,0.893918596519257,-0.2588190451025208,-0.9659258262890684,12514.8125
2025-12-04 15:00:00,,,,,,,,,-0.4482293417404106,0.893918596519257,-0.8660254037844385,-0.5000000000000004,3572.356
2025-12-04 18:00:00,,,,,,,,,-0.4482293417404106,0.893918596519257,-0.9659258262890684,0.2588190451025203,440.50415
2025-12-04 21:00:00,,,,,,,,,-0.4482293417404106,0.893918596519257,-0.5000000000000004,0.8660254037844384,2363.3867
2025-12-05 00:00:00,,,,,,,,,-0.4327755925504317,0.9015016841318838,0.2588190451025207,0.9659258262890684,2336.7668
2025-12-05 03:00:00,,,,,,,,,-0.4327755925504317,0.9015016841318838,0.8660254037844386,0.5000000000000001,1974.0297
2025-12-05 06:00:00,,,,,,,,,-0.4327755925504317,0.9015016841318838,0.9659258262890684,-0.2588190451025206,3359.1853
2025-12-05 09:00:00,,,,,,,,,-0.4327755925504317,0.9015016841318838,0.4999999999999999,-0.8660254037844387,14850.231
2025-12-05 12:00:00,,,,,,,,,-0.4327755925504317,0.9015016841318838,-0.2588190451025208,-0.9659258262890684,12514.8125
2025-12-05 15:00:00,,,,,,,,,-0.4327755925504317,0.9015016841318838,-0.8660254037844385,-0.5000000000000004,3572.356
2025-12-05 18:00:00,,,,,,,,,-0.4327755925504317,0.9015016841318838,-0.9659258262890684,0.2588190451025203,440.50415
2025-12-05 21:00:00,,,,,,,,,-0.4327755925504317,0.9015016841318838,-0.5000000000000004,0.8660254037844384,2363.3867
2025-12-06 00:00:00,,,,,,,,,-0.4171936026123169,0.9088176373395028,0.2588190451025207,0.9659258262890684,2336.7668
2025-12-06 03:00:00,,,,,,,,,-0.4171936026123169,0.9088176373395028,0.8660254037844386,0.5000000000000001,1974.0297
2025-12-06 06:00:00,,,,,,,,,-0.4171936026123169,0.9088176373395028,0.9659258262890684,-0.2588190451025206,3359.1853
2025-12-06 09:00:00,,,,,,,,,-0.4171936026123169,0.9088176373395028,0.4999999999999999,-0.8660254037844387,14850.231
2025-12-06 12:00:00,,,,,,,,,-0.4171936026123169,0.9088176373395028,-0.2588190451025208,-0.9659258262890684,12514.8125
2025-12-06 15:00:00,,,,,,,,,-0.4171936026123169,0.9088176373395028,-0.8660254037844385,-0.5000000000000004,3572.356
2025-12-06 18:00:00,,,,,,,,,-0.4171936026123169,0.9088176373395028,-0.9659258262890684,0.2588190451025203,440.50415
2025-12-06 21:00:00,,,,,,,,,-0.4171936026123169,0.9088176373395028,-0.5000000000000004,0.8660254037844384,2363.3867
2025-12-07 00:00:00,,,,,,,,,-0.4014879892059737,0.9158642882672868,0.2588190451025207,0.9659258262890684,2336.7668
2025-12-07 03:00:00,,,,,,,,,-0.4014879892059737,0.9158642882672868,0.8660254037844386,0.5000000000000001,1974.0297
2025-12-07 06:00:00,,,,,,,,,-0.4014879892059737,0.9158642882672868,0.9659258262890684,-0.2588190451025206,3359.1853
2025-12-07 09:00:00,,,,,,,,,-0.4014879892059737,0.9158642882672868,0.4999999999999999,-0.8660254037844387,14850.231
2025-12-07 12:00:00,,,,,,,,,-0.4014879892059737,0.9158642882672868,-0.2588190451025208,-0.9659258262890684,12514.8125
2025-12-07 15:00:00,,,,,,,,,-0.4014879892059737,0.9158642882672868,-0.8660254037844385,-0.5000000000000004,3572.356
2025-12-07 18:00:00,,,,,,,,,-0.4014879892059737,0.9158642882672868,-0.9659258262890684,0.2588190451025203,440.50415
2025-12-07 21:00:00,,,,,,,,,-0.4014879892059737,0.9158642882672868,-0.5000000000000004,0.8660254037844384,2363.3867
2025-12-08 00:00:00,,,,,,,,,-0.3856634062436074,0.9226395488404876,0.2588190451025207,0.9659258262890684,2336.7668
2025-12-08 03:00:00,,,,,,,,,-0.3856634062436074,0.9226395488404876,0.8660254037844386,0.5000000000000001,1974.0297
2025-12-08 06:00:00,,,,,,,,,-0.3856634062436074,0.9226395488404876,0.9659258262890684,-0.2588190451025206,3359.1853
2025-12-08 09:00:00,,,,,,,,,-0.3856634062436074,0.9226395488404876,0.4999999999999999,-0.8660254037844387,14850.231
2025-12-08 12:00:00,,,,,,,,,-0.3856634062436074,0.9226395488404876,-0.2588190451025208,-0.9659258262890684,12514.8125
2025-12-08 15:00:00,,,,,,,,,-0.3856634062436074,0.9226395488404876,-0.8660254037844385,-0.5000000000000004,3572.356
2025-12-08 18:00:00,,,,,,,,,-0.3856634062436074,0.9226395488404876,-0.9659258262890684,0.2588190451025203,440.50415
2025-12-08 21:00:00,,,,,,,,,-0.3856634062436074,0.9226395488404876,-0.5000000000000004,0.8660254037844384,2363.3867
2025-12-09 00:00:00,,,,,,,,,-0.3697245428906732,0.9291414114031744,0.2588190451025207,0.9659258262890684,2336.7668
2025-12-09 03:00:00,,,,,,,,,-0.3697245428906732,0.9291414114031744,0.8660254037844386,0.5000000000000001,1974.0297
2025-12-09 06:00:00,,,,,,,,,-0.3697245428906732,0.9291414114031744,0.9659258262890684,-0.2588190451025206,3359.1853
2025-12-09 09:00:00,,,,,,,,,-0.3697245428906732,0.9291414114031744,0.4999999999999999,-0.8660254037844387,14850.231
2025-12-09 12:00:00,,,,,,,,,-0.3697245428906732,0.9291414114031744,-0.2588190451025208,-0.9659258262890684,12514.8125
2025-12-09 15:00:00,,,,,,,,,-0.3697245428906732,0.9291414114031744,-0.8660254037844385,-0.5000000000000004,3572.356
2025-12-09 18:00:00,,,,,,,,,-0.3697245428906732,0.9291414114031744,-0.9659258262890684,0.2588190451025203,440.50415
2025-12-09 21:00:00,,,,,,,,,-0.3697245428906732,0.9291414114031744,-0.5000000000000004,0.8660254037844384,2363.3867
2025-12-10 00:00:00,,,,,,,,,-0.3536761221763721,0.935367949313148,0.2588190451025207,0.9659258262890684,2336.7668
2025-12-10 03:00:00,,,,,,,,,-0.3536761221763721,0.935367949313148,0.8660254037844386,0.5000000000000001,1974.0297
2025-12-10 06:00:00,,,,,,,,,-0.3536761221763721,0.935367949313148,0.9659258262890684,-0.2588190451025206,3359.1853
2025-12-10 09:00:00,,,,,,,,,-0.3536761221763721,0.935367949313148,0.4999999999999999,-0.8660254037844387,14850.231
2025-12-10 12:00:00,,,,,,,,,-0.3536761221763721,0.935367949313148,-0.2588190451025208,-0.9659258262890684,12514.8125
2025-12-10 15:00:00,,,,,,,,,-0.3536761221763721,0.935367949313148,-0.8660254037844385,-0.5000000000000004,3572.356
2025-12-10 18:00:00,,,,,,,,,-0.3536761221763721,0.935367949313148,-0.9659258262890684,0.2588190451025203,440.50415
2025-12-10 21:00:00,,,,,,,,,-0.3536761221763721,0.935367949313148,-0.5000000000000004,0.8660254037844384,2363.3867
2025-12-11 00:00:00,,,,,,,,,-0.3375228995941134,0.941317317512847,0.2588190451025207,0.9659258262890684,2336.7668
2025-12-11 03:00:00,,,,,,,,,-0.3375228995941134,0.941317317512847,0.8660254037844386,0.5000000000000001,1974.0297
2025-12-11 06:00:00,,,,,,,,,-0.3375228995941134,0.941317317512847,0.9659258262890684,-0.2588190451025206,3359.1853
2025-12-11 09:00:00,,,,,,,,,-0.3375228995941134,0.941317317512847,0.4999999999999999,-0.8660254037844387,14850.231
2025-12-11 12:00:00,,,,,,,,,-0.3375228995941134,0.941317317512847,-0.2588190451025208,-0.9659258262890684,12514.8125
2025-12-11 15:00:00,,,,,,,,,-0.3375228995941134,0.941317317512847,-0.8660254037844385,-0.5000000000000004,3572.356
2025-12-11 18:00:00,,,,,,,,,-0.3375228995941134,0.941317317512847,-0.9659258262890684,0.2588190451025203,440.50415
2025-12-11 21:00:00,,,,,,,,,-0.3375228995941134,0.941317317512847,-0.5000000000000004,0.8660254037844384,2363.3867
2025-12-12 00:00:00,,,,,,,,,-0.3212696616923651,0.9469877530760752,0.2588190451025207,0.9659258262890684,2336.7668
2025-12-12 03:00:00,,,,,,,,,-0.3212696616923651,0.9469877530760752,0.8660254037844386,0.5000000000000001,1974.0297
2025-12-12 06:00:00,,,,,,,,,-0.3212696616923651,0.9469877530760752,0.9659258262890684,-0.2588190451025206,3359.1853
2025-12-12 09:00:00,,,,,,,,,-0.3212696616923651,0.9469877530760752,0.4999999999999999,-0.8660254037844387,14850.231
2025-12-12 12:00:00,,,,,,,,,-0.3212696616923651,0.9469877530760752,-0.2588190451025208,-0.9659258262890684,12514.8125
2025-12-12 15:00:00,,,,,,,,,-0.3212696616923651,0.9469877530760752,-0.8660254037844385,-0.5000000000000004,3572.356
2025-12-12 18:00:00,,,,,,,,,-0.3212696616923651,0.9469877530760752,-0.9659258262890684,0.2588190451025203,440.50415
2025-12-12 21:00:00,,,,,,,,,-0.3212696616923651,0.9469877530760752,-0.5000000000000004,0.8660254037844384,2363.3867
2025-12-13 00:00:00,,,,,,,,,-0.3049212246562894,0.9523775757303972,0.2588190451025207,0.9659258262890684,2336.7668
2025-12-13 03:00:00,,,,,,,,,-0.3049212246562894,0.9523775757303972,0.8660254037844386,0.5000000000000001,1974.0297
2025-12-13 06:00:00,,,,,,,,,-0.3049212246562894,0.9523775757303972,0.9659258262890684,-0.2588190451025206,3359.1853
2025-12-13 09:00:00,,,,,,,,,-0.3049212246562894,0.9523775757303972,0.4999999999999999,-0.8660254037844387,14850.231
2025-12-13 12:00:00,,,,,,,,,-0.3049212246562894,0.9523775757303972,-0.2588190451025208,-0.9659258262890684,12514.8125
2025-12-13 15:00:00,,,,,,,,,-0.3049212246562894,0.9523775757303972,-0.8660254037844385,-0.5000000000000004,3572.356
2025-12-13 18:00:00,,,,,,,,,-0.3049212246562894,0.9523775757303972,-0.9659258262890684,0.2588190451025203,440.50415
2025-12-13 21:00:00,,,,,,,,,-0.3049212246562894,0.9523775757303972,-0.5000000000000004,0.8660254037844384,2363.3867
2025-12-14 00:00:00,,,,,,,,,-0.2884824328806098,0.9574851883550388,0.2588190451025207,0.9659258262890684,2336.7668
2025-12-14 03:00:00,,,,,,,,,-0.2884824328806098,0.9574851883550388,0.8660254037844386,0.5000000000000001,1974.0297
2025-12-14 06:00:00,,,,,,,,,-0.2884824328806098,0.9574851883550388,0.9659258262890684,-0.2588190451025206,3359.1853
2025-12-14 09:00:00,,,,,,,,,-0.2884824328806098,0.9574851883550388,0.4999999999999999,-0.8660254037844387,14850.231
2025-12-14 12:00:00,,,,,,,,,-0.2884824328806098,0.9574851883550388,-0.2588190451025208,-0.9659258262890684,12514.8125
2025-12-14 15:00:00,,,,,,,,,-0.2884824328806098,0.9574851883550388,-0.8660254037844385,-0.5000000000000004,3572.356
2025-12-14 18:00:00,,,,,,,,,-0.2884824328806098,0.9574851883550388,-0.9659258262890684,0.2588190451025203,440.50415
2025-12-14 21:00:00,,,,,,,,,-0.2884824328806098,0.9574851883550388,-0.5000000000000004,0.8660254037844384,2363.3867
2025-12-15 00:00:00,,,,,,,,,-0.2719581575341052,0.9623090774541488,0.2588190451025207,0.9659258262890684,2336.7668
2025-12-15 03:00:00,,,,,,,,,-0.2719581575341052,0.9623090774541488,0.8660254037844386,0.5000000000000001,1974.0297
2025-12-15 06:00:00,,,,,,,,,-0.2719581575341052,0.9623090774541488,0.9659258262890684,-0.2588190451025206,3359.1853
2025-12-15 09:00:00,,,,,,,,,-0.2719581575341052,0.9623090774541488,0.4999999999999999,-0.8660254037844387,14850.231
2025-12-15 12:00:00,,,,,,,,,-0.2719581575341052,0.9623090774541488,-0.2588190451025208,-0.9659258262890684,12514.8125
2025-12-15 15:00:00,,,,,,,,,-0.2719581575341052,0.9623090774541488,-0.8660254037844385,-0.5000000000000004,3572.356
2025-12-15 18:00:00,,,,,,,,,-0.2719581575341052,0.9623090774541488,-0.9659258262890684,0.2588190451025203,440.50415
2025-12-15 21:00:00,,,,,,,,,-0.2719581575341052,0.9623090774541488,-0.5000000000000004,0.8660254037844384,2363.3867
2025-12-16 00:00:00,,,,,,,,,-0.2553532951161881,0.9668478136052772,0.2588190451025207,0.9659258262890684,2336.7668
2025-12-16 03:00:00,,,,,,,,,-0.2553532951161881,0.9668478136052772,0.8660254037844386,0.5000000000000001,1974.0297
2025-12-16 06:00:00,,,,,,,,,-0.2553532951161881,0.9668478136052772,0.9659258262890684,-0.2588190451025206,3359.1853
2025-12-16 09:00:00,,,,,,,,,-0.2553532951161881,0.9668478136052772,0.4999999999999999,-0.8660254037844387,14850.231
2025-12-16 12:00:00,,,,,,,,,-0.2553532951161881,0.9668478136052772,-0.2588190451025208,-0.9659258262890684,12514.8125
2025-12-16 15:00:00,,,,,,,,,-0.2553532951161881,0.9668478136052772,-0.8660254037844385,-0.5000000000000004,3572.356
2025-12-16 18:00:00,,,,,,,,,-0.2553532951161881,0.9668478136052772,-0.9659258262890684,0.2588190451025203,440.50415
2025-12-16 21:00:00,,,,,,,,,-0.2553532951161881,0.9668478136052772,-0.5000000000000004,0.8660254037844384,2363.3867
2025-12-17 00:00:00,,,,,,,,,-0.2386727660059499,0.9711000518829505,0.2588190451025207,0.9659258262890684,2336.7668
2025-12-17 03:00:00,,,,,,,,,-0.2386727660059499,0.9711000518829505,0.8660254037844386,0.5000000000000001,1974.0297
2025-12-17 06:00:00,,,,,,,,,-0.2386727660059499,0.9711000518829505,0.9659258262890684,-0.2588190451025206,3359.1853
2025-12-17 09:00:00,,,,,,,,,-0.2386727660059499,0.9711000518829505,0.4999999999999999,-0.8660254037844387,14850.231
2025-12-17 12:00:00,,,,,,,,,-0.2386727660059499,0.9711000518829505,-0.2588190451025208,-0.9659258262890684,12514.8125
2025-12-17 15:00:00,,,,,,,,,-0.2386727660059499,0.9711000518829505,-0.8660254037844385,-0.5000000000000004,3572.356
2025-12-17 18:00:00,,,,,,,,,-0.2386727660059499,0.9711000518829505,-0.9659258262890684,0.2588190451025203,440.50415
2025-12-17 21:00:00,,,,,,,,,-0.2386727660059499,0.9711000518829505,-0.5000000000000004,0.8660254037844384,2363.3867
2025-12-18 00:00:00,,,,,,,,,-0.2219215130041667,0.9750645322571944,0.2588190451025207,0.9659258262890684,2336.7668
2025-12-18 03:00:00,,,,,,,,,-0.2219215130041667,0.9750645322571944,0.8660254037844386,0.5000000000000001,1974.0297
2025-12-18 06:00:00,,,,,,,,,-0.2219215130041667,0.9750645322571944,0.9659258262890684,-0.2588190451025206,3359.1853
2025-12-18 09:00:00,,,,,,,,,-0.2219215130041667,0.9750645322571944,0.4999999999999999,-0.8660254037844387,14850.231
2025-12-18 12:00:00,,,,,,,,,-0.2219215130041667,0.9750645322571944,-0.2588190451025208,-0.9659258262890684,12932.797
2025-12-18 15:00:00,,,,,,,,,-0.2219215130041667,0.9750645322571944,-0.8660254037844385,-0.5000000000000004,3572.356
2025-12-18 18:00:00,,,,,,,,,-0.2219215130041667,0.9750645322571944,-0.9659258262890684,0.2588190451025203,440.50415
2025-12-18 21:00:00,,,,,,,,,-0.2219215130041667,0.9750645322571944,-0.5000000000000004,0.8660254037844384,2363.3867
2025-12-19 00:00:00,,,,,,,,,-0.2051044998686192,0.9787400799669153,0.2588190451025207,0.9659258262890684,2336.7668
2025-12-19 03:00:00,,,,,,,,,-0.2051044998686192,0.9787400799669153,0.8660254037844386,0.5000000000000001,1974.0297
2025-12-19 06:00:00,,,,,,,,,-0.2051044998686192,0.9787400799669153,0.9659258262890684,-0.2588190451025206,3359.1853
2025-12-19 09:00:00,,,,,,,,,-0.2051044998686192,0.9787400799669153,0.4999999999999999,-0.8660254037844387,14850.231
2025-12-19 12:00:00,,,,,,,,,-0.2051044998686192,0.9787400799669153,-0.2588190451025208,-0.9659258262890684,12932.797
2025-12-19 15:00:00,,,,,,,,,-0.2051044998686192,0.9787400799669153,-0.8660254037844385,-0.5000000000000004,3572.356
2025-12-19 18:00:00,,,,,,,,,-0.2051044998686192,0.9787400799669153,-0.9659258262890684,0.2588190451025203,440.50415
2025-12-19 21:00:00,,,,,,,,,-0.2051044998686192,0.9787400799669153,-0.5000000000000004,0.8660254037844384,2363.3867
2025-12-20 00:00:00,,,,,,,,,-0.1882267098432439,0.9821256058680006,0.2588190451025207,0.9659258262890684,2336.7668
2025-12-20 03:00:00,,,,,,,,,-0.1882267098432439,0.9821256058680006,0.8660254037844386,0.5000000000000001,1974.0297
2025-12-20 06:00:00,,,,,,,,,-0.1882267098432439,0.9821256058680006,0.9659258262890684,-0.2588190451025206,3359.1853
2025-12-20 09:00:00,,,,,,,,,-0.1882267098432439,0.9821256058680006,0.4999999999999999,-0.8660254037844387,14850.231
2025-12-20 12:00:00,,,,,,,,,-0.1882267098432439,0.9821256058680006,-0.2588190451025208,-0.9659258262890684,12932.797
2025-12-20 15:00:00,,,,,,,,,-0.1882267098432439,0.9821256058680006,-0.8660254037844385,-0.5000000000000004,3572.356
2025-12-20 18:00:00,,,,,,,,,-0.1882267098432439,0.9821256058680006,-0.9659258262890684,0.2588190451025203,440.50415
2025-12-20 21:00:00,,,,,,,,,-0.1882267098432439,0.9821256058680006,-0.5000000000000004,0.8660254037844384,2363.3867
2025-12-21 00:00:00,,,,,,,,,-0.1712931441814778,0.9852201067560606,0.2588190451025207,0.9659258262890684,2025.0214
2025-12-21 03:00:00,,,,,,,,,-0.1712931441814778,0.9852201067560606,0.8660254037844386,0.5000000000000001,1662.2839
2025-12-21 06:00:00,,,,,,,,,-0.1712931441814778,0.9852201067560606,0.9659258262890684,-0.2588190451025206,3047.4392
2025-12-21 09:00:00,,,,,,,,,-0.1712931441814778,0.9852201067560606,0.4999999999999999,-0.8660254037844387,14538.485
2025-12-21 12:00:00,,,,,,,,,-0.1712931441814778,0.9852201067560606,-0.2588190451025208,-0.9659258262890684,12621.051
2025-12-21 15:00:00,,,,,,,,,-0.1712931441814778,0.9852201067560606,-0.8660254037844385,-0.5000000000000004,3260.6104
2025-12-21 18:00:00,,,,,,,,,-0.1712931441814778,0.9852201067560606,-0.9659258262890684,0.2588190451025203,440.50415
2025-12-21 21:00:00,,,,,,,,,-0.1712931441814778,0.9852201067560606,-0.5000000000000004,0.8660254037844384,2051.641
2025-12-22 00:00:00,,,,,,,,,-0.154308820664281,0.9880226656636976,0.2588190451025207,0.9659258262890684,2025.0214
2025-12-22 03:00:00,,,,,,,,,-0.154308820664281,0.9880226656636976,0.8660254037844386,0.5000000000000001,1662.2839
2025-12-22 06:00:00,,,,,,,,,-0.154308820664281,0.9880226656636976,0.9659258262890684,-0.2588190451025206,3047.4392
2025-12-22 09:00:00,,,,,,,,,-0.154308820664281,0.9880226656636976,0.4999999999999999,-0.8660254037844387,14538.485
2025-12-22 12:00:00,,,,,,,,,-0.154308820664281,0.9880226656636976,-0.2588190451025208,-0.9659258262890684,12621.051
2025-12-22 15:00:00,,,,,,,,,-0.154308820664281,0.9880226656636976,-0.8660254037844385,-0.5000000000000004,3260.6104
2025-12-22 18:00:00,,,,,,,,,-0.154308820664281,0.9880226656636976,-0.9659258262890684,0.2588190451025203,440.50415
2025-12-22 21:00:00,,,,,,,,,-0.154308820664281,0.9880226656636976,-0.5000000000000004,0.8660254037844384,2051.641
2025-12-23 00:00:00,,,,,,,,,-0.1372787721132651,0.9905324521322229,0.2588190451025207,0.9659258262890684,2033.1735
2025-12-23 03:00:00,,,,,,,,,-0.1372787721132651,0.9905324521322229,0.8660254037844386,0.5000000000000001,1670.4359
2025-12-23 06:00:00,,,,,,,,,-0.1372787721132651,0.9905324521322229,0.9659258262890684,-0.2588190451025206,3055.5913
2025-12-23 09:00:00,,,,,,,,,-0.1372787721132651,0.9905324521322229,0.4999999999999999,-0.8660254037844387,15134.052
2025-12-23 12:00:00,,,,,,,,,-0.1372787721132651,0.9905324521322229,-0.2588190451025208,-0.9659258262890684,13485.626
2025-12-23 15:00:00,,,,,,,,,-0.1372787721132651,0.9905324521322229,-0.8660254037844385,-0.5000000000000004,3404.4602
2025-12-23 18:00:00,,,,,,,,,-0.1372787721132651,0.9905324521322229,-0.9659258262890684,0.2588190451025203,440.50415
2025-12-23 21:00:00,,,,,,,,,-0.1372787721132651,0.9905324521322229,-0.5000000000000004,0.8660254037844384,2059.7932
2025-12-24 00:00:00,,,,,,,,,-0.1202080448993527,0.9927487224577402,0.2588190451025207,0.9659258262890684,2033.1735
2025-12-24 03:00:00,,,,,,,,,-0.1202080448993527,0.9927487224577402,0.8660254037844386,0.5000000000000001,1670.4359
2025-12-24 06:00:00,,,,,,,,,-0.1202080448993527,0.9927487224577402,0.9659258262890684,-0.2588190451025206,3055.5913
2025-12-24 09:00:00,,,,,,,,,-0.1202080448993527,0.9927487224577402,0.4999999999999999,-0.8660254037844387,15134.052
2025-12-24 12:00:00,,,,,,,,,-0.1202080448993527,0.9927487224577402,-0.2588190451025208,-0.9659258262890684,13485.626
2025-12-24 15:00:00,,,,,,,,,-0.1202080448993527,0.9927487224577402,-0.8660254037844385,-0.5000000000000004,3404.4602
2025-12-24 18:00:00,,,,,,,,,-0.1202080448993527,0.9927487224577402,-0.9659258262890684,0.2588190451025203,440.50415
2025-12-24 21:00:00,,,,,,,,,-0.1202080448993527,0.9927487224577402,-0.5000000000000004,0.8660254037844384,2059.7932
2025-12-25 00:00:00,,,,,,,,,-0.1031016974474354,0.9946708199115212,0.2588190451025207,0.9659258262890684,2036.0999
2025-12-25 03:00:00,,,,,,,,,-0.1031016974474354,0.9946708199115212,0.8660254037844386,0.5000000000000001,1673.3623
2025-12-25 06:00:00,,,,,,,,,-0.1031016974474354,0.9946708199115212,0.9659258262890684,-0.2588190451025206,3058.5178
2025-12-25 09:00:00,,,,,,,,,-0.1031016974474354,0.9946708199115212,0.4999999999999999,-0.8660254037844387,14716.619
2025-12-25 12:00:00,,,,,,,,,-0.1031016974474354,0.9946708199115212,-0.2588190451025208,-0.9659258262890684,13068.193
2025-12-25 15:00:00,,,,,,,,,-0.1031016974474354,0.9946708199115212,-0.8660254037844385,-0.5000000000000004,3407.3865
2025-12-25 18:00:00,,,,,,,,,-0.1031016974474354,0.9946708199115212,-0.9659258262890684,0.2588190451025203,440.50415
2025-12-25 21:00:00,,,,,,,,,-0.1031016974474354,0.9946708199115212,-0.5000000000000004,0.8660254037844384,2062.7195
2025-12-26 00:00:00,,,,,,,,,-0.0859647987374467,0.9962981749346076,0.2588190451025207,0.9659258262890684,2036.0999
2025-12-26 03:00:00,,,,,,,,,-0.0859647987374467,0.9962981749346076,0.8660254037844386,0.5000000000000001,1673.3623
2025-12-26 06:00:00,,,,,,,,,-0.0859647987374467,0.9962981749346076,0.9659258262890684,-0.2588190451025206,3058.5178
2025-12-26 09:00:00,,,,,,,,,-0.0859647987374467,0.9962981749346076,0.4999999999999999,-0.8660254037844387,14716.619
2025-12-26 12:00:00,,,,,,,,,-0.0859647987374467,0.9962981749346076,-0.2588190451025208,-0.9659258262890684,13068.193
2025-12-26 15:00:00,,,,,,,,,-0.0859647987374467,0.9962981749346076,-0.8660254037844385,-0.5000000000000004,3407.3865
2025-12-26 18:00:00,,,,,,,,,-0.0859647987374467,0.9962981749346076,-0.9659258262890684,0.2588190451025203,440.50415
2025-12-26 21:00:00,,,,,,,,,-0.0859647987374467,0.9962981749346076,-0.5000000000000004,0.8660254037844384,2062.7195
2025-12-27 00:00:00,,,,,,,,,-0.0688024268023206,0.9976303053065856,0.2588190451025207,0.9659258262890684,2036.0999
2025-12-27 03:00:00,,,,,,,,,-0.0688024268023206,0.9976303053065856,0.8660254037844386,0.5000000000000001,1673.3623
2025-12-27 06:00:00,,,,,,,,,-0.0688024268023206,0.9976303053065856,0.9659258262890684,-0.2588190451025206,3168.6765
2025-12-27 09:00:00,,,,,,,,,-0.0688024268023206,0.9976303053065856,0.4999999999999999,-0.8660254037844387,14716.619
2025-12-27 12:00:00,,,,,,,,,-0.0688024268023206,0.9976303053065856,-0.2588190451025208,-0.9659258262890684,13068.193
2025-12-27 15:00:00,,,,,,,,,-0.0688024268023206,0.9976303053065856,-0.8660254037844385,-0.5000000000000004,3407.3865
2025-12-27 18:00:00,,,,,,,,,-0.0688024268023206,0.9976303053065856,-0.9659258262890684,0.2588190451025203,440.50415
2025-12-27 21:00:00,,,,,,,,,-0.0688024268023206,0.9976303053065856,-0.5000000000000004,0.8660254037844384,2062.7195
2025-12-28 00:00:00,,,,,,,,,-0.0516196672232541,0.998666816288476,0.2588190451025207,0.9659258262890684,2036.0999
2025-12-28 03:00:00,,,,,,,,,-0.0516196672232541,0.998666816288476,0.8660254037844386,0.5000000000000001,1673.3623
2025-12-28 06:00:00,,,,,,,,,-0.0516196672232541,0.998666816288476,0.9659258262890684,-0.2588190451025206,3168.6765
2025-12-28 09:00:00,,,,,,,,,-0.0516196672232541,0.998666816288476,0.4999999999999999,-0.8660254037844387,14716.619
2025-12-28 12:00:00,,,,,,,,,-0.0516196672232541,0.998666816288476,-0.2588190451025208,-0.9659258262890684,13068.193
2025-12-28 15:00:00,,,,,,,,,-0.0516196672232541,0.998666816288476,-0.8660254037844385,-0.5000000000000004,3407.3865
2025-12-28 18:00:00,,,,,,,,,-0.0516196672232541,0.998666816288476,-0.9659258262890684,0.2588190451025203,440.50415
2025-12-28 21:00:00,,,,,,,,,-0.0516196672232541,0.998666816288476,-0.5000000000000004,0.8660254037844384,2062.7195
2025-12-29 00:00:00,,,,,,,,,-0.0344216116227458,0.9994074007397048,0.2588190451025207,0.9659258262890684,2036.0999
2025-12-29 03:00:00,,,,,,,,,-0.0344216116227458,0.9994074007397048,0.8660254037844386,0.5000000000000001,1673.3623
2025-12-29 06:00:00,,,,,,,,,-0.0344216116227458,0.9994074007397048,0.9659258262890684,-0.2588190451025206,3168.6765
2025-12-29 09:00:00,,,,,,,,,-0.0344216116227458,0.9994074007397048,0.4999999999999999,-0.8660254037844387,14716.619
2025-12-29 12:00:00,,,,,,,,,-0.0344216116227458,0.9994074007397048,-0.2588190451025208,-0.9659258262890684,13068.193
2025-12-29 15:00:00,,,,,,,,,-0.0344216116227458,0.9994074007397048,-0.8660254037844385,-0.5000000000000004,3407.3865
2025-12-29 18:00:00,,,,,,,,,-0.0344216116227458,0.9994074007397048,-0.9659258262890684,0.2588190451025203,440.50415
2025-12-29 21:00:00,,,,,,,,,-0.0344216116227458,0.9994074007397048,-0.5000000000000004,0.8660254037844384,2062.7195
2025-12-30 00:00:00,,,,,,,,,-0.0172133561558352,0.9998518392091162,0.2588190451025207,0.9659258262890684,2669.442
2025-12-30 03:00:00,,,,,,,,,-0.0172133561558352,0.9998518392091162,0.8660254037844386,0.5000000000000001,2306.704
2025-12-30 06:00:00,,,,,,,,,-0.0172133561558352,0.9998518392091162,0.9659258262890684,-0.2588190451025206,3802.0178
2025-12-30 09:00:00,,,,,,,,,-0.0172133561558352,0.9998518392091162,0.4999999999999999,-0.8660254037844387,14492.001
2025-12-30 12:00:00,,,,,,,,,-0.0172133561558352,0.9998518392091162,-0.2588190451025208,-0.9659258262890684,12862.587
2025-12-30 15:00:00,,,,,,,,,-0.0172133561558352,0.9998518392091162,-0.8660254037844385,-0.5000000000000004,4040.7278
2025-12-30 18:00:00,,,,,,,,,-0.0172133561558352,0.9998518392091162,-0.9659258262890684,0.2588190451025203,1073.8457
2025-12-30 21:00:00,,,,,,,,,-0.0172133561558352,0.9998518392091162,-0.5000000000000004,0.8660254037844384,2696.0618
2025-12-31 00:00:00,,,,,,,,,6.432490598706546e-16,1.0,0.2588190451025207,0.9659258262890684,2669.442
2025-12-31 03:00:00,,,,,,,,,6.432490598706546e-16,1.0,0.8660254037844386,0.5000000000000001,2306.704
2025-12-31 06:00:00,,,,,,,,,6.432490598706546e-16,1.0,0.9659258262890684,-0.2588190451025206,3802.0178
2025-12-31 09:00:00,,,,,,,,,6.432490598706546e-16,1.0,0.4999999999999999,-0.8660254037844387,14492.001
2025-12-31 12:00:00,,,,,,,,,6.432490598706546e-16,1.0,-0.2588190451025208,-0.9659258262890684,12862.587
2025-12-31 15:00:00,,,,,,,,,6.432490598706546e-16,1.0,-0.8660254037844385,-0.5000000000000004,4040.7278
2025-12-31 18:00:00,,,,,,,,,6.432490598706546e-16,1.0,-0.9659258262890684,0.2588190451025203,1073.8457
2025-12-31 21:00:00,,,,,,,,,6.432490598706546e-16,1.0,-0.5000000000000004,0.8660254037844384,2696.0618
2026-01-01 00:00:00,,,,,,,,,0.0172133561558346,0.9998518392091162,0.2588190451025207,0.9659258262890684,2669.442
2026-01-01 03:00:00,,,,,,,,,0.0172133561558346,0.9998518392091162,0.8660254037844386,0.5000000000000001,2306.704
2026-01-01 06:00:00,,,,,,,,,0.0172133561558346,0.9998518392091162,0.9659258262890684,-0.2588190451025206,3802.0178
2026-01-01 09:00:00,,,,,,,,,0.0172133561558346,0.9998518392091162,0.4999999999999999,-0.8660254037844387,14492.001
2026-01-01 12:00:00,,,,,,,,,0.0172133561558346,0.9998518392091162,-0.2588190451025208,-0.9659258262890684,12862.587
2026-01-01 15:00:00,,,,,,,,,0.0172133561558346,0.9998518392091162,-0.8660254037844385,-0.5000000000000004,4040.7278
2026-01-01 18:00:00,,,,,,,,,0.0172133561558346,0.9998518392091162,-0.9659258262890684,0.2588190451025203,1073.8457
2026-01-01 21:00:00,,,,,,,,,0.0172133561558346,0.9998518392091162,-0.5000000000000004,0.8660254037844384,2696.0618
2026-01-02 00:00:00,,,,,,,,,0.0344216116227457,0.9994074007397048,0.2588190451025207,0.9659258262890684,2036.0999
2026-01-02 03:00:00,,,,,,,,,0.0344216116227457,0.9994074007397048,0.8660254037844386,0.5000000000000001,1673.3623
2026-01-02 06:00:00,,,,,,,,,0.0344216116227457,0.9994074007397048,0.9659258262890684,-0.2588190451025206,3168.6765
2026-01-02 09:00:00,,,,,,,,,0.0344216116227457,0.9994074007397048,0.4999999999999999,-0.8660254037844387,14716.619
2026-01-02 12:00:00,,,,,,,,,0.0344216116227457,0.9994074007397048,-0.2588190451025208,-0.9659258262890684,13068.193
2026-01-02 15:00:00,,,,,,,,,0.0344216116227457,0.9994074007397048,-0.8660254037844385,-0.5000000000000004,3407.3865
2026-01-02 18:00:00,,,,,,,,,0.0344216116227457,0.9994074007397048,-0.9659258262890684,0.2588190451025203,440.50415
2026-01-02 21:00:00,,,,,,,,,0.0344216116227457,0.9994074007397048,-0.5000000000000004,0.8660254037844384,2062.7195
2026-01-03 00:00:00,,,,,,,,,0.0516196672232537,0.998666816288476,0.2588190451025207,0.9659258262890684,2036.0999
2026-01-03 03:00:00,,,,,,,,,0.0516196672232537,0.998666816288476,0.8660254037844386,0.5000000000000001,1673.3623
2026-01-03 06:00:00,,,,,,,,,0.0516196672232537,0.998666816288476,0.9659258262890684,-0.2588190451025206,3168.6765
2026-01-03 09:00:00,,,,,,,,,0.0516196672232537,0.998666816288476,0.4999999999999999,-0.8660254037844387,14716.619
2026-01-03 12:00:00,,,,,,,,,0.0516196672232537,0.998666816288476,-0.2588190451025208,-0.9659258262890684,13068.193
2026-01-03 15:00:00,,,,,,,,,0.0516196672232537,0.998666816288476,-0.8660254037844385,-0.5000000000000004,3407.3865
2026-01-03 18:00:00,,,,,,,,,0.0516196672232537,0.998666816288476,-0.9659258262890684,0.2588190451025203,440.50415
2026-01-03 21:00:00,,,,,,,,,0.0516196672232537,0.998666816288476,-0.5000000000000004,0.8660254037844384,2062.7195
2026-01-04 00:00:00,,,,,,,,,0.0688024268023198,0.9976303053065856,0.2588190451025207,0.9659258262890684,2036.0999
2026-01-04 03:00:00,,,,,,,,,0.0688024268023198,0.9976303053065856,0.8660254037844386,0.5000000000000001,1673.3623
2026-01-04 06:00:00,,,,,,,,,0.0688024268023198,0.9976303053065856,0.9659258262890684,-0.2588190451025206,3168.6765
2026-01-04 09:00:00,,,,,,,,,0.0688024268023198,0.9976303053065856,0.4999999999999999,-0.8660254037844387,14716.619
2026-01-04 12:00:00,,,,,,,,,0.0688024268023198,0.9976303053065856,-0.2588190451025208,-0.9659258262890684,13068.193
2026-01-04 15:00:00,,,,,,,,,0.0688024268023198,0.9976303053065856,-0.8660254037844385,-0.5000000000000004,3407.3865
2026-01-04 18:00:00,,,,,,,,,0.0688024268023198,0.9976303053065856,-0.9659258262890684,0.2588190451025203,440.50415
2026-01-04 21:00:00,,,,,,,,,0.0688024268023198,0.9976303053065856,-0.5000000000000004,0.8660254037844384,2062.7195
2026-01-05 00:00:00,,,,,,,,,0.0859647987374464,0.9962981749346078,0.2588190451025207,0.9659258262890684,2036.0999
2026-01-05 03:00:00,,,,,,,,,0.0859647987374464,0.9962981749346078,0.8660254037844386,0.5000000000000001,1673.3623
2026-01-05 06:00:00,,,,,,,,,0.0859647987374464,0.9962981749346078,0.9659258262890684,-0.2588190451025206,3168.6765
2026-01-05 09:00:00,,,,,,,,,0.0859647987374464,0.9962981749346078,0.4999999999999999,-0.8660254037844387,14716.619
2026-01-05 12:00:00,,,,,,,,,0.0859647987374464,0.9962981749346078,-0.2588190451025208,-0.9659258262890684,13068.193
2026-01-05 15:00:00,,,,,,,,,0.0859647987374464,0.9962981749346078,-0.8660254037844385,-0.5000000000000004,3407.3865
2026-01-05 18:00:00,,,,,,,,,0.0859647987374464,0.9962981749346078,-0.9659258262890684,0.2588190451025203,440.50415
2026-01-05 21:00:00,,,,,,,,,0.0859647987374464,0.9962981749346078,-0.5000000000000004,0.8660254037844384,2062.7195
2026-01-06 00:00:00,,,,,,,,,0.1031016974474348,0.9946708199115212,0.2588190451025207,0.9659258262890684,2036.0999
2026-01-06 03:00:00,,,,,,,,,0.1031016974474348,0.9946708199115212,0.8660254037844386,0.5000000000000001,1673.3623
2026-01-06 06:00:00,,,,,,,,,0.1031016974474348,0.9946708199115212,0.9659258262890684,-0.2588190451025206,3168.6765
2026-01-06 09:00:00,,,,,,,,,0.1031016974474348,0.9946708199115212,0.4999999999999999,-0.8660254037844387,14716.619
2026-01-06 12:00:00,,,,,,,,,0.1031016974474348,0.9946708199115212,-0.2588190451025208,-0.9659258262890684,13068.193
2026-01-06 15:00:00,,,,,,,,,0.1031016974474348,0.9946708199115212,-0.8660254037844385,-0.5000000000000004,3407.3865
2026-01-06 18:00:00,,,,,,,,,0.1031016974474348,0.9946708199115212,-0.9659258262890684,0.2588190451025203,440.50415
2026-01-06 21:00:00,,,,,,,,,0.1031016974474348,0.9946708199115212,-0.5000000000000004,0.8660254037844384,2062.7195
2026-01-07 00:00:00,,,,,,,,,0.1202080448993527,0.9927487224577402,0.2588190451025207,0.9659258262890684,2036.0999
2026-01-07 03:00:00,,,,,,,,,0.1202080448993527,0.9927487224577402,0.8660254037844386,0.5000000000000001,1673.3623
2026-01-07 06:00:00,,,,,,,,,0.1202080448993527,0.9927487224577402,0.9659258262890684,-0.2588190451025206,3168.6765
2026-01-07 09:00:00,,,,,,,,,0.1202080448993527,0.9927487224577402,0.4999999999999999,-0.8660254037844387,14716.619
2026-01-07 12:00:00,,,,,,,,,0.1202080448993527,0.9927487224577402,-0.2588190451025208,-0.9659258262890684,13068.193
2026-01-07 15:00:00,,,,,,,,,0.1202080448993527,0.9927487224577402,-0.8660254037844385,-0.5000000000000004,3407.3865
2026-01-07 18:00:00,,,,,,,,,0.1202080448993527,0.9927487224577402,-0.9659258262890684,0.2588190451025203,440.50415
2026-01-07 21:00:00,,,,,,,,,0.1202080448993527,0.9927487224577402,-0.5000000000000004,0.8660254037844384,2062.7195
2026-01-08 00:00:00,,,,,,,,,0.1372787721132647,0.9905324521322229,0.2588190451025207,0.9659258262890684,2036.0999
2026-01-08 03:00:00,,,,,,,,,0.1372787721132647,0.9905324521322229,0.8660254037844386,0.5000000000000001,1673.3623
2026-01-08 06:00:00,,,,,,,,,0.1372787721132647,0.9905324521322229,0.9659258262890684,-0.2588190451025206,3168.6765
2026-01-08 09:00:00,,,,,,,,,0.1372787721132647,0.9905324521322229,0.4999999999999999,-0.8660254037844387,14716.619
2026-01-08 12:00:00,,,,,,,,,0.1372787721132647,0.9905324521322229,-0.2588190451025208,-0.9659258262890684,13068.193
2026-01-08 15:00:00,,,,,,,,,0.1372787721132647,0.9905324521322229,-0.8660254037844385,-0.5000000000000004,3407.3865
2026-01-08 18:00:00,,,,,,,,,0.1372787721132647,0.9905324521322229,-0.9659258262890684,0.2588190451025203,440.50415
2026-01-08 21:00:00,,,,,,,,,0.1372787721132647,0.9905324521322229,-0.5000000000000004,0.8660254037844384,2062.7195
2026-01-09 00:00:00,,,,,,,,,0.1543088206642811,0.9880226656636976,0.2588190451025207,0.9659258262890684,2036.0999
2026-01-09 03:00:00,,,,,,,,,0.1543088206642811,0.9880226656636976,0.8660254037844386,0.5000000000000001,1673.3623
2026-01-09 06:00:00,,,,,,,,,0.1543088206642811,0.9880226656636976,0.9659258262890684,-0.2588190451025206,3168.6765
2026-01-09 09:00:00,,,,,,,,,0.1543088206642811,0.9880226656636976,0.4999999999999999,-0.8660254037844387,14580.922
2026-01-09 12:00:00,,,,,,,,,0.1543088206642811,0.9880226656636976,-0.2588190451025208,-0.9659258262890684,12932.496
2026-01-09 15:00:00,,,,,,,,,0.1543088206642811,0.9880226656636976,-0.8660254037844385,-0.5000000000000004,3271.6887
2026-01-09 18:00:00,,,,,,,,,0.1543088206642811,0.9880226656636976,-0.9659258262890684,0.2588190451025203,440.50415
2026-01-09 21:00:00,,,,,,,,,0.1543088206642811,0.9880226656636976,-0.5000000000000004,0.8660254037844384,2062.7195
2026-01-10 00:00:00,,,,,,,,,0.1712931441814776,0.9852201067560606,0.2588190451025207,0.9659258262890684,2036.0999
2026-01-10 03:00:00,,,,,,,,,0.1712931441814776,0.9852201067560606,0.8660254037844386,0.5000000000000001,1673.3623
2026-01-10 06:00:00,,,,,,,,,0.1712931441814776,0.9852201067560606,0.9659258262890684,-0.2588190451025206,3168.6765
2026-01-10 09:00:00,,,,,,,,,0.1712931441814776,0.9852201067560606,0.4999999999999999,-0.8660254037844387,14580.922
2026-01-10 12:00:00,,,,,,,,,0.1712931441814776,0.9852201067560606,-0.2588190451025208,-0.9659258262890684,12932.496
2026-01-10 15:00:00,,,,,,,,,0.1712931441814776,0.9852201067560606,-0.8660254037844385,-0.5000000000000004,3271.6887
2026-01-10 18:00:00,,,,,,,,,0.1712931441814776,0.9852201067560606,-0.9659258262890684,0.2588190451025203,440.50415
2026-01-10 21:00:00,,,,,,,,,0.1712931441814776,0.9852201067560606,-0.5000000000000004,0.8660254037844384,2062.7195
2026-01-11 00:00:00,,,,,,,,,0.1882267098432442,0.9821256058680006,0.2588190451025207,0.9659258262890684,2347.8452
2026-01-11 03:00:00,,,,,,,,,0.1882267098432442,0.9821256058680006,0.8660254037844386,0.5000000000000001,1985.1079
2026-01-11 06:00:00,,,,,,,,,0.1882267098432442,0.9821256058680006,0.9659258262890684,-0.2588190451025206,3480.4224
2026-01-11 09:00:00,,,,,,,,,0.1882267098432442,0.9821256058680006,0.4999999999999999,-0.8660254037844387,14892.668
2026-01-11 12:00:00,,,,,,,,,0.1882267098432442,0.9821256058680006,-0.2588190451025208,-0.9659258262890684,13244.242
2026-01-11 15:00:00,,,,,,,,,0.1882267098432442,0.9821256058680006,-0.8660254037844385,-0.5000000000000004,3583.4343
2026-01-11 18:00:00,,,,,,,,,0.1882267098432442,0.9821256058680006,-0.9659258262890684,0.2588190451025203,440.50415
2026-01-11 21:00:00,,,,,,,,,0.1882267098432442,0.9821256058680006,-0.5000000000000004,0.8660254037844384,2374.465
2026-01-12 00:00:00,,,,,,,,,0.2051044998686192,0.9787400799669153,0.2588190451025207,0.9659258262890684,2347.8452
2026-01-12 03:00:00,,,,,,,,,0.2051044998686192,0.9787400799669153,0.8660254037844386,0.5000000000000001,1985.1079
2026-01-12 06:00:00,,,,,,,,,0.2051044998686192,0.9787400799669153,0.9659258262890684,-0.2588190451025206,3480.4224
2026-01-12 09:00:00,,,,,,,,,0.2051044998686192,0.9787400799669153,0.4999999999999999,-0.8660254037844387,14892.668
2026-01-12 12:00:00,,,,,,,,,0.2051044998686192,0.9787400799669153,-0.2588190451025208,-0.9659258262890684,13244.242
2026-01-12 15:00:00,,,,,,,,,0.2051044998686192,0.9787400799669153,-0.8660254037844385,-0.5000000000000004,3583.4343
2026-01-12 18:00:00,,,,,,,,,0.2051044998686192,0.9787400799669153,-0.9659258262890684,0.2588190451025203,440.50415
2026-01-12 21:00:00,,,,,,,,,0.2051044998686192,0.9787400799669153,-0.5000000000000004,0.8660254037844384,2374.465
2026-01-13 00:00:00,,,,,,,,,0.2219215130041655,0.9750645322571948,0.2588190451025207,0.9659258262890684,2347.8452
2026-01-13 03:00:00,,,,,,,,,0.2219215130041655,0.9750645322571948,0.8660254037844386,0.5000000000000001,1985.1079
2026-01-13 06:00:00,,,,,,,,,0.2219215130041655,0.9750645322571948,0.9659258262890684,-0.2588190451025206,3480.4224
2026-01-13 09:00:00,,,,,,,,,0.2219215130041655,0.9750645322571948,0.4999999999999999,-0.8660254037844387,14892.668
2026-01-13 12:00:00,,,,,,,,,0.2219215130041655,0.9750645322571948,-0.2588190451025208,-0.9659258262890684,13244.242
2026-01-13 15:00:00,,,,,,,,,0.2219215130041655,0.9750645322571948,-0.8660254037844385,-0.5000000000000004,3583.4343
2026-01-13 18:00:00,,,,,,,,,0.2219215130041655,0.9750645322571948,-0.9659258262890684,0.2588190451025203,440.50415
2026-01-13 21:00:00,,,,,,,,,0.2219215130041655,0.9750645322571948,-0.5000000000000004,0.8660254037844384,2374.465
2026-01-14 00:00:00,,,,,,,,,0.2386727660059501,0.9711000518829505,0.2588190451025207,0.9659258262890684,2473.441
2026-01-14 03:00:00,,,,,,,,,0.2386727660059501,0.9711000518829505,0.8660254037844386,0.5000000000000001,2110.7031
2026-01-14 06:00:00,,,,,,,,,0.2386727660059501,0.9711000518829505,0.9659258262890684,-0.2588190451025206,4024.617
2026-01-14 09:00:00,,,,,,,,,0.2386727660059501,0.9711000518829505,0.4999999999999999,-0.8660254037844387,15436.863
2026-01-14 12:00:00,,,,,,,,,0.2386727660059501,0.9711000518829505,-0.2588190451025208,-0.9659258262890684,13788.438
2026-01-14 15:00:00,,,,,,,,,0.2386727660059501,0.9711000518829505,-0.8660254037844385,-0.5000000000000004,4127.63
2026-01-14 18:00:00,,,,,,,,,0.2386727660059501,0.9711000518829505,-0.9659258262890684,0.2588190451025203,566.0994
2026-01-14 21:00:00,,,,,,,,,0.2386727660059501,0.9711000518829505,-0.5000000000000004,0.8660254037844384,2500.0608
2026-01-15 00:00:00,,,,,,,,,0.255353295116187,0.9668478136052776,0.2588190451025207,0.9659258262890684,2552.1636
2026-01-15 03:00:00,,,,,,,,,0.255353295116187,0.9668478136052776,0.8660254037844386,0.5000000000000001,2278.1143
2026-01-15 06:00:00,,,,,,,,,0.255353295116187,0.9668478136052776,0.9659258262890684,-0.2588190451025206,4192.0293
2026-01-15 09:00:00,,,,,,,,,0.255353295116187,0.9668478136052776,0.4999999999999999,-0.8660254037844387,15436.863
2026-01-15 12:00:00,,,,,,,,,0.255353295116187,0.9668478136052776,-0.2588190451025208,-0.9659258262890684,13788.438
2026-01-15 15:00:00,,,,,,,,,0.255353295116187,0.9668478136052776,-0.8660254037844385,-0.5000000000000004,4206.3525
2026-01-15 18:00:00,,,,,,,,,0.255353295116187,0.9668478136052776,-0.9659258262890684,0.2588190451025203,644.8225
2026-01-15 21:00:00,,,,,,,,,0.255353295116187,0.9668478136052776,-0.5000000000000004,0.8660254037844384,2578.7834
2026-01-16 00:00:00,,,,,,,,,0.2719581575341055,0.9623090774541486,0.2588190451025207,0.9659258262890684,2552.1636
2026-01-16 03:00:00,,,,,,,,,0.2719581575341055,0.9623090774541486,0.8660254037844386,0.5000000000000001,2278.1143
2026-01-16 06:00:00,,,,,,,,,0.2719581575341055,0.9623090774541486,0.9659258262890684,-0.2588190451025206,4192.0293
2026-01-16 09:00:00,,,,,,,,,0.2719581575341055,0.9623090774541486,0.4999999999999999,-0.8660254037844387,15436.863
2026-01-16 12:00:00,,,,,,,,,0.2719581575341055,0.9623090774541486,-0.2588190451025208,-0.9659258262890684,13788.438
2026-01-16 15:00:00,,,,,,,,,0.2719581575341055,0.9623090774541486,-0.8660254037844385,-0.5000000000000004,4206.3525
2026-01-16 18:00:00,,,,,,,,,0.2719581575341055,0.9623090774541486,-0.9659258262890684,0.2588190451025203,644.8225
2026-01-16 21:00:00,,,,,,,,,0.2719581575341055,0.9623090774541486,-0.5000000000000004,0.8660254037844384,2578.7834
2026-01-17 00:00:00,,,,,,,,,0.288482432880609,0.9574851883550392,0.2588190451025207,0.9659258262890684,2552.1636
2026-01-17 03:00:00,,,,,,,,,0.288482432880609,0.9574851883550392,0.8660254037844386,0.5000000000000001,2278.1143
2026-01-17 06:00:00,,,,,,,,,0.288482432880609,0.9574851883550392,0.9659258262890684,-0.2588190451025206,4192.0293
2026-01-17 09:00:00,,,,,,,,,0.288482432880609,0.9574851883550392,0.4999999999999999,-0.8660254037844387,15436.863
2026-01-17 12:00:00,,,,,,,,,0.288482432880609,0.9574851883550392,-0.2588190451025208,-0.9659258262890684,13788.438
2026-01-17 15:00:00,,,,,,,,,0.288482432880609,0.9574851883550392,-0.8660254037844385,-0.5000000000000004,4206.3525
2026-01-17 18:00:00,,,,,,,,,0.288482432880609,0.9574851883550392,-0.9659258262890684,0.2588190451025203,644.8225
2026-01-17 21:00:00,,,,,,,,,0.288482432880609,0.9574851883550392,-0.5000000000000004,0.8660254037844384,2578.7834
2026-01-18 00:00:00,,,,,,,,,0.304921224656289,0.9523775757303974,0.2588190451025207,0.9659258262890684,2552.1636
2026-01-18 03:00:00,,,,,,,,,0.304921224656289,0.9523775757303974,0.8660254037844386,0.5000000000000001,2278.1143
2026-01-18 06:00:00,,,,,,,,,0.304921224656289,0.9523775757303974,0.9659258262890684,-0.2588190451025206,4192.0293
2026-01-18 09:00:00,,,,,,,,,0.304921224656289,0.9523775757303974,0.4999999999999999,-0.8660254037844387,15436.863
2026-01-18 12:00:00,,,,,,,,,0.304921224656289,0.9523775757303974,-0.2588190451025208,-0.9659258262890684,13788.438
2026-01-18 15:00:00,,,,,,,,,0.304921224656289,0.9523775757303974,-0.8660254037844385,-0.5000000000000004,4206.3525
2026-01-18 18:00:00,,,,,,,,,0.304921224656289,0.9523775757303974,-0.9659258262890684,0.2588190451025203,644.8225
2026-01-18 21:00:00,,,,,,,,,0.304921224656289,0.9523775757303974,-0.5000000000000004,0.8660254037844384,2578.7834
2026-01-19 00:00:00,,,,,,,,,0.3212696616923644,0.9469877530760752,0.2588190451025207,0.9659258262890684,2552.1636
2026-01-19 03:00:00,,,,,,,,,0.3212696616923644,0.9469877530760752,0.8660254037844386,0.5000000000000001,2278.1143
2026-01-19 06:00:00,,,,,,,,,0.3212696616923644,0.9469877530760752,0.9659258262890684,-0.2588190451025206,4192.0293
2026-01-19 09:00:00,,,,,,,,,0.3212696616923644,0.9469877530760752,0.4999999999999999,-0.8660254037844387,15436.863
2026-01-19 12:00:00,,,,,,,,,0.3212696616923644,0.9469877530760752,-0.2588190451025208,-0.9659258262890684,13788.438
2026-01-19 15:00:00,,,,,,,,,0.3212696616923644,0.9469877530760752,-0.8660254037844385,-0.5000000000000004,4206.3525
2026-01-19 18:00:00,,,,,,,,,0.3212696616923644,0.9469877530760752,-0.9659258262890684,0.2588190451025203,644.8225
2026-01-19 21:00:00,,,,,,,,,0.3212696616923644,0.9469877530760752,-0.5000000000000004,0.8660254037844384,2578.7834
2026-01-20 00:00:00,,,,,,,,,0.3375228995941133,0.9413173175128472,0.2588190451025207,0.9659258262890684,2552.1636
2026-01-20 03:00:00,,,,,,,,,0.3375228995941133,0.9413173175128472,0.8660254037844386,0.5000000000000001,2278.1143
2026-01-20 06:00:00,,,,,,,,,0.3375228995941133,0.9413173175128472,0.9659258262890684,-0.2588190451025206,4192.0293
2026-01-20 09:00:00,,,,,,,,,0.3375228995941133,0.9413173175128472,0.4999999999999999,-0.8660254037844387,15436.863
2026-01-20 12:00:00,,,,,,,,,0.3375228995941133,0.9413173175128472,-0.2588190451025208,-0.9659258262890684,13788.438
2026-01-20 15:00:00,,,,,,,,,0.3375228995941133,0.9413173175128472,-0.8660254037844385,-0.5000000000000004,4206.3525
2026-01-20 18:00:00,,,,,,,,,0.3375228995941133,0.9413173175128472,-0.9659258262890684,0.2588190451025203,644.8225
2026-01-20 21:00:00,,,,,,,,,0.3375228995941133,0.9413173175128472,-0.5000000000000004,0.8660254037844384,2578.7834
2026-01-21 00:00:00,,,,,,,,,0.3536761221763716,0.9353679493131484,0.2588190451025207,0.9659258262890684,2552.1636
2026-01-21 03:00:00,,,,,,,,,0.3536761221763716,0.9353679493131484,0.8660254037844386,0.5000000000000001,2278.1143
2026-01-21 06:00:00,,,,,,,,,0.3536761221763716,0.9353679493131484,0.9659258262890684,-0.2588190451025206,4192.0293
2026-01-21 09:00:00,,,,,,,,,0.3536761221763716,0.9353679493131484,0.4999999999999999,-0.8660254037844387,15436.863
2026-01-21 12:00:00,,,,,,,,,0.3536761221763716,0.9353679493131484,-0.2588190451025208,-0.9659258262890684,13788.438
2026-01-21 15:00:00,,,,,,,,,0.3536761221763716,0.9353679493131484,-0.8660254037844385,-0.5000000000000004,4206.3525
2026-01-21 18:00:00,,,,,,,,,0.3536761221763716,0.9353679493131484,-0.9659258262890684,0.2588190451025203,644.8225
2026-01-21 21:00:00,,,,,,,,,0.3536761221763716,0.9353679493131484,-0.5000000000000004,0.8660254037844384,2578.7834
2026-01-22 00:00:00,,,,,,,,,0.3697245428906731,0.9291414114031744,0.2588190451025207,0.9659258262890684,2552.1636
2026-01-22 03:00:00,,,,,,,,,0.3697245428906731,0.9291414114031744,0.8660254037844386,0.5000000000000001,2278.1143
2026-01-22 06:00:00,,,,,,,,,0.3697245428906731,0.9291414114031744,0.9659258262890684,-0.2588190451025206,4192.0293
2026-01-22 09:00:00,,,,,,,,,0.3697245428906731,0.9291414114031744,0.4999999999999999,-0.8660254037844387,15436.863
2026-01-22 12:00:00,,,,,,,,,0.3697245428906731,0.9291414114031744,-0.2588190451025208,-0.9659258262890684,13788.438
2026-01-22 15:00:00,,,,,,,,,0.3697245428906731,0.9291414114031744,-0.8660254037844385,-0.5000000000000004,4206.3525
2026-01-22 18:00:00,,,,,,,,,0.3697245428906731,0.9291414114031744,-0.9659258262890684,0.2588190451025203,644.8225
2026-01-22 21:00:00,,,,,,,,,0.3697245428906731,0.9291414114031744,-0.5000000000000004,0.8660254037844384,2578.7834
2026-01-23 00:00:00,,,,,,,,,0.385663406243607,0.9226395488404876,0.2588190451025207,0.9659258262890684,2552.1636
2026-01-23 03:00:00,,,,,,,,,0.385663406243607,0.9226395488404876,0.8660254037844386,0.5000000000000001,2278.1143
2026-01-23 06:00:00,,,,,,,,,0.385663406243607,0.9226395488404876,0.9659258262890684,-0.2588190451025206,4192.0293
2026-01-23 09:00:00,,,,,,,,,0.385663406243607,0.9226395488404876,0.4999999999999999,-0.8660254037844387,15436.863
2026-01-23 12:00:00,,,,,,,,,0.385663406243607,0.9226395488404876,-0.2588190451025208,-0.9659258262890684,13788.438
2026-01-23 15:00:00,,,,,,,,,0.385663406243607,0.9226395488404876,-0.8660254037844385,-0.5000000000000004,4206.3525
2026-01-23 18:00:00,,,,,,,,,0.385663406243607,0.9226395488404876,-0.9659258262890684,0.2588190451025203,644.8225
2026-01-23 21:00:00,,,,,,,,,0.385663406243607,0.9226395488404876,-0.5000000000000004,0.8660254037844384,2578.7834
2026-01-24 00:00:00,,,,,,,,,0.401487989205973,0.9158642882672872,0.2588190451025207,0.9659258262890684,2552.1636
2026-01-24 03:00:00,,,,,,,,,0.401487989205973,0.9158642882672872,0.8660254037844386,0.5000000000000001,2278.1143
2026-01-24 06:00:00,,,,,,,,,0.401487989205973,0.9158642882672872,0.9659258262890684,-0.2588190451025206,4192.0293
2026-01-24 09:00:00,,,,,,,,,0.401487989205973,0.9158642882672872,0.4999999999999999,-0.8660254037844387,15436.863
2026-01-24 12:00:00,,,,,,,,,0.401487989205973,0.9158642882672872,-0.2588190451025208,-0.9659258262890684,13788.438
2026-01-24 15:00:00,,,,,,,,,0.401487989205973,0.9158642882672872,-0.8660254037844385,-0.5000000000000004,4206.3525
2026-01-24 18:00:00,,,,,,,,,0.401487989205973,0.9158642882672872,-0.9659258262890684,0.2588190451025203,644.8225
2026-01-24 21:00:00,,,,,,,,,0.401487989205973,0.9158642882672872,-0.5000000000000004,0.8660254037844384,2578.7834
2026-01-25 00:00:00,,,,,,,,,0.4171936026123168,0.9088176373395028,0.2588190451025207,0.9659258262890684,2552.1636
2026-01-25 03:00:00,,,,,,,,,0.4171936026123168,0.9088176373395028,0.8660254037844386,0.5000000000000001,2278.1143
2026-01-25 06:00:00,,,,,,,,,0.4171936026123168,0.9088176373395028,0.9659258262890684,-0.2588190451025206,4218.425
2026-01-25 09:00:00,,,,,,,,,0.4171936026123168,0.9088176373395028,0.4999999999999999,-0.8660254037844387,15436.863
2026-01-25 12:00:00,,,,,,,,,0.4171936026123168,0.9088176373395028,-0.2588190451025208,-0.9659258262890684,13788.438
2026-01-25 15:00:00,,,,,,,,,0.4171936026123168,0.9088176373395028,-0.8660254037844385,-0.5000000000000004,4206.3525
2026-01-25 18:00:00,,,,,,,,,0.4171936026123168,0.9088176373395028,-0.9659258262890684,0.2588190451025203,644.8225
2026-01-25 21:00:00,,,,,,,,,0.4171936026123168,0.9088176373395028,-0.5000000000000004,0.8660254037844384,2578.7834
2026-01-26 00:00:00,,,,,,,,,0.4327755925504312,0.901501684131884,0.2588190451025207,0.9659258262890684,2552.1636
2026-01-26 03:00:00,,,,,,,,,0.4327755925504312,0.901501684131884,0.8660254037844386,0.5000000000000001,2278.1143
2026-01-26 06:00:00,,,,,,,,,0.4327755925504312,0.901501684131884,0.9659258262890684,-0.2588190451025206,4218.425
2026-01-26 09:00:00,,,,,,,,,0.4327755925504312,0.901501684131884,0.4999999999999999,-0.8660254037844387,15525.982
2026-01-26 12:00:00,,,,,,,,,0.4327755925504312,0.901501684131884,-0.2588190451025208,-0.9659258262890684,13877.558
2026-01-26 15:00:00,,,,,,,,,0.4327755925504312,0.901501684131884,-0.8660254037844385,-0.5000000000000004,4206.3525
2026-01-26 18:00:00,,,,,,,,,0.4327755925504312,0.901501684131884,-0.9659258262890684,0.2588190451025203,644.8225
2026-01-26 21:00:00,,,,,,,,,0.4327755925504312,0.901501684131884,-0.5000000000000004,0.8660254037844384,2578.7834
2026-01-27 00:00:00,,,,,,,,,0.4482293417404106,0.893918596519257,0.2588190451025207,0.9659258262890684,2552.1636
2026-01-27 03:00:00,,,,,,,,,0.4482293417404106,0.893918596519257,0.8660254037844386,0.5000000000000001,2278.1143
2026-01-27 06:00:00,,,,,,,,,0.4482293417404106,0.893918596519257,0.9659258262890684,-0.2588190451025206,4218.425
2026-01-27 09:00:00,,,,,,,,,0.4482293417404106,0.893918596519257,0.4999999999999999,-0.8660254037844387,15525.982
2026-01-27 12:00:00,,,,,,,,,0.4482293417404106,0.893918596519257,-0.2588190451025208,-0.9659258262890684,13877.558
2026-01-27 15:00:00,,,,,,,,,0.4482293417404106,0.893918596519257,-0.8660254037844385,-0.5000000000000004,4206.3525
2026-01-27 18:00:00,,,,,,,,,0.4482293417404106,0.893918596519257,-0.9659258262890684,0.2588190451025203,644.8225
2026-01-27 21:00:00,,,,,,,,,0.4482293417404106,0.893918596519257,-0.5000000000000004,0.8660254037844384,2578.7834
2026-01-28 00:00:00,,,,,,,,,0.4635502709028509,0.886070621534138,0.2588190451025207,0.9659258262890684,2552.1636
2026-01-28 03:00:00,,,,,,,,,0.4635502709028509,0.886070621534138,0.8660254037844386,0.5000000000000001,2278.1143
2026-01-28 06:00:00,,,,,,,,,0.4635502709028509,0.886070621534138,0.9659258262890684,-0.2588190451025206,4218.425
2026-01-28 09:00:00,,,,,,,,,0.4635502709028509,0.886070621534138,0.4999999999999999,-0.8660254037844387,15525.982
2026-01-28 12:00:00,,,,,,,,,0.4635502709028509,0.886070621534138,-0.2588190451025208,-0.9659258262890684,13877.558
2026-01-28 15:00:00,,,,,,,,,0.4635502709028509,0.886070621534138,-0.8660254037844385,-0.5000000000000004,4206.3525
2026-01-28 18:00:00,,,,,,,,,0.4635502709028509,0.886070621534138,-0.9659258262890684,0.2588190451025203,644.8225
2026-01-28 21:00:00,,,,,,,,,0.4635502709028509,0.886070621534138,-0.5000000000000004,0.8660254037844384,2578.7834
2026-01-29 00:00:00,,,,,,,,,0.4787338401157884,0.8779600847008882,0.2588190451025207,0.9659258262890684,2552.1636
2026-01-29 03:00:00,,,,,,,,,0.4787338401157884,0.8779600847008882,0.8660254037844386,0.5000000000000001,2278.1143
2026-01-29 06:00:00,,,,,,,,,0.4787338401157884,0.8779600847008882,0.9659258262890684,-0.2588190451025206,4218.425
2026-01-29 09:00:00,,,,,,,,,0.4787338401157884,0.8779600847008882,0.4999999999999999,-0.8660254037844387,15525.982
2026-01-29 12:00:00,,,,,,,,,0.4787338401157884,0.8779600847008882,-0.2588190451025208,-0.9659258262890684,13877.558
2026-01-29 15:00:00,,,,,,,,,0.4787338401157884,0.8779600847008882,-0.8660254037844385,-0.5000000000000004,4206.3525
2026-01-29 18:00:00,,,,,,,,,0.4787338401157884,0.8779600847008882,-0.9659258262890684,0.2588190451025203,644.8225
2026-01-29 21:00:00,,,,,,,,,0.4787338401157884,0.8779600847008882,-0.5000000000000004,0.8660254037844384,2578.7834
2026-01-30 00:00:00,,,,,,,,,0.4937755501599771,0.869589389346611,0.2588190451025207,0.9659258262890684,1949.0573
2026-01-30 03:00:00,,,,,,,,,0.4937755501599771,0.869589389346611,0.8660254037844386,0.5000000000000001,1675.008
2026-01-30 06:00:00,,,,,,,,,0.4937755501599771,0.869589389346611,0.9659258262890684,-0.2588190451025206,3879.8064
2026-01-30 09:00:00,,,,,,,,,0.4937755501599771,0.869589389346611,0.4999999999999999,-0.8660254037844387,14922.877
2026-01-30 12:00:00,,,,,,,,,0.4937755501599771,0.869589389346611,-0.2588190451025208,-0.9659258262890684,13274.45
2026-01-30 15:00:00,,,,,,,,,0.4937755501599771,0.869589389346611,-0.8660254037844385,-0.5000000000000004,3603.2463
2026-01-30 18:00:00,,,,,,,,,0.4937755501599771,0.869589389346611,-0.9659258262890684,0.2588190451025203,644.8225
2026-01-30 21:00:00,,,,,,,,,0.4937755501599771,0.869589389346611,-0.5000000000000004,0.8660254037844384,1975.6775
2026-01-31 00:00:00,,,,,,,,,0.5086709438521044,0.8609610158889943,0.2588190451025207,0.9659258262890684,1949.0573
2026-01-31 03:00:00,,,,,,,,,0.5086709438521044,0.8609610158889943,0.8660254037844386,0.5000000000000001,1675.008
2026-01-31 06:00:00,,,,,,,,,0.5086709438521044,0.8609610158889943,0.9659258262890684,-0.2588190451025206,3879.8064
2026-01-31 09:00:00,,,,,,,,,0.5086709438521044,0.8609610158889943,0.4999999999999999,-0.8660254037844387,14922.877
2026-01-31 12:00:00,,,,,,,,,0.5086709438521044,0.8609610158889943,-0.2588190451025208,-0.9659258262890684,13274.45
2026-01-31 15:00:00,,,,,,,,,0.5086709438521044,0.8609610158889943,-0.8660254037844385,-0.5000000000000004,3603.2463
2026-01-31 18:00:00,,,,,,,,,0.5086709438521044,0.8609610158889943,-0.9659258262890684,0.2588190451025203,644.8225
2026-01-31 21:00:00,,,,,,,,,0.5086709438521044,0.8609610158889943,-0.5000000000000004,0.8660254037844384,1975.6775
2026-02-01 00:00:00,,,,,,,,,0.5234156073655503,0.8520775211013093,0.2588190451025207,0.9659258262890684,1949.0573
2026-02-01 03:00:00,,,,,,,,,0.5234156073655503,0.8520775211013093,0.8660254037844386,0.5000000000000001,1675.008
2026-02-01 06:00:00,,,,,,,,,0.5234156073655503,0.8520775211013093,0.9659258262890684,-0.2588190451025206,3879.8064
2026-02-01 09:00:00,,,,,,,,,0.5234156073655503,0.8520775211013093,0.4999999999999999,-0.8660254037844387,14922.877
2026-02-01 12:00:00,,,,,,,,,0.5234156073655503,0.8520775211013093,-0.2588190451025208,-0.9659258262890684,13274.45
2026-02-01 15:00:00,,,,,,,,,0.5234156073655503,0.8520775211013093,-0.8660254037844385,-0.5000000000000004,3603.2463
2026-02-01 18:00:00,,,,,,,,,0.5234156073655503,0.8520775211013093,-0.9659258262890684,0.2588190451025203,644.8225
2026-02-01 21:00:00,,,,,,,,,0.5234156073655503,0.8520775211013093,-0.5000000000000004,0.8660254037844384,1975.6775
2026-02-02 00:00:00,,,,,,,,,0.5380051715382996,0.8429415373547828,0.2588190451025207,0.9659258262890684,1949.0573
2026-02-02 03:00:00,,,,,,,,,0.5380051715382996,0.8429415373547828,0.8660254037844386,0.5000000000000001,1675.008
2026-02-02 06:00:00,,,,,,,,,0.5380051715382996,0.8429415373547828,0.9659258262890684,-0.2588190451025206,3879.8064
2026-02-02 09:00:00,,,,,,,,,0.5380051715382996,0.8429415373547828,0.4999999999999999,-0.8660254037844387,14998.396
2026-02-02 12:00:00,,,,,,,,,0.5380051715382996,0.8429415373547828,-0.2588190451025208,-0.9659258262890684,13349.97
2026-02-02 15:00:00,,,,,,,,,0.5380051715382996,0.8429415373547828,-0.8660254037844385,-0.5000000000000004,3603.2463
2026-02-02 18:00:00,,,,,,,,,0.5380051715382996,0.8429415373547828,-0.9659258262890684,0.2588190451025203,644.8225
2026-02-02 21:00:00,,,,,,,,,0.5380051715382996,0.8429415373547828,-0.5000000000000004,0.8660254037844384,1975.6775
2026-02-03 00:00:00,,,,,,,,,0.5524353131676196,0.8335557718385699,0.2588190451025207,0.9659258262890684,1949.0573
2026-02-03 03:00:00,,,,,,,,,0.5524353131676196,0.8335557718385699,0.8660254037844386,0.5000000000000001,1675.008
2026-02-03 06:00:00,,,,,,,,,0.5524353131676196,0.8335557718385699,0.9659258262890684,-0.2588190451025206,3879.8064
2026-02-03 09:00:00,,,,,,,,,0.5524353131676196,0.8335557718385699,0.4999999999999999,-0.8660254037844387,14998.396
2026-02-03 12:00:00,,,,,,,,,0.5524353131676196,0.8335557718385699,-0.2588190451025208,-0.9659258262890684,13349.97
2026-02-03 15:00:00,,,,,,,,,0.5524353131676196,0.8335557718385699,-0.8660254037844385,-0.5000000000000004,3603.2463
2026-02-03 18:00:00,,,,,,,,,0.5524353131676196,0.8335557718385699,-0.9659258262890684,0.2588190451025203,644.8225
2026-02-03 21:00:00,,,,,,,,,0.5524353131676196,0.8335557718385699,-0.5000000000000004,0.8660254037844384,1975.6775
2026-02-04 00:00:00,,,,,,,,,0.5667017562911176,0.8239230057575542,0.2588190451025207,0.9659258262890684,1949.0573
2026-02-04 03:00:00,,,,,,,,,0.5667017562911176,0.8239230057575542,0.8660254037844386,0.5000000000000001,1675.008
2026-02-04 06:00:00,,,,,,,,,0.5667017562911176,0.8239230057575542,0.9659258262890684,-0.2588190451025206,3879.8064
2026-02-04 09:00:00,,,,,,,,,0.5667017562911176,0.8239230057575542,0.4999999999999999,-0.8660254037844387,14998.396
2026-02-04 12:00:00,,,,,,,,,0.5667017562911176,0.8239230057575542,-0.2588190451025208,-0.9659258262890684,13349.97
2026-02-04 15:00:00,,,,,,,,,0.5667017562911176,0.8239230057575542,-0.8660254037844385,-0.5000000000000004,3603.2463
2026-02-04 18:00:00,,,,,,,,,0.5667017562911176,0.8239230057575542,-0.9659258262890684,0.2588190451025203,644.8225
2026-02-04 21:00:00,,,,,,,,,0.5667017562911176,0.8239230057575542,-0.5000000000000004,0.8660254037844384,1975.6775
2026-02-05 00:00:00,,,,,,,,,0.5808002734538009,0.8140460935082178,0.2588190451025207,0.9659258262890684,1949.0573
2026-02-05 03:00:00,,,,,,,,,0.5808002734538009,0.8140460935082178,0.8660254037844386,0.5000000000000001,1675.008
2026-02-05 06:00:00,,,,,,,,,0.5808002734538009,0.8140460935082178,0.9659258262890684,-0.2588190451025206,3879.8064
2026-02-05 09:00:00,,,,,,,,,0.5808002734538009,0.8140460935082178,0.4999999999999999,-0.8660254037844387,14998.396
2026-02-05 12:00:00,,,,,,,,,0.5808002734538009,0.8140460935082178,-0.2588190451025208,-0.9659258262890684,13349.97
2026-02-05 15:00:00,,,,,,,,,0.5808002734538009,0.8140460935082178,-0.8660254037844385,-0.5000000000000004,3603.2463
2026-02-05 18:00:00,,,,,,,,,0.5808002734538009,0.8140460935082178,-0.9659258262890684,0.2588190451025203,644.8225
2026-02-05 21:00:00,,,,,,,,,0.5808002734538009,0.8140460935082178,-0.5000000000000004,0.8660254037844384,1975.6775
2026-02-06 00:00:00,,,,,,,,,0.5947266869607634,0.8039279618328213,0.2588190451025207,0.9659258262890684,1949.0573
2026-02-06 03:00:00,,,,,,,,,0.5947266869607634,0.8039279618328213,0.8660254037844386,0.5000000000000001,1675.008
2026-02-06 06:00:00,,,,,,,,,0.5947266869607634,0.8039279618328213,0.9659258262890684,-0.2588190451025206,3879.8064
2026-02-06 09:00:00,,,,,,,,,0.5947266869607634,0.8039279618328213,0.4999999999999999,-0.8660254037844387,14998.396
2026-02-06 12:00:00,,,,,,,,,0.5947266869607634,0.8039279618328213,-0.2588190451025208,-0.9659258262890684,13349.97
2026-02-06 15:00:00,,,,,,,,,0.5947266869607634,0.8039279618328213,-0.8660254037844385,-0.5000000000000004,3603.2463
2026-02-06 18:00:00,,,,,,,,,0.5947266869607634,0.8039279618328213,-0.9659258262890684,0.2588190451025203,644.8225
2026-02-06 21:00:00,,,,,,,,,0.5947266869607634,0.8039279618328213,-0.5000000000000004,0.8660254037844384,1975.6775
2026-02-07 00:00:00,,,,,,,,,0.6084768701151261,0.7935716089521474,0.2588190451025207,0.9659258262890684,1949.0573
2026-02-07 03:00:00,,,,,,,,,0.6084768701151261,0.7935716089521474,0.8660254037844386,0.5000000000000001,1675.008
2026-02-07 06:00:00,,,,,,,,,0.6084768701151261,0.7935716089521474,0.9659258262890684,-0.2588190451025206,3879.8064
2026-02-07 09:00:00,,,,,,,,,0.6084768701151261,0.7935716089521474,0.4999999999999999,-0.8660254037844387,14998.396
2026-02-07 12:00:00,,,,,,,,,0.6084768701151261,0.7935716089521474,-0.2588190451025208,-0.9659258262890684,13349.97
2026-02-07 15:00:00,,,,,,,,,0.6084768701151261,0.7935716089521474,-0.8660254037844385,-0.5000000000000004,3603.2463
2026-02-07 18:00:00,,,,,,,,,0.6084768701151261,0.7935716089521474,-0.9659258262890684,0.2588190451025203,644.8225
2026-02-07 21:00:00,,,,,,,,,0.6084768701151261,0.7935716089521474,-0.5000000000000004,0.8660254037844384,1975.6775
2026-02-08 00:00:00,,,,,,,,,0.6220467484408675,0.7829801036770629,0.2588190451025207,0.9659258262890684,1949.0573
2026-02-08 03:00:00,,,,,,,,,0.6220467484408675,0.7829801036770629,0.8660254037844386,0.5000000000000001,1675.008
2026-02-08 06:00:00,,,,,,,,,0.6220467484408675,0.7829801036770629,0.9659258262890684,-0.2588190451025206,3879.8064
2026-02-08 09:00:00,,,,,,,,,0.6220467484408675,0.7829801036770629,0.4999999999999999,-0.8660254037844387,14998.396
2026-02-08 12:00:00,,,,,,,,,0.6220467484408675,0.7829801036770629,-0.2588190451025208,-0.9659258262890684,13349.97
2026-02-08 15:00:00,,,,,,,,,0.6220467484408675,0.7829801036770629,-0.8660254037844385,-0.5000000000000004,3603.2463
2026-02-08 18:00:00,,,,,,,,,0.6220467484408675,0.7829801036770629,-0.9659258262890684,0.2588190451025203,644.8225
2026-02-08 21:00:00,,,,,,,,,0.6220467484408675,0.7829801036770629,-0.5000000000000004,0.8660254037844384,1975.6775
2026-02-09 00:00:00,,,,,,,,,0.6354323008901774,0.7721565844991642,0.2588190451025207,0.9659258262890684,2000.0347
2026-02-09 03:00:00,,,,,,,,,0.6354323008901774,0.7721565844991642,0.8660254037844386,0.5000000000000001,1725.9854
2026-02-09 06:00:00,,,,,,,,,0.6354323008901774,0.7721565844991642,0.9659258262890684,-0.2588190451025206,3930.7834
2026-02-09 09:00:00,,,,,,,,,0.6354323008901774,0.7721565844991642,0.4999999999999999,-0.8660254037844387,14998.396
2026-02-09 12:00:00,,,,,,,,,0.6354323008901774,0.7721565844991642,-0.2588190451025208,-0.9659258262890684,13349.97
2026-02-09 15:00:00,,,,,,,,,0.6354323008901774,0.7721565844991642,-0.8660254037844385,-0.5000000000000004,3654.2234
2026-02-09 18:00:00,,,,,,,,,0.6354323008901774,0.7721565844991642,-0.9659258262890684,0.2588190451025203,695.7999
2026-02-09 21:00:00,,,,,,,,,0.6354323008901774,0.7721565844991642,-0.5000000000000004,0.8660254037844384,2026.6554
2026-02-10 00:00:00,,,,,,,,,0.6486295610349814,0.7611042586607747,0.2588190451025207,0.9659258262890684,2000.0347
2026-02-10 03:00:00,,,,,,,,,0.6486295610349814,0.7611042586607747,0.8660254037844386,0.5000000000000001,1725.9854
2026-02-10 06:00:00,,,,,,,,,0.6486295610349814,0.7611042586607747,0.9659258262890684,-0.2588190451025206,3930.7834
2026-02-10 09:00:00,,,,,,,,,0.6486295610349814,0.7611042586607747,0.4999999999999999,-0.8660254037844387,14998.396
2026-02-10 12:00:00,,,,,,,,,0.6486295610349814,0.7611042586607747,-0.2588190451025208,-0.9659258262890684,13349.97
2026-02-10 15:00:00,,,,,,,,,0.6486295610349814,0.7611042586607747,-0.8660254037844385,-0.5000000000000004,3654.2234
2026-02-10 18:00:00,,,,,,,,,0.6486295610349814,0.7611042586607747,-0.9659258262890684,0.2588190451025203,695.7999
2026-02-10 21:00:00,,,,,,,,,0.6486295610349814,0.7611042586607747,-0.5000000000000004,0.8660254037844384,2026.6554
2026-02-11 00:00:00,,,,,,,,,0.6616346182422783,0.7498264012045686,0.2588190451025207,0.9659258262890684,2000.0347
2026-02-11 03:00:00,,,,,,,,,0.6616346182422783,0.7498264012045686,0.8660254037844386,0.5000000000000001,1725.9854
2026-02-11 06:00:00,,,,,,,,,0.6616346182422783,0.7498264012045686,0.9659258262890684,-0.2588190451025206,3930.7834
2026-02-11 09:00:00,,,,,,,,,0.6616346182422783,0.7498264012045686,0.4999999999999999,-0.8660254037844387,14998.396
2026-02-11 12:00:00,,,,,,,,,0.6616346182422783,0.7498264012045686,-0.2588190451025208,-0.9659258262890684,13349.97
2026-02-11 15:00:00,,,,,,,,,0.6616346182422783,0.7498264012045686,-0.8660254037844385,-0.5000000000000004,3654.2234
2026-02-11 18:00:00,,,,,,,,,0.6616346182422783,0.7498264012045686,-0.9659258262890684,0.2588190451025203,695.7999
2026-02-11 21:00:00,,,,,,,,,0.6616346182422783,0.7498264012045686,-0.5000000000000004,0.8660254037844384,2026.6554
2026-02-12 00:00:00,,,,,,,,,0.6744436188329455,0.7383263540031065,0.2588190451025207,0.9659258262890684,2000.0347
2026-02-12 03:00:00,,,,,,,,,0.6744436188329455,0.7383263540031065,0.8660254037844386,0.5000000000000001,1725.9854
2026-02-12 06:00:00,,,,,,,,,0.6744436188329455,0.7383263540031065,0.9659258262890684,-0.2588190451025206,3930.7834
2026-02-12 09:00:00,,,,,,,,,0.6744436188329455,0.7383263540031065,0.4999999999999999,-0.8660254037844387,14998.396
2026-02-12 12:00:00,,,,,,,,,0.6744436188329455,0.7383263540031065,-0.2588190451025208,-0.9659258262890684,13349.97
2026-02-12 15:00:00,,,,,,,,,0.6744436188329455,0.7383263540031065,-0.8660254037844385,-0.5000000000000004,3654.2234
2026-02-12 18:00:00,,,,,,,,,0.6744436188329455,0.7383263540031065,-0.9659258262890684,0.2588190451025203,695.7999
2026-02-12 21:00:00,,,,,,,,,0.6744436188329455,0.7383263540031065,-0.5000000000000004,0.8660254037844384,2026.6554
2026-02-13 00:00:00,,,,,,,,,0.6870527672236669,0.7266075247685656,0.2588190451025207,0.9659258262890684,2000.0347
2026-02-13 03:00:00,,,,,,,,,0.6870527672236669,0.7266075247685656,0.8660254037844386,0.5000000000000001,1725.9854
2026-02-13 06:00:00,,,,,,,,,0.6870527672236669,0.7266075247685656,0.9659258262890684,-0.2588190451025206,3930.7834
2026-02-13 09:00:00,,,,,,,,,0.6870527672236669,0.7266075247685656,0.4999999999999999,-0.8660254037844387,14998.396
2026-02-13 12:00:00,,,,,,,,,0.6870527672236669,0.7266075247685656,-0.2588190451025208,-0.9659258262890684,13349.97
2026-02-13 15:00:00,,,,,,,,,0.6870527672236669,0.7266075247685656,-0.8660254037844385,-0.5000000000000004,3654.2234
2026-02-13 18:00:00,,,,,,,,,0.6870527672236669,0.7266075247685656,-0.9659258262890684,0.2588190451025203,695.7999
2026-02-13 21:00:00,,,,,,,,,0.6870527672236669,0.7266075247685656,-0.5000000000000004,0.8660254037844384,2026.6554
2026-02-14 00:00:00,,,,,,,,,0.699458327051647,0.7146733860429609,0.2588190451025207,0.9659258262890684,2000.0347
2026-02-14 03:00:00,,,,,,,,,0.699458327051647,0.7146733860429609,0.8660254037844386,0.5000000000000001,1725.9854
2026-02-14 06:00:00,,,,,,,,,0.699458327051647,0.7146733860429609,0.9659258262890684,-0.2588190451025206,3930.7834
2026-02-14 09:00:00,,,,,,,,,0.699458327051647,0.7146733860429609,0.4999999999999999,-0.8660254037844387,14998.396
2026-02-14 12:00:00,,,,,,,,,0.699458327051647,0.7146733860429609,-0.2588190451025208,-0.9659258262890684,13349.97
2026-02-14 15:00:00,,,,,,,,,0.699458327051647,0.7146733860429609,-0.8660254037844385,-0.5000000000000004,3654.2234
2026-02-14 18:00:00,,,,,,,,,0.699458327051647,0.7146733860429609,-0.9659258262890684,0.2588190451025203,695.7999
2026-02-14 21:00:00,,,,,,,,,0.699458327051647,0.7146733860429609,-0.5000000000000004,0.8660254037844384,2026.6554
2026-02-15 00:00:00,,,,,,,,,0.7116566222817746,0.7025274741691571,0.2588190451025207,0.9659258262890684,2055.3423
2026-02-15 03:00:00,,,,,,,,,0.7116566222817746,0.7025274741691571,0.8660254037844386,0.5000000000000001,1781.2927
2026-02-15 06:00:00,,,,,,,,,0.7116566222817746,0.7025274741691571,0.9659258262890684,-0.2588190451025206,3986.0908
2026-02-15 09:00:00,,,,,,,,,0.7116566222817746,0.7025274741691571,0.4999999999999999,-0.8660254037844387,14998.396
2026-02-15 12:00:00,,,,,,,,,0.7116566222817746,0.7025274741691571,-0.2588190451025208,-0.9659258262890684,13349.97
2026-02-15 15:00:00,,,,,,,,,0.7116566222817746,0.7025274741691571,-0.8660254037844385,-0.5000000000000004,3709.5305
2026-02-15 18:00:00,,,,,,,,,0.7116566222817746,0.7025274741691571,-0.9659258262890684,0.2588190451025203,751.107
2026-02-15 21:00:00,,,,,,,,,0.7116566222817746,0.7025274741691571,-0.5000000000000004,0.8660254037844384,2081.9622
2026-02-16 00:00:00,,,,,,,,,0.7236440382959124,0.6901733882429719,0.2588190451025207,0.9659258262890684,2055.3423
2026-02-16 03:00:00,,,,,,,,,0.7236440382959124,0.6901733882429719,0.8660254037844386,0.5000000000000001,1781.2927
2026-02-16 06:00:00,,,,,,,,,0.7236440382959124,0.6901733882429719,0.9659258262890684,-0.2588190451025206,3986.0908
2026-02-16 09:00:00,,,,,,,,,0.7236440382959124,0.6901733882429719,0.4999999999999999,-0.8660254037844387,14998.396
2026-02-16 12:00:00,,,,,,,,,0.7236440382959124,0.6901733882429719,-0.2588190451025208,-0.9659258262890684,13349.97
2026-02-16 15:00:00,,,,,,,,,0.7236440382959124,0.6901733882429719,-0.8660254037844385,-0.5000000000000004,3709.5305
2026-02-16 18:00:00,,,,,,,,,0.7236440382959124,0.6901733882429719,-0.9659258262890684,0.2588190451025203,751.107
2026-02-16 21:00:00,,,,,,,,,0.7236440382959124,0.6901733882429719,-0.5000000000000004,0.8660254037844384,2081.9622
2026-02-17 00:00:00,,,,,,,,,0.7354170229639855,0.6776147890466889,0.2588190451025207,0.9659258262890684,2055.3423
2026-02-17 03:00:00,,,,,,,,,0.7354170229639855,0.6776147890466889,0.8660254037844386,0.5000000000000001,1781.2927
2026-02-17 06:00:00,,,,,,,,,0.7354170229639855,0.6776147890466889,0.9659258262890684,-0.2588190451025206,3986.0908
2026-02-17 09:00:00,,,,,,,,,0.7354170229639855,0.6776147890466889,0.4999999999999999,-0.8660254037844387,14998.396
2026-02-17 12:00:00,,,,,,,,,0.7354170229639855,0.6776147890466889,-0.2588190451025208,-0.9659258262890684,13349.97
2026-02-17 15:00:00,,,,,,,,,0.7354170229639855,0.6776147890466889,-0.8660254037844385,-0.5000000000000004,3709.5305
2026-02-17 18:00:00,,,,,,,,,0.7354170229639855,0.6776147890466889,-0.9659258262890684,0.2588190451025203,751.107
2026-02-17 21:00:00,,,,,,,,,0.7354170229639855,0.6776147890466889,-0.5000000000000004,0.8660254037844384,2081.9622
2026-02-18 00:00:00,,,,,,,,,0.7469720876965552,0.6648553979642865,0.2588190451025207,0.9659258262890684,2055.3423
2026-02-18 03:00:00,,,,,,,,,0.7469720876965552,0.6648553979642865,0.8660254037844386,0.5000000000000001,1781.2927
2026-02-18 06:00:00,,,,,,,,,0.7469720876965552,0.6648553979642865,0.9659258262890684,-0.2588190451025206,3986.0908
2026-02-18 09:00:00,,,,,,,,,0.7469720876965552,0.6648553979642865,0.4999999999999999,-0.8660254037844387,14998.396
2026-02-18 12:00:00,,,,,,,,,0.7469720876965552,0.6648553979642865,-0.2588190451025208,-0.9659258262890684,13349.97
2026-02-18 15:00:00,,,,,,,,,0.7469720876965552,0.6648553979642865,-0.8660254037844385,-0.5000000000000004,3709.5305
2026-02-18 18:00:00,,,,,,,,,0.7469720876965552,0.6648553979642865,-0.9659258262890684,0.2588190451025203,751.107
2026-02-18 21:00:00,,,,,,,,,0.7469720876965552,0.6648553979642865,-0.5000000000000004,0.8660254037844384,2081.9622
2026-02-19 00:00:00,,,,,,,,,0.7583058084785624,0.6518989958787126,0.2588190451025207,0.9659258262890684,2055.3423
2026-02-19 03:00:00,,,,,,,,,0.7583058084785624,0.6518989958787126,0.8660254037844386,0.5000000000000001,1781.2927
2026-02-19 06:00:00,,,,,,,,,0.7583058084785624,0.6518989958787126,0.9659258262890684,-0.2588190451025206,3986.0908
2026-02-19 09:00:00,,,,,,,,,0.7583058084785624,0.6518989958787126,0.4999999999999999,-0.8660254037844387,14998.396
2026-02-19 12:00:00,,,,,,,,,0.7583058084785624,0.6518989958787126,-0.2588190451025208,-0.9659258262890684,13349.97
2026-02-19 15:00:00,,,,,,,,,0.7583058084785624,0.6518989958787126,-0.8660254037844385,-0.5000000000000004,3709.5305
2026-02-19 18:00:00,,,,,,,,,0.7583058084785624,0.6518989958787126,-0.9659258262890684,0.2588190451025203,751.107
2026-02-19 21:00:00,,,,,,,,,0.7583058084785624,0.6518989958787126,-0.5000000000000004,0.8660254037844384,2081.9622
2026-02-20 00:00:00,,,,,,,,,0.7694148268839378,0.6387494220515272,0.2588190451025207,0.9659258262890684,1166.6163
2026-02-20 03:00:00,,,,,,,,,0.7694148268839378,0.6387494220515272,0.8660254037844386,0.5000000000000001,892.5671
2026-02-20 06:00:00,,,,,,,,,0.7694148268839378,0.6387494220515272,0.9659258262890684,-0.2588190451025206,3097.3652
2026-02-20 09:00:00,,,,,,,,,0.7694148268839378,0.6387494220515272,0.4999999999999999,-0.8660254037844387,14109.671
2026-02-20 12:00:00,,,,,,,,,0.7694148268839378,0.6387494220515272,-0.2588190451025208,-0.9659258262890684,12461.244
2026-02-20 15:00:00,,,,,,,,,0.7694148268839378,0.6387494220515272,-0.8660254037844385,-0.5000000000000004,2820.8047
2026-02-20 18:00:00,,,,,,,,,0.7694148268839378,0.6387494220515272,-0.9659258262890684,0.2588190451025203,-137.6188
2026-02-20 21:00:00,,,,,,,,,0.7694148268839378,0.6387494220515272,-0.5000000000000004,0.8660254037844384,1193.237
2026-02-21 00:00:00,,,,,,,,,0.7802958510707755,0.6254105729852463,0.2588190451025207,0.9659258262890684,2492.35
2026-02-21 03:00:00,,,,,,,,,0.7802958510707755,0.6254105729852463,0.8660254037844386,0.5000000000000001,2218.301
2026-02-21 06:00:00,,,,,,,,,0.7802958510707755,0.6254105729852463,0.9659258262890684,-0.2588190451025206,4423.099
2026-02-21 09:00:00,,,,,,,,,0.7802958510707755,0.6254105729852463,0.4999999999999999,-0.8660254037844387,15435.404
2026-02-21 12:00:00,,,,,,,,,0.7802958510707755,0.6254105729852463,-0.2588190451025208,-0.9659258262890684,14377.69
2026-02-21 15:00:00,,,,,,,,,0.7802958510707755,0.6254105729852463,-0.8660254037844385,-0.5000000000000004,4146.538
2026-02-21 18:00:00,,,,,,,,,0.7802958510707755,0.6254105729852463,-0.9659258262890684,0.2588190451025203,1188.1152
2026-02-21 21:00:00,,,,,,,,,0.7802958510707755,0.6254105729852463,-0.5000000000000004,0.8660254037844384,2518.9702
2026-02-22 00:00:00,,,,,,,,,0.7909456567567772,0.6118864012687243,0.2588190451025207,0.9659258262890684,2492.35
2026-02-22 03:00:00,,,,,,,,,0.7909456567567772,0.6118864012687243,0.8660254037844386,0.5000000000000001,2218.301
2026-02-22 06:00:00,,,,,,,,,0.7909456567567772,0.6118864012687243,0.9659258262890684,-0.2588190451025206,4472.745
2026-02-22 09:00:00,,,,,,,,,0.7909456567567772,0.6118864012687243,0.4999999999999999,-0.8660254037844387,15435.404
2026-02-22 12:00:00,,,,,,,,,0.7909456567567772,0.6118864012687243,-0.2588190451025208,-0.9659258262890684,14377.69
2026-02-22 15:00:00,,,,,,,,,0.7909456567567772,0.6118864012687243,-0.8660254037844385,-0.5000000000000004,4196.1836
2026-02-22 18:00:00,,,,,,,,,0.7909456567567772,0.6118864012687243,-0.9659258262890684,0.2588190451025203,1237.7606
2026-02-22 21:00:00,,,,,,,,,0.7909456567567772,0.6118864012687243,-0.5000000000000004,0.8660254037844384,2518.9702
2026-02-23 00:00:00,,,,,,,,,0.8013610881746766,0.5981809144059165,0.2588190451025207,0.9659258262890684,2492.35
2026-02-23 03:00:00,,,,,,,,,0.8013610881746766,0.5981809144059165,0.8660254037844386,0.5000000000000001,2218.301
2026-02-23 06:00:00,,,,,,,,,0.8013610881746766,0.5981809144059165,0.9659258262890684,-0.2588190451025206,4472.745
2026-02-23 09:00:00,,,,,,,,,0.8013610881746766,0.5981809144059165,0.4999999999999999,-0.8660254037844387,16413.336
2026-02-23 12:00:00,,,,,,,,,0.8013610881746766,0.5981809144059165,-0.2588190451025208,-0.9659258262890684,15355.624
2026-02-23 15:00:00,,,,,,,,,0.8013610881746766,0.5981809144059165,-0.8660254037844385,-0.5000000000000004,4196.1836
2026-02-23 18:00:00,,,,,,,,,0.8013610881746766,0.5981809144059165,-0.9659258262890684,0.2588190451025203,1237.7606
2026-02-23 21:00:00,,,,,,,,,0.8013610881746766,0.5981809144059165,-0.5000000000000004,0.8660254037844384,2518.9702
2026-02-24 00:00:00,,,,,,,,,0.8115390590073611,0.5842981736283684,0.2588190451025207,0.9659258262890684,2492.35
2026-02-24 03:00:00,,,,,,,,,0.8115390590073611,0.5842981736283684,0.8660254037844386,0.5000000000000001,2218.301
2026-02-24 06:00:00,,,,,,,,,0.8115390590073611,0.5842981736283684,0.9659258262890684,-0.2588190451025206,4472.745
2026-02-24 09:00:00,,,,,,,,,0.8115390590073611,0.5842981736283684,0.4999999999999999,-0.8660254037844387,16413.336
2026-02-24 12:00:00,,,,,,,,,0.8115390590073611,0.5842981736283684,-0.2588190451025208,-0.9659258262890684,15355.624
2026-02-24 15:00:00,,,,,,,,,0.8115390590073611,0.5842981736283684,-0.8660254037844385,-0.5000000000000004,4196.1836
2026-02-24 18:00:00,,,,,,,,,0.8115390590073611,0.5842981736283684,-0.9659258262890684,0.2588190451025203,1237.7606
2026-02-24 21:00:00,,,,,,,,,0.8115390590073611,0.5842981736283684,-0.5000000000000004,0.8660254037844384,2518.9702
2026-02-25 00:00:00,,,,,,,,,0.8214765533024142,0.5702422926917871,0.2588190451025207,0.9659258262890684,2530.4646
2026-02-25 03:00:00,,,,,,,,,0.8214765533024142,0.5702422926917871,0.8660254037844386,0.5000000000000001,2218.301
2026-02-25 06:00:00,,,,,,,,,0.8214765533024142,0.5702422926917871,0.9659258262890684,-0.2588190451025206,4472.745
2026-02-25 09:00:00,,,,,,,,,0.8214765533024142,0.5702422926917871,0.4999999999999999,-0.8660254037844387,16451.453
2026-02-25 12:00:00,,,,,,,,,0.8214765533024142,0.5702422926917871,-0.2588190451025208,-0.9659258262890684,15393.739
2026-02-25 15:00:00,,,,,,,,,0.8214765533024142,0.5702422926917871,-0.8660254037844385,-0.5000000000000004,4196.1836
2026-02-25 18:00:00,,,,,,,,,0.8214765533024142,0.5702422926917871,-0.9659258262890684,0.2588190451025203,1237.7606
2026-02-25 21:00:00,,,,,,,,,0.8214765533024142,0.5702422926917871,-0.5000000000000004,0.8660254037844384,2518.9702
2026-02-26 00:00:00,,,,,,,,,0.8311706263658079,0.5560174366570446,0.2588190451025207,0.9659258262890684,2530.4646
2026-02-26 03:00:00,,,,,,,,,0.8311706263658079,0.5560174366570446,0.8660254037844386,0.5000000000000001,2218.301
2026-02-26 06:00:00,,,,,,,,,0.8311706263658079,0.5560174366570446,0.9659258262890684,-0.2588190451025206,4394.571
2026-02-26 09:00:00,,,,,,,,,0.8311706263658079,0.5560174366570446,0.4999999999999999,-0.8660254037844387,16451.453
2026-02-26 12:00:00,,,,,,,,,0.8311706263658079,0.5560174366570446,-0.2588190451025208,-0.9659258262890684,15393.739
2026-02-26 15:00:00,,,,,,,,,0.8311706263658079,0.5560174366570446,-0.8660254037844385,-0.5000000000000004,4196.1836
2026-02-26 18:00:00,,,,,,,,,0.8311706263658079,0.5560174366570446,-0.9659258262890684,0.2588190451025203,1237.7606
2026-02-26 21:00:00,,,,,,,,,0.8311706263658079,0.5560174366570446,-0.5000000000000004,0.8660254037844384,2518.9702
2026-02-27 00:00:00,,,,,,,,,0.8406184056344782,0.5416278206559814,0.2588190451025207,0.9659258262890684,2530.4646
2026-02-27 03:00:00,,,,,,,,,0.8406184056344782,0.5416278206559814,0.8660254037844386,0.5000000000000001,2218.301
2026-02-27 06:00:00,,,,,,,,,0.8406184056344782,0.5416278206559814,0.9659258262890684,-0.2588190451025206,4394.571
2026-02-27 09:00:00,,,,,,,,,0.8406184056344782,0.5416278206559814,0.4999999999999999,-0.8660254037844387,16451.453
2026-02-27 12:00:00,,,,,,,,,0.8406184056344782,0.5416278206559814,-0.2588190451025208,-0.9659258262890684,15428.237
2026-02-27 15:00:00,,,,,,,,,0.8406184056344782,0.5416278206559814,-0.8660254037844385,-0.5000000000000004,4196.1836
2026-02-27 18:00:00,,,,,,,,,0.8406184056344782,0.5416278206559814,-0.9659258262890684,0.2588190451025203,1237.7606
2026-02-27 21:00:00,,,,,,,,,0.8406184056344782,0.5416278206559814,-0.5000000000000004,0.8660254037844384,2553.4688
2026-02-28 00:00:00,,,,,,,,,0.8498170915275278,0.5270777086423722,0.2588190451025207,0.9659258262890684,2530.4646
2026-02-28 03:00:00,,,,,,,,,0.8498170915275278,0.5270777086423722,0.8660254037844386,0.5000000000000001,2218.301
2026-02-28 06:00:00,,,,,,,,,0.8498170915275278,0.5270777086423722,0.9659258262890684,-0.2588190451025206,4394.571
2026-02-28 09:00:00,,,,,,,,,0.8498170915275278,0.5270777086423722,0.4999999999999999,-0.8660254037844387,16451.453
2026-02-28 12:00:00,,,,,,,,,0.8498170915275278,0.5270777086423722,-0.2588190451025208,-0.9659258262890684,15428.237
2026-02-28 15:00:00,,,,,,,,,0.8498170915275278,0.5270777086423722,-0.8660254037844385,-0.5000000000000004,4196.1836
2026-02-28 18:00:00,,,,,,,,,0.8498170915275278,0.5270777086423722,-0.9659258262890684,0.2588190451025203,1237.7606
2026-02-28 21:00:00,,,,,,,,,0.8498170915275278,0.5270777086423722,-0.5000000000000004,0.8660254037844384,2553.4688
2026-03-01 00:00:00,,,,,,,,,0.8587639582758029,0.5123714121284237,0.2588190451025207,0.9659258262890684,2530.4646
2026-03-01 03:00:00,,,,,,,,,0.8587639582758029,0.5123714121284237,0.8660254037844386,0.5000000000000001,2218.301
2026-03-01 06:00:00,,,,,,,,,0.8587639582758029,0.5123714121284237,0.9659258262890684,-0.2588190451025206,4394.571
2026-03-01 09:00:00,,,,,,,,,0.8587639582758029,0.5123714121284237,0.4999999999999999,-0.8660254037844387,16451.453
2026-03-01 12:00:00,,,,,,,,,0.8587639582758029,0.5123714121284237,-0.2588190451025208,-0.9659258262890684,15428.237
2026-03-01 15:00:00,,,,,,,,,0.8587639582758029,0.5123714121284237,-0.8660254037844385,-0.5000000000000004,4196.1836
2026-03-01 18:00:00,,,,,,,,,0.8587639582758029,0.5123714121284237,-0.9659258262890684,0.2588190451025203,1237.7606
2026-03-01 21:00:00,,,,,,,,,0.8587639582758029,0.5123714121284237,-0.5000000000000004,0.8660254037844384,2553.4688
2026-03-02 00:00:00,,,,,,,,,0.8674563547295969,0.4975132889071806,0.2588190451025207,0.9659258262890684,2530.4646
2026-03-02 03:00:00,,,,,,,,,0.8674563547295969,0.4975132889071806,0.8660254037844386,0.5000000000000001,2218.301
2026-03-02 06:00:00,,,,,,,,,0.8674563547295969,0.4975132889071806,0.9659258262890684,-0.2588190451025206,4394.571
2026-03-02 09:00:00,,,,,,,,,0.8674563547295969,0.4975132889071806,0.4999999999999999,-0.8660254037844387,16313.447
2026-03-02 12:00:00,,,,,,,,,0.8674563547295969,0.4975132889071806,-0.2588190451025208,-0.9659258262890684,15742.589
2026-03-02 15:00:00,,,,,,,,,0.8674563547295969,0.4975132889071806,-0.8660254037844385,-0.5000000000000004,4196.1836
2026-03-02 18:00:00,,,,,,,,,0.8674563547295969,0.4975132889071806,-0.9659258262890684,0.2588190451025203,1237.7606
2026-03-02 21:00:00,,,,,,,,,0.8674563547295969,0.4975132889071806,-0.5000000000000004,0.8660254037844384,2553.4688
2026-03-03 00:00:00,,,,,,,,,0.8758917051442429,0.4825077417612184,0.2588190451025207,0.9659258262890684,2536.1467
2026-03-03 03:00:00,,,,,,,,,0.8758917051442429,0.4825077417612184,0.8660254037844386,0.5000000000000001,2223.9832
2026-03-03 06:00:00,,,,,,,,,0.8758917051442429,0.4825077417612184,0.9659258262890684,-0.2588190451025206,4421.349
2026-03-03 09:00:00,,,,,,,,,0.8758917051442429,0.4825077417612184,0.4999999999999999,-0.8660254037844387,16319.129
2026-03-03 12:00:00,,,,,,,,,0.8758917051442429,0.4825077417612184,-0.2588190451025208,-0.9659258262890684,15748.271
2026-03-03 15:00:00,,,,,,,,,0.8758917051442429,0.4825077417612184,-0.8660254037844385,-0.5000000000000004,4040.5793
2026-03-03 18:00:00,,,,,,,,,0.8758917051442429,0.4825077417612184,-0.9659258262890684,0.2588190451025203,1082.157
2026-03-03 21:00:00,,,,,,,,,0.8758917051442429,0.4825077417612184,-0.5000000000000004,0.8660254037844384,2559.151
2026-03-04 00:00:00,,,,,,,,,0.8840675099433636,0.4673592171580022,0.2588190451025207,0.9659258262890684,3581.158
2026-03-04 03:00:00,,,,,,,,,0.8840675099433636,0.4673592171580022,0.8660254037844386,0.5000000000000001,3268.9944
2026-03-04 06:00:00,,,,,,,,,0.8840675099433636,0.4673592171580022,0.9659258262890684,-0.2588190451025206,5533.1104
2026-03-04 09:00:00,,,,,,,,,0.8840675099433636,0.4673592171580022,0.4999999999999999,-0.8660254037844387,17364.137
2026-03-04 12:00:00,,,,,,,,,0.8840675099433636,0.4673592171580022,-0.2588190451025208,-0.9659258262890684,16793.281
2026-03-04 15:00:00,,,,,,,,,0.8840675099433636,0.4673592171580022,-0.8660254037844385,-0.5000000000000004,6242.0005
2026-03-04 18:00:00,,,,,,,,,0.8840675099433636,0.4673592171580022,-0.9659258262890684,0.2588190451025203,2288.4539
2026-03-04 21:00:00,,,,,,,,,0.8840675099433636,0.4673592171580022,-0.5000000000000004,0.8660254037844384,3604.162
2026-03-05 00:00:00,,,,,,,,,0.8919813464595485,0.4520722039323043,0.2588190451025207,0.9659258262890684,3581.158
2026-03-05 03:00:00,,,,,,,,,0.8919813464595485,0.4520722039323043,0.8660254037844386,0.5000000000000001,3268.9944
2026-03-05 06:00:00,,,,,,,,,0.8919813464595485,0.4520722039323043,0.9659258262890684,-0.2588190451025206,5533.1104
2026-03-05 09:00:00,,,,,,,,,0.8919813464595485,0.4520722039323043,0.4999999999999999,-0.8660254037844387,17364.137
2026-03-05 12:00:00,,,,,,,,,0.8919813464595485,0.4520722039323043,-0.2588190451025208,-0.9659258262890684,16793.281
2026-03-05 15:00:00,,,,,,,,,0.8919813464595485,0.4520722039323043,-0.8660254037844385,-0.5000000000000004,6242.0005
2026-03-05 18:00:00,,,,,,,,,0.8919813464595485,0.4520722039323043,-0.9659258262890684,0.2588190451025203,2288.4539
2026-03-05 21:00:00,,,,,,,,,0.8919813464595485,0.4520722039323043,-0.5000000000000004,0.8660254037844384,3604.162
2026-03-06 00:00:00,,,,,,,,,0.8996308696522433,0.436651231956064,0.2588190451025207,0.9659258262890684,3581.158
2026-03-06 03:00:00,,,,,,,,,0.8996308696522433,0.436651231956064,0.8660254037844386,0.5000000000000001,3268.9944
2026-03-06 06:00:00,,,,,,,,,0.8996308696522433,0.436651231956064,0.9659258262890684,-0.2588190451025206,5709.6465
2026-03-06 09:00:00,,,,,,,,,0.8996308696522433,0.436651231956064,0.4999999999999999,-0.8660254037844387,17364.137
2026-03-06 12:00:00,,,,,,,,,0.8996308696522433,0.436651231956064,-0.2588190451025208,-0.9659258262890684,16793.281
2026-03-06 15:00:00,,,,,,,,,0.8996308696522433,0.436651231956064,-0.8660254037844385,-0.5000000000000004,6242.0005
2026-03-06 18:00:00,,,,,,,,,0.8996308696522433,0.436651231956064,-0.9659258262890684,0.2588190451025203,2288.4539
2026-03-06 21:00:00,,,,,,,,,0.8996308696522433,0.436651231956064,-0.5000000000000004,0.8660254037844384,3604.162
2026-03-07 00:00:00,,,,,,,,,0.907013812802636,0.4211008707960896,0.2588190451025207,0.9659258262890684,3581.158
2026-03-07 03:00:00,,,,,,,,,0.907013812802636,0.4211008707960896,0.8660254037844386,0.5000000000000001,3268.9944
2026-03-07 06:00:00,,,,,,,,,0.907013812802636,0.4211008707960896,0.9659258262890684,-0.2588190451025206,6088.3955
2026-03-07 09:00:00,,,,,,,,,0.907013812802636,0.4211008707960896,0.4999999999999999,-0.8660254037844387,17364.137
2026-03-07 12:00:00,,,,,,,,,0.907013812802636,0.4211008707960896,-0.2588190451025208,-0.9659258262890684,16793.281
2026-03-07 15:00:00,,,,,,,,,0.907013812802636,0.4211008707960896,-0.8660254037844385,-0.5000000000000004,6242.0005
2026-03-07 18:00:00,,,,,,,,,0.907013812802636,0.4211008707960896,-0.9659258262890684,0.2588190451025203,2288.4539
2026-03-07 21:00:00,,,,,,,,,0.907013812802636,0.4211008707960896,-0.5000000000000004,0.8660254037844384,3604.162
2026-03-08 00:00:00,,,,,,,,,0.9141279881853336,0.4054257283599973,0.2588190451025207,0.9659258262890684,3581.158
2026-03-08 03:00:00,,,,,,,,,0.9141279881853336,0.4054257283599973,0.8660254037844386,0.5000000000000001,3268.9944
2026-03-08 06:00:00,,,,,,,,,0.9141279881853336,0.4054257283599973,0.9659258262890684,-0.2588190451025206,6088.3955
2026-03-08 09:00:00,,,,,,,,,0.9141279881853336,0.4054257283599973,0.4999999999999999,-0.8660254037844387,17364.137
2026-03-08 12:00:00,,,,,,,,,0.9141279881853336,0.4054257283599973,-0.2588190451025208,-0.9659258262890684,16793.281
2026-03-08 15:00:00,,,,,,,,,0.9141279881853336,0.4054257283599973,-0.8660254037844385,-0.5000000000000004,6242.0005
2026-03-08 18:00:00,,,,,,,,,0.9141279881853336,0.4054257283599973,-0.9659258262890684,0.2588190451025203,2288.4539
2026-03-08 21:00:00,,,,,,,,,0.9141279881853336,0.4054257283599973,-0.5000000000000004,0.8660254037844384,3604.162
2026-03-09 00:00:00,,,,,,,,,0.9209712877166346,0.3896304495307879,0.2588190451025207,0.9659258262890684,4005.043
2026-03-09 03:00:00,,,,,,,,,0.9209712877166346,0.3896304495307879,0.8660254037844386,0.5000000000000001,3692.8792
2026-03-09 06:00:00,,,,,,,,,0.9209712877166346,0.3896304495307879,0.9659258262890684,-0.2588190451025206,6512.2803
2026-03-09 09:00:00,,,,,,,,,0.9209712877166346,0.3896304495307879,0.4999999999999999,-0.8660254037844387,17788.02
2026-03-09 12:00:00,,,,,,,,,0.9209712877166346,0.3896304495307879,-0.2588190451025208,-0.9659258262890684,16692.6
2026-03-09 15:00:00,,,,,,,,,0.9209712877166346,0.3896304495307879,-0.8660254037844385,-0.5000000000000004,6665.8853
2026-03-09 18:00:00,,,,,,,,,0.9209712877166346,0.3896304495307879,-0.9659258262890684,0.2588190451025203,2712.3389
2026-03-09 21:00:00,,,,,,,,,0.9209712877166346,0.3896304495307879,-0.5000000000000004,0.8660254037844384,4028.047
2026-03-10 00:00:00,,,,,,,,,0.9275416835791966,0.373719714790469,0.2588190451025207,0.9659258262890684,3264.7048
2026-03-10 03:00:00,,,,,,,,,0.9275416835791966,0.373719714790469,0.8660254037844386,0.5000000000000001,2952.541
2026-03-10 06:00:00,,,,,,,,,0.9275416835791966,0.373719714790469,0.9659258262890684,-0.2588190451025206,5771.9424
2026-03-10 09:00:00,,,,,,,,,0.9275416835791966,0.373719714790469,0.4999999999999999,-0.8660254037844387,17116.377
2026-03-10 12:00:00,,,,,,,,,0.9275416835791966,0.373719714790469,-0.2588190451025208,-0.9659258262890684,16020.958
2026-03-10 15:00:00,,,,,,,,,0.9275416835791966,0.373719714790469,-0.8660254037844385,-0.5000000000000004,5925.5474
2026-03-10 18:00:00,,,,,,,,,0.9275416835791966,0.373719714790469,-0.9659258262890684,0.2588190451025203,1972.0011
2026-03-10 21:00:00,,,,,,,,,0.9275416835791966,0.373719714790469,-0.5000000000000004,0.8660254037844384,3287.709
2026-03-11 00:00:00,,,,,,,,,0.9338372288229252,0.3576982388331254,0.2588190451025207,0.9659258262890684,2693.9421
2026-03-11 03:00:00,,,,,,,,,0.9338372288229252,0.3576982388331254,0.8660254037844386,0.5000000000000001,2381.7783
2026-03-11 06:00:00,,,,,,,,,0.9338372288229252,0.3576982388331254,0.9659258262890684,-0.2588190451025206,5201.1797
2026-03-11 09:00:00,,,,,,,,,0.9338372288229252,0.3576982388331254,0.4999999999999999,-0.8660254037844387,16704.78
2026-03-11 12:00:00,,,,,,,,,0.9338372288229252,0.3576982388331254,-0.2588190451025208,-0.9659258262890684,15609.358
2026-03-11 15:00:00,,,,,,,,,0.9338372288229252,0.3576982388331254,-0.8660254037844385,-0.5000000000000004,5354.7847
2026-03-11 18:00:00,,,,,,,,,0.9338372288229252,0.3576982388331254,-0.9659258262890684,0.2588190451025203,1401.2384
2026-03-11 21:00:00,,,,,,,,,0.9338372288229252,0.3576982388331254,-0.5000000000000004,0.8660254037844384,2716.9463
2026-03-12 00:00:00,,,,,,,,,0.9398560579418954,0.3415707691678556,0.2588190451025207,0.9659258262890684,2693.9421
2026-03-12 03:00:00,,,,,,,,,0.9398560579418954,0.3415707691678556,0.8660254037844386,0.5000000000000001,2381.7783
2026-03-12 06:00:00,,,,,,,,,0.9398560579418954,0.3415707691678556,0.9659258262890684,-0.2588190451025206,5201.1797
2026-03-12 09:00:00,,,,,,,,,0.9398560579418954,0.3415707691678556,0.4999999999999999,-0.8660254037844387,16704.78
2026-03-12 12:00:00,,,,,,,,,0.9398560579418954,0.3415707691678556,-0.2588190451025208,-0.9659258262890684,15609.358
2026-03-12 15:00:00,,,,,,,,,0.9398560579418954,0.3415707691678556,-0.8660254037844385,-0.5000000000000004,5354.7847
2026-03-12 18:00:00,,,,,,,,,0.9398560579418954,0.3415707691678556,-0.9659258262890684,0.2588190451025203,1401.2384
2026-03-12 21:00:00,,,,,,,,,0.9398560579418954,0.3415707691678556,-0.5000000000000004,0.8660254037844384,2716.9463
2026-03-13 00:00:00,,,,,,,,,0.9455963874271426,0.3253420847119801,0.2588190451025207,0.9659258262890684,2693.9421
2026-03-13 03:00:00,,,,,,,,,0.9455963874271426,0.3253420847119801,0.8660254037844386,0.5000000000000001,2381.7783
2026-03-13 06:00:00,,,,,,,,,0.9455963874271426,0.3253420847119801,0.9659258262890684,-0.2588190451025206,5201.1797
2026-03-13 09:00:00,,,,,,,,,0.9455963874271426,0.3253420847119801,0.4999999999999999,-0.8660254037844387,16704.78
2026-03-13 12:00:00,,,,,,,,,0.9455963874271426,0.3253420847119801,-0.2588190451025208,-0.9659258262890684,15609.358
2026-03-13 15:00:00,,,,,,,,,0.9455963874271426,0.3253420847119801,-0.8660254037844385,-0.5000000000000004,5354.7847
2026-03-13 18:00:00,,,,,,,,,0.9455963874271426,0.3253420847119801,-0.9659258262890684,0.2588190451025203,1401.2384
2026-03-13 21:00:00,,,,,,,,,0.9455963874271426,0.3253420847119801,-0.5000000000000004,0.8660254037844384,2716.9463
2026-03-14 00:00:00,,,,,,,,,0.9510565162951536,0.3090169943749474,0.2588190451025207,0.9659258262890684,2693.9421
2026-03-14 03:00:00,,,,,,,,,0.9510565162951536,0.3090169943749474,0.8660254037844386,0.5000000000000001,2381.7783
2026-03-14 06:00:00,,,,,,,,,0.9510565162951536,0.3090169943749474,0.9659258262890684,-0.2588190451025206,5201.1797
2026-03-14 09:00:00,,,,,,,,,0.9510565162951536,0.3090169943749474,0.4999999999999999,-0.8660254037844387,16704.78
2026-03-14 12:00:00,,,,,,,,,0.9510565162951536,0.3090169943749474,-0.2588190451025208,-0.9659258262890684,15609.358
2026-03-14 15:00:00,,,,,,,,,0.9510565162951536,0.3090169943749474,-0.8660254037844385,-0.5000000000000004,5354.7847
2026-03-14 18:00:00,,,,,,,,,0.9510565162951536,0.3090169943749474,-0.9659258262890684,0.2588190451025203,1401.2384
2026-03-14 21:00:00,,,,,,,,,0.9510565162951536,0.3090169943749474,-0.5000000000000004,0.8660254037844384,2716.9463
2026-03-15 00:00:00,,,,,,,,,0.9562348265919056,0.2926003356333483,0.2588190451025207,0.9659258262890684,2693.9421
2026-03-15 03:00:00,,,,,,,,,0.9562348265919056,0.2926003356333483,0.8660254037844386,0.5000000000000001,2381.7783
2026-03-15 06:00:00,,,,,,,,,0.9562348265919056,0.2926003356333483,0.9659258262890684,-0.2588190451025206,5201.1797
2026-03-15 09:00:00,,,,,,,,,0.9562348265919056,0.2926003356333483,0.4999999999999999,-0.8660254037844387,16191.444
2026-03-15 12:00:00,,,,,,,,,0.9562348265919056,0.2926003356333483,-0.2588190451025208,-0.9659258262890684,15096.022
2026-03-15 15:00:00,,,,,,,,,0.9562348265919056,0.2926003356333483,-0.8660254037844385,-0.5000000000000004,5354.7847
2026-03-15 18:00:00,,,,,,,,,0.9562348265919056,0.2926003356333483,-0.9659258262890684,0.2588190451025203,1401.2384
2026-03-15 21:00:00,,,,,,,,,0.9562348265919056,0.2926003356333483,-0.5000000000000004,0.8660254037844384,2716.9463
2026-03-16 00:00:00,,,,,,,,,0.9611297838723007,0.2760969730974688,0.2588190451025207,0.9659258262890684,2693.9421
2026-03-16 03:00:00,,,,,,,,,0.9611297838723007,0.2760969730974688,0.8660254037844386,0.5000000000000001,2381.7783
2026-03-16 06:00:00,,,,,,,,,0.9611297838723007,0.2760969730974688,0.9659258262890684,-0.2588190451025206,5201.1797
2026-03-16 09:00:00,,,,,,,,,0.9611297838723007,0.2760969730974688,0.4999999999999999,-0.8660254037844387,16191.444
2026-03-16 12:00:00,,,,,,,,,0.9611297838723007,0.2760969730974688,-0.2588190451025208,-0.9659258262890684,15096.022
2026-03-16 15:00:00,,,,,,,,,0.9611297838723007,0.2760969730974688,-0.8660254037844385,-0.5000000000000004,5354.7847
2026-03-16 18:00:00,,,,,,,,,0.9611297838723007,0.2760969730974688,-0.9659258262890684,0.2588190451025203,1401.2384
2026-03-16 21:00:00,,,,,,,,,0.9611297838723007,0.2760969730974688,-0.5000000000000004,0.8660254037844384,2716.9463
2026-03-17 00:00:00,,,,,,,,,0.9657399376548548,0.2595117970697999,0.2588190451025207,0.9659258262890684,2693.9421
2026-03-17 03:00:00,,,,,,,,,0.9657399376548548,0.2595117970697999,0.8660254037844386,0.5000000000000001,2381.7783
2026-03-17 06:00:00,,,,,,,,,0.9657399376548548,0.2595117970697999,0.9659258262890684,-0.2588190451025206,5201.1797
2026-03-17 09:00:00,,,,,,,,,0.9657399376548548,0.2595117970697999,0.4999999999999999,-0.8660254037844387,15935.623
2026-03-17 12:00:00,,,,,,,,,0.9657399376548548,0.2595117970697999,-0.2588190451025208,-0.9659258262890684,14840.2
2026-03-17 15:00:00,,,,,,,,,0.9657399376548548,0.2595117970697999,-0.8660254037844385,-0.5000000000000004,5354.7847
2026-03-17 18:00:00,,,,,,,,,0.9657399376548548,0.2595117970697999,-0.9659258262890684,0.2588190451025203,1401.2384
2026-03-17 21:00:00,,,,,,,,,0.9657399376548548,0.2595117970697999,-0.5000000000000004,0.8660254037844384,2716.9463
2026-03-18 00:00:00,,,,,,,,,0.9700639218515072,0.2428497220959356,0.2588190451025207,0.9659258262890684,2693.9421
2026-03-18 03:00:00,,,,,,,,,0.9700639218515072,0.2428497220959356,0.8660254037844386,0.5000000000000001,2381.7783
2026-03-18 06:00:00,,,,,,,,,0.9700639218515072,0.2428497220959356,0.9659258262890684,-0.2588190451025206,5481.3296
2026-03-18 09:00:00,,,,,,,,,0.9700639218515072,0.2428497220959356,0.4999999999999999,-0.8660254037844387,15935.623
2026-03-18 12:00:00,,,,,,,,,0.9700639218515072,0.2428497220959356,-0.2588190451025208,-0.9659258262890684,14840.2
2026-03-18 15:00:00,,,,,,,,,0.9700639218515072,0.2428497220959356,-0.8660254037844385,-0.5000000000000004,5354.7847
2026-03-18 18:00:00,,,,,,,,,0.9700639218515072,0.2428497220959356,-0.9659258262890684,0.2588190451025203,1401.2384
2026-03-18 21:00:00,,,,,,,,,0.9700639218515072,0.2428497220959356,-0.5000000000000004,0.8660254037844384,2716.9463
2026-03-19 00:00:00,,,,,,,,,0.9741004551724204,0.2261156855082882,0.2588190451025207,0.9659258262890684,2693.9421
2026-03-19 03:00:00,,,,,,,,,0.9741004551724204,0.2261156855082882,0.8660254037844386,0.5000000000000001,2381.7783
2026-03-19 06:00:00,,,,,,,,,0.9741004551724204,0.2261156855082882,0.9659258262890684,-0.2588190451025206,5481.3296
2026-03-19 09:00:00,,,,,,,,,0.9741004551724204,0.2261156855082882,0.4999999999999999,-0.8660254037844387,15935.623
2026-03-19 12:00:00,,,,,,,,,0.9741004551724204,0.2261156855082882,-0.2588190451025208,-0.9659258262890684,14840.2
2026-03-19 15:00:00,,,,,,,,,0.9741004551724204,0.2261156855082882,-0.8660254037844385,-0.5000000000000004,5354.7847
2026-03-19 18:00:00,,,,,,,,,0.9741004551724204,0.2261156855082882,-0.9659258262890684,0.2588190451025203,1401.2384
2026-03-19 21:00:00,,,,,,,,,0.9741004551724204,0.2261156855082882,-0.5000000000000004,0.8660254037844384,2716.9463
2026-03-20 00:00:00,,,,,,,,,0.9778483415056568,0.2093146459630484,0.2588190451025207,0.9659258262890684,2693.9421
2026-03-20 03:00:00,,,,,,,,,0.9778483415056568,0.2093146459630484,0.8660254037844386,0.5000000000000001,2381.7783
2026-03-20 06:00:00,,,,,,,,,0.9778483415056568,0.2093146459630484,0.9659258262890684,-0.2588190451025206,5481.3296
2026-03-20 09:00:00,,,,,,,,,0.9778483415056568,0.2093146459630484,0.4999999999999999,-0.8660254037844387,15935.623
2026-03-20 12:00:00,,,,,,,,,0.9778483415056568,0.2093146459630484,-0.2588190451025208,-0.9659258262890684,14840.2
2026-03-20 15:00:00,,,,,,,,,0.9778483415056568,0.2093146459630484,-0.8660254037844385,-0.5000000000000004,5354.7847
2026-03-20 18:00:00,,,,,,,,,0.9778483415056568,0.2093146459630484,-0.9659258262890684,0.2588190451025203,1401.2384
2026-03-20 21:00:00,,,,,,,,,0.9778483415056568,0.2093146459630484,-0.5000000000000004,0.8660254037844384,2716.9463
2026-03-21 00:00:00,,,,,,,,,0.9813064702716092,0.1924515819708299,0.2588190451025207,0.9659258262890684,2693.9421
2026-03-21 03:00:00,,,,,,,,,0.9813064702716092,0.1924515819708299,0.8660254037844386,0.5000000000000001,2381.7783
2026-03-21 06:00:00,,,,,,,,,0.9813064702716092,0.1924515819708299,0.9659258262890684,-0.2588190451025206,5481.3296
2026-03-21 09:00:00,,,,,,,,,0.9813064702716092,0.1924515819708299,0.4999999999999999,-0.8660254037844387,15935.623
2026-03-21 12:00:00,,,,,,,,,0.9813064702716092,0.1924515819708299,-0.2588190451025208,-0.9659258262890684,14840.2
2026-03-21 15:00:00,,,,,,,,,0.9813064702716092,0.1924515819708299,-0.8660254037844385,-0.5000000000000004,5354.7847
2026-03-21 18:00:00,,,,,,,,,0.9813064702716092,0.1924515819708299,-0.9659258262890684,0.2588190451025203,1401.2384
2026-03-21 21:00:00,,,,,,,,,0.9813064702716092,0.1924515819708299,-0.5000000000000004,0.8660254037844384,2716.9463
2026-03-22 00:00:00,,,,,,,,,0.9844738167520922,0.1755314904214282,0.2588190451025207,0.9659258262890684,2693.9421
2026-03-22 03:00:00,,,,,,,,,0.9844738167520922,0.1755314904214282,0.8660254037844386,0.5000000000000001,2381.7783
2026-03-22 06:00:00,,,,,,,,,0.9844738167520922,0.1755314904214282,0.9659258262890684,-0.2588190451025206,5481.3296
2026-03-22 09:00:00,,,,,,,,,0.9844738167520922,0.1755314904214282,0.4999999999999999,-0.8660254037844387,15935.623
2026-03-22 12:00:00,,,,,,,,,0.9844738167520922,0.1755314904214282,-0.2588190451025208,-0.9659258262890684,14840.2
2026-03-22 15:00:00,,,,,,,,,0.9844738167520922,0.1755314904214282,-0.8660254037844385,-0.5000000000000004,5354.7847
2026-03-22 18:00:00,,,,,,,,,0.9844738167520922,0.1755314904214282,-0.9659258262890684,0.2588190451025203,1401.2384
2026-03-22 21:00:00,,,,,,,,,0.9844738167520922,0.1755314904214282,-0.5000000000000004,0.8660254037844384,2716.9463
2026-03-23 00:00:00,,,,,,,,,0.9873494423939864,0.1585593851031347,0.2588190451025207,0.9659258262890684,2693.9421
2026-03-23 03:00:00,,,,,,,,,0.9873494423939864,0.1585593851031347,0.8660254037844386,0.5000000000000001,2381.7783
2026-03-23 06:00:00,,,,,,,,,0.9873494423939864,0.1585593851031347,0.9659258262890684,-0.2588190451025206,5481.3296
2026-03-23 09:00:00,,,,,,,,,0.9873494423939864,0.1585593851031347,0.4999999999999999,-0.8660254037844387,15935.623
2026-03-23 12:00:00,,,,,,,,,0.9873494423939864,0.1585593851031347,-0.2588190451025208,-0.9659258262890684,14840.2
2026-03-23 15:00:00,,,,,,,,,0.9873494423939864,0.1585593851031347,-0.8660254037844385,-0.5000000000000004,5354.7847
2026-03-23 18:00:00,,,,,,,,,0.9873494423939864,0.1585593851031347,-0.9659258262890684,0.2588190451025203,1401.2384
2026-03-23 21:00:00,,,,,,,,,0.9873494423939864,0.1585593851031347,-0.5000000000000004,0.8660254037844384,2716.9463
2026-03-24 00:00:00,,,,,,,,,0.989932495087353,0.141540295217043,0.2588190451025207,0.9659258262890684,2693.9421
2026-03-24 03:00:00,,,,,,,,,0.989932495087353,0.141540295217043,0.8660254037844386,0.5000000000000001,2381.7783
2026-03-24 06:00:00,,,,,,,,,0.989932495087353,0.141540295217043,0.9659258262890684,-0.2588190451025206,5481.3296
2026-03-24 09:00:00,,,,,,,,,0.989932495087353,0.141540295217043,0.4999999999999999,-0.8660254037844387,15935.623
2026-03-24 12:00:00,,,,,,,,,0.989932495087353,0.141540295217043,-0.2588190451025208,-0.9659258262890684,14840.2
2026-03-24 15:00:00,,,,,,,,,0.989932495087353,0.141540295217043,-0.8660254037844385,-0.5000000000000004,5354.7847
2026-03-24 18:00:00,,,,,,,,,0.989932495087353,0.141540295217043,-0.9659258262890684,0.2588190451025203,1401.2384
2026-03-24 21:00:00,,,,,,,,,0.989932495087353,0.141540295217043,-0.5000000000000004,0.8660254037844384,2716.9463
2026-03-25 00:00:00,,,,,,,,,0.9922222094179324,0.1244792638867891,0.2588190451025207,0.9659258262890684,2693.9421
2026-03-25 03:00:00,,,,,,,,,0.9922222094179324,0.1244792638867891,0.8660254037844386,0.5000000000000001,2381.7783
2026-03-25 06:00:00,,,,,,,,,0.9922222094179324,0.1244792638867891,0.9659258262890684,-0.2588190451025206,5481.3296
2026-03-25 09:00:00,,,,,,,,,0.9922222094179324,0.1244792638867891,0.4999999999999999,-0.8660254037844387,15935.623
2026-03-25 12:00:00,,,,,,,,,0.9922222094179324,0.1244792638867891,-0.2588190451025208,-0.9659258262890684,14840.2
2026-03-25 15:00:00,,,,,,,,,0.9922222094179324,0.1244792638867891,-0.8660254037844385,-0.5000000000000004,5354.7847
2026-03-25 18:00:00,,,,,,,,,0.9922222094179324,0.1244792638867891,-0.9659258262890684,0.2588190451025203,1401.2384
2026-03-25 21:00:00,,,,,,,,,0.9922222094179324,0.1244792638867891,-0.5000000000000004,0.8660254037844384,2716.9463
2026-03-26 00:00:00,,,,,,,,,0.994217906893952,0.107381346664163,0.2588190451025207,0.9659258262890684,2693.9421
2026-03-26 03:00:00,,,,,,,,,0.994217906893952,0.107381346664163,0.8660254037844386,0.5000000000000001,2381.7783
2026-03-26 06:00:00,,,,,,,,,0.994217906893952,0.107381346664163,0.9659258262890684,-0.2588190451025206,5481.3296
2026-03-26 09:00:00,,,,,,,,,0.994217906893952,0.107381346664163,0.4999999999999999,-0.8660254037844387,15935.623
2026-03-26 12:00:00,,,,,,,,,0.994217906893952,0.107381346664163,-0.2588190451025208,-0.9659258262890684,14840.2
2026-03-26 15:00:00,,,,,,,,,0.994217906893952,0.107381346664163,-0.8660254037844385,-0.5000000000000004,5354.7847
2026-03-26 18:00:00,,,,,,,,,0.994217906893952,0.107381346664163,-0.9659258262890684,0.2588190451025203,1401.2384
2026-03-26 21:00:00,,,,,,,,,0.994217906893952,0.107381346664163,-0.5000000000000004,0.8660254037844384,2716.9463
2026-03-27 00:00:00,,,,,,,,,0.995918996147179,0.0902516100310411,0.2588190451025207,0.9659258262890684,2693.9421
2026-03-27 03:00:00,,,,,,,,,0.995918996147179,0.0902516100310411,0.8660254037844386,0.5000000000000001,2381.7783
2026-03-27 06:00:00,,,,,,,,,0.995918996147179,0.0902516100310411,0.9659258262890684,-0.2588190451025206,5481.3296
2026-03-27 09:00:00,,,,,,,,,0.995918996147179,0.0902516100310411,0.4999999999999999,-0.8660254037844387,15935.623
2026-03-27 12:00:00,,,,,,,,,0.995918996147179,0.0902516100310411,-0.2588190451025208,-0.9659258262890684,15048.753
2026-03-27 15:00:00,,,,,,,,,0.995918996147179,0.0902516100310411,-0.8660254037844385,-0.5000000000000004,5354.7847
2026-03-27 18:00:00,,,,,,,,,0.995918996147179,0.0902516100310411,-0.9659258262890684,0.2588190451025203,1401.2384
2026-03-27 21:00:00,,,,,,,,,0.995918996147179,0.0902516100310411,-0.5000000000000004,0.8660254037844384,2716.9463
2026-03-28 00:00:00,,,,,,,,,0.9973249731081556,0.0730951298980777,0.2588190451025207,0.9659258262890684,2693.9421
2026-03-28 03:00:00,,,,,,,,,0.9973249731081556,0.0730951298980777,0.8660254037844386,0.5000000000000001,2381.7783
2026-03-28 06:00:00,,,,,,,,,0.9973249731081556,0.0730951298980777,0.9659258262890684,-0.2588190451025206,5481.3296
2026-03-28 09:00:00,,,,,,,,,0.9973249731081556,0.0730951298980777,0.4999999999999999,-0.8660254037844387,15935.623
2026-03-28 12:00:00,,,,,,,,,0.9973249731081556,0.0730951298980777,-0.2588190451025208,-0.9659258262890684,15048.753
2026-03-28 15:00:00,,,,,,,,,0.9973249731081556,0.0730951298980777,-0.8660254037844385,-0.5000000000000004,5354.7847
2026-03-28 18:00:00,,,,,,,,,0.9973249731081556,0.0730951298980777,-0.9659258262890684,0.2588190451025203,1401.2384
2026-03-28 21:00:00,,,,,,,,,0.9973249731081556,0.0730951298980777,-0.5000000000000004,0.8660254037844384,2716.9463
2026-03-29 00:00:00,,,,,,,,,0.9984354211555644,0.0559169901006034,0.2588190451025207,0.9659258262890684,3063.0884
2026-03-29 03:00:00,,,,,,,,,0.9984354211555644,0.0559169901006034,0.8660254037844386,0.5000000000000001,2750.9248
2026-03-29 06:00:00,,,,,,,,,0.9984354211555644,0.0559169901006034,0.9659258262890684,-0.2588190451025206,5855.9683
2026-03-29 09:00:00,,,,,,,,,0.9984354211555644,0.0559169901006034,0.4999999999999999,-0.8660254037844387,16392.137
2026-03-29 12:00:00,,,,,,,,,0.9984354211555644,0.0559169901006034,-0.2588190451025208,-0.9659258262890684,15505.271
2026-03-29 15:00:00,,,,,,,,,0.9984354211555644,0.0559169901006034,-0.8660254037844385,-0.5000000000000004,5811.305
2026-03-29 18:00:00,,,,,,,,,0.9984354211555644,0.0559169901006034,-0.9659258262890684,0.2588190451025203,1900.3202
2026-03-29 21:00:00,,,,,,,,,0.9984354211555644,0.0559169901006034,-0.5000000000000004,0.8660254037844384,3086.0925
2026-03-30 00:00:00,,,,,,,,,0.9992500112396836,0.0387222808921744,0.2588190451025207,0.9659258262890684,2791.0278
2026-03-30 03:00:00,,,,,,,,,0.9992500112396836,0.0387222808921744,0.8660254037844386,0.5000000000000001,2478.8643
2026-03-30 06:00:00,,,,,,,,,0.9992500112396836,0.0387222808921744,0.9659258262890684,-0.2588190451025206,5583.907
2026-03-30 09:00:00,,,,,,,,,0.9992500112396836,0.0387222808921744,0.4999999999999999,-0.8660254037844387,16120.079
2026-03-30 12:00:00,,,,,,,,,0.9992500112396836,0.0387222808921744,-0.2588190451025208,-0.9659258262890684,15233.211
2026-03-30 15:00:00,,,,,,,,,0.9992500112396836,0.0387222808921744,-0.8660254037844385,-0.5000000000000004,5539.244
2026-03-30 18:00:00,,,,,,,,,0.9992500112396836,0.0387222808921744,-0.9659258262890684,0.2588190451025203,1628.2594
2026-03-30 21:00:00,,,,,,,,,0.9992500112396836,0.0387222808921744,-0.5000000000000004,0.8660254037844384,2814.032
2026-03-31 00:00:00,,,,,,,,,0.9997685019798908,0.0215160974362222,0.2588190451025207,0.9659258262890684,4803.3584
2026-03-31 03:00:00,,,,,,,,,0.9997685019798908,0.0215160974362222,0.8660254037844386,0.5000000000000001,4543.313
2026-03-31 06:00:00,,,,,,,,,0.9997685019798908,0.0215160974362222,0.9659258262890684,-0.2588190451025206,7350.116
2026-03-31 09:00:00,,,,,,,,,0.9997685019798908,0.0215160974362222,0.4999999999999999,-0.8660254037844387,17587.113
2026-03-31 12:00:00,,,,,,,,,0.9997685019798908,0.0215160974362222,-0.2588190451025208,-0.9659258262890684,16643.117
2026-03-31 15:00:00,,,,,,,,,0.9997685019798908,0.0215160974362222,-0.8660254037844385,-0.5000000000000004,7177.0107
2026-03-31 18:00:00,,,,,,,,,0.9997685019798908,0.0215160974362222,-0.9659258262890684,0.2588190451025203,3401.6772
2026-03-31 21:00:00,,,,,,,,,0.9997685019798908,0.0215160974362222,-0.5000000000000004,0.8660254037844384,4835.191
2026-04-01 00:00:00,,,,,,,,,0.99999073973619,0.0043035382962442,0.2588190451025207,0.9659258262890684,4803.3584
2026-04-01 03:00:00,,,,,,,,,0.99999073973619,0.0043035382962442,0.8660254037844386,0.5000000000000001,4543.313
2026-04-01 06:00:00,,,,,,,,,0.99999073973619,0.0043035382962442,0.9659258262890684,-0.2588190451025206,7350.116
2026-04-01 09:00:00,,,,,,,,,0.99999073973619,0.0043035382962442,0.4999999999999999,-0.8660254037844387,17587.113
2026-04-01 12:00:00,,,,,,,,,0.99999073973619,0.0043035382962442,-0.2588190451025208,-0.9659258262890684,16643.117
2026-04-01 15:00:00,,,,,,,,,0.99999073973619,0.0043035382962442,-0.8660254037844385,-0.5000000000000004,7177.0107
2026-04-01 18:00:00,,,,,,,,,0.99999073973619,0.0043035382962442,-0.9659258262890684,0.2588190451025203,3401.6772
2026-04-01 21:00:00,,,,,,,,,0.99999073973619,0.0043035382962442,-0.5000000000000004,0.8660254037844384,4835.191
2026-04-02 00:00:00,,,,,,,,,0.999916658654738,-0.0129102960750088,0.2588190451025207,0.9659258262890684,4822.3887
2026-04-02 03:00:00,,,,,,,,,0.999916658654738,-0.0129102960750088,0.8660254037844386,0.5000000000000001,4584.4033
2026-04-02 06:00:00,,,,,,,,,0.999916658654738,-0.0129102960750088,0.9659258262890684,-0.2588190451025206,7350.116
2026-04-02 09:00:00,,,,,,,,,0.999916658654738,-0.0129102960750088,0.4999999999999999,-0.8660254037844387,17587.113
2026-04-02 12:00:00,,,,,,,,,0.999916658654738,-0.0129102960750088,-0.2588190451025208,-0.9659258262890684,16643.117
2026-04-02 15:00:00,,,,,,,,,0.999916658654738,-0.0129102960750088,-0.8660254037844385,-0.5000000000000004,7177.0107
2026-04-02 18:00:00,,,,,,,,,0.999916658654738,-0.0129102960750088,-0.9659258262890684,0.2588190451025203,3422.3818
2026-04-02 21:00:00,,,,,,,,,0.999916658654738,-0.0129102960750088,-0.5000000000000004,0.8660254037844384,4833.8354
2026-04-03 00:00:00,,,,,,,,,0.9995462806873572,-0.0301203048469081,0.2588190451025207,0.9659258262890684,2791.0278
2026-04-03 03:00:00,,,,,,,,,0.9995462806873572,-0.0301203048469081,0.8660254037844386,0.5000000000000001,2478.8643
2026-04-03 06:00:00,,,,,,,,,0.9995462806873572,-0.0301203048469081,0.9659258262890684,-0.2588190451025206,5583.907
2026-04-03 09:00:00,,,,,,,,,0.9995462806873572,-0.0301203048469081,0.4999999999999999,-0.8660254037844387,16120.079
2026-04-03 12:00:00,,,,,,,,,0.9995462806873572,-0.0301203048469081,-0.2588190451025208,-0.9659258262890684,15233.211
2026-04-03 15:00:00,,,,,,,,,0.9995462806873572,-0.0301203048469081,-0.8660254037844385,-0.5000000000000004,5539.244
2026-04-03 18:00:00,,,,,,,,,0.9995462806873572,-0.0301203048469081,-0.9659258262890684,0.2588190451025203,1628.2594
2026-04-03 21:00:00,,,,,,,,,0.9995462806873572,-0.0301203048469081,-0.5000000000000004,0.8660254037844384,2814.032
2026-04-04 00:00:00,,,,,,,,,0.9988797155850336,-0.0473213883224318,0.2588190451025207,0.9659258262890684,2791.0278
2026-04-04 03:00:00,,,,,,,,,0.9988797155850336,-0.0473213883224318,0.8660254037844386,0.5000000000000001,2478.8643
2026-04-04 06:00:00,,,,,,,,,0.9988797155850336,-0.0473213883224318,0.9659258262890684,-0.2588190451025206,5583.907
2026-04-04 09:00:00,,,,,,,,,0.9988797155850336,-0.0473213883224318,0.4999999999999999,-0.8660254037844387,16120.079
2026-04-04 12:00:00,,,,,,,,,0.9988797155850336,-0.0473213883224318,-0.2588190451025208,-0.9659258262890684,15233.211
2026-04-04 15:00:00,,,,,,,,,0.9988797155850336,-0.0473213883224318,-0.8660254037844385,-0.5000000000000004,5539.244
2026-04-04 18:00:00,,,,,,,,,0.9988797155850336,-0.0473213883224318,-0.9659258262890684,0.2588190451025203,1628.2594
2026-04-04 21:00:00,,,,,,,,,0.9988797155850336,-0.0473213883224318,-0.5000000000000004,0.8660254037844384,2814.032
2026-04-05 00:00:00,,,,,,,,,0.9979171608653922,-0.0645084494493162,0.2588190451025207,0.9659258262890684,2791.0278
2026-04-05 03:00:00,,,,,,,,,0.9979171608653922,-0.0645084494493162,0.8660254037844386,0.5000000000000001,2478.8643
2026-04-05 06:00:00,,,,,,,,,0.9979171608653922,-0.0645084494493162,0.9659258262890684,-0.2588190451025206,5583.907
2026-04-05 09:00:00,,,,,,,,,0.9979171608653922,-0.0645084494493162,0.4999999999999999,-0.8660254037844387,10329.255
2026-04-05 12:00:00,,,,,,,,,0.9979171608653922,-0.0645084494493162,-0.2588190451025208,-0.9659258262890684,9442.385
2026-04-05 15:00:00,,,,,,,,,0.9979171608653922,-0.0645084494493162,-0.8660254037844385,-0.5000000000000004,5539.244
2026-04-05 18:00:00,,,,,,,,,0.9979171608653922,-0.0645084494493162,-0.9659258262890684,0.2588190451025203,1628.2594
2026-04-05 21:00:00,,,,,,,,,0.9979171608653922,-0.0645084494493162,-0.5000000000000004,0.8660254037844384,2814.032
2026-04-06 00:00:00,,,,,,,,,0.9966589017541702,-0.0816763953304224,0.2588190451025207,0.9659258262890684,2791.0278
2026-04-06 03:00:00,,,,,,,,,0.9966589017541702,-0.0816763953304224,0.8660254037844386,0.5000000000000001,2478.8643
2026-04-06 06:00:00,,,,,,,,,0.9966589017541702,-0.0816763953304224,0.9659258262890684,-0.2588190451025206,5583.907
2026-04-06 09:00:00,,,,,,,,,0.9966589017541702,-0.0816763953304224,0.4999999999999999,-0.8660254037844387,10329.255
2026-04-06 12:00:00,,,,,,,,,0.9966589017541702,-0.0816763953304224,-0.2588190451025208,-0.9659258262890684,9442.385
2026-04-06 15:00:00,,,,,,,,,0.9966589017541702,-0.0816763953304224,-0.8660254037844385,-0.5000000000000004,5539.244
2026-04-06 18:00:00,,,,,,,,,0.9966589017541702,-0.0816763953304224,-0.9659258262890684,0.2588190451025203,1628.2594
2026-04-06 21:00:00,,,,,,,,,0.9966589017541702,-0.0816763953304224,-0.5000000000000004,0.8660254037844384,2814.032
2026-04-07 00:00:00,,,,,,,,,0.9951053111006976,-0.0988201387328714,0.2588190451025207,0.9659258262890684,2791.0278
2026-04-07 03:00:00,,,,,,,,,0.9951053111006976,-0.0988201387328714,0.8660254037844386,0.5000000000000001,2478.8643
2026-04-07 06:00:00,,,,,,,,,0.9951053111006976,-0.0988201387328714,0.9659258262890684,-0.2588190451025206,5583.907
2026-04-07 09:00:00,,,,,,,,,0.9951053111006976,-0.0988201387328714,0.4999999999999999,-0.8660254037844387,10329.255
2026-04-07 12:00:00,,,,,,,,,0.9951053111006976,-0.0988201387328714,-0.2588190451025208,-0.9659258262890684,9442.385
2026-04-07 15:00:00,,,,,,,,,0.9951053111006976,-0.0988201387328714,-0.8660254037844385,-0.5000000000000004,5539.244
2026-04-07 18:00:00,,,,,,,,,0.9951053111006976,-0.0988201387328714,-0.9659258262890684,0.2588190451025203,1628.2594
2026-04-07 21:00:00,,,,,,,,,0.9951053111006976,-0.0988201387328714,-0.5000000000000004,0.8660254037844384,2814.032
2026-04-08 00:00:00,,,,,,,,,0.9932568492674144,-0.1159345995955004,0.2588190451025207,0.9659258262890684,2791.0278
2026-04-08 03:00:00,,,,,,,,,0.9932568492674144,-0.1159345995955004,0.8660254037844386,0.5000000000000001,2478.8643
2026-04-08 06:00:00,,,,,,,,,0.9932568492674144,-0.1159345995955004,0.9659258262890684,-0.2588190451025206,5583.907
2026-04-08 09:00:00,,,,,,,,,0.9932568492674144,-0.1159345995955004,0.4999999999999999,-0.8660254037844387,10329.255
2026-04-08 12:00:00,,,,,,,,,0.9932568492674144,-0.1159345995955004,-0.2588190451025208,-0.9659258262890684,9233.834
2026-04-08 15:00:00,,,,,,,,,0.9932568492674144,-0.1159345995955004,-0.8660254037844385,-0.5000000000000004,5539.244
2026-04-08 18:00:00,,,,,,,,,0.9932568492674144,-0.1159345995955004,-0.9659258262890684,0.2588190451025203,1628.2594
2026-04-08 21:00:00,,,,,,,,,0.9932568492674144,-0.1159345995955004,-0.5000000000000004,0.8660254037844384,2814.032
2026-04-09 00:00:00,,,,,,,,,0.9911140639934548,-0.1330147065341959,0.2588190451025207,0.9659258262890684,2791.0278
2026-04-09 03:00:00,,,,,,,,,0.9911140639934548,-0.1330147065341959,0.8660254037844386,0.5000000000000001,2478.8643
2026-04-09 06:00:00,,,,,,,,,0.9911140639934548,-0.1330147065341959,0.9659258262890684,-0.2588190451025206,5583.907
2026-04-09 09:00:00,,,,,,,,,0.9911140639934548,-0.1330147065341959,0.4999999999999999,-0.8660254037844387,10329.255
2026-04-09 12:00:00,,,,,,,,,0.9911140639934548,-0.1330147065341959,-0.2588190451025208,-0.9659258262890684,9233.834
2026-04-09 15:00:00,,,,,,,,,0.9911140639934548,-0.1330147065341959,-0.8660254037844385,-0.5000000000000004,5539.244
2026-04-09 18:00:00,,,,,,,,,0.9911140639934548,-0.1330147065341959,-0.9659258262890684,0.2588190451025203,1628.2594
2026-04-09 21:00:00,,,,,,,,,0.9911140639934548,-0.1330147065341959,-0.5000000000000004,0.8660254037844384,2814.032
2026-04-10 00:00:00,,,,,,,,,0.9886775902323404,-0.1500553983446526,0.2588190451025207,0.9659258262890684,2791.0278
2026-04-10 03:00:00,,,,,,,,,0.9886775902323404,-0.1500553983446526,0.8660254037844386,0.5000000000000001,2478.8643
2026-04-10 06:00:00,,,,,,,,,0.9886775902323404,-0.1500553983446526,0.9659258262890684,-0.2588190451025206,5583.907
2026-04-10 09:00:00,,,,,,,,,0.9886775902323404,-0.1500553983446526,0.4999999999999999,-0.8660254037844387,10329.255
2026-04-10 12:00:00,,,,,,,,,0.9886775902323404,-0.1500553983446526,-0.2588190451025208,-0.9659258262890684,9233.834
2026-04-10 15:00:00,,,,,,,,,0.9886775902323404,-0.1500553983446526,-0.8660254037844385,-0.5000000000000004,5539.244
2026-04-10 18:00:00,,,,,,,,,0.9886775902323404,-0.1500553983446526,-0.9659258262890684,0.2588190451025203,1628.2594
2026-04-10 21:00:00,,,,,,,,,0.9886775902323404,-0.1500553983446526,-0.5000000000000004,0.8660254037844384,2814.032
2026-04-11 00:00:00,,,,,,,,,0.9859481499638304,-0.1670516255021192,0.2588190451025207,0.9659258262890684,2791.0278
2026-04-11 03:00:00,,,,,,,,,0.9859481499638304,-0.1670516255021192,0.8660254037844386,0.5000000000000001,2478.8643
2026-04-11 06:00:00,,,,,,,,,0.9859481499638304,-0.1670516255021192,0.9659258262890684,-0.2588190451025206,5650.8584
2026-04-11 09:00:00,,,,,,,,,0.9859481499638304,-0.1670516255021192,0.4999999999999999,-0.8660254037844387,10296.386
2026-04-11 12:00:00,,,,,,,,,0.9859481499638304,-0.1670516255021192,-0.2588190451025208,-0.9659258262890684,9200.963
2026-04-11 15:00:00,,,,,,,,,0.9859481499638304,-0.1670516255021192,-0.8660254037844385,-0.5000000000000004,5606.1953
2026-04-11 18:00:00,,,,,,,,,0.9859481499638304,-0.1670516255021192,-0.9659258262890684,0.2588190451025203,1628.2594
2026-04-11 21:00:00,,,,,,,,,0.9859481499638304,-0.1670516255021192,-0.5000000000000004,0.8660254037844384,2814.032
2026-04-12 00:00:00,,,,,,,,,0.9829265519799822,-0.18399835165768,0.2588190451025207,0.9659258262890684,2791.0278
2026-04-12 03:00:00,,,,,,,,,0.9829265519799822,-0.18399835165768,0.8660254037844386,0.5000000000000001,2478.8643
2026-04-12 06:00:00,,,,,,,,,0.9829265519799822,-0.18399835165768,0.9659258262890684,-0.2588190451025206,5650.8584
2026-04-12 09:00:00,,,,,,,,,0.9829265519799822,-0.18399835165768,0.4999999999999999,-0.8660254037844387,10296.386
2026-04-12 12:00:00,,,,,,,,,0.9829265519799822,-0.18399835165768,-0.2588190451025208,-0.9659258262890684,9200.963
2026-04-12 15:00:00,,,,,,,,,0.9829265519799822,-0.18399835165768,-0.8660254037844385,-0.5000000000000004,5606.1953
2026-04-12 18:00:00,,,,,,,,,0.9829265519799822,-0.18399835165768,-0.9659258262890684,0.2588190451025203,1628.2594
2026-04-12 21:00:00,,,,,,,,,0.9829265519799822,-0.18399835165768,-0.5000000000000004,0.8660254037844384,2814.032
2026-04-13 00:00:00,,,,,,,,,0.97961369164549,-0.200890555130635,0.2588190451025207,0.9659258262890684,2791.0278
2026-04-13 03:00:00,,,,,,,,,0.97961369164549,-0.200890555130635,0.8660254037844386,0.5000000000000001,2478.8643
2026-04-13 06:00:00,,,,,,,,,0.97961369164549,-0.200890555130635,0.9659258262890684,-0.2588190451025206,5650.8584
2026-04-13 09:00:00,,,,,,,,,0.97961369164549,-0.200890555130635,0.4999999999999999,-0.8660254037844387,10296.386
2026-04-13 12:00:00,,,,,,,,,0.97961369164549,-0.200890555130635,-0.2588190451025208,-0.9659258262890684,9200.963
2026-04-13 15:00:00,,,,,,,,,0.97961369164549,-0.200890555130635,-0.8660254037844385,-0.5000000000000004,5606.1953
2026-04-13 18:00:00,,,,,,,,,0.97961369164549,-0.200890555130635,-0.9659258262890684,0.2588190451025203,1628.2594
2026-04-13 21:00:00,,,,,,,,,0.97961369164549,-0.200890555130635,-0.5000000000000004,0.8660254037844384,2814.032
2026-04-14 00:00:00,,,,,,,,,0.9760105506323684,-0.2177232303965317,0.2588190451025207,0.9659258262890684,2791.0278
2026-04-14 03:00:00,,,,,,,,,0.9760105506323684,-0.2177232303965317,0.8660254037844386,0.5000000000000001,2478.8643
2026-04-14 06:00:00,,,,,,,,,0.9760105506323684,-0.2177232303965317,0.9659258262890684,-0.2588190451025206,5650.8584
2026-04-14 09:00:00,,,,,,,,,0.9760105506323684,-0.2177232303965317,0.4999999999999999,-0.8660254037844387,10296.386
2026-04-14 12:00:00,,,,,,,,,0.9760105506323684,-0.2177232303965317,-0.2588190451025208,-0.9659258262890684,9200.963
2026-04-14 15:00:00,,,,,,,,,0.9760105506323684,-0.2177232303965317,-0.8660254037844385,-0.5000000000000004,5606.1953
2026-04-14 18:00:00,,,,,,,,,0.9760105506323684,-0.2177232303965317,-0.9659258262890684,0.2588190451025203,1628.2594
2026-04-14 21:00:00,,,,,,,,,0.9760105506323684,-0.2177232303965317,-0.5000000000000004,0.8660254037844384,2814.032
2026-04-15 00:00:00,,,,,,,,,0.9721181966290612,-0.2344913895704098,0.2588190451025207,0.9659258262890684,2791.0278
2026-04-15 03:00:00,,,,,,,,,0.9721181966290612,-0.2344913895704098,0.8660254037844386,0.5000000000000001,2478.8643
2026-04-15 06:00:00,,,,,,,,,0.9721181966290612,-0.2344913895704098,0.9659258262890684,-0.2588190451025206,5650.8584
2026-04-15 09:00:00,,,,,,,,,0.9721181966290612,-0.2344913895704098,0.4999999999999999,-0.8660254037844387,10296.386
2026-04-15 12:00:00,,,,,,,,,0.9721181966290612,-0.2344913895704098,-0.2588190451025208,-0.9659258262890684,9200.963
2026-04-15 15:00:00,,,,,,,,,0.9721181966290612,-0.2344913895704098,-0.8660254037844385,-0.5000000000000004,5606.1953
2026-04-15 18:00:00,,,,,,,,,0.9721181966290612,-0.2344913895704098,-0.9659258262890684,0.2588190451025203,1628.2594
2026-04-15 21:00:00,,,,,,,,,0.9721181966290612,-0.2344913895704098,-0.5000000000000004,0.8660254037844384,2814.032
2026-04-16 00:00:00,,,,,,,,,0.9679377830240642,-0.2511900638848193,0.2588190451025207,0.9659258262890684,2791.0278
2026-04-16 03:00:00,,,,,,,,,0.9679377830240642,-0.2511900638848193,0.8660254037844386,0.5000000000000001,2478.8643
2026-04-16 06:00:00,,,,,,,,,0.9679377830240642,-0.2511900638848193,0.9659258262890684,-0.2588190451025206,5650.8584
2026-04-16 09:00:00,,,,,,,,,0.9679377830240642,-0.2511900638848193,0.4999999999999999,-0.8660254037844387,10296.386
2026-04-16 12:00:00,,,,,,,,,0.9679377830240642,-0.2511900638848193,-0.2588190451025208,-0.9659258262890684,9200.963
2026-04-16 15:00:00,,,,,,,,,0.9679377830240642,-0.2511900638848193,-0.8660254037844385,-0.5000000000000004,5606.1953
2026-04-16 18:00:00,,,,,,,,,0.9679377830240642,-0.2511900638848193,-0.9659258262890684,0.2588190451025203,1628.2594
2026-04-16 21:00:00,,,,,,,,,0.9679377830240642,-0.2511900638848193,-0.5000000000000004,0.8660254037844384,2814.032
2026-04-17 00:00:00,,,,,,,,,0.9634705485641488,-0.2678143051621742,0.2588190451025207,0.9659258262890684,2791.0278
2026-04-17 03:00:00,,,,,,,,,0.9634705485641488,-0.2678143051621742,0.8660254037844386,0.5000000000000001,2478.8643
2026-04-17 06:00:00,,,,,,,,,0.9634705485641488,-0.2678143051621742,0.9659258262890684,-0.2588190451025206,5650.8584
2026-04-17 09:00:00,,,,,,,,,0.9634705485641488,-0.2678143051621742,0.4999999999999999,-0.8660254037844387,10172.019
2026-04-17 12:00:00,,,,,,,,,0.9634705485641488,-0.2678143051621742,-0.2588190451025208,-0.9659258262890684,9076.596
2026-04-17 15:00:00,,,,,,,,,0.9634705485641488,-0.2678143051621742,-0.8660254037844385,-0.5000000000000004,5481.8286
2026-04-17 18:00:00,,,,,,,,,0.9634705485641488,-0.2678143051621742,-0.9659258262890684,0.2588190451025203,1628.2594
2026-04-17 21:00:00,,,,,,,,,0.9634705485641488,-0.2678143051621742,-0.5000000000000004,0.8660254037844384,2814.032
2026-04-18 00:00:00,,,,,,,,,0.9587178169872964,-0.2843591872810034,0.2588190451025207,0.9659258262890684,2791.0278
2026-04-18 03:00:00,,,,,,,,,0.9587178169872964,-0.2843591872810034,0.8660254037844386,0.5000000000000001,2478.8643
2026-04-18 06:00:00,,,,,,,,,0.9587178169872964,-0.2843591872810034,0.9659258262890684,-0.2588190451025206,5650.8584
2026-04-18 09:00:00,,,,,,,,,0.9587178169872964,-0.2843591872810034,0.4999999999999999,-0.8660254037844387,10172.019
2026-04-18 12:00:00,,,,,,,,,0.9587178169872964,-0.2843591872810034,-0.2588190451025208,-0.9659258262890684,9076.596
2026-04-18 15:00:00,,,,,,,,,0.9587178169872964,-0.2843591872810034,-0.8660254037844385,-0.5000000000000004,5481.8286
2026-04-18 18:00:00,,,,,,,,,0.9587178169872964,-0.2843591872810034,-0.9659258262890684,0.2588190451025203,1628.2594
2026-04-18 21:00:00,,,,,,,,,0.9587178169872964,-0.2843591872810034,-0.5000000000000004,0.8660254037844384,2814.032
2026-04-19 00:00:00,,,,,,,,,0.9536809966304456,-0.3008198076356673,0.2588190451025207,0.9659258262890684,2791.0278
2026-04-19 03:00:00,,,,,,,,,0.9536809966304456,-0.3008198076356673,0.8660254037844386,0.5000000000000001,2478.8643
2026-04-19 06:00:00,,,,,,,,,0.9536809966304456,-0.3008198076356673,0.9659258262890684,-0.2588190451025206,5650.8584
2026-04-19 09:00:00,,,,,,,,,0.9536809966304456,-0.3008198076356673,0.4999999999999999,-0.8660254037844387,10172.019
2026-04-19 12:00:00,,,,,,,,,0.9536809966304456,-0.3008198076356673,-0.2588190451025208,-0.9659258262890684,9076.596
2026-04-19 15:00:00,,,,,,,,,0.9536809966304456,-0.3008198076356673,-0.8660254037844385,-0.5000000000000004,5481.8286
2026-04-19 18:00:00,,,,,,,,,0.9536809966304456,-0.3008198076356673,-0.9659258262890684,0.2588190451025203,1628.2594
2026-04-19 21:00:00,,,,,,,,,0.9536809966304456,-0.3008198076356673,-0.5000000000000004,0.8660254037844384,2814.032
2026-04-20 00:00:00,,,,,,,,,0.9483615800121716,-0.3171912885891061,0.2588190451025207,0.9659258262890684,2791.0278
2026-04-20 03:00:00,,,,,,,,,0.9483615800121716,-0.3171912885891061,0.8660254037844386,0.5000000000000001,2478.8643
2026-04-20 06:00:00,,,,,,,,,0.9483615800121716,-0.3171912885891061,0.9659258262890684,-0.2588190451025206,5650.8584
2026-04-20 09:00:00,,,,,,,,,0.9483615800121716,-0.3171912885891061,0.4999999999999999,-0.8660254037844387,10172.019
2026-04-20 12:00:00,,,,,,,,,0.9483615800121716,-0.3171912885891061,-0.2588190451025208,-0.9659258262890684,9076.596
2026-04-20 15:00:00,,,,,,,,,0.9483615800121716,-0.3171912885891061,-0.8660254037844385,-0.5000000000000004,5481.8286
2026-04-20 18:00:00,,,,,,,,,0.9483615800121716,-0.3171912885891061,-0.9659258262890684,0.2588190451025203,1628.2594
2026-04-20 21:00:00,,,,,,,,,0.9483615800121716,-0.3171912885891061,-0.5000000000000004,0.8660254037844384,2814.032
2026-04-21 00:00:00,,,,,,,,,0.9427611433904208,-0.3334687789181868,0.2588190451025207,0.9659258262890684,2791.0278
2026-04-21 03:00:00,,,,,,,,,0.9427611433904208,-0.3334687789181868,0.8660254037844386,0.5000000000000001,2478.8643
2026-04-21 06:00:00,,,,,,,,,0.9427611433904208,-0.3334687789181868,0.9659258262890684,-0.2588190451025206,5650.8584
2026-04-21 09:00:00,,,,,,,,,0.9427611433904208,-0.3334687789181868,0.4999999999999999,-0.8660254037844387,10172.019
2026-04-21 12:00:00,,,,,,,,,0.9427611433904208,-0.3334687789181868,-0.2588190451025208,-0.9659258262890684,9076.596
2026-04-21 15:00:00,,,,,,,,,0.9427611433904208,-0.3334687789181868,-0.8660254037844385,-0.5000000000000004,5481.8286
2026-04-21 18:00:00,,,,,,,,,0.9427611433904208,-0.3334687789181868,-0.9659258262890684,0.2588190451025203,1628.2594
2026-04-21 21:00:00,,,,,,,,,0.9427611433904208,-0.3334687789181868,-0.5000000000000004,0.8660254037844384,2814.032
2026-04-22 00:00:00,,,,,,,,,0.9368813462954316,-0.3496474552512284,0.2588190451025207,0.9659258262890684,2791.0278
2026-04-22 03:00:00,,,,,,,,,0.9368813462954316,-0.3496474552512284,0.8660254037844386,0.5000000000000001,2478.8643
2026-04-22 06:00:00,,,,,,,,,0.9368813462954316,-0.3496474552512284,0.9659258262890684,-0.2588190451025206,5650.8584
2026-04-22 09:00:00,,,,,,,,,0.9368813462954316,-0.3496474552512284,0.4999999999999999,-0.8660254037844387,10172.019
2026-04-22 12:00:00,,,,,,,,,0.9368813462954316,-0.3496474552512284,-0.2588190451025208,-0.9659258262890684,9076.596
2026-04-22 15:00:00,,,,,,,,,0.9368813462954316,-0.3496474552512284,-0.8660254037844385,-0.5000000000000004,5481.8286
2026-04-22 18:00:00,,,,,,,,,0.9368813462954316,-0.3496474552512284,-0.9659258262890684,0.2588190451025203,1628.2594
2026-04-22 21:00:00,,,,,,,,,0.9368813462954316,-0.3496474552512284,-0.5000000000000004,0.8660254037844384,2814.032
2026-04-23 00:00:00,,,,,,,,,0.9307239310379796,-0.3657225234972689,0.2588190451025207,0.9659258262890684,2791.0278
2026-04-23 03:00:00,,,,,,,,,0.9307239310379796,-0.3657225234972689,0.8660254037844386,0.5000000000000001,2478.8643
2026-04-23 06:00:00,,,,,,,,,0.9307239310379796,-0.3657225234972689,0.9659258262890684,-0.2588190451025206,5650.8584
2026-04-23 09:00:00,,,,,,,,,0.9307239310379796,-0.3657225234972689,0.4999999999999999,-0.8660254037844387,10172.019
2026-04-23 12:00:00,,,,,,,,,0.9307239310379796,-0.3657225234972689,-0.2588190451025208,-0.9659258262890684,9076.596
2026-04-23 15:00:00,,,,,,,,,0.9307239310379796,-0.3657225234972689,-0.8660254037844385,-0.5000000000000004,5481.8286
2026-04-23 18:00:00,,,,,,,,,0.9307239310379796,-0.3657225234972689,-0.9659258262890684,0.2588190451025203,1628.2594
2026-04-23 21:00:00,,,,,,,,,0.9307239310379796,-0.3657225234972689,-0.5000000000000004,0.8660254037844384,2814.032
2026-04-24 00:00:00,,,,,,,,,0.9242907221930932,-0.3816892202666588,0.2588190451025207,0.9659258262890684,4102.129
2026-04-24 03:00:00,,,,,,,,,0.9242907221930932,-0.3816892202666588,0.8660254037844386,0.5000000000000001,3789.965
2026-04-24 06:00:00,,,,,,,,,0.9242907221930932,-0.3816892202666588,0.9659258262890684,-0.2588190451025206,6961.959
2026-04-24 09:00:00,,,,,,,,,0.9242907221930932,-0.3816892202666588,0.4999999999999999,-0.8660254037844387,11255.26
2026-04-24 12:00:00,,,,,,,,,0.9242907221930932,-0.3816892202666588,-0.2588190451025208,-0.9659258262890684,10159.837
2026-04-24 15:00:00,,,,,,,,,0.9242907221930932,-0.3816892202666588,-0.8660254037844385,-0.5000000000000004,6792.929
2026-04-24 18:00:00,,,,,,,,,0.9242907221930932,-0.3816892202666588,-0.9659258262890684,0.2588190451025203,2939.3599
2026-04-24 21:00:00,,,,,,,,,0.9242907221930932,-0.3816892202666588,-0.5000000000000004,0.8660254037844384,4125.1333
2026-04-25 00:00:00,,,,,,,,,0.9175836260593936,-0.3975428142825559,0.2588190451025207,0.9659258262890684,4102.129
2026-04-25 03:00:00,,,,,,,,,0.9175836260593936,-0.3975428142825559,0.8660254037844386,0.5000000000000001,3789.965
2026-04-25 06:00:00,,,,,,,,,0.9175836260593936,-0.3975428142825559,0.9659258262890684,-0.2588190451025206,6961.959
2026-04-25 09:00:00,,,,,,,,,0.9175836260593936,-0.3975428142825559,0.4999999999999999,-0.8660254037844387,11255.26
2026-04-25 12:00:00,,,,,,,,,0.9175836260593936,-0.3975428142825559,-0.2588190451025208,-0.9659258262890684,10159.837
2026-04-25 15:00:00,,,,,,,,,0.9175836260593936,-0.3975428142825559,-0.8660254037844385,-0.5000000000000004,6792.929
2026-04-25 18:00:00,,,,,,,,,0.9175836260593936,-0.3975428142825559,-0.9659258262890684,0.2588190451025203,2939.3599
2026-04-25 21:00:00,,,,,,,,,0.9175836260593936,-0.3975428142825559,-0.5000000000000004,0.8660254037844384,4125.1333
2026-04-26 00:00:00,,,,,,,,,0.9106046300942162,-0.4132786077829042,0.2588190451025207,0.9659258262890684,4077.5393
2026-04-26 03:00:00,,,,,,,,,0.9106046300942162,-0.4132786077829042,0.8660254037844386,0.5000000000000001,3765.3757
2026-04-26 06:00:00,,,,,,,,,0.9106046300942162,-0.4132786077829042,0.9659258262890684,-0.2588190451025206,6937.37
2026-04-26 09:00:00,,,,,,,,,0.9106046300942162,-0.4132786077829042,0.4999999999999999,-0.8660254037844387,11120.334
2026-04-26 12:00:00,,,,,,,,,0.9106046300942162,-0.4132786077829042,-0.2588190451025208,-0.9659258262890684,10024.911
2026-04-26 15:00:00,,,,,,,,,0.9106046300942162,-0.4132786077829042,-0.8660254037844385,-0.5000000000000004,6658.0034
2026-04-26 18:00:00,,,,,,,,,0.9106046300942162,-0.4132786077829042,-0.9659258262890684,0.2588190451025203,2914.7705
2026-04-26 21:00:00,,,,,,,,,0.9106046300942162,-0.4132786077829042,-0.5000000000000004,0.8660254037844384,4100.5435
2026-04-27 00:00:00,,,,,,,,,0.9033558023246844,-0.4288919379124835,0.2588190451025207,0.9659258262890684,4077.5393
2026-04-27 03:00:00,,,,,,,,,0.9033558023246844,-0.4288919379124835,0.8660254037844386,0.5000000000000001,3765.3757
2026-04-27 06:00:00,,,,,,,,,0.9033558023246844,-0.4288919379124835,0.9659258262890684,-0.2588190451025206,6558.62
2026-04-27 09:00:00,,,,,,,,,0.9033558023246844,-0.4288919379124835,0.4999999999999999,-0.8660254037844387,11120.334
2026-04-27 12:00:00,,,,,,,,,0.9033558023246844,-0.4288919379124835,-0.2588190451025208,-0.9659258262890684,10024.911
2026-04-27 15:00:00,,,,,,,,,0.9033558023246844,-0.4288919379124835,-0.8660254037844385,-0.5000000000000004,6658.0034
2026-04-27 18:00:00,,,,,,,,,0.9033558023246844,-0.4288919379124835,-0.9659258262890684,0.2588190451025203,2914.7705
2026-04-27 21:00:00,,,,,,,,,0.9033558023246844,-0.4288919379124835,-0.5000000000000004,0.8660254037844384,4100.5435
2026-04-28 00:00:00,,,,,,,,,0.895839290734909,-0.4443781781046132,0.2588190451025207,0.9659258262890684,4077.5393
2026-04-28 03:00:00,,,,,,,,,0.895839290734909,-0.4443781781046132,0.8660254037844386,0.5000000000000001,3765.3757
2026-04-28 06:00:00,,,,,,,,,0.895839290734909,-0.4443781781046132,0.9659258262890684,-0.2588190451025206,6558.62
2026-04-28 09:00:00,,,,,,,,,0.895839290734909,-0.4443781781046132,0.4999999999999999,-0.8660254037844387,11120.334
2026-04-28 12:00:00,,,,,,,,,0.895839290734909,-0.4443781781046132,-0.2588190451025208,-0.9659258262890684,10024.911
2026-04-28 15:00:00,,,,,,,,,0.895839290734909,-0.4443781781046132,-0.8660254037844385,-0.5000000000000004,6658.0034
2026-04-28 18:00:00,,,,,,,,,0.895839290734909,-0.4443781781046132,-0.9659258262890684,0.2588190451025203,2914.7705
2026-04-28 21:00:00,,,,,,,,,0.895839290734909,-0.4443781781046132,-0.5000000000000004,0.8660254037844384,4100.5435
2026-04-29 00:00:00,,,,,,,,,0.8880573226294932,-0.4597327394521039,0.2588190451025207,0.9659258262890684,4277.1934
2026-04-29 03:00:00,,,,,,,,,0.8880573226294932,-0.4597327394521039,0.8660254037844386,0.5000000000000001,3965.03
2026-04-29 06:00:00,,,,,,,,,0.8880573226294932,-0.4597327394521039,0.9659258262890684,-0.2588190451025206,6758.2744
2026-04-29 09:00:00,,,,,,,,,0.8880573226294932,-0.4597327394521039,0.4999999999999999,-0.8660254037844387,11319.987
2026-04-29 12:00:00,,,,,,,,,0.8880573226294932,-0.4597327394521039,-0.2588190451025208,-0.9659258262890684,10224.564
2026-04-29 15:00:00,,,,,,,,,0.8880573226294932,-0.4597327394521039,-0.8660254037844385,-0.5000000000000004,7397.7163
2026-04-29 18:00:00,,,,,,,,,0.8880573226294932,-0.4597327394521039,-0.9659258262890684,0.2588190451025203,3114.4248
2026-04-29 21:00:00,,,,,,,,,0.8880573226294932,-0.4597327394521039,-0.5000000000000004,0.8660254037844384,4300.1978
2026-04-30 00:00:00,,,,,,,,,0.8800122039735357,-0.4749510720670499,0.2588190451025207,0.9659258262890684,3232.1824
2026-04-30 03:00:00,,,,,,,,,0.8800122039735357,-0.4749510720670499,0.8660254037844386,0.5000000000000001,2920.0188
2026-04-30 06:00:00,,,,,,,,,0.8800122039735357,-0.4749510720670499,0.9659258262890684,-0.2588190451025206,5646.5127
2026-04-30 09:00:00,,,,,,,,,0.8800122039735357,-0.4749510720670499,0.4999999999999999,-0.8660254037844387,10274.978
2026-04-30 12:00:00,,,,,,,,,0.8800122039735357,-0.4749510720670499,-0.2588190451025208,-0.9659258262890684,9179.555
2026-04-30 15:00:00,,,,,,,,,0.8800122039735357,-0.4749510720670499,-0.8660254037844385,-0.5000000000000004,5196.294
2026-04-30 18:00:00,,,,,,,,,0.8800122039735357,-0.4749510720670499,-0.9659258262890684,0.2588190451025203,1908.1279
2026-04-30 21:00:00,,,,,,,,,0.8800122039735357,-0.4749510720670499,-0.5000000000000004,0.8660254037844384,3255.1865
