Is Daylight,Distance to Solar Noon,Average Temperature (Day),Average Wind Direction (Day),Sky Cover,Relative Humidity,Average Wind Speed (Period),Average Barometric Pressure (Period),Power Generated,day_of_year_sin,day_of_year_cos,hour_sin,hour_cos
0,0.859897172,69,28,0,75,8.0,29.82,0,-0.8800122039735356,-0.4749510720670502,0.2588190451025207,0.9659258262890684
0,0.628534704,69,28,0,77,5.0,29.85,0,-0.8800122039735356,-0.4749510720670502,0.8660254037844386,0.5000000000000001
1,0.397172237,69,28,0,70,0.0,29.89,5418,-0.8800122039735356,-0.4749510720670502,0.9659258262890684,-0.2588190451025206
1,0.165809769,69,28,0,33,0.0,29.91,25477,-0.8800122039735356,-0.4749510720670502,0.4999999999999999,-0.8660254037844387
1,0.065552699,69,28,0,21,3.0,29.89,30069,-0.8800122039735356,-0.4749510720670502,-0.2588190451025208,-0.9659258262890684
1,0.296915167,69,28,0,20,23.0,29.85,16280,-0.8800122039735356,-0.4749510720670502,-0.8660254037844385,-0.5000000000000004
1,0.528277635,69,28,0,36,15.0,29.83,515,-0.8800122039735356,-0.4749510720670502,-0.9659258262890684,0.2588190451025203
0,0.759640103,69,28,0,49,6.0,29.86,0,-0.8800122039735356,-0.4749510720670502,-0.5000000000000004,0.8660254037844384
0,0.862113402,72,29,0,67,6.0,29.86,0,-0.888057322629493,-0.4597327394521046,0.2588190451025207,0.9659258262890684
0,0.630154639,72,29,0,49,0.0,29.87,0,-0.888057322629493,-0.4597327394521046,0.8660254037844386,0.5000000000000001
1,0.398195876,72,29,0,54,0.0,29.9,4939,-0.888057322629493,-0.4597327394521046,0.9659258262890684,-0.2588190451025206
1,0.166237113,72,29,0,64,0.0,29.92,24335,-0.888057322629493,-0.4597327394521046,0.4999999999999999,-0.8660254037844387
1,0.065721649,72,29,0,23,9.0,29.88,29025,-0.888057322629493,-0.4597327394521046,-0.2588190451025208,-0.9659258262890684
1,0.297680412,72,29,0,30,18.0,29.84,15408,-0.888057322629493,-0.4597327394521046,-0.8660254037844385,-0.5000000000000004
1,0.529639175,72,29,0,65,11.0,29.84,491,-0.888057322629493,-0.4597327394521046,-0.9659258262890684,0.2588190451025203
0,0.761597938,72,29,0,75,5.0,29.85,0,-0.888057322629493,-0.4597327394521046,-0.5000000000000004,0.8660254037844384
0,0.86545925,73,29,0,72,6.0,29.84,0,-0.8958392907349089,-0.4443781781046134,0.2588190451025207,0.9659258262890684
0,0.632600259,73,29,0,78,6.0,29.86,0,-0.8958392907349089,-0.4443781781046134,0.8660254037844386,0.5000000000000001
1,0.399741268,73,29,0,63,0.0,29.88,4854,-0.8958392907349089,-0.4443781781046134,0.9659258262890684,-0.2588190451025206
1,0.166882277,73,29,0,69,3.0,29.88,23855,-0.8958392907349089,-0.4443781781046134,0.4999999999999999,-0.8660254037844387
1,0.065976714,73,29,0,33,10.0,29.84,28339,-0.8958392907349089,-0.4443781781046134,-0.2588190451025208,-0.9659258262890684
1,0.298835705,73,29,0,27,20.0,29.81,15308,-0.8958392907349089,-0.4443781781046134,-0.8660254037844385,-0.5000000000000004
1,0.531694696,73,29,0,53,14.0,29.81,455,-0.8958392907349089,-0.4443781781046134,-0.9659258262890684,0.2588190451025203
0,0.764553687,73,29,0,70,6.0,29.85,0,-0.8958392907349089,-0.4443781781046134,-0.5000000000000004,0.8660254037844384
0,0.86770428,76,30,0,73,0.0,29.83,0,-0.9033558023246842,-0.4288919379124841,0.2588190451025207,0.9659258262890684
0,0.634241245,76,30,0,78,6.0,29.82,0,-0.9033558023246842,-0.4288919379124841,0.8660254037844386,0.5000000000000001
1,0.40077821,76,30,0,70,0.0,29.84,4750,-0.9033558023246842,-0.4288919379124841,0.9659258262890684,-0.2588190451025206
1,0.167315175,76,30,0,64,3.0,29.85,23555,-0.9033558023246842,-0.4288919379124841,0.4999999999999999,-0.8660254037844387
1,0.06614786,76,30,0,62,6.0,29.79,27741,-0.9033558023246842,-0.4288919379124841,-0.2588190451025208,-0.9659258262890684
1,0.299610895,76,30,0,30,15.0,29.75,14917,-0.9033558023246842,-0.4288919379124841,-0.8660254037844385,-0.5000000000000004
1,0.53307393,76,30,0,27,17.0,29.74,429,-0.9033558023246842,-0.4288919379124841,-0.9659258262890684,0.2588190451025203
0,0.766536965,76,30,0,33,5.0,29.77,0,-0.9033558023246842,-0.4288919379124841,-0.5000000000000004,0.8660254037844384
0,0.869791667,77,29,0,53,3.0,29.77,0,-0.9106046300942162,-0.4132786077829044,0.2588190451025207,0.9659258262890684
0,0.635416667,77,29,0,70,7.0,29.76,0,-0.9106046300942162,-0.4132786077829044,0.8660254037844386,0.5000000000000001
1,0.401041667,77,29,0,61,0.0,29.8,4804,-0.9106046300942162,-0.4132786077829044,0.9659258262890684,-0.2588190451025206
1,0.166666667,77,29,0,64,3.0,29.82,23551,-0.9106046300942162,-0.4132786077829044,0.4999999999999999,-0.8660254037844387
1,0.067708333,77,29,0,49,5.0,29.78,27963,-0.9106046300942162,-0.4132786077829044,-0.2588190451025208,-0.9659258262890684
1,0.302083333,77,29,0,19,22.0,29.75,14980,-0.9106046300942162,-0.4132786077829044,-0.8660254037844385,-0.5000000000000004
1,0.536458333,77,29,0,51,15.0,29.76,423,-0.9106046300942162,-0.4132786077829044,-0.9659258262890684,0.2588190451025203
0,0.770833333,77,29,0,37,8.0,29.79,0,-0.9106046300942162,-0.4132786077829044,-0.5000000000000004,0.8660254037844384
0,0.870925684,75,30,1,57,6.0,29.78,0,-0.9175836260593934,-0.3975428142825566,0.2588190451025207,0.9659258262890684
0,0.636245111,75,30,1,73,3.0,29.78,0,-0.9175836260593934,-0.3975428142825566,0.8660254037844386,0.5000000000000001
1,0.401564537,75,30,1,52,3.0,29.81,4562,-0.9175836260593934,-0.3975428142825566,0.9659258262890684,-0.2588190451025206
1,0.166883963,75,30,1,66,3.0,29.82,22761,-0.9175836260593934,-0.3975428142825566,0.4999999999999999,-0.8660254037844387
1,0.06779661,75,30,0,29,16.0,29.79,28193,-0.9175836260593934,-0.3975428142825566,-0.2588190451025208,-0.9659258262890684
1,0.302477184,75,30,0,39,18.0,29.75,14835,-0.9175836260593934,-0.3975428142825566,-0.8660254037844385,-0.5000000000000004
1,0.537157757,75,30,0,57,14.0,29.74,375,-0.9175836260593934,-0.3975428142825566,-0.9659258262890684,0.2588190451025203
0,0.771838331,75,30,0,65,8.0,29.76,0,-0.9175836260593934,-0.3975428142825566,-0.5000000000000004,0.8660254037844384
0,0.873036649,62,29,1,81,8.0,29.76,0,-0.9242907221930934,-0.3816892202666586,0.2588190451025207,0.9659258262890684
0,0.637434555,62,29,1,87,7.0,29.74,0,-0.9242907221930934,-0.3816892202666586,0.8660254037844386,0.5000000000000001
1,0.401832461,62,29,1,84,8.0,29.76,2963,-0.9242907221930934,-0.3816892202666586,0.9659258262890684,-0.2588190451025206
1,0.166230366,62,29,1,68,14.0,29.77,24553,-0.9242907221930934,-0.3816892202666586,0.4999999999999999,-0.8660254037844387
1,0.069371728,62,29,1,61,22.0,29.73,29986,-0.9242907221930934,-0.3816892202666586,-0.2588190451025208,-0.9659258262890684
1,0.304973822,62,29,1,70,25.0,29.71,15403,-0.9242907221930934,-0.3816892202666586,-0.8660254037844385,-0.5000000000000004
1,0.540575916,62,29,1,87,22.0,29.73,379,-0.9242907221930934,-0.3816892202666586,-0.9659258262890684,0.2588190451025203
0,0.77617801,62,29,1,90,13.0,29.75,0,-0.9242907221930934,-0.3816892202666586,-0.5000000000000004,0.8660254037844384
0,0.875328084,64,31,3,90,7.0,29.76,0,-0.9307239310379792,-0.3657225234972692,0.2588190451025207,0.9659258262890684
0,0.639107612,64,31,4,87,5.0,29.75,0,-0.9307239310379792,-0.3657225234972692,0.8660254037844386,0.5000000000000001
1,0.402887139,64,31,4,87,0.0,29.77,249,-0.9307239310379792,-0.3657225234972692,0.9659258262890684,-0.2588190451025206
1,0.166666667,64,31,1,73,5.0,29.78,9910,-0.9307239310379792,-0.3657225234972692,0.4999999999999999,-0.8660254037844387
1,0.069553806,64,31,1,59,10.0,29.75,28515,-0.9307239310379792,-0.3657225234972692,-0.2588190451025208,-0.9659258262890684
1,0.305774278,64,31,1,61,14.0,29.7,17490,-0.9307239310379792,-0.3657225234972692,-0.8660254037844385,-0.5000000000000004
1,0.541994751,64,31,1,73,6.0,29.72,773,-0.9307239310379792,-0.3657225234972692,-0.9659258262890684,0.2588190451025203
0,0.778215223,64,31,1,87,6.0,29.75,0,-0.9307239310379792,-0.3657225234972692,-0.5000000000000004,0.8660254037844384
0,0.878787879,63,21,3,84,7.0,29.76,0,-0.9368813462954316,-0.3496474552512282,0.2588190451025207,0.9659258262890684
0,0.641633729,63,21,3,78,7.0,29.75,0,-0.9368813462954316,-0.3496474552512282,0.8660254037844386,0.5000000000000001
1,0.404479578,63,21,4,81,8.0,29.78,65,-0.9368813462954316,-0.3496474552512282,0.9659258262890684,-0.2588190451025206
1,0.167325428,63,21,4,73,5.0,29.8,5219,-0.9368813462954316,-0.3496474552512282,0.4999999999999999,-0.8660254037844387
1,0.069828722,63,21,1,63,15.0,29.76,10789,-0.9368813462954316,-0.3496474552512282,-0.2588190451025208,-0.9659258262890684
1,0.306982872,63,21,1,68,20.0,29.74,5208,-0.9368813462954316,-0.3496474552512282,-0.8660254037844385,-0.5000000000000004
1,0.544137022,63,21,1,78,7.0,29.74,60,-0.9368813462954316,-0.3496474552512282,-0.9659258262890684,0.2588190451025203
0,0.781291173,63,21,3,81,13.0,29.76,0,-0.9368813462954316,-0.3496474552512282,-0.5000000000000004,0.8660254037844384
0,0.880952381,64,28,3,81,7.0,29.76,0,-0.9427611433904206,-0.333468778918187,0.2588190451025207,0.9659258262890684
0,0.642857143,64,28,4,81,7.0,29.77,0,-0.9427611433904206,-0.333468778918187,0.8660254037844386,0.5000000000000001
1,0.404761905,64,28,4,78,7.0,29.8,1346,-0.9427611433904206,-0.333468778918187,0.9659258262890684,-0.2588190451025206
1,0.166666667,64,28,3,68,3.0,29.84,18380,-0.9427611433904206,-0.333468778918187,0.4999999999999999,-0.8660254037844387
1,0.071428571,64,28,1,59,16.0,29.81,28891,-0.9427611433904206,-0.333468778918187,-0.2588190451025208,-0.9659258262890684
1,0.30952381,64,28,1,63,18.0,29.8,14687,-0.9427611433904206,-0.333468778918187,-0.8660254037844385,-0.5000000000000004
1,0.547619048,64,28,1,81,15.0,29.82,345,-0.9427611433904206,-0.333468778918187,-0.9659258262890684,0.2588190451025203
0,0.785714286,64,28,1,84,8.0,29.85,0,-0.9427611433904206,-0.333468778918187,-0.5000000000000004,0.8660254037844384
0,0.883289125,61,29,2,87,10.0,29.85,0,-0.9483615800121716,-0.3171912885891059,0.2588190451025207,0.9659258262890684
0,0.644562334,61,29,4,87,3.0,29.85,0,-0.9483615800121716,-0.3171912885891059,0.8660254037844386,0.5000000000000001
1,0.405835544,61,29,4,84,3.0,29.87,292,-0.9483615800121716,-0.3171912885891059,0.9659258262890684,-0.2588190451025206
1,0.167108753,61,29,2,73,3.0,29.87,10767,-0.9483615800121716,-0.3171912885891059,0.4999999999999999,-0.8660254037844387
1,0.071618037,61,29,1,68,21.0,29.84,27641,-0.9483615800121716,-0.3171912885891059,-0.2588190451025208,-0.9659258262890684
1,0.310344828,61,29,1,75,23.0,29.81,13835,-0.9483615800121716,-0.3171912885891059,-0.8660254037844385,-0.5000000000000004
1,0.549071618,61,29,1,87,18.0,29.83,145,-0.9483615800121716,-0.3171912885891059,-0.9659258262890684,0.2588190451025203
0,0.787798408,61,29,1,87,10.0,29.86,0,-0.9483615800121716,-0.3171912885891059,-0.5000000000000004,0.8660254037844384
0,0.886817577,60,28,3,90,13.0,29.87,0,-0.9536809966304456,-0.300819807635668,0.2588190451025207,0.9659258262890684
0,0.64713715,60,28,3,83,8.0,29.87,0,-0.9536809966304456,-0.300819807635668,0.8660254037844386,0.5000000000000001
1,0.407456724,60,28,4,86,5.0,29.9,229,-0.9536809966304456,-0.300819807635668,0.9659258262890684,-0.2588190451025206
1,0.167776298,60,28,4,81,7.0,29.93,4349,-0.9536809966304456,-0.300819807635668,0.4999999999999999,-0.8660254037844387
1,0.071904128,60,28,1,68,16.0,29.88,19126,-0.9536809966304456,-0.300819807635668,-0.2588190451025208,-0.9659258262890684
1,0.311584554,60,28,1,73,21.0,29.85,14692,-0.9536809966304456,-0.300819807635668,-0.8660254037844385,-0.5000000000000004
1,0.55126498,60,28,3,80,13.0,29.88,436,-0.9536809966304456,-0.300819807635668,-0.9659258262890684,0.2588190451025203
0,0.790945406,60,28,3,86,9.0,29.9,0,-0.9536809966304456,-0.300819807635668,-0.5000000000000004,0.8660254037844384
0,0.886666667,61,29,3,80,8.0,29.9,0,-0.9587178169872964,-0.2843591872810036,0.2588190451025207,0.9659258262890684
0,0.646666667,61,29,4,80,6.0,29.87,0,-0.9587178169872964,-0.2843591872810036,0.8660254037844386,0.5000000000000001
1,0.406666667,61,29,4,83,5.0,29.9,408,-0.9587178169872964,-0.2843591872810036,0.9659258262890684,-0.2588190451025206
1,0.166666667,61,29,4,72,3.0,29.93,11376,-0.9587178169872964,-0.2843591872810036,0.4999999999999999,-0.8660254037844387
1,0.073333333,61,29,2,61,16.0,29.89,28611,-0.9587178169872964,-0.2843591872810036,-0.2588190451025208,-0.9659258262890684
1,0.313333333,61,29,2,65,17.0,29.86,14587,-0.9587178169872964,-0.2843591872810036,-0.8660254037844385,-0.5000000000000004
1,0.553333333,61,29,1,81,14.0,29.89,239,-0.9587178169872964,-0.2843591872810036,-0.9659258262890684,0.2588190451025203
0,0.793333333,61,29,1,83,7.0,29.93,0,-0.9587178169872964,-0.2843591872810036,-0.5000000000000004,0.8660254037844384
0,0.890227577,62,29,4,83,5.0,29.94,0,-0.9634705485641486,-0.2678143051621748,0.2588190451025207,0.9659258262890684
0,0.649263722,62,29,4,87,3.0,29.94,0,-0.9634705485641486,-0.2678143051621748,0.8660254037844386,0.5000000000000001
1,0.408299866,62,29,4,84,5.0,29.97,250,-0.9634705485641486,-0.2678143051621748,0.9659258262890684,-0.2588190451025206
1,0.167336011,62,29,3,73,7.0,30.0,15149,-0.9634705485641486,-0.2678143051621748,0.4999999999999999,-0.8660254037844387
1,0.073627845,62,29,1,63,15.0,29.96,28581,-0.9634705485641486,-0.2678143051621748,-0.2588190451025208,-0.9659258262890684
1,0.3145917,62,29,1,68,21.0,29.94,13787,-0.9634705485641486,-0.2678143051621748,-0.8660254037844385,-0.5000000000000004
1,0.555555556,62,29,1,78,18.0,29.97,218,-0.9634705485641486,-0.2678143051621748,-0.9659258262890684,0.2588190451025203
0,0.796519411,62,29,1,83,13.0,29.99,0,-0.9634705485641486,-0.2678143051621748,-0.5000000000000004,0.8660254037844384
0,0.89261745,60,28,3,86,9.0,29.99,0,-0.9679377830240642,-0.2511900638848195,0.2588190451025207,0.9659258262890684
0,0.651006711,60,28,4,87,7.0,29.97,0,-0.9679377830240642,-0.2511900638848195,0.8660254037844386,0.5000000000000001
1,0.409395973,60,28,4,90,7.0,30.01,413,-0.9679377830240642,-0.2511900638848195,0.9659258262890684,-0.2588190451025206
1,0.167785235,60,28,3,78,5.0,30.01,17412,-0.9679377830240642,-0.2511900638848195,0.4999999999999999,-0.8660254037844387
1,0.073825503,60,28,1,63,16.0,29.95,28239,-0.9679377830240642,-0.2511900638848195,-0.2588190451025208,-0.9659258262890684
1,0.315436242,60,28,1,70,22.0,29.92,13397,-0.9679377830240642,-0.2511900638848195,-0.8660254037844385,-0.5000000000000004
1,0.55704698,60,28,1,83,18.0,29.94,193,-0.9679377830240642,-0.2511900638848195,-0.9659258262890684,0.2588190451025203
0,0.798657718,60,28,1,90,13.0,29.96,0,-0.9679377830240642,-0.2511900638848195,-0.5000000000000004,0.8660254037844384
0,0.894878706,59,28,2,90,11.0,29.97,0,-0.9721181966290612,-0.2344913895704105,0.2588190451025207,0.9659258262890684
0,0.652291105,59,28,3,83,9.0,29.96,0,-0.9721181966290612,-0.2344913895704105,0.8660254037844386,0.5000000000000001
1,0.409703504,59,28,4,83,9.0,29.97,685,-0.9721181966290612,-0.2344913895704105,0.9659258262890684,-0.2588190451025206
1,0.167115903,59,28,3,72,7.0,29.98,16170,-0.9721181966290612,-0.2344913895704105,0.4999999999999999,-0.8660254037844387
1,0.075471698,59,28,1,63,21.0,29.94,28148,-0.9721181966290612,-0.2344913895704105,-0.2588190451025208,-0.9659258262890684
1,0.318059299,59,28,2,67,20.0,29.92,13455,-0.9721181966290612,-0.2344913895704105,-0.8660254037844385,-0.5000000000000004
1,0.5606469,59,28,1,80,14.0,29.95,198,-0.9721181966290612,-0.2344913895704105,-0.9659258262890684,0.2588190451025203
0,0.803234501,59,28,2,78,11.0,29.99,0,-0.9721181966290612,-0.2344913895704105,-0.5000000000000004,0.8660254037844384
0,0.897297297,62,24,4,75,10.0,30.0,0,-0.9760105506323682,-0.2177232303965322,0.2588190451025207,0.9659258262890684
0,0.654054054,62,24,4,72,7.0,29.99,0,-0.9760105506323682,-0.2177232303965322,0.8660254037844386,0.5000000000000001
1,0.410810811,62,24,4,70,3.0,30.03,332,-0.9760105506323682,-0.2177232303965322,0.9659258262890684,-0.2588190451025206
1,0.167567568,62,24,4,63,10.0,30.07,5866,-0.9760105506323682,-0.2177232303965322,0.4999999999999999,-0.8660254037844387
1,0.075675676,62,24,2,52,10.0,30.04,22094,-0.9760105506323682,-0.2177232303965322,-0.2588190451025208,-0.9659258262890684
1,0.318918919,62,24,0,54,17.0,30.01,13893,-0.9760105506323682,-0.2177232303965322,-0.8660254037844385,-0.5000000000000004
1,0.562162162,62,24,0,70,9.0,30.0,154,-0.9760105506323682,-0.2177232303965322,-0.9659258262890684,0.2588190451025203
0,0.805405405,62,24,0,72,6.0,30.01,0,-0.9760105506323682,-0.2177232303965322,-0.5000000000000004,0.8660254037844384
0,0.900949796,60,26,1,78,6.0,30.01,0,-0.97961369164549,-0.2008905551306352,0.2588190451025207,0.9659258262890684
0,0.656716418,60,26,1,86,0.0,29.99,0,-0.97961369164549,-0.2008905551306352,0.8660254037844386,0.5000000000000001
1,0.412483039,60,26,1,83,0.0,30.02,4342,-0.97961369164549,-0.2008905551306352,0.9659258262890684,-0.2588190451025206
1,0.168249661,60,26,1,56,10.0,30.05,24175,-0.97961369164549,-0.2008905551306352,0.4999999999999999,-0.8660254037844387
1,0.075983718,60,26,0,49,15.0,30.02,29378,-0.97961369164549,-0.2008905551306352,-0.2588190451025208,-0.9659258262890684
1,0.320217096,60,26,0,51,15.0,29.98,13686,-0.97961369164549,-0.2008905551306352,-0.8660254037844385,-0.5000000000000004
1,0.564450475,60,26,1,65,8.0,29.96,112,-0.97961369164549,-0.2008905551306352,-0.9659258262890684,0.2588190451025203
0,0.808683853,60,26,0,67,6.0,29.98,0,-0.97961369164549,-0.2008905551306352,-0.5000000000000004,0.8660254037844384
0,0.902040816,63,21,1,78,3.0,29.99,0,-0.9829265519799822,-0.1839983516576798,0.2588190451025207,0.9659258262890684
0,0.657142857,63,21,1,80,5.0,29.98,0,-0.9829265519799822,-0.1839983516576798,0.8660254037844386,0.5000000000000001
1,0.412244898,63,21,1,80,3.0,29.99,4232,-0.9829265519799822,-0.1839983516576798,0.9659258262890684,-0.2588190451025206
1,0.167346939,63,21,1,63,9.0,30.0,22783,-0.9829265519799822,-0.1839983516576798,0.4999999999999999,-0.8660254037844387
1,0.07755102,63,21,3,61,9.0,29.98,24479,-0.9829265519799822,-0.1839983516576798,-0.2588190451025208,-0.9659258262890684
1,0.32244898,63,21,4,63,10.0,29.97,1628,-0.9829265519799822,-0.1839983516576798,-0.8660254037844385,-0.5000000000000004
1,0.567346939,63,21,4,81,11.0,29.98,0,-0.9829265519799822,-0.1839983516576798,-0.9659258262890684,0.2588190451025203
0,0.812244898,63,21,3,81,6.0,29.99,0,-0.9829265519799822,-0.1839983516576798,-0.5000000000000004,0.8660254037844384
0,0.904502046,65,28,4,87,8.0,30.01,0,-0.9859481499638304,-0.1670516255021195,0.2588190451025207,0.9659258262890684
0,0.65893588,65,28,4,90,8.0,30.01,0,-0.9859481499638304,-0.1670516255021195,0.8660254037844386,0.5000000000000001
1,0.413369714,65,28,4,84,6.0,30.03,650,-0.9859481499638304,-0.1670516255021195,0.9659258262890684,-0.2588190451025206
1,0.167803547,65,28,4,70,9.0,30.05,9141,-0.9859481499638304,-0.1670516255021195,0.4999999999999999,-0.8660254037844387
1,0.077762619,65,28,2,63,11.0,30.03,25527,-0.9859481499638304,-0.1670516255021195,-0.2588190451025208,-0.9659258262890684
1,0.323328786,65,28,3,75,15.0,30.01,12847,-0.9859481499638304,-0.1670516255021195,-0.8660254037844385,-0.5000000000000004
1,0.568894952,65,28,4,87,14.0,30.0,122,-0.9859481499638304,-0.1670516255021195,-0.9659258262890684,0.2588190451025203
0,0.814461119,65,28,3,87,15.0,30.0,0,-0.9859481499638304,-0.1670516255021195,-0.5000000000000004,0.8660254037844384
0,0.906849315,63,27,3,87,8.0,29.97,0,-0.9886775902323404,-0.1500553983446526,0.2588190451025207,0.9659258262890684
0,0.660273973,63,27,3,81,13.0,29.96,0,-0.9886775902323404,-0.1500553983446526,0.8660254037844386,0.5000000000000001
1,0.41369863,63,27,4,84,8.0,29.98,997,-0.9886775902323404,-0.1500553983446526,0.9659258262890684,-0.2588190451025206
1,0.167123288,63,27,2,70,10.0,29.99,12786,-0.9886775902323404,-0.1500553983446526,0.4999999999999999,-0.8660254037844387
1,0.079452055,63,27,2,65,20.0,29.97,28277,-0.9886775902323404,-0.1500553983446526,-0.2588190451025208,-0.9659258262890684
1,0.326027397,63,27,2,70,24.0,29.96,12816,-0.9886775902323404,-0.1500553983446526,-0.8660254037844385,-0.5000000000000004
1,0.57260274,63,27,1,78,16.0,29.94,81,-0.9886775902323404,-0.1500553983446526,-0.9659258262890684,0.2588190451025203
0,0.819178082,63,27,1,84,11.0,29.96,0,-0.9886775902323404,-0.1500553983446526,-0.5000000000000004,0.8660254037844384
0,0.909340659,66,29,1,87,0.0,29.96,0,-0.9911140639934546,-0.1330147065341963,0.2588190451025207,0.9659258262890684
0,0.662087912,66,29,0,86,3.0,29.95,0,-0.9911140639934546,-0.1330147065341963,0.8660254037844386,0.5000000000000001
1,0.414835165,66,29,1,81,0.0,30.0,4026,-0.9911140639934546,-0.1330147065341963,0.9659258262890684,-0.2588190451025206
1,0.167582418,66,29,1,70,5.0,30.02,23081,-0.9911140639934546,-0.1330147065341963,0.4999999999999999,-0.8660254037844387
1,0.07967033,66,29,1,34,16.0,29.99,27284,-0.9911140639934546,-0.1330147065341963,-0.2588190451025208,-0.9659258262890684
1,0.326923077,66,29,0,48,17.0,29.96,12287,-0.9911140639934546,-0.1330147065341963,-0.8660254037844385,-0.5000000000000004
1,0.574175824,66,29,1,70,16.0,29.95,79,-0.9911140639934546,-0.1330147065341963,-0.9659258262890684,0.2588190451025203
0,0.821428571,66,29,0,78,8.0,29.97,0,-0.9911140639934546,-0.1330147065341963,-0.5000000000000004,0.8660254037844384
0,0.913103448,69,29,0,81,6.0,29.97,0,-0.9932568492674144,-0.1159345995955006,0.2588190451025207,0.9659258262890684
0,0.664827586,69,29,0,75,3.0,29.96,0,-0.9932568492674144,-0.1159345995955006,0.8660254037844386,0.5000000000000001
1,0.416551724,69,29,1,84,3.0,29.98,3974,-0.9932568492674144,-0.1159345995955006,0.9659258262890684,-0.2588190451025206
1,0.168275862,69,29,0,73,5.0,29.99,23119,-0.9932568492674144,-0.1159345995955006,0.4999999999999999,-0.8660254037844387
1,0.08,69,29,0,66,6.0,29.94,26858,-0.9932568492674144,-0.1159345995955006,-0.2588190451025208,-0.9659258262890684
1,0.328275862,69,29,0,37,21.0,29.9,12109,-0.9932568492674144,-0.1159345995955006,-0.8660254037844385,-0.5000000000000004
1,0.576551724,69,29,0,56,18.0,29.91,65,-0.9932568492674144,-0.1159345995955006,-0.9659258262890684,0.2588190451025203
0,0.824827586,69,29,0,75,11.0,29.94,0,-0.9932568492674144,-0.1159345995955006,-0.5000000000000004,0.8660254037844384
0,0.914246196,66,29,0,84,3.0,29.94,0,-0.9951053111006974,-0.0988201387328721,0.2588190451025207,0.9659258262890684
0,0.665283541,66,29,0,90,5.0,29.92,0,-0.9951053111006974,-0.0988201387328721,0.8660254037844386,0.5000000000000001
1,0.416320885,66,29,1,90,5.0,29.94,3749,-0.9951053111006974,-0.0988201387328721,0.9659258262890684,-0.2588190451025206
1,0.16735823,66,29,1,66,3.0,29.95,22695,-0.9951053111006974,-0.0988201387328721,0.4999999999999999,-0.8660254037844387
1,0.081604426,66,29,1,51,13.0,29.92,27114,-0.9951053111006974,-0.0988201387328721,-0.2588190451025208,-0.9659258262890684
1,0.330567082,66,29,1,49,16.0,29.89,12017,-0.9951053111006974,-0.0988201387328721,-0.8660254037844385,-0.5000000000000004
1,0.579529737,66,29,1,56,16.0,29.89,59,-0.9951053111006974,-0.0988201387328721,-0.9659258262890684,0.2588190451025203
0,0.828492393,66,29,0,62,11.0,29.92,0,-0.9951053111006974,-0.0988201387328721,-0.5000000000000004,0.8660254037844384
0,0.918055556,67,29,0,67,3.0,29.91,0,-0.99665890175417,-0.0816763953304228,0.2588190451025207,0.9659258262890684
0,0.668055556,67,29,0,80,6.0,29.9,0,-0.99665890175417,-0.0816763953304228,0.8660254037844386,0.5000000000000001
1,0.418055556,67,29,2,70,0.0,29.93,3894,-0.99665890175417,-0.0816763953304228,0.9659258262890684,-0.2588190451025206
1,0.168055556,67,29,2,63,7.0,29.95,23066,-0.99665890175417,-0.0816763953304228,0.4999999999999999,-0.8660254037844387
1,0.081944444,67,29,2,47,15.0,29.91,27072,-0.99665890175417,-0.0816763953304228,-0.2588190451025208,-0.9659258262890684
1,0.331944444,67,29,2,57,21.0,29.88,11864,-0.99665890175417,-0.0816763953304228,-0.8660254037844385,-0.5000000000000004
1,0.581944444,67,29,1,70,11.0,29.89,51,-0.99665890175417,-0.0816763953304228,-0.9659258262890684,0.2588190451025203
0,0.831944444,67,29,0,81,8.0,29.91,0,-0.99665890175417,-0.0816763953304228,-0.5000000000000004,0.8660254037844384
0,0.919332406,66,29,0,81,6.0,29.91,0,-0.9979171608653922,-0.0645084494493162,0.2588190451025207,0.9659258262890684
0,0.668984701,66,29,0,87,7.0,29.9,0,-0.9979171608653922,-0.0645084494493162,0.8660254037844386,0.5000000000000001
1,0.418636996,66,29,2,84,6.0,29.93,3661,-0.9979171608653922,-0.0645084494493162,0.9659258262890684,-0.2588190451025206
1,0.168289291,66,29,1,68,6.0,29.95,22534,-0.9979171608653922,-0.0645084494493162,0.4999999999999999,-0.8660254037844387
1,0.082058414,66,29,1,50,13.0,29.91,26744,-0.9979171608653922,-0.0645084494493162,-0.2588190451025208,-0.9659258262890684
1,0.33240612,66,29,1,68,18.0,29.9,11627,-0.9979171608653922,-0.0645084494493162,-0.8660254037844385,-0.5000000000000004
1,0.582753825,66,29,1,90,15.0,29.92,43,-0.9979171608653922,-0.0645084494493162,-0.9659258262890684,0.2588190451025203
0,0.83310153,66,29,1,90,10.0,29.94,0,-0.9979171608653922,-0.0645084494493162,-0.5000000000000004,0.8660254037844384
0,0.921787709,66,29,1,90,10.0,29.95,0,-0.9988797155850336,-0.0473213883224323,0.2588190451025207,0.9659258262890684
0,0.670391061,66,29,1,93,3.0,29.93,0,-0.9988797155850336,-0.0473213883224323,0.8660254037844386,0.5000000000000001
1,0.418994413,66,29,1,93,6.0,29.95,3615,-0.9988797155850336,-0.0473213883224323,0.9659258262890684,-0.2588190451025206
1,0.167597765,66,29,0,73,3.0,29.95,22037,-0.9988797155850336,-0.0473213883224323,0.4999999999999999,-0.8660254037844387
1,0.083798883,66,29,1,56,6.0,29.9,26026,-0.9988797155850336,-0.0473213883224323,-0.2588190451025208,-0.9659258262890684
1,0.335195531,66,29,1,59,20.0,29.85,1728,-0.9988797155850336,-0.0473213883224323,-0.8660254037844385,-0.5000000000000004
1,0.586592179,66,29,0,73,15.0,29.89,0,-0.9988797155850336,-0.0473213883224323,-0.9659258262890684,0.2588190451025203
0,0.837988827,66,29,1,81,5.0,29.92,0,-0.9988797155850336,-0.0473213883224323,-0.5000000000000004,0.8660254037844384
0,0.925666199,61,30,1,90,13.0,29.92,0,-0.9995462806873572,-0.0301203048469083,0.2588190451025207,0.9659258262890684
0,0.673211781,61,30,1,93,8.0,29.91,0,-0.9995462806873572,-0.0301203048469083,0.8660254037844386,0.5000000000000001
1,0.420757363,61,30,1,93,8.0,29.94,2406,-0.9995462806873572,-0.0301203048469083,0.9659258262890684,-0.2588190451025206
1,0.168302945,61,30,1,65,9.0,29.94,22113,-0.9995462806873572,-0.0301203048469083,0.4999999999999999,-0.8660254037844387
1,0.084151473,61,30,1,63,20.0,29.9,26823,-0.9995462806873572,-0.0301203048469083,-0.2588190451025208,-0.9659258262890684
1,0.336605891,61,30,1,70,21.0,29.89,10798,-0.9995462806873572,-0.0301203048469083,-0.8660254037844385,-0.5000000000000004
1,0.589060309,61,30,1,87,11.0,29.93,0,-0.9995462806873572,-0.0301203048469083,-0.9659258262890684,0.2588190451025203
0,0.841514727,61,30,2,90,11.0,29.96,0,-0.9995462806873572,-0.0301203048469083,-0.5000000000000004,0.8660254037844384
0,0.928270042,62,28,4,90,8.0,29.97,0,-0.999916658654738,-0.0129102960750088,0.2588190451025207,0.9659258262890684
0,0.675105485,62,28,4,87,6.0,29.96,0,-0.999916658654738,-0.0129102960750088,0.8660254037844386,0.5000000000000001
1,0.421940928,62,28,4,87,6.0,29.96,373,-0.999916658654738,-0.0129102960750088,0.9659258262890684,-0.2588190451025206
1,0.168776371,62,28,3,75,5.0,29.98,13921,-0.999916658654738,-0.0129102960750088,0.4999999999999999,-0.8660254037844387
1,0.084388186,62,28,2,63,15.0,29.94,26393,-0.999916658654738,-0.0129102960750088,-0.2588190451025208,-0.9659258262890684
1,0.337552743,62,28,2,68,15.0,29.95,11093,-0.999916658654738,-0.0129102960750088,-0.8660254037844385,-0.5000000000000004
1,0.5907173,62,28,2,75,11.0,29.96,47,-0.999916658654738,-0.0129102960750088,-0.9659258262890684,0.2588190451025203
0,0.843881857,62,28,0,81,8.0,29.97,0,-0.999916658654738,-0.0129102960750088,-0.5000000000000004,0.8660254037844384
0,0.93079096,65,29,0,81,5.0,29.98,0,-0.99999073973619,0.0043035382962438,0.2588190451025207,0.9659258262890684
0,0.676553672,65,29,1,87,5.0,29.99,0,-0.99999073973619,0.0043035382962438,0.8660254037844386,0.5000000000000001
1,0.422316384,65,29,2,83,0.0,30.04,3110,-0.99999073973619,0.0043035382962438,0.9659258262890684,-0.2588190451025206
1,0.168079096,65,29,2,70,3.0,30.05,21023,-0.99999073973619,0.0043035382962438,0.4999999999999999,-0.8660254037844387
1,0.086158192,65,29,2,50,9.0,30.01,25702,-0.99999073973619,0.0043035382962438,-0.2588190451025208,-0.9659258262890684
1,0.34039548,65,29,2,53,18.0,29.97,10972,-0.99999073973619,0.0043035382962438,-0.8660254037844385,-0.5000000000000004
1,0.594632768,65,29,1,68,15.0,29.99,0,-0.99999073973619,0.0043035382962438,-0.9659258262890684,0.2588190451025203
0,0.848870056,65,29,1,67,0.0,30.01,0,-0.99999073973619,0.0043035382962438,-0.5000000000000004,0.8660254037844384
0,0.933427762,66,29,1,67,0.0,30.0,0,-0.9997685019798908,0.0215160974362222,0.2588190451025207,0.9659258262890684
0,0.678470255,66,29,1,78,5.0,29.99,0,-0.9997685019798908,0.0215160974362222,0.8660254037844386,0.5000000000000001
1,0.423512748,66,29,2,75,0.0,29.98,3715,-0.9997685019798908,0.0215160974362222,0.9659258262890684,-0.2588190451025206
1,0.168555241,66,29,3,71,3.0,29.98,18312,-0.9997685019798908,0.0215160974362222,0.4999999999999999,-0.8660254037844387
1,0.086402266,66,29,3,50,22.0,29.95,19583,-0.9997685019798908,0.0215160974362222,-0.2588190451025208,-0.9659258262890684
1,0.341359773,66,29,3,59,16.0,29.92,6135,-0.9997685019798908,0.0215160974362222,-0.8660254037844385,-0.5000000000000004
1,0.59631728,66,29,3,81,8.0,29.96,178,-0.9997685019798908,0.0215160974362222,-0.9659258262890684,0.2588190451025203
0,0.851274788,66,29,3,84,9.0,29.95,0,-0.9997685019798908,0.0215160974362222,-0.5000000000000004,0.8660254037844384
0,0.937411095,67,27,3,84,10.0,29.94,0,-0.9992500112396836,0.0387222808921739,0.2588190451025207,0.9659258262890684
0,0.681365576,67,27,4,87,6.0,29.92,0,-0.9992500112396836,0.0387222808921739,0.8660254037844386,0.5000000000000001
1,0.425320057,67,27,4,81,0.0,29.96,53,-0.9992500112396836,0.0387222808921739,0.9659258262890684,-0.2588190451025206
1,0.169274538,67,27,3,73,6.0,29.98,7496,-0.9992500112396836,0.0387222808921739,0.4999999999999999,-0.8660254037844387
1,0.086770982,67,27,3,62,17.0,29.97,19260,-0.9992500112396836,0.0387222808921739,-0.2588190451025208,-0.9659258262890684
1,0.342816501,67,27,3,76,9.0,29.92,4961,-0.9992500112396836,0.0387222808921739,-0.8660254037844385,-0.5000000000000004
1,0.59886202,67,27,3,87,13.0,29.91,0,-0.9992500112396836,0.0387222808921739,-0.9659258262890684,0.2588190451025203
0,0.854907539,67,27,2,90,16.0,29.92,0,-0.9992500112396836,0.0387222808921739,-0.5000000000000004,0.8660254037844384
0,0.940085592,65,19,4,90,7.0,29.91,0,-0.9984354211555644,0.055916990100603,0.2588190451025207,0.9659258262890684
0,0.683309558,65,19,3,87,8.0,29.86,0,-0.9984354211555644,0.055916990100603,0.8660254037844386,0.5000000000000001
1,0.426533524,65,19,3,84,5.0,29.87,1093,-0.9984354211555644,0.055916990100603,0.9659258262890684,-0.2588190451025206
1,0.169757489,65,19,3,73,3.0,29.87,11844,-0.9984354211555644,0.055916990100603,0.4999999999999999,-0.8660254037844387
1,0.087018545,65,19,3,63,0.0,29.83,11357,-0.9984354211555644,0.055916990100603,-0.2588190451025208,-0.9659258262890684
1,0.343794579,65,19,4,65,9.0,29.77,3375,-0.9984354211555644,0.055916990100603,-0.8660254037844385,-0.5000000000000004
1,0.600570613,65,19,4,70,14.0,29.76,0,-0.9984354211555644,0.055916990100603,-0.9659258262890684,0.2588190451025203
0,0.857346648,65,19,4,90,13.0,29.75,0,-0.9984354211555644,0.055916990100603,-0.5000000000000004,0.8660254037844384
0,0.941344778,64,26,4,93,15.0,29.73,0,-0.9973249731081556,0.0730951298980777,0.2588190451025207,0.9659258262890684
0,0.683834049,64,26,4,90,17.0,29.75,0,-0.9973249731081556,0.0730951298980777,0.8660254037844386,0.5000000000000001
1,0.426323319,64,26,4,90,8.0,29.79,1653,-0.9973249731081556,0.0730951298980777,0.9659258262890684,-0.2588190451025206
1,0.168812589,64,26,3,81,13.0,29.84,5957,-0.9973249731081556,0.0730951298980777,0.4999999999999999,-0.8660254037844387
1,0.08869814,64,26,2,66,16.0,29.86,21177,-0.9973249731081556,0.0730951298980777,-0.2588190451025208,-0.9659258262890684
1,0.34620887,64,26,2,70,15.0,29.88,9729,-0.9973249731081556,0.0730951298980777,-0.8660254037844385,-0.5000000000000004
1,0.603719599,64,26,1,81,14.0,29.91,0,-0.9973249731081556,0.0730951298980777,-0.9659258262890684,0.2588190451025203
0,0.861230329,64,26,2,84,18.0,29.95,0,-0.9973249731081556,0.0730951298980777,-0.5000000000000004,0.8660254037844384
0,0.944045911,65,28,1,81,15.0,29.96,0,-0.9959189961471792,0.0902516100310407,0.2588190451025207,0.9659258262890684
0,0.68579627,65,28,1,84,10.0,29.96,0,-0.9959189961471792,0.0902516100310407,0.8660254037844386,0.5000000000000001
1,0.427546628,65,28,2,81,8.0,29.99,2198,-0.9959189961471792,0.0902516100310407,0.9659258262890684,-0.2588190451025206
1,0.169296987,65,28,3,57,7.0,30.01,20493,-0.9959189961471792,0.0902516100310407,0.4999999999999999,-0.8660254037844387
1,0.088952654,65,28,3,55,15.0,30.0,18931,-0.9959189961471792,0.0902516100310407,-0.2588190451025208,-0.9659258262890684
1,0.347202296,65,28,3,61,11.0,29.99,11566,-0.9959189961471792,0.0902516100310407,-0.8660254037844385,-0.5000000000000004
1,0.605451937,65,28,1,81,15.0,30.01,0,-0.9959189961471792,0.0902516100310407,-0.9659258262890684,0.2588190451025203
0,0.863701578,65,28,2,87,14.0,30.03,0,-0.9959189961471792,0.0902516100310407,-0.5000000000000004,0.8660254037844384
0,0.948126801,66,28,4,93,7.0,30.04,0,-0.994217906893952,0.107381346664163,0.2588190451025207,0.9659258262890684
0,0.688760807,66,28,4,90,0.0,30.05,0,-0.994217906893952,0.107381346664163,0.8660254037844386,0.5000000000000001
1,0.429394813,66,28,4,84,5.0,30.07,532,-0.994217906893952,0.107381346664163,0.9659258262890684,-0.2588190451025206
1,0.170028818,66,28,1,73,5.0,30.1,22044,-0.994217906893952,0.107381346664163,0.4999999999999999,-0.8660254037844387
1,0.089337176,66,28,0,59,3.0,30.05,27732,-0.994217906893952,0.107381346664163,-0.2588190451025208,-0.9659258262890684
1,0.34870317,66,28,1,70,22.0,30.05,11398,-0.994217906893952,0.107381346664163,-0.8660254037844385,-0.5000000000000004
1,0.608069164,66,28,1,93,22.0,30.07,0,-0.994217906893952,0.107381346664163,-0.9659258262890684,0.2588190451025203
0,0.867435159,66,28,3,93,21.0,30.1,0,-0.994217906893952,0.107381346664163,-0.5000000000000004,0.8660254037844384
0,0.949421965,65,28,2,93,14.0,30.12,0,-0.9922222094179324,0.1244792638867886,0.2588190451025207,0.9659258262890684
0,0.689306358,65,28,1,96,7.0,30.12,0,-0.9922222094179324,0.1244792638867886,0.8660254037844386,0.5000000000000001
1,0.429190751,65,28,3,96,0.0,30.16,0,-0.9922222094179324,0.1244792638867886,0.9659258262890684,-0.2588190451025206
1,0.169075145,65,28,2,81,3.0,30.17,15458,-0.9922222094179324,0.1244792638867886,0.4999999999999999,-0.8660254037844387
1,0.091040462,65,28,0,71,3.0,30.11,27357,-0.9922222094179324,0.1244792638867886,-0.2588190451025208,-0.9659258262890684
1,0.351156069,65,28,0,55,22.0,30.07,10975,-0.9922222094179324,0.1244792638867886,-0.8660254037844385,-0.5000000000000004
1,0.611271676,65,28,0,73,16.0,30.06,0,-0.9922222094179324,0.1244792638867886,-0.9659258262890684,0.2588190451025203
0,0.871387283,65,28,0,81,11.0,30.05,0,-0.9922222094179324,0.1244792638867886,-0.5000000000000004,0.8660254037844384
0,0.953555878,66,27,0,84,7.0,30.03,0,-0.989932495087353,0.141540295217043,0.2588190451025207,0.9659258262890684
0,0.692307692,66,27,1,83,0.0,30.01,0,-0.989932495087353,0.141540295217043,0.8660254037844386,0.5000000000000001
1,0.431059507,66,27,0,90,3.0,30.02,3816,-0.989932495087353,0.141540295217043,0.9659258262890684,-0.2588190451025206
1,0.169811321,66,27,0,76,3.0,30.01,23843,-0.989932495087353,0.141540295217043,0.4999999999999999,-0.8660254037844387
1,0.091436865,66,27,0,55,24.0,29.95,27645,-0.989932495087353,0.141540295217043,-0.2588190451025208,-0.9659258262890684
1,0.352685051,66,27,1,61,25.0,29.92,11063,-0.989932495087353,0.141540295217043,-0.8660254037844385,-0.5000000000000004
1,0.613933237,66,27,0,72,9.0,29.9,0,-0.989932495087353,0.141540295217043,-0.9659258262890684,0.2588190451025203
0,0.875181422,66,27,0,78,23.0,29.91,0,-0.989932495087353,0.141540295217043,-0.5000000000000004,0.8660254037844384
0,0.956331878,62,27,0,83,15.0,29.91,0,-0.9873494423939864,0.1585593851031347,0.2588190451025207,0.9659258262890684
0,0.694323144,62,27,0,80,13.0,29.92,0,-0.9873494423939864,0.1585593851031347,0.8660254037844386,0.5000000000000001
1,0.43231441,62,27,1,75,9.0,29.96,3837,-0.9873494423939864,0.1585593851031347,0.9659258262890684,-0.2588190451025206
1,0.170305677,62,27,0,47,5.0,30.0,24973,-0.9873494423939864,0.1585593851031347,0.4999999999999999,-0.8660254037844387
1,0.091703057,62,27,0,36,16.0,29.97,28183,-0.9873494423939864,0.1585593851031347,-0.2588190451025208,-0.9659258262890684
1,0.35371179,62,27,0,50,26.0,29.94,10894,-0.9873494423939864,0.1585593851031347,-0.8660254037844385,-0.5000000000000004
1,0.615720524,62,27,0,67,20.0,29.95,0,-0.9873494423939864,0.1585593851031347,-0.9659258262890684,0.2588190451025203
0,0.877729258,62,27,0,67,11.0,29.97,0,-0.9873494423939864,0.1585593851031347,-0.5000000000000004,0.8660254037844384
0,0.959124088,57,29,0,69,16.0,29.98,0,-0.9844738167520924,0.1755314904214277,0.2588190451025207,0.9659258262890684
0,0.696350365,57,29,0,69,11.0,29.98,0,-0.9844738167520924,0.1755314904214277,0.8660254037844386,0.5000000000000001
1,0.433576642,57,29,1,59,13.0,29.99,3755,-0.9844738167520924,0.1755314904214277,0.9659258262890684,-0.2588190451025206
1,0.17080292,57,29,1,42,17.0,30.0,25334,-0.9844738167520924,0.1755314904214277,0.4999999999999999,-0.8660254037844387
1,0.091970803,57,29,1,46,26.0,29.94,29016,-0.9844738167520924,0.1755314904214277,-0.2588190451025208,-0.9659258262890684
1,0.354744526,57,29,2,46,29.0,29.91,10179,-0.9844738167520924,0.1755314904214277,-0.8660254037844385,-0.5000000000000004
1,0.617518248,57,29,0,64,18.0,29.92,0,-0.9844738167520924,0.1755314904214277,-0.9659258262890684,0.2588190451025203
0,0.880291971,57,29,0,46,13.0,29.93,0,-0.9844738167520924,0.1755314904214277,-0.5000000000000004,0.8660254037844384
0,0.961876833,61,31,0,32,14.0,29.92,0,-0.9813064702716092,0.1924515819708299,0.2588190451025207,0.9659258262890684
0,0.697947214,61,31,0,36,14.0,29.93,0,-0.9813064702716092,0.1924515819708299,0.8660254037844386,0.5000000000000001
1,0.434017595,61,31,0,34,10.0,29.97,0,-0.9813064702716092,0.1924515819708299,0.9659258262890684,-0.2588190451025206
1,0.170087977,61,31,0,34,20.0,29.98,0,-0.9813064702716092,0.1924515819708299,0.4999999999999999,-0.8660254037844387
1,0.093841642,61,31,1,28,20.0,29.96,0,-0.9813064702716092,0.1924515819708299,-0.2588190451025208,-0.9659258262890684
1,0.357771261,61,31,0,35,21.0,29.95,0,-0.9813064702716092,0.1924515819708299,-0.8660254037844385,-0.5000000000000004
1,0.62170088,61,31,0,42,10.0,30.0,0,-0.9813064702716092,0.1924515819708299,-0.9659258262890684,0.2588190451025203
0,0.885630499,61,31,0,25,9.0,30.04,0,-0.9813064702716092,0.1924515819708299,-0.5000000000000004,0.8660254037844384
0,0.964705882,63,32,0,39,15.0,30.09,0,-0.9778483415056568,0.2093146459630488,0.2588190451025207,0.9659258262890684
0,0.7,63,32,0,41,13.0,30.1,0,-0.9778483415056568,0.2093146459630488,0.8660254037844386,0.5000000000000001
1,0.435294118,63,32,0,34,9.0,30.15,0,-0.9778483415056568,0.2093146459630488,0.9659258262890684,-0.2588190451025206
1,0.170588235,63,32,0,29,20.0,30.17,0,-0.9778483415056568,0.2093146459630488,0.4999999999999999,-0.8660254037844387
1,0.094117647,63,32,0,25,14.0,30.15,0,-0.9778483415056568,0.2093146459630488,-0.2588190451025208,-0.9659258262890684
1,0.358823529,63,32,0,29,17.0,30.13,10727,-0.9778483415056568,0.2093146459630488,-0.8660254037844385,-0.5000000000000004
1,0.623529412,63,32,0,46,11.0,30.16,0,-0.9778483415056568,0.2093146459630488,-0.9659258262890684,0.2588190451025203
0,0.888235294,63,32,1,27,7.0,30.19,0,-0.9778483415056568,0.2093146459630488,-0.5000000000000004,0.8660254037844384
0,0.968980798,64,28,1,21,0.0,30.21,0,-0.9741004551724206,0.226115685508288,0.2588190451025207,0.9659258262890684
0,0.70310192,64,28,0,49,5.0,30.22,0,-0.9741004551724206,0.226115685508288,0.8660254037844386,0.5000000000000001
1,0.437223043,64,28,0,49,0.0,30.26,3687,-0.9741004551724206,0.226115685508288,0.9659258262890684,-0.2588190451025206
1,0.171344165,64,28,0,21,0.0,30.27,23961,-0.9741004551724206,0.226115685508288,0.4999999999999999,-0.8660254037844387
1,0.094534712,64,28,0,14,5.0,30.22,27438,-0.9741004551724206,0.226115685508288,-0.2588190451025208,-0.9659258262890684
1,0.360413589,64,28,0,18,18.0,30.19,10116,-0.9741004551724206,0.226115685508288,-0.8660254037844385,-0.5000000000000004
1,0.626292467,64,28,0,26,13.0,30.2,0,-0.9741004551724206,0.226115685508288,-0.9659258262890684,0.2588190451025203
0,0.892171344,64,28,0,62,7.0,30.2,0,-0.9741004551724206,0.226115685508288,-0.5000000000000004,0.8660254037844384
0,0.971851852,65,29,0,75,0.0,30.18,0,-0.970063921851507,0.2428497220959358,0.2588190451025207,0.9659258262890684
0,0.705185185,65,29,0,61,3.0,30.16,0,-0.970063921851507,0.2428497220959358,0.8660254037844386,0.5000000000000001
1,0.438518519,65,29,0,75,0.0,30.18,3473,-0.970063921851507,0.2428497220959358,0.9659258262890684,-0.2588190451025206
1,0.171851852,65,29,0,63,5.0,30.18,22832,-0.970063921851507,0.2428497220959358,0.4999999999999999,-0.8660254037844387
1,0.094814815,65,29,0,36,0.0,30.1,26285,-0.970063921851507,0.2428497220959358,-0.2588190451025208,-0.9659258262890684
1,0.361481481,65,29,1,31,14.0,30.05,9756,-0.970063921851507,0.2428497220959358,-0.8660254037844385,-0.5000000000000004
1,0.628148148,65,29,0,40,14.0,30.03,0,-0.970063921851507,0.2428497220959358,-0.9659258262890684,0.2588190451025203
0,0.894814815,65,29,0,72,9.0,30.04,0,-0.970063921851507,0.2428497220959358,-0.5000000000000004,0.8660254037844384
0,0.974702381,68,29,0,75,7.0,30.04,0,-0.965739937654855,0.2595117970697994,0.2588190451025207,0.9659258262890684
0,0.706845238,68,29,0,66,3.0,30.04,0,-0.965739937654855,0.2595117970697994,0.8660254037844386,0.5000000000000001
1,0.438988095,68,29,0,80,3.0,30.06,3359,-0.965739937654855,0.2595117970697994,0.9659258262890684,-0.2588190451025206
1,0.171130952,68,29,0,65,6.0,30.08,7478,-0.965739937654855,0.2595117970697994,0.4999999999999999,-0.8660254037844387
1,0.09672619,68,29,1,40,0.0,30.03,21210,-0.965739937654855,0.2595117970697994,-0.2588190451025208,-0.9659258262890684
1,0.364583333,68,29,1,34,18.0,30.0,9209,-0.965739937654855,0.2595117970697994,-0.8660254037844385,-0.5000000000000004
1,0.632440476,68,29,1,58,11.0,30.01,0,-0.965739937654855,0.2595117970697994,-0.9659258262890684,0.2588190451025203
0,0.900297619,68,29,0,70,7.0,30.03,0,-0.965739937654855,0.2595117970697994,-0.5000000000000004,0.8660254037844384
0,0.97761194,69,29,0,67,3.0,30.03,0,-0.9611297838723007,0.2760969730974688,0.2588190451025207,0.9659258262890684
0,0.708955224,69,29,0,64,3.0,30.03,0,-0.9611297838723007,0.2760969730974688,0.8660254037844386,0.5000000000000001
1,0.440298507,69,29,1,72,0.0,30.06,3225,-0.9611297838723007,0.2760969730974688,0.9659258262890684,-0.2588190451025206
1,0.171641791,69,29,0,70,3.0,30.08,21798,-0.9611297838723007,0.2760969730974688,0.4999999999999999,-0.8660254037844387
1,0.097014925,69,29,0,54,0.0,30.03,15159,-0.9611297838723007,0.2760969730974688,-0.2588190451025208,-0.9659258262890684
1,0.365671642,69,29,0,24,15.0,30.0,9169,-0.9611297838723007,0.2760969730974688,-0.8660254037844385,-0.5000000000000004
1,0.634328358,69,29,0,28,14.0,30.01,0,-0.9611297838723007,0.2760969730974688,-0.9659258262890684,0.2588190451025203
0,0.902985075,69,29,0,42,0.0,30.03,0,-0.9611297838723007,0.2760969730974688,-0.5000000000000004,0.8660254037844384
0,0.980538922,70,31,0,52,0.0,30.03,0,-0.9562348265919058,0.2926003356333479,0.2588190451025207,0.9659258262890684
0,0.711077844,70,31,1,69,0.0,30.03,0,-0.9562348265919058,0.2926003356333479,0.8660254037844386,0.5000000000000001
1,0.441616766,70,31,2,81,0.0,30.05,2718,-0.9562348265919058,0.2926003356333479,0.9659258262890684,-0.2588190451025206
1,0.172155689,70,31,3,66,3.0,30.06,20460,-0.9562348265919058,0.2926003356333479,0.4999999999999999,-0.8660254037844387
1,0.097305389,70,31,1,61,5.0,30.0,24427,-0.9562348265919058,0.2926003356333479,-0.2588190451025208,-0.9659258262890684
1,0.366766467,70,31,1,24,11.0,29.96,8399,-0.9562348265919058,0.2926003356333479,-0.8660254037844385,-0.5000000000000004
1,0.636227545,70,31,0,35,9.0,29.97,0,-0.9562348265919058,0.2926003356333479,-0.9659258262890684,0.2588190451025203
0,0.905688623,70,31,0,48,3.0,29.99,0,-0.9562348265919058,0.2926003356333479,-0.5000000000000004,0.8660254037844384
0,0.984962406,59,29,1,62,10.0,29.99,0,-0.9510565162951536,0.3090169943749472,0.2588190451025207,0.9659258262890684
0,0.714285714,59,29,2,75,5.0,30.0,0,-0.9510565162951536,0.3090169943749472,0.8660254037844386,0.5000000000000001
1,0.443609023,59,29,2,90,10.0,30.02,542,-0.9510565162951536,0.3090169943749472,0.9659258262890684,-0.2588190451025206
1,0.172932331,59,29,2,68,6.0,30.07,13884,-0.9510565162951536,0.3090169943749472,0.4999999999999999,-0.8660254037844387
1,0.097744361,59,29,2,59,13.0,30.02,25929,-0.9510565162951536,0.3090169943749472,-0.2588190451025208,-0.9659258262890684
1,0.368421053,59,29,2,70,17.0,30.01,9282,-0.9510565162951536,0.3090169943749472,-0.8660254037844385,-0.5000000000000004
1,0.639097744,59,29,2,83,11.0,30.03,0,-0.9510565162951536,0.3090169943749472,-0.9659258262890684,0.2588190451025203
0,0.909774436,59,29,2,83,8.0,30.06,0,-0.9510565162951536,0.3090169943749472,-0.5000000000000004,0.8660254037844384
0,0.986445783,56,27,3,83,0.0,30.05,0,-0.9455963874271428,0.3253420847119795,0.2588190451025207,0.9659258262890684
0,0.715361446,56,27,4,83,7.0,30.05,0,-0.9455963874271428,0.3253420847119795,0.8660254037844386,0.5000000000000001
1,0.444277108,56,27,4,83,3.0,30.08,385,-0.9455963874271428,0.3253420847119795,0.9659258262890684,-0.2588190451025206
1,0.173192771,56,27,2,72,8.0,30.1,17121,-0.9455963874271428,0.3253420847119795,0.4999999999999999,-0.8660254037844387
1,0.097891566,56,27,2,72,21.0,30.05,25347,-0.9455963874271428,0.3253420847119795,-0.2588190451025208,-0.9659258262890684
1,0.368975904,56,27,3,83,18.0,30.05,7136,-0.9455963874271428,0.3253420847119795,-0.8660254037844385,-0.5000000000000004
1,0.640060241,56,27,4,86,15.0,30.08,0,-0.9455963874271428,0.3253420847119795,-0.9659258262890684,0.2588190451025203
0,0.911144578,56,27,4,83,10.0,30.1,0,-0.9455963874271428,0.3253420847119795,-0.5000000000000004,0.8660254037844384
0,0.987915408,58,27,3,83,14.0,30.12,0,-0.9398560579418952,0.341570769167856,0.2588190451025207,0.9659258262890684
0,0.716012085,58,27,4,80,14.0,30.13,0,-0.9398560579418952,0.341570769167856,0.8660254037844386,0.5000000000000001
1,0.444108761,58,27,3,80,9.0,30.17,1142,-0.9398560579418952,0.341570769167856,0.9659258262890684,-0.2588190451025206
1,0.172205438,58,27,1,67,11.0,30.2,21070,-0.9398560579418952,0.341570769167856,0.4999999999999999,-0.8660254037844387
1,0.099697885,58,27,2,58,16.0,30.17,25392,-0.9398560579418952,0.341570769167856,-0.2588190451025208,-0.9659258262890684
1,0.371601208,58,27,2,70,17.0,30.16,8283,-0.9398560579418952,0.341570769167856,-0.8660254037844385,-0.5000000000000004
1,0.643504532,58,27,2,80,15.0,30.17,0,-0.9398560579418952,0.341570769167856,-0.9659258262890684,0.2588190451025203
0,0.915407855,58,27,1,90,8.0,30.18,0,-0.9398560579418952,0.341570769167856,-0.5000000000000004,0.8660254037844384
0,0.992412747,64,28,0,86,3.0,30.17,0,-0.9338372288229252,0.3576982388331254,0.2588190451025207,0.9659258262890684
0,0.719271624,64,28,0,86,3.0,30.17,0,-0.9338372288229252,0.3576982388331254,0.8660254037844386,0.5000000000000001
1,0.446130501,64,28,3,86,0.0,30.19,2581,-0.9338372288229252,0.3576982388331254,0.9659258262890684,-0.2588190451025206
1,0.172989378,64,28,1,75,0.0,30.2,21774,-0.9338372288229252,0.3576982388331254,0.4999999999999999,-0.8660254037844387
1,0.100151745,64,28,1,46,3.0,30.13,25064,-0.9338372288229252,0.3576982388331254,-0.2588190451025208,-0.9659258262890684
1,0.373292868,64,28,1,46,14.0,30.08,8524,-0.9338372288229252,0.3576982388331254,-0.8660254037844385,-0.5000000000000004
1,0.646433991,64,28,0,45,13.0,30.07,0,-0.9338372288229252,0.3576982388331254,-0.9659258262890684,0.2588190451025203
0,0.919575114,64,28,0,65,3.0,30.08,0,-0.9338372288229252,0.3576982388331254,-0.5000000000000004,0.8660254037844384
0,0.99543379,68,14,0,62,0.0,30.08,0,-0.9275416835791964,0.3737197147904692,0.2588190451025207,0.9659258262890684
0,0.721461187,68,14,0,67,0.0,30.07,0,-0.9275416835791964,0.3737197147904692,0.8660254037844386,0.5000000000000001
1,0.447488584,68,14,0,34,8.0,30.08,2921,-0.9275416835791964,0.3737197147904692,0.9659258262890684,-0.2588190451025206
1,0.173515982,68,14,0,21,7.0,30.09,21804,-0.9275416835791964,0.3737197147904692,0.4999999999999999,-0.8660254037844387
1,0.100456621,68,14,0,17,0.0,30.04,25219,-0.9275416835791964,0.3737197147904692,-0.2588190451025208,-0.9659258262890684
1,0.374429224,68,14,0,21,0.0,30.02,8453,-0.9275416835791964,0.3737197147904692,-0.8660254037844385,-0.5000000000000004
1,0.648401826,68,14,0,28,0.0,30.03,0,-0.9275416835791964,0.3737197147904692,-0.9659258262890684,0.2588190451025203
0,0.922374429,68,14,0,57,0.0,30.05,0,-0.9275416835791964,0.3737197147904692,-0.5000000000000004,0.8660254037844384
0,0.998473282,69,31,0,58,0.0,30.05,0,-0.9209712877166348,0.3896304495307877,0.2588190451025207,0.9659258262890684
0,0.723664122,69,31,0,62,0.0,30.02,0,-0.9209712877166348,0.3896304495307877,0.8660254037844386,0.5000000000000001
1,0.448854962,69,31,0,65,5.0,30.04,2603,-0.9209712877166348,0.3896304495307877,0.9659258262890684,-0.2588190451025206
1,0.174045802,69,31,0,63,5.0,30.06,20869,-0.9209712877166348,0.3896304495307877,0.4999999999999999,-0.8660254037844387
1,0.100763359,69,31,0,64,3.0,30.0,24209,-0.9209712877166348,0.3896304495307877,-0.2588190451025208,-0.9659258262890684
1,0.375572519,69,31,0,26,11.0,29.97,5542,-0.9209712877166348,0.3896304495307877,-0.8660254037844385,-0.5000000000000004
1,0.650381679,69,31,0,25,11.0,29.98,0,-0.9209712877166348,0.3896304495307877,-0.9659258262890684,0.2588190451025203
0,0.92519084,69,31,0,43,0.0,30.0,0,-0.9209712877166348,0.3896304495307877,-0.5000000000000004,0.8660254037844384
0,1.001531394,68,29,0,67,5.0,30.01,0,-0.9141279881853336,0.4054257283599973,0.2588190451025207,0.9659258262890684
0,0.725880551,68,29,0,51,0.0,30.0,0,-0.9141279881853336,0.4054257283599973,0.8660254037844386,0.5000000000000001
1,0.450229709,68,29,2,75,3.0,30.02,2461,-0.9141279881853336,0.4054257283599973,0.9659258262890684,-0.2588190451025206
1,0.174578867,68,29,1,70,5.0,30.05,10461,-0.9141279881853336,0.4054257283599973,0.4999999999999999,-0.8660254037844387
1,0.101071975,68,29,1,53,3.0,30.0,0,-0.9141279881853336,0.4054257283599973,-0.2588190451025208,-0.9659258262890684
1,0.376722818,68,29,1,33,7.0,29.96,7934,-0.9141279881853336,0.4054257283599973,-0.8660254037844385,-0.5000000000000004
1,0.65237366,68,29,0,43,13.0,29.99,0,-0.9141279881853336,0.4054257283599973,-0.9659258262890684,0.2588190451025203
0,0.928024502,68,29,0,58,0.0,30.02,0,-0.9141279881853336,0.4054257283599973,-0.5000000000000004,0.8660254037844384
0,1.006153846,68,29,0,56,3.0,30.03,0,-0.9070138128026362,0.4211008707960891,0.2588190451025207,0.9659258262890684
0,0.729230769,68,29,0,62,0.0,30.02,0,-0.9070138128026362,0.4211008707960891,0.8660254037844386,0.5000000000000001
1,0.452307692,68,29,0,80,0.0,30.05,2497,-0.9070138128026362,0.4211008707960891,0.9659258262890684,-0.2588190451025206
1,0.175384615,68,29,0,68,7.0,30.06,20597,-0.9070138128026362,0.4211008707960891,0.4999999999999999,-0.8660254037844387
1,0.101538462,68,29,0,61,3.0,30.01,23672,-0.9070138128026362,0.4211008707960891,-0.2588190451025208,-0.9659258262890684
1,0.378461538,68,29,0,28,6.0,29.98,7775,-0.9070138128026362,0.4211008707960891,-0.8660254037844385,-0.5000000000000004
1,0.655384615,68,29,0,49,6.0,29.99,0,-0.9070138128026362,0.4211008707960891,-0.9659258262890684,0.2588190451025203
0,0.932307692,68,29,0,52,7.0,30.02,0,-0.9070138128026362,0.4211008707960891,-0.5000000000000004,0.8660254037844384
0,1.009259259,60,29,0,83,11.0,30.04,0,-0.8996308696522434,0.4366512319560638,0.2588190451025207,0.9659258262890684
0,0.731481481,60,29,1,93,9.0,30.05,0,-0.8996308696522434,0.4366512319560638,0.8660254037844386,0.5000000000000001
1,0.453703704,60,29,1,96,6.0,30.08,1384,-0.8996308696522434,0.4366512319560638,0.9659258262890684,-0.2588190451025206
1,0.175925926,60,29,1,70,0.0,30.1,20680,-0.8996308696522434,0.4366512319560638,0.4999999999999999,-0.8660254037844387
1,0.101851852,60,29,1,59,14.0,30.05,24472,-0.8996308696522434,0.4366512319560638,-0.2588190451025208,-0.9659258262890684
1,0.37962963,60,29,1,78,15.0,30.03,7800,-0.8996308696522434,0.4366512319560638,-0.8660254037844385,-0.5000000000000004
1,0.657407407,60,29,1,93,17.0,30.08,0,-0.8996308696522434,0.4366512319560638,-0.9659258262890684,0.2588190451025203
0,0.935185185,60,29,1,93,15.0,30.13,0,-0.8996308696522434,0.4366512319560638,-0.5000000000000004,0.8660254037844384
0,1.013953488,55,29,1,93,8.0,30.16,0,-0.8919813464595487,0.4520722039323037,0.2588190451025207,0.9659258262890684
0,0.734883721,55,29,3,93,0.0,30.15,0,-0.8919813464595487,0.4520722039323037,0.8660254037844386,0.5000000000000001
1,0.455813953,55,29,4,90,6.0,30.19,221,-0.8919813464595487,0.4520722039323037,0.9659258262890684,-0.2588190451025206
1,0.176744186,55,29,4,87,3.0,30.2,13923,-0.8919813464595487,0.4520722039323037,0.4999999999999999,-0.8660254037844387
1,0.102325581,55,29,3,78,17.0,30.17,15242,-0.8919813464595487,0.4520722039323037,-0.2588190451025208,-0.9659258262890684
1,0.381395349,55,29,3,78,15.0,30.14,3727,-0.8919813464595487,0.4520722039323037,-0.8660254037844385,-0.5000000000000004
1,0.660465116,55,29,3,93,15.0,30.16,0,-0.8919813464595487,0.4520722039323037,-0.9659258262890684,0.2588190451025203
0,0.939534884,55,29,2,90,14.0,30.18,0,-0.8919813464595487,0.4520722039323037,-0.5000000000000004,0.8660254037844384
0,1.0155521,58,29,2,96,14.0,30.18,0,-0.8840675099433637,0.467359217158002,0.2588190451025207,0.9659258262890684
0,0.735614308,58,29,1,100,9.0,30.19,0,-0.8840675099433637,0.467359217158002,0.8660254037844386,0.5000000000000001
1,0.455676516,58,29,3,96,5.0,30.22,113,-0.8840675099433637,0.467359217158002,0.9659258262890684,-0.2588190451025206
1,0.175738725,58,29,4,93,0.0,30.22,15058,-0.8840675099433637,0.467359217158002,0.4999999999999999,-0.8660254037844387
1,0.104199067,58,29,1,72,20.0,30.17,23748,-0.8840675099433637,0.467359217158002,-0.2588190451025208,-0.9659258262890684
1,0.384136858,58,29,1,65,15.0,30.14,7480,-0.8840675099433637,0.467359217158002,-0.8660254037844385,-0.5000000000000004
0,0.66407465,58,29,1,90,17.0,30.14,0,-0.8840675099433637,0.467359217158002,-0.9659258262890684,0.2588190451025203
0,0.944012442,58,29,1,93,10.0,30.14,0,-0.8840675099433637,0.467359217158002,-0.5000000000000004,0.8660254037844384
0,1.018720749,56,30,1,96,8.0,30.1,0,-0.8758917051442433,0.4825077417612176,0.2588190451025207,0.9659258262890684
0,0.737909516,56,30,1,100,7.0,30.06,0,-0.8758917051442433,0.4825077417612176,0.8660254037844386,0.5000000000000001
1,0.457098284,56,30,1,100,9.0,30.08,186,-0.8758917051442433,0.4825077417612176,0.9659258262890684,-0.2588190451025206
1,0.176287051,56,30,3,83,3.0,30.07,15471,-0.8758917051442433,0.4825077417612176,0.4999999999999999,-0.8660254037844387
1,0.104524181,56,30,3,78,5.0,29.99,22378,-0.8758917051442433,0.4825077417612176,-0.2588190451025208,-0.9659258262890684
1,0.385335413,56,30,2,70,9.0,29.94,7629,-0.8758917051442433,0.4825077417612176,-0.8660254037844385,-0.5000000000000004
0,0.666146646,56,30,2,90,11.0,29.94,0,-0.8758917051442433,0.4825077417612176,-0.9659258262890684,0.2588190451025203
0,0.946957878,56,30,2,93,9.0,29.96,0,-0.8758917051442433,0.4825077417612176,-0.5000000000000004,0.8660254037844384
0,1.021909233,59,16,3,83,3.0,29.93,0,-0.8674563547295971,0.4975132889071803,0.2588190451025207,0.9659258262890684
0,0.740219092,59,16,3,90,5.0,29.87,0,-0.8674563547295971,0.4975132889071803,0.8660254037844386,0.5000000000000001
1,0.458528951,59,16,3,86,0.0,29.85,0,-0.8674563547295971,0.4975132889071803,0.9659258262890684,-0.2588190451025206
1,0.176838811,59,16,4,84,0.0,29.9,0,-0.8674563547295971,0.4975132889071803,0.4999999999999999,-0.8660254037844387
1,0.10485133,59,16,4,68,17.0,29.87,0,-0.8674563547295971,0.4975132889071803,-0.2588190451025208,-0.9659258262890684
1,0.386541471,59,16,4,84,8.0,29.88,0,-0.8674563547295971,0.4975132889071803,-0.8660254037844385,-0.5000000000000004
0,0.668231612,59,16,4,75,0.0,29.94,0,-0.8674563547295971,0.4975132889071803,-0.9659258262890684,0.2588190451025203
0,0.949921753,59,16,3,70,23.0,29.93,0,-0.8674563547295971,0.4975132889071803,-0.5000000000000004,0.8660254037844384
0,1.025117739,65,15,3,63,13.0,30.0,0,-0.858763958275803,0.5123714121284235,0.2588190451025207,0.9659258262890684
0,0.742543171,65,15,4,84,15.0,30.03,0,-0.858763958275803,0.5123714121284235,0.8660254037844386,0.5000000000000001
1,0.459968603,65,15,4,90,6.0,30.09,0,-0.858763958275803,0.5123714121284235,0.9659258262890684,-0.2588190451025206
1,0.177394035,65,15,4,87,6.0,30.13,1283,-0.858763958275803,0.5123714121284235,0.4999999999999999,-0.8660254037844387
1,0.105180534,65,15,3,61,18.0,30.1,8637,-0.858763958275803,0.5123714121284235,-0.2588190451025208,-0.9659258262890684
1,0.387755102,65,15,4,57,15.0,30.08,1209,-0.858763958275803,0.5123714121284235,-0.8660254037844385,-0.5000000000000004
0,0.67032967,65,15,3,59,21.0,30.08,0,-0.858763958275803,0.5123714121284235,-0.9659258262890684,0.2588190451025203
0,0.952904239,65,15,3,78,11.0,30.06,0,-0.858763958275803,0.5123714121284235,-0.5000000000000004,0.8660254037844384
0,1.029968454,63,16,3,75,9.0,30.03,0,-0.8498170915275277,0.5270777086423724,0.2588190451025207,0.9659258262890684
0,0.746056782,63,16,4,84,7.0,29.99,0,-0.8498170915275277,0.5270777086423724,0.8660254037844386,0.5000000000000001
1,0.46214511,63,16,4,90,14.0,29.97,168,-0.8498170915275277,0.5270777086423724,0.9659258262890684,-0.2588190451025206
1,0.178233438,63,16,4,87,15.0,29.99,1054,-0.8498170915275277,0.5270777086423724,0.4999999999999999,-0.8660254037844387
1,0.105678233,63,16,4,90,15.0,29.93,1200,-0.8498170915275277,0.5270777086423724,-0.2588190451025208,-0.9659258262890684
1,0.389589905,63,16,4,87,15.0,29.88,683,-0.8498170915275277,0.5270777086423724,-0.8660254037844385,-0.5000000000000004
0,0.673501577,63,16,4,87,14.0,29.9,0,-0.8498170915275277,0.5270777086423724,-0.9659258262890684,0.2588190451025203
0,0.957413249,63,16,4,93,9.0,29.93,0,-0.8498170915275277,0.5270777086423724,-0.5000000000000004,0.8660254037844384
0,0.938291139,62,23,4,90,9.0,29.93,0,-0.8406184056344783,0.5416278206559811,0.2588190451025207,0.9659258262890684
0,0.653481013,62,23,3,90,5.0,29.96,0,-0.8406184056344783,0.5416278206559811,0.8660254037844386,0.5000000000000001
1,0.368670886,62,23,2,90,9.0,30.02,357,-0.8406184056344783,0.5416278206559811,0.9659258262890684,-0.2588190451025206
1,0.083860759,62,23,3,78,0.0,30.07,10258,-0.8406184056344783,0.5416278206559811,0.4999999999999999,-0.8660254037844387
1,0.200949367,62,23,3,68,14.0,30.07,17127,-0.8406184056344783,0.5416278206559811,-0.2588190451025208,-0.9659258262890684
1,0.485759494,62,23,2,73,13.0,30.06,8167,-0.8406184056344783,0.5416278206559811,-0.8660254037844385,-0.5000000000000004
0,0.77056962,62,23,3,87,3.0,30.06,0,-0.8406184056344783,0.5416278206559811,-0.9659258262890684,0.2588190451025203
0,1.055379747,62,23,2,83,5.0,30.07,0,-0.8406184056344783,0.5416278206559811,-0.5000000000000004,0.8660254037844384
0,0.941269841,58,20,2,86,0.0,30.06,0,-0.8311706263658079,0.5560174366570446,0.2588190451025207,0.9659258262890684
0,0.655555556,58,20,3,90,3.0,30.02,0,-0.8311706263658079,0.5560174366570446,0.8660254037844386,0.5000000000000001
1,0.36984127,58,20,3,83,5.0,29.99,9,-0.8311706263658079,0.5560174366570446,0.9659258262890684,-0.2588190451025206
1,0.084126984,58,20,3,78,7.0,29.96,7259,-0.8311706263658079,0.5560174366570446,0.4999999999999999,-0.8660254037844387
1,0.201587302,58,20,3,72,20.0,29.86,6669,-0.8311706263658079,0.5560174366570446,-0.2588190451025208,-0.9659258262890684
1,0.487301587,58,20,4,90,21.0,29.75,95,-0.8311706263658079,0.5560174366570446,-0.8660254037844385,-0.5000000000000004
0,0.773015873,58,20,3,87,13.0,29.85,0,-0.8311706263658079,0.5560174366570446,-0.9659258262890684,0.2588190451025203
0,1.058730159,58,20,2,86,11.0,29.94,0,-0.8311706263658079,0.5560174366570446,-0.5000000000000004,0.8660254037844384
0,0.944267516,55,29,3,80,9.0,29.98,0,-0.8214765533024145,0.5702422926917867,0.2588190451025207,0.9659258262890684
0,0.657643312,55,29,3,83,5.0,30.01,0,-0.8214765533024145,0.5702422926917867,0.8660254037844386,0.5000000000000001
1,0.371019108,55,29,2,80,11.0,30.06,1661,-0.8214765533024145,0.5702422926917867,0.9659258262890684,-0.2588190451025206
1,0.084394904,55,29,3,69,13.0,30.13,16038,-0.8214765533024145,0.5702422926917867,0.4999999999999999,-0.8660254037844387
1,0.202229299,55,29,3,55,18.0,30.12,21373,-0.8214765533024145,0.5702422926917867,-0.2588190451025208,-0.9659258262890684
1,0.488853503,55,29,3,64,22.0,30.13,5500,-0.8214765533024145,0.5702422926917867,-0.8660254037844385,-0.5000000000000004
0,0.775477707,55,29,1,72,16.0,30.17,0,-0.8214765533024145,0.5702422926917867,-0.9659258262890684,0.2588190451025203
0,1.062101911,55,29,1,74,11.0,30.19,0,-0.8214765533024145,0.5702422926917867,-0.5000000000000004,0.8660254037844384
0,0.947284345,53,30,0,74,6.0,30.22,0,-0.8115390590073611,0.5842981736283683,0.2588190451025207,0.9659258262890684
0,0.659744409,53,30,0,83,0.0,30.22,0,-0.8115390590073611,0.5842981736283683,0.8660254037844386,0.5000000000000001
1,0.372204473,53,30,2,89,3.0,30.23,1721,-0.8115390590073611,0.5842981736283683,0.9659258262890684,-0.2588190451025206
1,0.084664537,53,30,3,67,3.0,30.27,16251,-0.8115390590073611,0.5842981736283683,0.4999999999999999,-0.8660254037844387
1,0.202875399,53,30,3,56,5.0,30.25,17465,-0.8115390590073611,0.5842981736283683,-0.2588190451025208,-0.9659258262890684
1,0.490415335,53,30,4,52,8.0,30.25,4638,-0.8115390590073611,0.5842981736283683,-0.8660254037844385,-0.5000000000000004
0,0.777955272,53,30,4,58,7.0,30.25,0,-0.8115390590073611,0.5842981736283683,-0.9659258262890684,0.2588190451025203
0,1.065495208,53,30,4,62,0.0,30.27,0,-0.8115390590073611,0.5842981736283683,-0.5000000000000004,0.8660254037844384
0,0.950320513,60,30,3,62,3.0,30.28,0,-0.801361088174677,0.5981809144059158,0.2588190451025207,0.9659258262890684
0,0.661858974,60,30,2,72,0.0,30.29,0,-0.801361088174677,0.5981809144059158,0.8660254037844386,0.5000000000000001
1,0.373397436,60,30,1,80,5.0,30.33,1365,-0.801361088174677,0.5981809144059158,0.9659258262890684,-0.2588190451025206
1,0.084935897,60,30,0,62,8.0,30.35,19412,-0.801361088174677,0.5981809144059158,0.4999999999999999,-0.8660254037844387
1,0.203525641,60,30,1,54,0.0,30.3,24013,-0.801361088174677,0.5981809144059158,-0.2588190451025208,-0.9659258262890684
1,0.491987179,60,30,0,63,14.0,30.26,7449,-0.801361088174677,0.5981809144059158,-0.8660254037844385,-0.5000000000000004
0,0.780448718,60,30,0,78,7.0,30.26,0,-0.801361088174677,0.5981809144059158,-0.9659258262890684,0.2588190451025203
0,1.068910256,60,30,0,93,5.0,30.26,0,-0.801361088174677,0.5981809144059158,-0.5000000000000004,0.8660254037844384
0,0.953376206,62,30,0,86,0.0,30.24,0,-0.7909456567567774,0.6118864012687242,0.2588190451025207,0.9659258262890684
0,0.663987138,62,30,0,90,0.0,30.24,0,-0.7909456567567774,0.6118864012687242,0.8660254037844386,0.5000000000000001
1,0.374598071,62,30,1,96,0.0,30.22,1309,-0.7909456567567774,0.6118864012687242,0.9659258262890684,-0.2588190451025206
1,0.085209003,62,30,0,84,3.0,30.22,19306,-0.7909456567567774,0.6118864012687242,0.4999999999999999,-0.8660254037844387
1,0.204180064,62,30,0,75,0.0,30.16,24011,-0.7909456567567774,0.6118864012687242,-0.2588190451025208,-0.9659258262890684
1,0.493569132,62,30,1,55,11.0,30.11,7336,-0.7909456567567774,0.6118864012687242,-0.8660254037844385,-0.5000000000000004
0,0.782958199,62,30,1,87,15.0,30.12,0,-0.7909456567567774,0.6118864012687242,-0.9659258262890684,0.2588190451025203
0,1.072347267,62,30,0,87,7.0,30.11,0,-0.7909456567567774,0.6118864012687242,-0.5000000000000004,0.8660254037844384
0,0.956521739,58,27,1,90,10.0,30.11,0,-0.780295851070776,0.6254105729852457,0.2588190451025207,0.9659258262890684
0,0.666666667,58,27,1,90,9.0,30.08,0,-0.780295851070776,0.6254105729852457,0.8660254037844386,0.5000000000000001
1,0.376811594,58,27,3,93,0.0,30.06,115,-0.780295851070776,0.6254105729852457,0.9659258262890684,-0.2588190451025206
1,0.086956522,58,27,4,81,7.0,30.06,5851,-0.780295851070776,0.6254105729852457,0.4999999999999999,-0.8660254037844387
1,0.202898551,58,27,4,84,9.0,29.98,3697,-0.780295851070776,0.6254105729852457,-0.2588190451025208,-0.9659258262890684
1,0.492753623,58,27,4,93,10.0,29.93,696,-0.780295851070776,0.6254105729852457,-0.8660254037844385,-0.5000000000000004
0,0.782608696,58,27,4,93,16.0,29.91,0,-0.780295851070776,0.6254105729852457,-0.9659258262890684,0.2588190451025203
0,1.072463768,58,27,3,86,15.0,29.88,0,-0.780295851070776,0.6254105729852457,-0.5000000000000004,0.8660254037844384
0,0.959612278,57,28,3,83,23.0,29.87,0,-0.7694148268839381,0.6387494220515268,0.2588190451025207,0.9659258262890684
0,0.668820679,57,28,3,83,24.0,29.85,0,-0.7694148268839381,0.6387494220515268,0.8660254037844386,0.5000000000000001
1,0.378029079,57,28,2,83,21.0,29.86,1209,-0.7694148268839381,0.6387494220515268,0.9659258262890684,-0.2588190451025206
1,0.08723748,57,28,2,75,14.0,29.88,19618,-0.7694148268839381,0.6387494220515268,0.4999999999999999,-0.8660254037844387
1,0.20355412,57,28,2,70,20.0,29.87,24686,-0.7694148268839381,0.6387494220515268,-0.2588190451025208,-0.9659258262890684
1,0.494345719,57,28,3,78,15.0,29.87,4927,-0.7694148268839381,0.6387494220515268,-0.8660254037844385,-0.5000000000000004
0,0.785137318,57,28,2,83,15.0,29.91,0,-0.7694148268839381,0.6387494220515268,-0.9659258262890684,0.2588190451025203
0,1.075928918,57,28,2,83,25.0,29.96,0,-0.7694148268839381,0.6387494220515268,-0.5000000000000004,0.8660254037844384
0,0.962722853,55,28,1,86,11.0,29.98,0,-0.7583058084785625,0.6518989958787125,0.2588190451025207,0.9659258262890684
0,0.670988655,55,28,1,90,5.0,30.02,0,-0.7583058084785625,0.6518989958787125,0.8660254037844386,0.5000000000000001
1,0.379254457,55,28,3,90,9.0,30.07,381,-0.7583058084785625,0.6518989958787125,0.9659258262890684,-0.2588190451025206
1,0.087520259,55,28,3,72,9.0,30.09,14852,-0.7583058084785625,0.6518989958787125,0.4999999999999999,-0.8660254037844387
1,0.204213938,55,28,3,65,14.0,30.06,24073,-0.7583058084785625,0.6518989958787125,-0.2588190451025208,-0.9659258262890684
1,0.495948136,55,28,3,70,9.0,30.07,4945,-0.7583058084785625,0.6518989958787125,-0.8660254037844385,-0.5000000000000004
0,0.787682334,55,28,3,78,9.0,30.09,0,-0.7583058084785625,0.6518989958787125,-0.9659258262890684,0.2588190451025203
0,1.079416532,55,28,3,83,9.0,30.13,0,-0.7583058084785625,0.6518989958787125,-0.5000000000000004,0.8660254037844384
0,0.965853659,57,28,3,90,9.0,30.16,0,-0.7469720876965551,0.6648553979642866,0.2588190451025207,0.9659258262890684
0,0.673170732,57,28,4,96,7.0,30.17,0,-0.7469720876965551,0.6648553979642866,0.8660254037844386,0.5000000000000001
1,0.380487805,57,28,3,86,7.0,30.21,207,-0.7469720876965551,0.6648553979642866,0.9659258262890684,-0.2588190451025206
1,0.087804878,57,28,3,75,10.0,30.27,8425,-0.7469720876965551,0.6648553979642866,0.4999999999999999,-0.8660254037844387
1,0.204878049,57,28,3,72,10.0,30.24,9466,-0.7469720876965551,0.6648553979642866,-0.2588190451025208,-0.9659258262890684
1,0.497560976,57,28,3,72,15.0,30.24,3303,-0.7469720876965551,0.6648553979642866,-0.8660254037844385,-0.5000000000000004
0,0.790243902,57,28,3,72,11.0,30.27,0,-0.7469720876965551,0.6648553979642866,-0.9659258262890684,0.2588190451025203
0,1.082926829,57,28,3,80,10.0,30.27,0,-0.7469720876965551,0.6648553979642866,-0.5000000000000004,0.8660254037844384
0,0.969004894,60,28,4,93,6.0,30.28,0,-0.7354170229639858,0.6776147890466887,0.2588190451025207,0.9659258262890684
0,0.675367047,60,28,4,96,8.0,30.27,0,-0.7354170229639858,0.6776147890466887,0.8660254037844386,0.5000000000000001
1,0.381729201,60,28,4,87,0.0,30.3,162,-0.7354170229639858,0.6776147890466887,0.9659258262890684,-0.2588190451025206
1,0.088091354,60,28,4,87,5.0,30.32,4780,-0.7354170229639858,0.6776147890466887,0.4999999999999999,-0.8660254037844387
1,0.205546493,60,28,3,84,3.0,30.26,12683,-0.7354170229639858,0.6776147890466887,-0.2588190451025208,-0.9659258262890684
1,0.499184339,60,28,3,87,16.0,30.21,6774,-0.7354170229639858,0.6776147890466887,-0.8660254037844385,-0.5000000000000004
0,0.792822186,60,28,3,93,8.0,30.21,0,-0.7354170229639858,0.6776147890466887,-0.9659258262890684,0.2588190451025203
0,1.086460033,60,28,2,93,0.0,30.23,0,-0.7354170229639858,0.6776147890466887,-0.5000000000000004,0.8660254037844384
0,0.972176759,60,28,1,93,0.0,30.23,0,-0.7236440382959124,0.690173388242972,0.2588190451025207,0.9659258262890684
0,0.677577741,60,28,2,96,0.0,30.22,0,-0.7236440382959124,0.690173388242972,0.8660254037844386,0.5000000000000001
1,0.382978723,60,28,1,96,0.0,30.22,915,-0.7236440382959124,0.690173388242972,0.9659258262890684,-0.2588190451025206
1,0.088379705,60,28,1,93,5.0,30.23,17909,-0.7236440382959124,0.690173388242972,0.4999999999999999,-0.8660254037844387
1,0.206219313,60,28,1,63,9.0,30.16,22652,-0.7236440382959124,0.690173388242972,-0.2588190451025208,-0.9659258262890684
1,0.500818331,60,28,1,75,20.0,30.11,6592,-0.7236440382959124,0.690173388242972,-0.8660254037844385,-0.5000000000000004
0,0.795417349,60,28,0,78,10.0,30.1,0,-0.7236440382959124,0.690173388242972,-0.9659258262890684,0.2588190451025203
0,1.090016367,60,28,0,87,8.0,30.1,0,-0.7236440382959124,0.690173388242972,-0.5000000000000004,0.8660254037844384
0,0.973770492,66,10,0,90,3.0,30.1,0,-0.711656622281775,0.7025274741691566,0.2588190451025207,0.9659258262890684
0,0.678688525,66,10,0,93,0.0,30.08,0,-0.711656622281775,0.7025274741691566,0.8660254037844386,0.5000000000000001
1,0.383606557,66,10,0,86,0.0,30.12,934,-0.711656622281775,0.7025274741691566,0.9659258262890684,-0.2588190451025206
1,0.08852459,66,10,0,52,7.0,30.14,17598,-0.711656622281775,0.7025274741691566,0.4999999999999999,-0.8660254037844387
1,0.206557377,66,10,0,40,6.0,30.07,22910,-0.711656622281775,0.7025274741691566,-0.2588190451025208,-0.9659258262890684
1,0.501639344,66,10,1,27,7.0,30.04,6731,-0.711656622281775,0.7025274741691566,-0.8660254037844385,-0.5000000000000004
0,0.796721311,66,10,0,38,9.0,30.06,0,-0.711656622281775,0.7025274741691566,-0.9659258262890684,0.2588190451025203
0,1.091803279,66,10,1,47,9.0,30.08,0,-0.711656622281775,0.7025274741691566,-0.5000000000000004,0.8660254037844384
0,0.978583196,69,14,1,45,11.0,30.1,0,-0.6994583270516471,0.7146733860429608,0.2588190451025207,0.9659258262890684
0,0.682042834,69,14,1,54,8.0,30.1,0,-0.6994583270516471,0.7146733860429608,0.8660254037844386,0.5000000000000001
1,0.385502471,69,14,1,54,8.0,30.12,746,-0.6994583270516471,0.7146733860429608,0.9659258262890684,-0.2588190451025206
1,0.088962109,69,14,0,30,7.0,30.14,17752,-0.6994583270516471,0.7146733860429608,0.4999999999999999,-0.8660254037844387
1,0.207578254,69,14,0,39,3.0,30.08,22523,-0.6994583270516471,0.7146733860429608,-0.2588190451025208,-0.9659258262890684
1,0.504118616,69,14,1,27,0.0,30.05,6614,-0.6994583270516471,0.7146733860429608,-0.8660254037844385,-0.5000000000000004
0,0.800658979,69,14,1,38,0.0,30.07,0,-0.6994583270516471,0.7146733860429608,-0.9659258262890684,0.2588190451025203
0,1.097199341,69,14,0,48,3.0,30.07,0,-0.6994583270516471,0.7146733860429608,-0.5000000000000004,0.8660254037844384
0,0.983471074,63,5,0,75,0.0,30.08,0,-0.6870527672236675,0.7266075247685652,0.2588190451025207,0.9659258262890684
0,0.685950413,63,5,1,90,0.0,30.06,0,-0.6870527672236675,0.7266075247685652,0.8660254037844386,0.5000000000000001
1,0.388429752,63,5,0,90,0.0,30.09,595,-0.6870527672236675,0.7266075247685652,0.9659258262890684,-0.2588190451025206
1,0.090909091,63,5,0,78,3.0,30.11,16232,-0.6870527672236675,0.7266075247685652,0.4999999999999999,-0.8660254037844387
1,0.20661157,63,5,1,73,8.0,30.06,21472,-0.6870527672236675,0.7266075247685652,-0.2588190451025208,-0.9659258262890684
1,0.504132231,63,5,1,50,0.0,30.04,5578,-0.6870527672236675,0.7266075247685652,-0.8660254037844385,-0.5000000000000004
0,0.801652893,63,5,1,68,3.0,30.06,0,-0.6870527672236675,0.7266075247685652,-0.9659258262890684,0.2588190451025203
0,1.099173554,63,5,2,75,0.0,30.09,0,-0.6870527672236675,0.7266075247685652,-0.5000000000000004,0.8660254037844384
0,0.985099338,64,9,1,83,0.0,30.1,0,-0.6744436188329457,0.7383263540031063,0.2588190451025207,0.9659258262890684
0,0.687086093,64,9,0,87,0.0,30.11,0,-0.6744436188329457,0.7383263540031063,0.8660254037844386,0.5000000000000001
1,0.389072848,64,9,1,90,3.0,30.13,585,-0.6744436188329457,0.7383263540031063,0.9659258262890684,-0.2588190451025206
1,0.091059603,64,9,1,78,3.0,30.15,16124,-0.6744436188329457,0.7383263540031063,0.4999999999999999,-0.8660254037844387
1,0.206953642,64,9,1,70,3.0,30.11,21511,-0.6744436188329457,0.7383263540031063,-0.2588190451025208,-0.9659258262890684
1,0.504966887,64,9,2,49,0.0,30.08,5527,-0.6744436188329457,0.7383263540031063,-0.8660254037844385,-0.5000000000000004
0,0.802980132,64,9,1,70,0.0,30.09,0,-0.6744436188329457,0.7383263540031063,-0.9659258262890684,0.2588190451025203
0,1.100993377,64,9,1,78,0.0,30.11,0,-0.6744436188329457,0.7383263540031063,-0.5000000000000004,0.8660254037844384
0,0.988372093,57,29,1,81,0.0,30.11,0,-0.661634618242279,0.749826401204568,0.2588190451025207,0.9659258262890684
0,0.689368771,57,29,0,86,6.0,30.12,0,-0.661634618242279,0.749826401204568,0.8660254037844386,0.5000000000000001
1,0.390365449,57,29,1,93,7.0,30.14,512,-0.661634618242279,0.749826401204568,0.9659258262890684,-0.2588190451025206
1,0.091362126,57,29,0,81,0.0,30.17,15771,-0.661634618242279,0.749826401204568,0.4999999999999999,-0.8660254037844387
1,0.207641196,57,29,1,75,18.0,30.12,21856,-0.661634618242279,0.749826401204568,-0.2588190451025208,-0.9659258262890684
1,0.506644518,57,29,1,83,16.0,30.09,4702,-0.661634618242279,0.749826401204568,-0.8660254037844385,-0.5000000000000004
0,0.805647841,57,29,1,96,13.0,30.1,0,-0.661634618242279,0.749826401204568,-0.9659258262890684,0.2588190451025203
0,1.104651163,57,29,1,93,11.0,30.12,0,-0.661634618242279,0.749826401204568,-0.5000000000000004,0.8660254037844384
0,0.991666667,54,27,2,93,6.0,30.13,0,-0.6486295610349818,0.7611042586607742,0.2588190451025207,0.9659258262890684
0,0.691666667,54,27,4,86,5.0,30.14,0,-0.6486295610349818,0.7611042586607742,0.8660254037844386,0.5000000000000001
1,0.391666667,54,27,4,86,7.0,30.14,0,-0.6486295610349818,0.7611042586607742,0.9659258262890684,-0.2588190451025206
1,0.091666667,54,27,4,86,5.0,30.16,3113,-0.6486295610349818,0.7611042586607742,0.4999999999999999,-0.8660254037844387
1,0.208333333,54,27,4,83,9.0,30.14,7669,-0.6486295610349818,0.7611042586607742,-0.2588190451025208,-0.9659258262890684
1,0.508333333,54,27,3,80,9.0,30.11,5693,-0.6486295610349818,0.7611042586607742,-0.8660254037844385,-0.5000000000000004
0,0.808333333,54,27,3,90,10.0,30.14,0,-0.6486295610349818,0.7611042586607742,-0.9659258262890684,0.2588190451025203
0,1.108333333,54,27,4,86,8.0,30.16,0,-0.6486295610349818,0.7611042586607742,-0.5000000000000004,0.8660254037844384
0,0.994991653,57,27,4,90,7.0,30.15,0,-0.6354323008901775,0.7721565844991641,0.2588190451025207,0.9659258262890684
0,0.694490818,57,27,3,90,3.0,30.16,0,-0.6354323008901775,0.7721565844991641,0.8660254037844386,0.5000000000000001
1,0.393989983,57,27,4,90,5.0,30.21,53,-0.6354323008901775,0.7721565844991641,0.9659258262890684,-0.2588190451025206
1,0.093489149,57,27,4,87,5.0,30.25,4089,-0.6354323008901775,0.7721565844991641,0.4999999999999999,-0.8660254037844387
1,0.207011686,57,27,3,78,11.0,30.22,14702,-0.6354323008901775,0.7721565844991641,-0.2588190451025208,-0.9659258262890684
1,0.507512521,57,27,2,72,14.0,30.2,4839,-0.6354323008901775,0.7721565844991641,-0.8660254037844385,-0.5000000000000004
0,0.808013356,57,27,0,78,10.0,30.21,0,-0.6354323008901775,0.7721565844991641,-0.9659258262890684,0.2588190451025203
0,1.10851419,57,27,0,69,3.0,30.21,0,-0.6354323008901775,0.7721565844991641,-0.5000000000000004,0.8660254037844384
0,0.998324958,55,28,0,83,3.0,30.2,0,-0.622046748440868,0.7829801036770624,0.2588190451025207,0.9659258262890684
0,0.69681742,55,28,0,83,0.0,30.16,0,-0.622046748440868,0.7829801036770624,0.8660254037844386,0.5000000000000001
1,0.395309883,55,28,1,80,3.0,30.16,523,-0.622046748440868,0.7829801036770624,0.9659258262890684,-0.2588190451025206
1,0.093802345,55,28,1,60,5.0,30.15,16265,-0.622046748440868,0.7829801036770624,0.4999999999999999,-0.8660254037844387
1,0.207705193,55,28,1,37,0.0,30.11,22287,-0.622046748440868,0.7829801036770624,-0.2588190451025208,-0.9659258262890684
1,0.50921273,55,28,1,60,11.0,30.08,6352,-0.622046748440868,0.7829801036770624,-0.8660254037844385,-0.5000000000000004
0,0.810720268,55,28,0,83,22.0,30.1,0,-0.622046748440868,0.7829801036770624,-0.9659258262890684,0.2588190451025203
0,1.112227806,55,28,0,83,8.0,30.11,0,-0.622046748440868,0.7829801036770624,-0.5000000000000004,0.8660254037844384
0,1.0,54,28,2,77,0.0,30.09,0,-0.6084768701151264,0.7935716089521472,0.2588190451025207,0.9659258262890684
0,0.697986577,54,28,0,83,5.0,30.08,0,-0.6084768701151264,0.7935716089521472,0.8660254037844386,0.5000000000000001
1,0.395973154,54,28,2,83,0.0,30.12,534,-0.6084768701151264,0.7935716089521472,0.9659258262890684,-0.2588190451025206
1,0.093959732,54,28,2,72,3.0,30.15,15976,-0.6084768701151264,0.7935716089521472,0.4999999999999999,-0.8660254037844387
1,0.208053691,54,28,2,70,3.0,30.1,21808,-0.6084768701151264,0.7935716089521472,-0.2588190451025208,-0.9659258262890684
1,0.510067114,54,28,3,67,14.0,30.07,6518,-0.6084768701151264,0.7935716089521472,-0.8660254037844385,-0.5000000000000004
0,0.812080537,54,28,4,96,20.0,30.08,0,-0.6084768701151264,0.7935716089521472,-0.9659258262890684,0.2588190451025203
0,1.11409396,54,28,1,100,0.0,30.09,0,-0.6084768701151264,0.7935716089521472,-0.5000000000000004,0.8660254037844384
0,1.003367003,56,17,0,93,5.0,30.07,0,-0.594726686960764,0.8039279618328208,0.2588190451025207,0.9659258262890684
0,0.7003367,56,17,0,89,6.0,30.04,0,-0.594726686960764,0.8039279618328208,0.8660254037844386,0.5000000000000001
1,0.397306397,56,17,1,96,5.0,30.04,377,-0.594726686960764,0.8039279618328208,0.9659258262890684,-0.2588190451025206
1,0.094276094,56,17,1,72,7.0,30.06,15727,-0.594726686960764,0.8039279618328208,0.4999999999999999,-0.8660254037844387
1,0.208754209,56,17,1,56,0.0,30.01,21630,-0.594726686960764,0.8039279618328208,-0.2588190451025208,-0.9659258262890684
1,0.511784512,56,17,1,50,0.0,29.99,5778,-0.594726686960764,0.8039279618328208,-0.8660254037844385,-0.5000000000000004
0,0.814814815,56,17,1,78,0.0,30.01,0,-0.594726686960764,0.8039279618328208,-0.9659258262890684,0.2588190451025203
0,1.117845118,56,17,0,77,0.0,30.05,0,-0.594726686960764,0.8039279618328208,-0.5000000000000004,0.8660254037844384
0,1.006745363,54,15,1,86,0.0,30.05,0,-0.5808002734538013,0.8140460935082175,0.2588190451025207,0.9659258262890684
0,0.703204047,54,15,0,89,5.0,30.05,0,-0.5808002734538013,0.8140460935082175,0.8660254037844386,0.5000000000000001
1,0.399662732,54,15,2,89,3.0,30.06,0,-0.5808002734538013,0.8140460935082175,0.9659258262890684,-0.2588190451025206
1,0.096121417,54,15,3,83,6.0,30.07,11153,-0.5808002734538013,0.8140460935082175,0.4999999999999999,-0.8660254037844387
1,0.207419899,54,15,3,80,5.0,30.03,13434,-0.5808002734538013,0.8140460935082175,-0.2588190451025208,-0.9659258262890684
1,0.510961214,54,15,3,62,3.0,30.0,1789,-0.5808002734538013,0.8140460935082175,-0.8660254037844385,-0.5000000000000004
0,0.81450253,54,15,3,67,0.0,30.01,0,-0.5808002734538013,0.8140460935082175,-0.9659258262890684,0.2588190451025203
0,1.118043845,54,15,3,78,0.0,30.0,0,-0.5808002734538013,0.8140460935082175,-0.5000000000000004,0.8660254037844384
0,1.008445946,55,36,3,77,0.0,30.01,0,-0.5667017562911184,0.8239230057575536,0.2588190451025207,0.9659258262890684
0,0.704391892,55,36,3,83,0.0,30.03,0,-0.5667017562911184,0.8239230057575536,0.8660254037844386,0.5000000000000001
1,0.400337838,55,36,3,83,0.0,30.04,80,-0.5667017562911184,0.8239230057575536,0.9659258262890684,-0.2588190451025206
1,0.096283784,55,36,4,87,7.0,30.05,618,-0.5667017562911184,0.8239230057575536,0.4999999999999999,-0.8660254037844387
1,0.20777027,55,36,4,75,0.0,30.01,2606,-0.5667017562911184,0.8239230057575536,-0.2588190451025208,-0.9659258262890684
1,0.511824324,55,36,4,81,6.0,29.98,915,-0.5667017562911184,0.8239230057575536,-0.8660254037844385,-0.5000000000000004
0,0.815878378,55,36,3,75,0.0,29.96,0,-0.5667017562911184,0.8239230057575536,-0.9659258262890684,0.2588190451025203
0,1.119932432,55,36,3,83,7.0,29.96,0,-0.5667017562911184,0.8239230057575536,-0.5000000000000004,0.8660254037844384
0,1.011864407,55,34,3,80,3.0,29.94,0,-0.5524353131676203,0.8335557718385695,0.2588190451025207,0.9659258262890684
0,0.706779661,55,34,3,83,6.0,29.89,0,-0.5524353131676203,0.8335557718385695,0.8660254037844386,0.5000000000000001
1,0.401694915,55,34,4,83,0.0,29.85,69,-0.5524353131676203,0.8335557718385695,0.9659258262890684,-0.2588190451025206
1,0.096610169,55,34,4,78,0.0,29.88,1340,-0.5524353131676203,0.8335557718385695,0.4999999999999999,-0.8660254037844387
1,0.208474576,55,34,4,90,0.0,29.88,2726,-0.5524353131676203,0.8335557718385695,-0.2588190451025208,-0.9659258262890684
1,0.513559322,55,34,4,86,0.0,29.89,68,-0.5524353131676203,0.8335557718385695,-0.8660254037844385,-0.5000000000000004
0,0.818644068,55,34,3,90,0.0,29.92,0,-0.5524353131676203,0.8335557718385695,-0.9659258262890684,0.2588190451025203
0,1.123728814,55,34,4,90,0.0,29.95,0,-0.5524353131676203,0.8335557718385695,-0.5000000000000004,0.8660254037844384
0,1.015280136,56,29,3,93,0.0,29.98,0,-0.5380051715382992,0.8429415373547832,0.2588190451025207,0.9659258262890684
0,0.709677419,56,29,4,93,9.0,30.0,0,-0.5380051715382992,0.8429415373547832,0.8660254037844386,0.5000000000000001
1,0.404074703,56,29,4,90,6.0,30.05,0,-0.5380051715382992,0.8429415373547832,0.9659258262890684,-0.2588190451025206
1,0.098471986,56,29,2,87,7.0,30.1,13893,-0.5380051715382992,0.8429415373547832,0.4999999999999999,-0.8660254037844387
1,0.20713073,56,29,4,80,11.0,30.09,11407,-0.5380051715382992,0.8429415373547832,-0.2588190451025208,-0.9659258262890684
1,0.512733447,56,29,3,78,11.0,30.11,633,-0.5380051715382992,0.8429415373547832,-0.8660254037844385,-0.5000000000000004
0,0.818336163,56,29,4,80,10.0,30.15,0,-0.5380051715382992,0.8429415373547832,-0.9659258262890684,0.2588190451025203
0,1.123938879,56,29,4,83,8.0,30.2,0,-0.5380051715382992,0.8429415373547832,-0.5000000000000004,0.8660254037844384
0,1.017006803,53,24,4,86,5.0,30.22,0,-0.5234156073655503,0.8520775211013093,0.2588190451025207,0.9659258262890684
0,0.710884354,53,24,4,83,3.0,30.22,0,-0.5234156073655503,0.8520775211013093,0.8660254037844386,0.5000000000000001
1,0.404761905,53,24,4,86,3.0,30.25,11,-0.5234156073655503,0.8520775211013093,0.9659258262890684,-0.2588190451025206
1,0.098639456,53,24,4,83,3.0,30.3,1353,-0.5234156073655503,0.8520775211013093,0.4999999999999999,-0.8660254037844387
1,0.207482993,53,24,4,83,5.0,30.24,10939,-0.5234156073655503,0.8520775211013093,-0.2588190451025208,-0.9659258262890684
1,0.513605442,53,24,4,78,3.0,30.2,4273,-0.5234156073655503,0.8520775211013093,-0.8660254037844385,-0.5000000000000004
0,0.819727891,53,24,2,90,8.0,30.22,0,-0.5234156073655503,0.8520775211013093,-0.9659258262890684,0.2588190451025203
0,1.12585034,53,24,2,96,0.0,30.22,0,-0.5234156073655503,0.8520775211013093,-0.5000000000000004,0.8660254037844384
0,1.020477816,57,12,2,93,0.0,30.19,0,-0.5086709438521042,0.8609610158889945,0.2588190451025207,0.9659258262890684
0,0.71331058,57,12,4,96,5.0,30.17,0,-0.5086709438521042,0.8609610158889945,0.8660254037844386,0.5000000000000001
1,0.098976109,57,12,3,80,8.0,30.19,7229,-0.5086709438521042,0.8609610158889945,0.4999999999999999,-0.8660254037844387
1,0.208191126,57,12,2,75,0.0,30.12,18371,-0.5086709438521042,0.8609610158889945,-0.2588190451025208,-0.9659258262890684
1,0.515358362,57,12,1,54,0.0,30.1,5918,-0.5086709438521042,0.8609610158889945,-0.8660254037844385,-0.5000000000000004
0,0.822525597,57,12,0,70,0.0,30.11,0,-0.5086709438521042,0.8609610158889945,-0.9659258262890684,0.2588190451025203
0,1.129692833,57,12,0,72,3.0,30.15,0,-0.5086709438521042,0.8609610158889945,-0.5000000000000004,0.8660254037844384
0,1.023931624,55,7,0,80,0.0,30.17,0,-0.4937755501599773,0.8695893893466109,0.2588190451025207,0.9659258262890684
0,0.716239316,55,7,0,90,3.0,30.15,0,-0.4937755501599773,0.8695893893466109,0.8660254037844386,0.5000000000000001
1,0.408547009,55,7,2,93,3.0,30.14,191,-0.4937755501599773,0.8695893893466109,0.9659258262890684,-0.2588190451025206
1,0.100854701,55,7,2,83,5.0,30.16,14064,-0.4937755501599773,0.8695893893466109,0.4999999999999999,-0.8660254037844387
1,0.206837607,55,7,2,75,6.0,30.12,20574,-0.4937755501599773,0.8695893893466109,-0.2588190451025208,-0.9659258262890684
1,0.514529915,55,7,2,75,0.0,30.09,5548,-0.4937755501599773,0.8695893893466109,-0.8660254037844385,-0.5000000000000004
0,0.822222222,55,7,1,67,0.0,30.11,0,-0.4937755501599773,0.8695893893466109,-0.9659258262890684,0.2588190451025203
0,1.12991453,55,7,0,83,3.0,30.13,0,-0.4937755501599773,0.8695893893466109,-0.5000000000000004,0.8660254037844384
0,1.025684932,53,28,0,93,0.0,30.13,0,-0.4787338401157883,0.8779600847008883,0.2588190451025207,0.9659258262890684
0,0.717465753,53,28,2,100,6.0,30.13,0,-0.4787338401157883,0.8779600847008883,0.8660254037844386,0.5000000000000001
1,0.409246575,53,28,4,100,3.0,30.14,0,-0.4787338401157883,0.8779600847008883,0.9659258262890684,-0.2588190451025206
1,0.101027397,53,28,4,96,7.0,30.18,2184,-0.4787338401157883,0.8779600847008883,0.4999999999999999,-0.8660254037844387
1,0.207191781,53,28,4,86,9.0,30.14,2907,-0.4787338401157883,0.8779600847008883,-0.2588190451025208,-0.9659258262890684
1,0.515410959,53,28,4,80,11.0,30.13,469,-0.4787338401157883,0.8779600847008883,-0.8660254037844385,-0.5000000000000004
0,0.823630137,53,28,3,80,9.0,30.12,0,-0.4787338401157883,0.8779600847008883,-0.9659258262890684,0.2588190451025203
0,1.131849315,53,28,4,80,9.0,30.15,0,-0.4787338401157883,0.8779600847008883,-0.5000000000000004,0.8660254037844384
0,1.027444254,56,28,4,83,9.0,30.16,0,-0.4635502709028512,0.8860706215341378,0.2588190451025207,0.9659258262890684
0,0.718696398,56,28,4,86,11.0,30.17,0,-0.4635502709028512,0.8860706215341378,0.8660254037844386,0.5000000000000001
1,0.409948542,56,28,4,96,8.0,30.18,0,-0.4635502709028512,0.8860706215341378,0.9659258262890684,-0.2588190451025206
1,0.101200686,56,28,3,81,9.0,30.2,10230,-0.4635502709028512,0.8860706215341378,0.4999999999999999,-0.8660254037844387
1,0.20754717,56,28,1,75,5.0,30.14,19145,-0.4635502709028512,0.8860706215341378,-0.2588190451025208,-0.9659258262890684
1,0.516295026,56,28,2,70,10.0,30.15,5666,-0.4635502709028512,0.8860706215341378,-0.8660254037844385,-0.5000000000000004
0,0.825042882,56,28,1,86,5.0,30.16,0,-0.4635502709028512,0.8860706215341378,-0.9659258262890684,0.2588190451025203
0,1.133790738,56,28,0,90,0.0,30.19,0,-0.4635502709028512,0.8860706215341378,-0.5000000000000004,0.8660254037844384
0,1.030927835,53,33,0,90,5.0,30.17,0,-0.4482293417404106,0.893918596519257,0.2588190451025207,0.9659258262890684
0,0.721649485,53,33,4,93,0.0,30.18,0,-0.4482293417404106,0.893918596519257,0.8660254037844386,0.5000000000000001
1,0.412371134,53,33,4,100,0.0,30.2,0,-0.4482293417404106,0.893918596519257,0.9659258262890684,-0.2588190451025206
1,0.103092784,53,33,4,100,3.0,30.2,5857,-0.4482293417404106,0.893918596519257,0.4999999999999999,-0.8660254037844387
1,0.206185567,53,33,3,80,5.0,30.12,14677,-0.4482293417404106,0.893918596519257,-0.2588190451025208,-0.9659258262890684
1,0.515463918,53,33,4,69,3.0,30.1,3724,-0.4482293417404106,0.893918596519257,-0.8660254037844385,-0.5000000000000004
0,0.824742268,53,33,3,86,6.0,30.09,0,-0.4482293417404106,0.893918596519257,-0.9659258262890684,0.2588190451025203
0,1.134020619,53,33,3,83,7.0,30.08,0,-0.4482293417404106,0.893918596519257,-0.5000000000000004,0.8660254037844384
0,1.032702238,54,6,2,77,11.0,30.06,0,-0.4327755925504317,0.9015016841318838,0.2588190451025207,0.9659258262890684
0,0.722891566,54,6,2,80,13.0,30.05,0,-0.4327755925504317,0.9015016841318838,0.8660254037844386,0.5000000000000001
1,0.413080895,54,6,4,80,13.0,30.06,188,-0.4327755925504317,0.9015016841318838,0.9659258262890684,-0.2588190451025206
1,0.103270224,54,6,4,77,7.0,30.07,13982,-0.4327755925504317,0.9015016841318838,0.4999999999999999,-0.8660254037844387
1,0.206540448,54,6,0,64,6.0,30.03,21285,-0.4327755925504317,0.9015016841318838,-0.2588190451025208,-0.9659258262890684
1,0.516351119,54,6,0,67,0.0,30.0,5652,-0.4327755925504317,0.9015016841318838,-0.8660254037844385,-0.5000000000000004
0,0.82616179,54,6,0,83,5.0,30.02,0,-0.4327755925504317,0.9015016841318838,-0.9659258262890684,0.2588190451025203
0,1.135972461,54,6,0,77,0.0,30.08,0,-0.4327755925504317,0.9015016841318838,-0.5000000000000004,0.8660254037844384
0,1.036206897,54,15,0,83,5.0,30.11,0,-0.4171936026123169,0.9088176373395028,0.2588190451025207,0.9659258262890684
0,0.725862069,54,15,0,89,5.0,30.14,0,-0.4171936026123169,0.9088176373395028,0.8660254037844386,0.5000000000000001
1,0.415517241,54,15,1,86,6.0,30.17,117,-0.4171936026123169,0.9088176373395028,0.9659258262890684,-0.2588190451025206
1,0.105172414,54,15,1,72,6.0,30.23,13253,-0.4171936026123169,0.9088176373395028,0.4999999999999999,-0.8660254037844387
1,0.205172414,54,15,1,56,0.0,30.18,20321,-0.4171936026123169,0.9088176373395028,-0.2588190451025208,-0.9659258262890684
1,0.515517241,54,15,3,46,0.0,30.16,5999,-0.4171936026123169,0.9088176373395028,-0.8660254037844385,-0.5000000000000004
0,0.825862069,54,15,2,55,0.0,30.19,0,-0.4171936026123169,0.9088176373395028,-0.9659258262890684,0.2588190451025203
0,1.136206897,54,15,1,71,5.0,30.23,0,-0.4171936026123169,0.9088176373395028,-0.5000000000000004,0.8660254037844384
0,1.036206897,51,3,1,68,0.0,30.22,0,-0.4014879892059737,0.9158642882672868,0.2588190451025207,0.9659258262890684
0,0.725862069,51,3,0,74,0.0,30.21,0,-0.4014879892059737,0.9158642882672868,0.8660254037844386,0.5000000000000001
1,0.415517241,51,3,1,86,0.0,30.24,110,-0.4014879892059737,0.9158642882672868,0.9659258262890684,-0.2588190451025206
1,0.105172414,51,3,1,77,7.0,30.26,13734,-0.4014879892059737,0.9158642882672868,0.4999999999999999,-0.8660254037844387
1,0.205172414,51,3,1,62,0.0,30.21,20887,-0.4014879892059737,0.9158642882672868,-0.2588190451025208,-0.9659258262890684
1,0.515517241,51,3,1,72,3.0,30.18,5603,-0.4014879892059737,0.9158642882672868,-0.8660254037844385,-0.5000000000000004
0,0.825862069,51,3,1,77,3.0,30.17,0,-0.4014879892059737,0.9158642882672868,-0.9659258262890684,0.2588190451025203
0,1.136206897,51,3,1,80,0.0,30.18,0,-0.4014879892059737,0.9158642882672868,-0.5000000000000004,0.8660254037844384
0,1.037996546,50,27,2,86,6.0,30.17,0,-0.3856634062436074,0.9226395488404876,0.2588190451025207,0.9659258262890684
0,0.727115717,50,27,2,89,6.0,30.16,0,-0.3856634062436074,0.9226395488404876,0.8660254037844386,0.5000000000000001
1,0.416234888,50,27,2,96,6.0,30.13,140,-0.3856634062436074,0.9226395488404876,0.9659258262890684,-0.2588190451025206
1,0.105354059,50,27,4,86,0.0,30.15,12328,-0.3856634062436074,0.9226395488404876,0.4999999999999999,-0.8660254037844387
1,0.20552677,50,27,4,80,11.0,30.1,11715,-0.3856634062436074,0.9226395488404876,-0.2588190451025208,-0.9659258262890684
1,0.516407599,50,27,4,74,10.0,30.08,3854,-0.3856634062436074,0.9226395488404876,-0.8660254037844385,-0.5000000000000004
0,0.827288428,50,27,4,80,8.0,30.06,0,-0.3856634062436074,0.9226395488404876,-0.9659258262890684,0.2588190451025203
0,1.138169257,50,27,4,80,6.0,30.07,0,-0.3856634062436074,0.9226395488404876,-0.5000000000000004,0.8660254037844384
0,1.041522491,50,33,4,80,6.0,30.06,0,-0.3697245428906732,0.9291414114031744,0.2588190451025207,0.9659258262890684
0,0.730103806,50,33,3,86,9.0,30.07,0,-0.3697245428906732,0.9291414114031744,0.8660254037844386,0.5000000000000001
1,0.418685121,50,33,3,86,3.0,30.05,90,-0.3697245428906732,0.9291414114031744,0.9659258262890684,-0.2588190451025206
1,0.107266436,50,33,3,77,8.0,30.1,3336,-0.3697245428906732,0.9291414114031744,0.4999999999999999,-0.8660254037844387
1,0.204152249,50,33,1,77,9.0,30.07,15878,-0.3697245428906732,0.9291414114031744,-0.2588190451025208,-0.9659258262890684
1,0.515570934,50,33,2,71,0.0,30.07,5654,-0.3697245428906732,0.9291414114031744,-0.8660254037844385,-0.5000000000000004
0,0.826989619,50,33,1,74,0.0,30.08,0,-0.3697245428906732,0.9291414114031744,-0.9659258262890684,0.2588190451025203
0,1.138408304,50,33,0,86,3.0,30.09,0,-0.3697245428906732,0.9291414114031744,-0.5000000000000004,0.8660254037844384
0,1.043327556,49,6,0,89,3.0,30.11,0,-0.3536761221763721,0.935367949313148,0.2588190451025207,0.9659258262890684
0,0.731369151,49,6,1,93,3.0,30.16,0,-0.3536761221763721,0.935367949313148,0.8660254037844386,0.5000000000000001
1,0.419410745,49,6,1,57,7.0,30.23,108,-0.3536761221763721,0.935367949313148,0.9659258262890684,-0.2588190451025206
1,0.10745234,49,6,1,49,6.0,30.27,13962,-0.3536761221763721,0.935367949313148,0.4999999999999999,-0.8660254037844387
1,0.204506066,49,6,1,55,7.0,30.23,21545,-0.3536761221763721,0.935367949313148,-0.2588190451025208,-0.9659258262890684
1,0.516464471,49,6,1,67,11.0,30.26,5580,-0.3536761221763721,0.935367949313148,-0.8660254037844385,-0.5000000000000004
0,0.828422877,49,6,0,69,6.0,30.31,0,-0.3536761221763721,0.935367949313148,-0.9659258262890684,0.2588190451025203
0,1.140381282,49,6,0,80,0.0,30.35,0,-0.3536761221763721,0.935367949313148,-0.5000000000000004,0.8660254037844384
0,1.046875,51,12,0,89,6.0,30.36,0,-0.3375228995941134,0.941317317512847,0.2588190451025207,0.9659258262890684
0,0.734375,51,12,0,86,6.0,30.35,0,-0.3375228995941134,0.941317317512847,0.8660254037844386,0.5000000000000001
1,0.421875,51,12,0,80,10.0,30.36,98,-0.3375228995941134,0.941317317512847,0.9659258262890684,-0.2588190451025206
1,0.109375,51,12,0,74,3.0,30.4,13185,-0.3375228995941134,0.941317317512847,0.4999999999999999,-0.8660254037844387
1,0.203125,51,12,0,51,3.0,30.32,20658,-0.3375228995941134,0.941317317512847,-0.2588190451025208,-0.9659258262890684
1,0.515625,51,12,1,78,6.0,30.26,5430,-0.3375228995941134,0.941317317512847,-0.8660254037844385,-0.5000000000000004
0,0.828125,51,12,0,69,3.0,30.25,0,-0.3375228995941134,0.941317317512847,-0.9659258262890684,0.2588190451025203
0,1.140625,51,12,1,74,3.0,30.27,0,-0.3375228995941134,0.941317317512847,-0.5000000000000004,0.8660254037844384
0,1.046875,50,29,0,80,0.0,30.22,0,-0.3212696616923651,0.9469877530760752,0.2588190451025207,0.9659258262890684
0,0.734375,50,29,1,83,0.0,30.18,0,-0.3212696616923651,0.9469877530760752,0.8660254037844386,0.5000000000000001
1,0.421875,50,29,1,83,9.0,30.18,25,-0.3212696616923651,0.9469877530760752,0.9659258262890684,-0.2588190451025206
1,0.109375,50,29,3,72,0.0,30.18,12722,-0.3212696616923651,0.9469877530760752,0.4999999999999999,-0.8660254037844387
1,0.203125,50,29,3,67,5.0,30.1,17127,-0.3212696616923651,0.9469877530760752,-0.2588190451025208,-0.9659258262890684
1,0.515625,50,29,3,78,0.0,30.04,4287,-0.3212696616923651,0.9469877530760752,-0.8660254037844385,-0.5000000000000004
0,0.828125,50,29,1,75,13.0,29.99,0,-0.3212696616923651,0.9469877530760752,-0.9659258262890684,0.2588190451025203
0,1.140625,50,29,2,90,11.0,30.0,0,-0.3212696616923651,0.9469877530760752,-0.5000000000000004,0.8660254037844384
0,1.050434783,53,27,4,90,8.0,29.97,0,-0.3049212246562894,0.9523775757303972,0.2588190451025207,0.9659258262890684
0,0.737391304,53,27,4,86,0.0,29.94,0,-0.3049212246562894,0.9523775757303972,0.8660254037844386,0.5000000000000001
1,0.424347826,53,27,2,89,3.0,29.95,101,-0.3049212246562894,0.9523775757303972,0.9659258262890684,-0.2588190451025206
1,0.111304348,53,27,1,80,0.0,29.97,12297,-0.3049212246562894,0.9523775757303972,0.4999999999999999,-0.8660254037844387
1,0.20173913,53,27,3,67,8.0,29.9,15931,-0.3049212246562894,0.9523775757303972,-0.2588190451025208,-0.9659258262890684
1,0.514782609,53,27,4,83,14.0,29.88,2812,-0.3049212246562894,0.9523775757303972,-0.8660254037844385,-0.5000000000000004
0,0.827826087,53,27,4,80,29.0,29.86,0,-0.3049212246562894,0.9523775757303972,-0.9659258262890684,0.2588190451025203
0,1.140869565,53,27,4,90,7.0,29.85,0,-0.3049212246562894,0.9523775757303972,-0.5000000000000004,0.8660254037844384
0,1.050434783,49,29,3,72,22.0,29.84,0,-0.2884824328806098,0.9574851883550388,0.2588190451025207,0.9659258262890684
0,0.737391304,49,29,4,69,22.0,29.85,0,-0.2884824328806098,0.9574851883550388,0.8660254037844386,0.5000000000000001
1,0.424347826,49,29,2,66,14.0,29.89,75,-0.2884824328806098,0.9574851883550388,0.9659258262890684,-0.2588190451025206
1,0.111304348,49,29,2,57,15.0,29.92,12944,-0.2884824328806098,0.9574851883550388,0.4999999999999999,-0.8660254037844387
1,0.20173913,49,29,3,51,20.0,29.87,17309,-0.2884824328806098,0.9574851883550388,-0.2588190451025208,-0.9659258262890684
1,0.514782609,49,29,2,61,16.0,29.85,3618,-0.2884824328806098,0.9574851883550388,-0.8660254037844385,-0.5000000000000004
0,0.827826087,49,29,2,66,20.0,29.89,0,-0.2884824328806098,0.9574851883550388,-0.9659258262890684,0.2588190451025203
0,1.140869565,49,29,3,63,10.0,29.92,0,-0.2884824328806098,0.9574851883550388,-0.5000000000000004,0.8660254037844384
0,1.054006969,45,16,2,68,8.0,29.91,0,-0.2719581575341052,0.9623090774541488,0.2588190451025207,0.9659258262890684
0,0.740418118,45,16,2,76,6.0,29.93,0,-0.2719581575341052,0.9623090774541488,0.8660254037844386,0.5000000000000001
1,0.426829268,45,16,3,83,7.0,29.95,0,-0.2719581575341052,0.9623090774541488,0.9659258262890684,-0.2588190451025206
1,0.113240418,45,16,4,74,13.0,29.95,738,-0.2719581575341052,0.9623090774541488,0.4999999999999999,-0.8660254037844387
1,0.200348432,45,16,4,80,6.0,29.89,4194,-0.2719581575341052,0.9623090774541488,-0.2588190451025208,-0.9659258262890684
1,0.513937282,45,16,4,86,0.0,29.83,223,-0.2719581575341052,0.9623090774541488,-0.8660254037844385,-0.5000000000000004
0,0.827526132,45,16,4,93,8.0,29.79,0,-0.2719581575341052,0.9623090774541488,-0.9659258262890684,0.2588190451025203
0,1.141114983,45,16,3,89,10.0,29.77,0,-0.2719581575341052,0.9623090774541488,-0.5000000000000004,0.8660254037844384
0,1.054006969,46,21,3,93,8.0,29.75,0,-0.2553532951161881,0.9668478136052772,0.2588190451025207,0.9659258262890684
0,0.740418118,46,21,3,83,7.0,29.75,0,-0.2553532951161881,0.9668478136052772,0.8660254037844386,0.5000000000000001
1,0.426829268,46,21,4,80,8.0,29.76,0,-0.2553532951161881,0.9668478136052772,0.9659258262890684,-0.2588190451025206
1,0.113240418,46,21,3,77,9.0,29.81,10192,-0.2553532951161881,0.9668478136052772,0.4999999999999999,-0.8660254037844387
1,0.200348432,46,21,2,66,16.0,29.79,13049,-0.2553532951161881,0.9668478136052772,-0.2588190451025208,-0.9659258262890684
1,0.513937282,46,21,3,61,15.0,29.79,198,-0.2553532951161881,0.9668478136052772,-0.8660254037844385,-0.5000000000000004
0,0.827526132,46,21,3,93,8.0,29.82,0,-0.2553532951161881,0.9668478136052772,-0.9659258262890684,0.2588190451025203
0,1.141114983,46,21,2,89,5.0,29.87,0,-0.2553532951161881,0.9668478136052772,-0.5000000000000004,0.8660254037844384
0,1.057591623,43,5,3,76,3.0,29.89,0,-0.2386727660059499,0.9711000518829505,0.2588190451025207,0.9659258262890684
0,0.743455497,43,5,3,93,3.0,29.9,0,-0.2386727660059499,0.9711000518829505,0.8660254037844386,0.5000000000000001
1,0.429319372,43,5,4,93,9.0,29.93,0,-0.2386727660059499,0.9711000518829505,0.9659258262890684,-0.2588190451025206
1,0.115183246,43,5,3,86,10.0,29.99,4935,-0.2386727660059499,0.9711000518829505,0.4999999999999999,-0.8660254037844387
1,0.19895288,43,5,3,74,7.0,29.97,8729,-0.2386727660059499,0.9711000518829505,-0.2588190451025208,-0.9659258262890684
1,0.513089005,43,5,3,83,20.0,29.99,1599,-0.2386727660059499,0.9711000518829505,-0.8660254037844385,-0.5000000000000004
0,0.827225131,43,5,3,83,16.0,30.02,0,-0.2386727660059499,0.9711000518829505,-0.9659258262890684,0.2588190451025203
0,1.141361257,43,5,2,83,6.0,30.03,0,-0.2386727660059499,0.9711000518829505,-0.5000000000000004,0.8660254037844384
0,1.057591623,43,29,1,63,10.0,30.04,0,-0.2219215130041667,0.9750645322571944,0.2588190451025207,0.9659258262890684
0,0.743455497,43,29,1,58,9.0,30.05,0,-0.2219215130041667,0.9750645322571944,0.8660254037844386,0.5000000000000001
1,0.429319372,43,29,1,73,0.0,30.05,0,-0.2219215130041667,0.9750645322571944,0.9659258262890684,-0.2588190451025206
1,0.115183246,43,29,0,60,3.0,30.04,13602,-0.2219215130041667,0.9750645322571944,0.4999999999999999,-0.8660254037844387
1,0.19895288,43,29,1,44,5.0,29.96,22524,-0.2219215130041667,0.9750645322571944,-0.2588190451025208,-0.9659258262890684
1,0.513089005,43,29,1,59,14.0,29.91,6311,-0.2219215130041667,0.9750645322571944,-0.8660254037844385,-0.5000000000000004
0,0.827225131,43,29,0,71,10.0,29.91,0,-0.2219215130041667,0.9750645322571944,-0.9659258262890684,0.2588190451025203
0,1.141361257,43,29,0,68,14.0,29.92,0,-0.2219215130041667,0.9750645322571944,-0.5000000000000004,0.8660254037844384
0,1.059336824,47,20,0,63,7.0,29.92,0,-0.2051044998686192,0.9787400799669153,0.2588190451025207,0.9659258262890684
0,0.745200698,47,20,0,65,6.0,29.97,0,-0.2051044998686192,0.9787400799669153,0.8660254037844386,0.5000000000000001
1,0.431064572,47,20,1,77,7.0,30.05,37,-0.2051044998686192,0.9787400799669153,0.9659258262890684,-0.2588190451025206
1,0.116928447,47,20,2,80,6.0,30.12,8699,-0.2051044998686192,0.9787400799669153,0.4999999999999999,-0.8660254037844387
1,0.197207679,47,20,3,74,8.0,30.13,10968,-0.2051044998686192,0.9787400799669153,-0.2588190451025208,-0.9659258262890684
1,0.511343805,47,20,4,69,11.0,30.14,3407,-0.2051044998686192,0.9787400799669153,-0.8660254037844385,-0.5000000000000004
0,0.82547993,47,20,3,74,9.0,30.17,0,-0.2051044998686192,0.9787400799669153,-0.9659258262890684,0.2588190451025203
0,1.139616056,47,20,3,80,14.0,30.22,0,-0.2051044998686192,0.9787400799669153,-0.5000000000000004,0.8660254037844384
0,1.059336824,49,26,3,80,14.0,30.23,0,-0.1882267098432439,0.9821256058680006,0.2588190451025207,0.9659258262890684
0,0.745200698,49,26,4,86,11.0,30.23,0,-0.1882267098432439,0.9821256058680006,0.8660254037844386,0.5000000000000001
1,0.431064572,49,26,4,96,0.0,30.27,0,-0.1882267098432439,0.9821256058680006,0.9659258262890684,-0.2588190451025206
1,0.116928447,49,26,3,80,8.0,30.32,7715,-0.1882267098432439,0.9821256058680006,0.4999999999999999,-0.8660254037844387
1,0.197207679,49,26,2,59,14.0,30.3,18824,-0.1882267098432439,0.9821256058680006,-0.2588190451025208,-0.9659258262890684
1,0.511343805,49,26,2,59,16.0,30.31,5367,-0.1882267098432439,0.9821256058680006,-0.8660254037844385,-0.5000000000000004
0,0.82547993,49,26,1,71,10.0,30.34,0,-0.1882267098432439,0.9821256058680006,-0.9659258262890684,0.2588190451025203
0,1.139616056,49,26,1,77,9.0,30.36,0,-0.1882267098432439,0.9821256058680006,-0.5000000000000004,0.8660254037844384
0,1.061082024,43,29,1,73,6.0,30.37,0,-0.1712931441814778,0.9852201067560606,0.2588190451025207,0.9659258262890684
0,0.746945899,43,29,0,82,5.0,30.35,0,-0.1712931441814778,0.9852201067560606,0.8660254037844386,0.5000000000000001
1,0.432809773,43,29,1,82,0.0,30.36,91,-0.1712931441814778,0.9852201067560606,0.9659258262890684,-0.2588190451025206
1,0.118673647,43,29,2,74,0.0,30.4,12388,-0.1712931441814778,0.9852201067560606,0.4999999999999999,-0.8660254037844387
1,0.195462478,43,29,2,61,0.0,30.33,20205,-0.1712931441814778,0.9852201067560606,-0.2588190451025208,-0.9659258262890684
1,0.509598604,43,29,3,61,0.0,30.29,5310,-0.1712931441814778,0.9852201067560606,-0.8660254037844385,-0.5000000000000004
0,0.823734729,43,29,3,63,3.0,30.27,0,-0.1712931441814778,0.9852201067560606,-0.9659258262890684,0.2588190451025203
0,1.137870855,43,29,2,63,5.0,30.27,0,-0.1712931441814778,0.9852201067560606,-0.5000000000000004,0.8660254037844384
0,1.061082024,49,12,3,68,3.0,30.24,0,-0.154308820664281,0.9880226656636976,0.2588190451025207,0.9659258262890684
0,0.746945899,49,12,3,77,3.0,30.22,0,-0.154308820664281,0.9880226656636976,0.8660254037844386,0.5000000000000001
1,0.432809773,49,12,4,74,0.0,30.19,104,-0.154308820664281,0.9880226656636976,0.9659258262890684,-0.2588190451025206
1,0.118673647,49,12,4,71,0.0,30.19,881,-0.154308820664281,0.9880226656636976,0.4999999999999999,-0.8660254037844387
1,0.195462478,49,12,4,86,6.0,30.07,2223,-0.154308820664281,0.9880226656636976,-0.2588190451025208,-0.9659258262890684
1,0.509598604,49,12,4,86,10.0,29.99,612,-0.154308820664281,0.9880226656636976,-0.8660254037844385,-0.5000000000000004
0,0.823734729,49,12,4,100,10.0,29.9,0,-0.154308820664281,0.9880226656636976,-0.9659258262890684,0.2588190451025203
0,1.137870855,49,12,4,96,10.0,29.87,0,-0.154308820664281,0.9880226656636976,-0.5000000000000004,0.8660254037844384
0,1.062827225,48,26,2,83,7.0,29.83,0,-0.1372787721132651,0.9905324521322229,0.2588190451025207,0.9659258262890684
0,0.748691099,48,26,3,89,3.0,29.86,0,-0.1372787721132651,0.9905324521322229,0.8660254037844386,0.5000000000000001
1,0.434554974,48,26,1,89,0.0,29.89,0,-0.1372787721132651,0.9905324521322229,0.9659258262890684,-0.2588190451025206
1,0.120418848,48,26,1,69,9.0,29.91,13034,-0.1372787721132651,0.9905324521322229,0.4999999999999999,-0.8660254037844387
1,0.193717277,48,26,3,71,11.0,29.89,10962,-0.1372787721132651,0.9905324521322229,-0.2588190451025208,-0.9659258262890684
1,0.507853403,48,26,3,71,11.0,29.88,2553,-0.1372787721132651,0.9905324521322229,-0.8660254037844385,-0.5000000000000004
0,0.821989529,48,26,2,80,7.0,29.89,0,-0.1372787721132651,0.9905324521322229,-0.9659258262890684,0.2588190451025203
0,1.136125654,48,26,3,77,14.0,29.92,0,-0.1372787721132651,0.9905324521322229,-0.5000000000000004,0.8660254037844384
0,1.062827225,47,13,3,86,0.0,29.9,0,-0.1202080448993527,0.9927487224577402,0.2588190451025207,0.9659258262890684
0,0.748691099,47,13,4,93,5.0,29.91,0,-0.1202080448993527,0.9927487224577402,0.8660254037844386,0.5000000000000001
1,0.434554974,47,13,2,83,0.0,29.93,0,-0.1202080448993527,0.9927487224577402,0.9659258262890684,-0.2588190451025206
1,0.120418848,47,13,3,77,0.0,29.96,8491,-0.1202080448993527,0.9927487224577402,0.4999999999999999,-0.8660254037844387
1,0.193717277,47,13,3,77,8.0,29.93,12958,-0.1202080448993527,0.9927487224577402,-0.2588190451025208,-0.9659258262890684
1,0.507853403,47,13,3,69,5.0,29.9,6769,-0.1202080448993527,0.9927487224577402,-0.8660254037844385,-0.5000000000000004
0,0.821989529,47,13,4,71,3.0,29.89,0,-0.1202080448993527,0.9927487224577402,-0.9659258262890684,0.2588190451025203
0,1.136125654,47,13,4,77,6.0,29.89,0,-0.1202080448993527,0.9927487224577402,-0.5000000000000004,0.8660254037844384
0,1.064572426,51,14,4,83,9.0,29.88,0,-0.1031016974474354,0.9946708199115212,0.2588190451025207,0.9659258262890684
0,0.7504363,51,14,4,83,6.0,29.84,0,-0.1031016974474354,0.9946708199115212,0.8660254037844386,0.5000000000000001
1,0.436300175,51,14,4,83,5.0,29.82,0,-0.1031016974474354,0.9946708199115212,0.9659258262890684,-0.2588190451025206
1,0.122164049,51,14,4,80,7.0,29.84,2014,-0.1031016974474354,0.9946708199115212,0.4999999999999999,-0.8660254037844387
1,0.191972077,51,14,4,77,10.0,29.81,1672,-0.1031016974474354,0.9946708199115212,-0.2588190451025208,-0.9659258262890684
1,0.506108202,51,14,4,72,10.0,29.78,212,-0.1031016974474354,0.9946708199115212,-0.8660254037844385,-0.5000000000000004
0,0.820244328,51,14,4,77,6.0,29.77,0,-0.1031016974474354,0.9946708199115212,-0.9659258262890684,0.2588190451025203
0,1.134380454,51,14,4,75,22.0,29.72,0,-0.1031016974474354,0.9946708199115212,-0.5000000000000004,0.8660254037844384
0,1.06271777,47,28,4,86,30.0,29.65,0,-0.0859647987374467,0.9962981749346076,0.2588190451025207,0.9659258262890684
0,0.74912892,47,28,4,90,15.0,29.64,0,-0.0859647987374467,0.9962981749346076,0.8660254037844386,0.5000000000000001
1,0.43554007,47,28,4,93,24.0,29.67,0,-0.0859647987374467,0.9962981749346076,0.9659258262890684,-0.2588190451025206
1,0.12195122,47,28,3,96,25.0,29.79,7417,-0.0859647987374467,0.9962981749346076,0.4999999999999999,-0.8660254037844387
1,0.191637631,47,28,2,57,28.0,29.81,20992,-0.0859647987374467,0.9962981749346076,-0.2588190451025208,-0.9659258262890684
1,0.505226481,47,28,2,68,26.0,29.86,5808,-0.0859647987374467,0.9962981749346076,-0.8660254037844385,-0.5000000000000004
0,0.818815331,47,28,1,68,20.0,29.91,0,-0.0859647987374467,0.9962981749346076,-0.9659258262890684,0.2588190451025203
0,1.132404181,47,28,1,66,16.0,29.98,0,-0.0859647987374467,0.9962981749346076,-0.5000000000000004,0.8660254037844384
0,1.06445993,47,29,0,71,10.0,30.04,0,-0.0688024268023206,0.9976303053065856,0.2588190451025207,0.9659258262890684
0,0.75087108,47,29,0,71,9.0,30.09,0,-0.0688024268023206,0.9976303053065856,0.8660254037844386,0.5000000000000001
1,0.43728223,47,29,0,74,8.0,30.17,0,-0.0688024268023206,0.9976303053065856,0.9659258262890684,-0.2588190451025206
1,0.12369338,47,29,1,68,0.0,30.25,13246,-0.0688024268023206,0.9976303053065856,0.4999999999999999,-0.8660254037844387
1,0.18989547,47,29,1,54,5.0,30.24,22387,-0.0688024268023206,0.9976303053065856,-0.2588190451025208,-0.9659258262890684
1,0.503484321,47,29,2,52,0.0,30.26,6491,-0.0688024268023206,0.9976303053065856,-0.8660254037844385,-0.5000000000000004
0,0.817073171,47,29,3,71,8.0,30.29,0,-0.0688024268023206,0.9976303053065856,-0.9659258262890684,0.2588190451025203
0,1.130662021,47,29,3,74,0.0,30.32,0,-0.0688024268023206,0.9976303053065856,-0.5000000000000004,0.8660254037844384
0,1.06445993,45,12,1,83,0.0,30.32,0,-0.0516196672232541,0.998666816288476,0.2588190451025207,0.9659258262890684
0,0.75087108,45,12,2,89,0.0,30.34,0,-0.0516196672232541,0.998666816288476,0.8660254037844386,0.5000000000000001
1,0.43728223,45,12,2,93,0.0,30.37,0,-0.0516196672232541,0.998666816288476,0.9659258262890684,-0.2588190451025206
1,0.12369338,45,12,2,80,3.0,30.42,6570,-0.0516196672232541,0.998666816288476,0.4999999999999999,-0.8660254037844387
1,0.18989547,45,12,3,71,5.0,30.37,13748,-0.0516196672232541,0.998666816288476,-0.2588190451025208,-0.9659258262890684
1,0.503484321,45,12,3,66,0.0,30.36,1869,-0.0516196672232541,0.998666816288476,-0.8660254037844385,-0.5000000000000004
0,0.817073171,45,12,3,77,0.0,30.36,0,-0.0516196672232541,0.998666816288476,-0.9659258262890684,0.2588190451025203
0,1.130662021,45,12,3,77,0.0,30.39,0,-0.0516196672232541,0.998666816288476,-0.5000000000000004,0.8660254037844384
0,1.064347826,51,10,4,86,0.0,30.38,0,-0.0344216116227458,0.9994074007397048,0.2588190451025207,0.9659258262890684
0,0.751304348,51,10,4,89,3.0,30.38,0,-0.0344216116227458,0.9994074007397048,0.8660254037844386,0.5000000000000001
1,0.43826087,51,10,2,89,0.0,30.37,101,-0.0344216116227458,0.9994074007397048,0.9659258262890684,-0.2588190451025206
1,0.125217391,51,10,3,86,8.0,30.39,11039,-0.0344216116227458,0.9994074007397048,0.4999999999999999,-0.8660254037844387
1,0.187826087,51,10,3,80,0.0,30.33,14950,-0.0344216116227458,0.9994074007397048,-0.2588190451025208,-0.9659258262890684
1,0.500869565,51,10,3,67,0.0,30.28,6341,-0.0344216116227458,0.9994074007397048,-0.8660254037844385,-0.5000000000000004
0,0.813913043,51,10,2,80,3.0,30.27,0,-0.0344216116227458,0.9994074007397048,-0.9659258262890684,0.2588190451025203
0,1.126956522,51,10,3,86,5.0,30.27,0,-0.0344216116227458,0.9994074007397048,-0.5000000000000004,0.8660254037844384
0,1.064347826,51,30,2,89,3.0,30.26,0,-0.0172133561558352,0.9998518392091162,0.2588190451025207,0.9659258262890684
0,0.751304348,51,30,3,93,0.0,30.26,0,-0.0172133561558352,0.9998518392091162,0.8660254037844386,0.5000000000000001
1,0.43826087,51,30,3,93,0.0,30.28,0,-0.0172133561558352,0.9998518392091162,0.9659258262890684,-0.2588190451025206
1,0.125217391,51,30,3,90,5.0,30.3,3729,-0.0172133561558352,0.9998518392091162,0.4999999999999999,-0.8660254037844387
1,0.187826087,51,30,3,86,3.0,30.25,8365,-0.0172133561558352,0.9998518392091162,-0.2588190451025208,-0.9659258262890684
1,0.500869565,51,30,2,72,0.0,30.22,6822,-0.0172133561558352,0.9998518392091162,-0.8660254037844385,-0.5000000000000004
0,0.813913043,51,30,1,93,8.0,30.2,0,-0.0172133561558352,0.9998518392091162,-0.9659258262890684,0.2588190451025203
0,1.126956522,51,30,1,90,3.0,30.22,0,-0.0172133561558352,0.9998518392091162,-0.5000000000000004,0.8660254037844384
0,1.066086957,50,34,1,89,0.0,30.21,0,6.432490598706546e-16,1.0,0.2588190451025207,0.9659258262890684
0,0.753043478,50,34,2,93,5.0,30.21,0,6.432490598706546e-16,1.0,0.8660254037844386,0.5000000000000001
1,0.44,50,34,3,96,9.0,30.21,15,6.432490598706546e-16,1.0,0.9659258262890684,-0.2588190451025206
1,0.126956522,50,34,3,93,6.0,30.23,12426,6.432490598706546e-16,1.0,0.4999999999999999,-0.8660254037844387
1,0.186086957,50,34,1,86,3.0,30.15,22458,6.432490598706546e-16,1.0,-0.2588190451025208,-0.9659258262890684
1,0.499130435,50,34,1,83,6.0,30.12,7453,6.432490598706546e-16,1.0,-0.8660254037844385,-0.5000000000000004
0,0.812173913,50,34,1,86,6.0,30.15,0,6.432490598706546e-16,1.0,-0.9659258262890684,0.2588190451025203
0,1.125217391,50,34,1,93,7.0,30.19,0,6.432490598706546e-16,1.0,-0.5000000000000004,0.8660254037844384
0,1.064236111,48,30,3,96,7.0,30.2,0,0.0172133561558339,0.9998518392091162,0.2588190451025207,0.9659258262890684
0,0.751736111,48,30,4,96,0.0,30.2,0,0.0172133561558339,0.9998518392091162,0.8660254037844386,0.5000000000000001
1,0.439236111,48,30,4,96,5.0,30.22,0,0.0172133561558339,0.9998518392091162,0.9659258262890684,-0.2588190451025206
1,0.126736111,48,30,4,96,3.0,30.26,2423,0.0172133561558339,0.9998518392091162,0.4999999999999999,-0.8660254037844387
1,0.185763889,48,30,1,96,3.0,30.2,15177,0.0172133561558339,0.9998518392091162,-0.2588190451025208,-0.9659258262890684
1,0.498263889,48,30,3,96,8.0,30.18,5904,0.0172133561558339,0.9998518392091162,-0.8660254037844385,-0.5000000000000004
0,0.810763889,48,30,4,93,9.0,30.17,0,0.0172133561558339,0.9998518392091162,-0.9659258262890684,0.2588190451025203
0,1.123263889,48,30,4,90,5.0,30.18,0,0.0172133561558339,0.9998518392091162,-0.5000000000000004,0.8660254037844384
0,1.064124783,47,3,4,93,8.0,30.17,0,0.0172133561558346,0.9998518392091162,0.2588190451025207,0.9659258262890684
0,0.752166378,47,3,4,89,7.0,30.18,0,0.0172133561558346,0.9998518392091162,0.8660254037844386,0.5000000000000001
1,0.440207972,47,3,4,93,9.0,30.18,0,0.0172133561558346,0.9998518392091162,0.9659258262890684,-0.2588190451025206
1,0.128249567,47,3,4,89,5.0,30.21,9650,0.0172133561558346,0.9998518392091162,0.4999999999999999,-0.8660254037844387
1,0.183708839,47,3,4,89,0.0,30.14,17059,0.0172133561558346,0.9998518392091162,-0.2588190451025208,-0.9659258262890684
1,0.495667244,47,3,2,83,6.0,30.09,6573,0.0172133561558346,0.9998518392091162,-0.8660254037844385,-0.5000000000000004
0,0.80762565,47,3,0,86,5.0,30.08,0,0.0172133561558346,0.9998518392091162,-0.9659258262890684,0.2588190451025203
0,1.119584055,47,3,4,89,0.0,30.07,0,0.0172133561558346,0.9998518392091162,-0.5000000000000004,0.8660254037844384
0,1.062283737,51,25,4,96,3.0,30.03,0,0.0344216116227457,0.9994074007397048,0.2588190451025207,0.9659258262890684
0,0.750865052,51,25,4,96,9.0,30.02,0,0.0344216116227457,0.9994074007397048,0.8660254037844386,0.5000000000000001
1,0.439446367,51,25,4,96,10.0,29.95,0,0.0344216116227457,0.9994074007397048,0.9659258262890684,-0.2588190451025206
1,0.128027682,51,25,4,93,6.0,29.93,998,0.0344216116227457,0.9994074007397048,0.4999999999999999,-0.8660254037844387
1,0.183391003,51,25,4,90,14.0,29.91,3831,0.0344216116227457,0.9994074007397048,-0.2588190451025208,-0.9659258262890684
1,0.494809689,51,25,2,74,16.0,29.92,4368,0.0344216116227457,0.9994074007397048,-0.8660254037844385,-0.5000000000000004
0,0.806228374,51,25,2,74,14.0,29.95,0,0.0344216116227457,0.9994074007397048,-0.9659258262890684,0.2588190451025203
0,1.117647059,51,25,2,83,8.0,30.0,0,0.0344216116227457,0.9994074007397048,-0.5000000000000004,0.8660254037844384
0,1.06044905,44,30,2,80,3.0,30.01,0,0.0516196672232537,0.998666816288476,0.2588190451025207,0.9659258262890684
0,0.749568221,44,30,1,86,6.0,30.04,0,0.0516196672232537,0.998666816288476,0.8660254037844386,0.5000000000000001
1,0.438687392,44,30,1,86,3.0,30.05,6,0.0516196672232537,0.998666816288476,0.9659258262890684,-0.2588190451025206
1,0.127806563,44,30,2,61,0.0,30.09,10848,0.0516196672232537,0.998666816288476,0.4999999999999999,-0.8660254037844387
1,0.183074266,44,30,3,54,7.0,30.05,20941,0.0516196672232537,0.998666816288476,-0.2588190451025208,-0.9659258262890684
1,0.493955095,44,30,3,50,13.0,30.04,7581,0.0516196672232537,0.998666816288476,-0.8660254037844385,-0.5000000000000004
0,0.804835924,44,30,1,68,3.0,30.05,0,0.0516196672232537,0.998666816288476,-0.9659258262890684,0.2588190451025203
0,1.115716753,44,30,1,76,8.0,30.07,0,0.0516196672232537,0.998666816288476,-0.5000000000000004,0.8660254037844384
0,1.062176166,42,27,0,76,0.0,30.08,0,0.0688024268023198,0.9976303053065856,0.2588190451025207,0.9659258262890684
0,0.751295337,42,27,0,73,0.0,30.1,0,0.0688024268023198,0.9976303053065856,0.8660254037844386,0.5000000000000001
1,0.440414508,42,27,0,76,3.0,30.13,13,0.0688024268023198,0.9976303053065856,0.9659258262890684,-0.2588190451025206
1,0.129533679,42,27,2,71,0.0,30.21,11696,0.0688024268023198,0.9976303053065856,0.4999999999999999,-0.8660254037844387
1,0.18134715,42,27,3,61,3.0,30.17,20749,0.0688024268023198,0.9976303053065856,-0.2588190451025208,-0.9659258262890684
1,0.492227979,42,27,3,52,0.0,30.17,6851,0.0688024268023198,0.9976303053065856,-0.8660254037844385,-0.5000000000000004
0,0.803108808,42,27,3,68,8.0,30.22,0,0.0688024268023198,0.9976303053065856,-0.9659258262890684,0.2588190451025203
0,1.113989637,42,27,3,74,0.0,30.24,0,0.0688024268023198,0.9976303053065856,-0.5000000000000004,0.8660254037844384
0,1.062176166,46,4,4,77,0.0,30.22,0,0.0859647987374464,0.9962981749346078,0.2588190451025207,0.9659258262890684
0,0.751295337,46,4,4,74,3.0,30.2,0,0.0859647987374464,0.9962981749346078,0.8660254037844386,0.5000000000000001
1,0.440414508,46,4,4,68,0.0,30.2,0,0.0859647987374464,0.9962981749346078,0.9659258262890684,-0.2588190451025206
1,0.129533679,46,4,4,68,0.0,30.2,1847,0.0859647987374464,0.9962981749346078,0.4999999999999999,-0.8660254037844387
1,0.18134715,46,4,4,93,0.0,30.16,4988,0.0859647987374464,0.9962981749346078,-0.2588190451025208,-0.9659258262890684
1,0.492227979,46,4,4,96,5.0,30.18,1175,0.0859647987374464,0.9962981749346078,-0.8660254037844385,-0.5000000000000004
0,0.803108808,46,4,4,93,0.0,30.21,0,0.0859647987374464,0.9962981749346078,-0.9659258262890684,0.2588190451025203
0,1.113989637,46,4,3,86,7.0,30.25,0,0.0859647987374464,0.9962981749346078,-0.5000000000000004,0.8660254037844384
0,1.062068966,49,17,4,86,0.0,30.25,0,0.1031016974474348,0.9946708199115212,0.2588190451025207,0.9659258262890684
0,0.751724138,49,17,4,93,0.0,30.27,0,0.1031016974474348,0.9946708199115212,0.8660254037844386,0.5000000000000001
1,0.44137931,49,17,4,86,6.0,30.26,0,0.1031016974474348,0.9946708199115212,0.9659258262890684,-0.2588190451025206
1,0.131034483,49,17,4,86,6.0,30.3,2312,0.1031016974474348,0.9946708199115212,0.4999999999999999,-0.8660254037844387
1,0.179310345,49,17,4,80,3.0,30.26,15975,0.1031016974474348,0.9946708199115212,-0.2588190451025208,-0.9659258262890684
1,0.489655172,49,17,3,80,0.0,30.25,7508,0.1031016974474348,0.9946708199115212,-0.8660254037844385,-0.5000000000000004
0,0.8,49,17,3,93,9.0,30.27,0,0.1031016974474348,0.9946708199115212,-0.9659258262890684,0.2588190451025203
0,1.110344828,49,17,4,90,0.0,30.29,0,0.1031016974474348,0.9946708199115212,-0.5000000000000004,0.8660254037844384
0,1.058419244,49,1,4,93,5.0,30.26,0,0.1202080448993527,0.9927487224577402,0.2588190451025207,0.9659258262890684
0,0.749140893,49,1,4,93,5.0,30.27,0,0.1202080448993527,0.9927487224577402,0.8660254037844386,0.5000000000000001
1,0.439862543,49,1,4,89,3.0,30.26,0,0.1202080448993527,0.9927487224577402,0.9659258262890684,-0.2588190451025206
1,0.130584192,49,1,4,86,3.0,30.29,8716,0.1202080448993527,0.9927487224577402,0.4999999999999999,-0.8660254037844387
1,0.178694158,49,1,1,80,0.0,30.23,20917,0.1202080448993527,0.9927487224577402,-0.2588190451025208,-0.9659258262890684
1,0.487972509,49,1,1,77,0.0,30.19,7239,0.1202080448993527,0.9927487224577402,-0.8660254037844385,-0.5000000000000004
0,0.797250859,49,1,0,86,6.0,30.17,0,0.1202080448993527,0.9927487224577402,-0.9659258262890684,0.2588190451025203
0,1.10652921,49,1,0,86,8.0,30.16,0,0.1202080448993527,0.9927487224577402,-0.5000000000000004,0.8660254037844384
0,1.058319039,48,4,2,89,7.0,30.15,0,0.1372787721132647,0.9905324521322229,0.2588190451025207,0.9659258262890684
0,0.749571184,48,4,4,89,6.0,30.18,0,0.1372787721132647,0.9905324521322229,0.8660254037844386,0.5000000000000001
1,0.440823328,48,4,4,93,3.0,30.19,0,0.1372787721132647,0.9905324521322229,0.9659258262890684,-0.2588190451025206
1,0.132075472,48,4,3,83,5.0,30.22,8436,0.1372787721132647,0.9905324521322229,0.4999999999999999,-0.8660254037844387
1,0.176672384,48,4,4,86,6.0,30.17,7129,0.1372787721132647,0.9905324521322229,-0.2588190451025208,-0.9659258262890684
1,0.48542024,48,4,2,80,7.0,30.18,7093,0.1372787721132647,0.9905324521322229,-0.8660254037844385,-0.5000000000000004
0,0.794168096,48,4,1,89,0.0,30.2,0,0.1372787721132647,0.9905324521322229,-0.9659258262890684,0.2588190451025203
0,1.102915952,48,4,0,89,0.0,30.22,0,0.1372787721132647,0.9905324521322229,-0.5000000000000004,0.8660254037844384
0,1.056506849,49,11,0,93,5.0,30.22,0,0.1543088206642811,0.9880226656636976,0.2588190451025207,0.9659258262890684
0,0.748287671,49,11,4,96,6.0,30.24,0,0.1543088206642811,0.9880226656636976,0.8660254037844386,0.5000000000000001
1,0.440068493,49,11,4,96,0.0,30.27,3,0.1543088206642811,0.9880226656636976,0.9659258262890684,-0.2588190451025206
1,0.131849315,49,11,1,96,7.0,30.3,12752,0.1543088206642811,0.9880226656636976,0.4999999999999999,-0.8660254037844387
1,0.176369863,49,11,1,51,13.0,30.26,23728,0.1543088206642811,0.9880226656636976,-0.2588190451025208,-0.9659258262890684
1,0.484589041,49,11,1,39,6.0,30.26,8333,0.1543088206642811,0.9880226656636976,-0.8660254037844385,-0.5000000000000004
0,0.792808219,49,11,1,45,10.0,30.32,0,0.1543088206642811,0.9880226656636976,-0.9659258262890684,0.2588190451025203
0,1.101027397,49,11,1,46,10.0,30.37,0,0.1543088206642811,0.9880226656636976,-0.5000000000000004,0.8660254037844384
0,1.054700855,56,8,1,53,10.0,30.39,0,0.1712931441814776,0.9852201067560606,0.2588190451025207,0.9659258262890684
0,0.747008547,56,8,0,64,14.0,30.43,0,0.1712931441814776,0.9852201067560606,0.8660254037844386,0.5000000000000001
1,0.439316239,56,8,0,61,5.0,30.47,3,0.1712931441814776,0.9852201067560606,0.9659258262890684,-0.2588190451025206
1,0.131623932,56,8,0,69,10.0,30.53,12646,0.1712931441814776,0.9852201067560606,0.4999999999999999,-0.8660254037844387
1,0.176068376,56,8,0,41,5.0,30.49,23280,0.1712931441814776,0.9852201067560606,-0.2588190451025208,-0.9659258262890684
1,0.483760684,56,8,1,58,7.0,30.47,8262,0.1712931441814776,0.9852201067560606,-0.8660254037844385,-0.5000000000000004
0,0.791452991,56,8,1,51,6.0,30.5,0,0.1712931441814776,0.9852201067560606,-0.9659258262890684,0.2588190451025203
0,1.099145299,56,8,0,77,5.0,30.52,0,0.1712931441814776,0.9852201067560606,-0.5000000000000004,0.8660254037844384
0,1.054607509,48,3,0,77,0.0,30.5,0,0.1882267098432442,0.9821256058680006,0.2588190451025207,0.9659258262890684
0,0.747440273,48,3,0,77,6.0,30.49,0,0.1882267098432442,0.9821256058680006,0.8660254037844386,0.5000000000000001
1,0.440273038,48,3,1,83,3.0,30.5,0,0.1882267098432442,0.9821256058680006,0.9659258262890684,-0.2588190451025206
1,0.133105802,48,3,1,77,3.0,30.51,12521,0.1882267098432442,0.9821256058680006,0.4999999999999999,-0.8660254037844387
1,0.174061433,48,3,2,77,5.0,30.43,22737,0.1882267098432442,0.9821256058680006,-0.2588190451025208,-0.9659258262890684
1,0.481228669,48,3,3,72,5.0,30.35,7538,0.1882267098432442,0.9821256058680006,-0.8660254037844385,-0.5000000000000004
0,0.788395904,48,3,2,51,3.0,30.32,0,0.1882267098432442,0.9821256058680006,-0.9659258262890684,0.2588190451025203
0,1.09556314,48,3,1,77,0.0,30.31,0,0.1882267098432442,0.9821256058680006,-0.5000000000000004,0.8660254037844384
0,1.052810903,59,9,1,71,0.0,30.29,0,0.2051044998686192,0.9787400799669153,0.2588190451025207,0.9659258262890684
0,0.746166951,59,9,1,58,9.0,30.28,0,0.2051044998686192,0.9787400799669153,0.8660254037844386,0.5000000000000001
1,0.439522998,59,9,2,48,8.0,30.29,128,0.2051044998686192,0.9787400799669153,0.9659258262890684,-0.2588190451025206
1,0.132879046,59,9,3,48,17.0,30.31,815,0.2051044998686192,0.9787400799669153,0.4999999999999999,-0.8660254037844387
1,0.173764906,59,9,2,50,13.0,30.27,0,0.2051044998686192,0.9787400799669153,-0.2588190451025208,-0.9659258262890684
1,0.480408859,59,9,1,42,16.0,30.23,0,0.2051044998686192,0.9787400799669153,-0.8660254037844385,-0.5000000000000004
0,0.787052811,59,9,0,52,9.0,30.25,0,0.2051044998686192,0.9787400799669153,-0.9659258262890684,0.2588190451025203
0,1.093696763,59,9,0,52,8.0,30.28,0,0.2051044998686192,0.9787400799669153,-0.5000000000000004,0.8660254037844384
0,1.050933786,61,13,0,64,7.0,30.3,0,0.2219215130041655,0.9750645322571948,0.2588190451025207,0.9659258262890684
0,0.74533107,61,13,0,64,8.0,30.3,0,0.2219215130041655,0.9750645322571948,0.8660254037844386,0.5000000000000001
1,0.439728353,61,13,0,80,9.0,30.3,0,0.2219215130041655,0.9750645322571948,0.9659258262890684,-0.2588190451025206
1,0.134125637,61,13,0,46,9.0,30.33,12826,0.2219215130041655,0.9750645322571948,0.4999999999999999,-0.8660254037844387
1,0.17147708,61,13,0,35,7.0,30.27,22992,0.2219215130041655,0.9750645322571948,-0.2588190451025208,-0.9659258262890684
1,0.477079796,61,13,0,29,3.0,30.22,8465,0.2219215130041655,0.9750645322571948,-0.8660254037844385,-0.5000000000000004
0,0.782682513,61,13,0,69,0.0,30.23,0,0.2219215130041655,0.9750645322571948,-0.9659258262890684,0.2588190451025203
0,1.088285229,61,13,0,57,0.0,30.24,0,0.2219215130041655,0.9750645322571948,-0.5000000000000004,0.8660254037844384
0,1.049152542,55,9,0,74,5.0,30.23,0,0.2386727660059501,0.9711000518829505,0.2588190451025207,0.9659258262890684
0,0.744067797,55,9,0,86,0.0,30.22,0,0.2386727660059501,0.9711000518829505,0.8660254037844386,0.5000000000000001
1,0.438983051,55,9,0,89,0.0,30.22,18,0.2386727660059501,0.9711000518829505,0.9659258262890684,-0.2588190451025206
1,0.133898305,55,9,1,80,3.0,30.24,12654,0.2386727660059501,0.9711000518829505,0.4999999999999999,-0.8660254037844387
1,0.171186441,55,9,3,78,6.0,30.17,22639,0.2386727660059501,0.9711000518829505,-0.2588190451025208,-0.9659258262890684
1,0.476271186,55,9,2,40,3.0,30.14,8636,0.2386727660059501,0.9711000518829505,-0.8660254037844385,-0.5000000000000004
0,0.781355932,55,9,3,55,0.0,30.15,0,0.2386727660059501,0.9711000518829505,-0.9659258262890684,0.2588190451025203
0,1.086440678,55,9,2,64,3.0,30.16,0,0.2386727660059501,0.9711000518829505,-0.5000000000000004,0.8660254037844384
0,1.047377327,56,13,1,77,0.0,30.15,0,0.255353295116187,0.9668478136052776,0.2588190451025207,0.9659258262890684
0,0.742808799,56,13,1,80,0.0,30.14,0,0.255353295116187,0.9668478136052776,0.8660254037844386,0.5000000000000001
1,0.438240271,56,13,1,83,5.0,30.15,15,0.255353295116187,0.9668478136052776,0.9659258262890684,-0.2588190451025206
1,0.133671743,56,13,1,51,9.0,30.17,12969,0.255353295116187,0.9668478136052776,0.4999999999999999,-0.8660254037844387
1,0.170896785,56,13,1,70,6.0,30.12,23144,0.255353295116187,0.9668478136052776,-0.2588190451025208,-0.9659258262890684
1,0.475465313,56,13,1,39,3.0,30.1,8684,0.255353295116187,0.9668478136052776,-0.8660254037844385,-0.5000000000000004
0,0.780033841,56,13,1,64,3.0,30.11,0,0.255353295116187,0.9668478136052776,-0.9659258262890684,0.2588190451025203
0,1.084602369,56,13,0,59,3.0,30.15,0,0.255353295116187,0.9668478136052776,-0.5000000000000004,0.8660254037844384
0,1.045531197,55,12,0,69,0.0,30.16,0,0.2719581575341055,0.9623090774541486,0.2588190451025207,0.9659258262890684
0,0.741989882,55,12,0,77,0.0,30.19,0,0.2719581575341055,0.9623090774541486,0.8660254037844386,0.5000000000000001
1,0.438448567,55,12,0,80,0.0,30.22,21,0.2719581575341055,0.9623090774541486,0.9659258262890684,-0.2588190451025206
1,0.134907251,55,12,0,72,7.0,30.27,12728,0.2719581575341055,0.9623090774541486,0.4999999999999999,-0.8660254037844387
1,0.168634064,55,12,0,65,3.0,30.21,23077,0.2719581575341055,0.9623090774541486,-0.2588190451025208,-0.9659258262890684
1,0.472175379,55,12,0,56,0.0,30.19,3049,0.2719581575341055,0.9623090774541486,-0.8660254037844385,-0.5000000000000004
1,0.775716695,55,12,0,55,0.0,30.2,0,0.2719581575341055,0.9623090774541486,-0.9659258262890684,0.2588190451025203
0,1.07925801,55,12,0,59,0.0,30.24,0,0.2719581575341055,0.9623090774541486,-0.5000000000000004,0.8660254037844384
0,1.043771044,52,6,0,71,0.0,30.24,0,0.288482432880609,0.9574851883550392,0.2588190451025207,0.9659258262890684
0,0.740740741,52,6,1,83,0.0,30.23,0,0.288482432880609,0.9574851883550392,0.8660254037844386,0.5000000000000001
1,0.437710438,52,6,0,89,0.0,30.23,189,0.288482432880609,0.9574851883550392,0.9659258262890684,-0.2588190451025206
1,0.134680135,52,6,0,80,0.0,30.25,12474,0.288482432880609,0.9574851883550392,0.4999999999999999,-0.8660254037844387
1,0.168350168,52,6,0,80,8.0,30.18,22482,0.288482432880609,0.9574851883550392,-0.2588190451025208,-0.9659258262890684
1,0.471380471,52,6,1,69,0.0,30.15,8277,0.288482432880609,0.9574851883550392,-0.8660254037844385,-0.5000000000000004
1,0.774410774,52,6,0,62,0.0,30.15,0,0.288482432880609,0.9574851883550392,-0.9659258262890684,0.2588190451025203
0,1.077441077,52,6,0,77,0.0,30.19,0,0.288482432880609,0.9574851883550392,-0.5000000000000004,0.8660254037844384
0,1.042016807,55,14,0,93,6.0,30.21,0,0.304921224656289,0.9523775757303974,0.2588190451025207,0.9659258262890684
0,0.739495798,55,14,0,89,0.0,30.23,0,0.304921224656289,0.9523775757303974,0.8660254037844386,0.5000000000000001
1,0.43697479,55,14,0,93,5.0,30.25,52,0.304921224656289,0.9523775757303974,0.9659258262890684,-0.2588190451025206
1,0.134453782,55,14,0,72,8.0,30.29,12545,0.304921224656289,0.9523775757303974,0.4999999999999999,-0.8660254037844387
1,0.168067227,55,14,0,54,3.0,30.26,23065,0.304921224656289,0.9523775757303974,-0.2588190451025208,-0.9659258262890684
1,0.470588235,55,14,0,42,0.0,30.25,8581,0.304921224656289,0.9523775757303974,-0.8660254037844385,-0.5000000000000004
1,0.773109244,55,14,0,58,0.0,30.25,0,0.304921224656289,0.9523775757303974,-0.9659258262890684,0.2588190451025203
0,1.075630252,55,14,0,66,3.0,30.26,0,0.304921224656289,0.9523775757303974,-0.5000000000000004,0.8660254037844384
0,1.040201005,55,14,0,80,0.0,30.25,0,0.3212696616923644,0.9469877530760752,0.2588190451025207,0.9659258262890684
0,0.738693467,55,14,0,77,0.0,30.24,0,0.3212696616923644,0.9469877530760752,0.8660254037844386,0.5000000000000001
1,0.43718593,55,14,0,77,0.0,30.24,23,0.3212696616923644,0.9469877530760752,0.9659258262890684,-0.2588190451025206
1,0.135678392,55,14,0,48,6.0,30.26,13489,0.3212696616923644,0.9469877530760752,0.4999999999999999,-0.8660254037844387
1,0.165829146,55,14,0,45,5.0,30.19,23615,0.3212696616923644,0.9469877530760752,-0.2588190451025208,-0.9659258262890684
1,0.467336683,55,14,0,31,0.0,30.15,9129,0.3212696616923644,0.9469877530760752,-0.8660254037844385,-0.5000000000000004
1,0.768844221,55,14,0,48,3.0,30.15,0,0.3212696616923644,0.9469877530760752,-0.9659258262890684,0.2588190451025203
0,1.070351759,55,14,0,67,3.0,30.16,0,0.3212696616923644,0.9469877530760752,-0.5000000000000004,0.8660254037844384
0,1.038461538,55,13,0,74,0.0,30.15,0,0.3375228995941133,0.9413173175128472,0.2588190451025207,0.9659258262890684
0,0.737458194,55,13,0,77,0.0,30.15,0,0.3375228995941133,0.9413173175128472,0.8660254037844386,0.5000000000000001
1,0.436454849,55,13,1,86,0.0,30.15,207,0.3375228995941133,0.9413173175128472,0.9659258262890684,-0.2588190451025206
1,0.135451505,55,13,1,55,3.0,30.17,13558,0.3375228995941133,0.9413173175128472,0.4999999999999999,-0.8660254037844387
1,0.165551839,55,13,1,37,3.0,30.09,23223,0.3375228995941133,0.9413173175128472,-0.2588190451025208,-0.9659258262890684
1,0.466555184,55,13,2,52,5.0,30.04,8478,0.3375228995941133,0.9413173175128472,-0.8660254037844385,-0.5000000000000004
1,0.767558528,55,13,1,50,0.0,30.04,0,0.3375228995941133,0.9413173175128472,-0.9659258262890684,0.2588190451025203
0,1.068561873,55,13,2,55,0.0,30.05,0,0.3375228995941133,0.9413173175128472,-0.5000000000000004,0.8660254037844384
0,1.03327787,55,4,2,83,0.0,30.04,0,0.3536761221763716,0.9353679493131484,0.2588190451025207,0.9659258262890684
0,0.733777038,55,4,3,74,5.0,30.01,0,0.3536761221763716,0.9353679493131484,0.8660254037844386,0.5000000000000001
1,0.434276206,55,4,3,77,3.0,29.99,0,0.3536761221763716,0.9353679493131484,0.9659258262890684,-0.2588190451025206
1,0.134775374,55,4,4,75,3.0,30.02,1488,0.3536761221763716,0.9353679493131484,0.4999999999999999,-0.8660254037844387
1,0.164725458,55,4,4,67,0.0,29.98,2059,0.3536761221763716,0.9353679493131484,-0.2588190451025208,-0.9659258262890684
1,0.46422629,55,4,4,72,3.0,29.98,1216,0.3536761221763716,0.9353679493131484,-0.8660254037844385,-0.5000000000000004
1,0.763727121,55,4,4,77,3.0,29.98,0,0.3536761221763716,0.9353679493131484,-0.9659258262890684,0.2588190451025203
0,1.063227953,55,4,4,83,7.0,30.0,0,0.3536761221763716,0.9353679493131484,-0.5000000000000004,0.8660254037844384
0,1.031561462,53,2,4,83,5.0,29.98,0,0.3697245428906731,0.9291414114031744,0.2588190451025207,0.9659258262890684
0,0.73255814,53,2,4,93,0.0,29.98,0,0.3697245428906731,0.9291414114031744,0.8660254037844386,0.5000000000000001
1,0.433554817,53,2,4,93,9.0,29.98,0,0.3697245428906731,0.9291414114031744,0.9659258262890684,-0.2588190451025206
1,0.134551495,53,2,4,96,0.0,30.02,120,0.3697245428906731,0.9291414114031744,0.4999999999999999,-0.8660254037844387
1,0.164451827,53,2,4,93,7.0,30.0,4956,0.3697245428906731,0.9291414114031744,-0.2588190451025208,-0.9659258262890684
1,0.46345515,53,2,4,93,0.0,30.0,2298,0.3697245428906731,0.9291414114031744,-0.8660254037844385,-0.5000000000000004
1,0.762458472,53,2,4,93,0.0,30.0,0,0.3697245428906731,0.9291414114031744,-0.9659258262890684,0.2588190451025203
0,1.061461794,53,2,4,86,3.0,30.01,0,0.3697245428906731,0.9291414114031744,-0.5000000000000004,0.8660254037844384
0,1.029801325,54,32,4,75,7.0,30.01,0,0.385663406243607,0.9226395488404876,0.2588190451025207,0.9659258262890684
0,0.731788079,54,32,4,93,3.0,30.02,0,0.385663406243607,0.9226395488404876,0.8660254037844386,0.5000000000000001
1,0.433774834,54,32,4,96,3.0,30.02,0,0.385663406243607,0.9226395488404876,0.9659258262890684,-0.2588190451025206
1,0.135761589,54,32,4,96,0.0,30.05,2240,0.385663406243607,0.9226395488404876,0.4999999999999999,-0.8660254037844387
1,0.162251656,54,32,4,96,0.0,30.03,4097,0.385663406243607,0.9226395488404876,-0.2588190451025208,-0.9659258262890684
1,0.460264901,54,32,4,96,0.0,30.02,1871,0.385663406243607,0.9226395488404876,-0.8660254037844385,-0.5000000000000004
1,0.758278146,54,32,4,96,0.0,30.04,0,0.385663406243607,0.9226395488404876,-0.9659258262890684,0.2588190451025203
0,1.056291391,54,32,4,96,7.0,30.07,0,0.385663406243607,0.9226395488404876,-0.5000000000000004,0.8660254037844384
0,1.02640264,52,27,4,96,8.0,30.09,0,0.401487989205973,0.9158642882672872,0.2588190451025207,0.9659258262890684
0,0.729372937,52,27,4,96,14.0,30.12,0,0.401487989205973,0.9158642882672872,0.8660254037844386,0.5000000000000001
1,0.432343234,52,27,4,90,10.0,30.14,0,0.401487989205973,0.9158642882672872,0.9659258262890684,-0.2588190451025206
1,0.135313531,52,27,4,93,10.0,30.18,1483,0.401487989205973,0.9158642882672872,0.4999999999999999,-0.8660254037844387
1,0.161716172,52,27,4,80,10.0,30.15,2273,0.401487989205973,0.9158642882672872,-0.2588190451025208,-0.9659258262890684
1,0.458745875,52,27,4,80,9.0,30.15,1717,0.401487989205973,0.9158642882672872,-0.8660254037844385,-0.5000000000000004
1,0.755775578,52,27,4,80,9.0,30.14,0,0.401487989205973,0.9158642882672872,-0.9659258262890684,0.2588190451025203
0,1.052805281,52,27,4,69,13.0,30.17,0,0.401487989205973,0.9158642882672872,-0.5000000000000004,0.8660254037844384
0,1.024711697,50,28,4,71,16.0,30.15,0,0.4171936026123168,0.9088176373395028,0.2588190451025207,0.9659258262890684
0,0.728171334,50,28,3,69,21.0,30.11,0,0.4171936026123168,0.9088176373395028,0.8660254037844386,0.5000000000000001
1,0.431630972,50,28,2,74,18.0,30.09,17,0.4171936026123168,0.9088176373395028,0.9659258262890684,-0.2588190451025206
1,0.13509061,50,28,2,69,18.0,30.11,13734,0.4171936026123168,0.9088176373395028,0.4999999999999999,-0.8660254037844387
1,0.161449753,50,28,3,72,21.0,30.05,19435,0.4171936026123168,0.9088176373395028,-0.2588190451025208,-0.9659258262890684
1,0.457990115,50,28,3,72,21.0,29.99,4842,0.4171936026123168,0.9088176373395028,-0.8660254037844385,-0.5000000000000004
1,0.754530478,50,28,2,77,21.0,29.98,0,0.4171936026123168,0.9088176373395028,-0.9659258262890684,0.2588190451025203
0,1.05107084,50,28,2,80,11.0,30.0,0,0.4171936026123168,0.9088176373395028,-0.5000000000000004,0.8660254037844384
0,1.02134647,47,32,1,77,7.0,30.01,0,0.4327755925504312,0.901501684131884,0.2588190451025207,0.9659258262890684
0,0.725779967,47,32,1,79,5.0,30.03,0,0.4327755925504312,0.901501684131884,0.8660254037844386,0.5000000000000001
1,0.430213465,47,32,1,79,3.0,30.07,0,0.4327755925504312,0.901501684131884,0.9659258262890684,-0.2588190451025206
1,0.134646962,47,32,1,71,3.0,30.12,15341,0.4327755925504312,0.901501684131884,0.4999999999999999,-0.8660254037844387
1,0.16091954,47,32,1,66,5.0,30.1,25763,0.4327755925504312,0.901501684131884,-0.2588190451025208,-0.9659258262890684
1,0.456486043,47,32,1,51,6.0,30.12,10514,0.4327755925504312,0.901501684131884,-0.8660254037844385,-0.5000000000000004
1,0.752052545,47,32,0,71,8.0,30.2,0,0.4327755925504312,0.901501684131884,-0.9659258262890684,0.2588190451025203
0,1.047619048,47,32,0,54,7.0,30.26,0,0.4327755925504312,0.901501684131884,-0.5000000000000004,0.8660254037844384
0,1.019639935,47,36,0,52,15.0,30.31,0,0.4482293417404106,0.893918596519257,0.2588190451025207,0.9659258262890684
0,0.725040917,47,36,0,44,5.0,30.39,0,0.4482293417404106,0.893918596519257,0.8660254037844386,0.5000000000000001
1,0.430441899,47,36,1,42,6.0,30.42,0,0.4482293417404106,0.893918596519257,0.9659258262890684,-0.2588190451025206
1,0.135842881,47,36,1,34,0.0,30.49,14987,0.4482293417404106,0.893918596519257,0.4999999999999999,-0.8660254037844387
1,0.158756137,47,36,1,35,5.0,30.48,25220,0.4482293417404106,0.893918596519257,-0.2588190451025208,-0.9659258262890684
1,0.453355155,47,36,1,53,5.0,30.47,10118,0.4482293417404106,0.893918596519257,-0.8660254037844385,-0.5000000000000004
1,0.747954173,47,36,0,68,9.0,30.49,0,0.4482293417404106,0.893918596519257,-0.9659258262890684,0.2588190451025203
0,1.042553191,47,36,0,66,5.0,30.51,0,0.4482293417404106,0.893918596519257,-0.5000000000000004,0.8660254037844384
0,1.017973856,49,27,0,76,0.0,30.5,0,0.4635502709028509,0.886070621534138,0.2588190451025207,0.9659258262890684
0,0.723856209,49,27,0,79,3.0,30.49,0,0.4635502709028509,0.886070621534138,0.8660254037844386,0.5000000000000001
1,0.429738562,49,27,0,86,3.0,30.5,0,0.4635502709028509,0.886070621534138,0.9659258262890684,-0.2588190451025206
1,0.135620915,49,27,0,61,3.0,30.5,15070,0.4635502709028509,0.886070621534138,0.4999999999999999,-0.8660254037844387
1,0.158496732,49,27,0,40,0.0,30.39,25314,0.4635502709028509,0.886070621534138,-0.2588190451025208,-0.9659258262890684
1,0.452614379,49,27,1,67,16.0,30.32,10416,0.4635502709028509,0.886070621534138,-0.8660254037844385,-0.5000000000000004
1,0.746732026,49,27,1,90,13.0,30.3,0,0.4635502709028509,0.886070621534138,-0.9659258262890684,0.2588190451025203
0,1.040849673,49,27,0,89,0.0,30.31,0,0.4635502709028509,0.886070621534138,-0.5000000000000004,0.8660254037844384
0,1.01465798,54,10,0,86,0.0,30.29,0,0.4787338401157884,0.8779600847008882,0.2588190451025207,0.9659258262890684
0,0.721498371,54,10,0,86,6.0,30.3,0,0.4787338401157884,0.8779600847008882,0.8660254037844386,0.5000000000000001
1,0.428338762,54,10,1,53,14.0,30.33,0,0.4787338401157884,0.8779600847008882,0.9659258262890684,-0.2588190451025206
1,0.135179153,54,10,0,49,9.0,30.37,0,0.4787338401157884,0.8779600847008882,0.4999999999999999,-0.8660254037844387
1,0.157980456,54,10,0,46,6.0,30.31,0,0.4787338401157884,0.8779600847008882,-0.2588190451025208,-0.9659258262890684
1,0.451140065,54,10,0,34,5.0,30.29,0,0.4787338401157884,0.8779600847008882,-0.8660254037844385,-0.5000000000000004
1,0.744299674,54,10,0,75,0.0,30.3,0,0.4787338401157884,0.8779600847008882,-0.9659258262890684,0.2588190451025203
0,1.037459283,54,10,0,64,3.0,30.31,0,0.4787338401157884,0.8779600847008882,-0.5000000000000004,0.8660254037844384
0,1.009724473,52,29,0,80,5.0,30.31,0,0.4937755501599771,0.869589389346611,0.2588190451025207,0.9659258262890684
0,0.717990276,52,29,0,83,6.0,30.3,0,0.4937755501599771,0.869589389346611,0.8660254037844386,0.5000000000000001
1,0.426256078,52,29,1,89,3.0,30.31,0,0.4937755501599771,0.869589389346611,0.9659258262890684,-0.2588190451025206
1,0.13452188,52,29,0,77,0.0,30.32,0,0.4937755501599771,0.869589389346611,0.4999999999999999,-0.8660254037844387
1,0.157212318,52,29,0,75,3.0,30.25,21150,0.4937755501599771,0.869589389346611,-0.2588190451025208,-0.9659258262890684
1,0.448946515,52,29,0,56,3.0,30.21,10418,0.4937755501599771,0.869589389346611,-0.8660254037844385,-0.5000000000000004
1,0.740680713,52,29,0,77,9.0,30.2,0,0.4937755501599771,0.869589389346611,-0.9659258262890684,0.2588190451025203
0,1.032414911,52,29,1,93,11.0,30.21,0,0.4937755501599771,0.869589389346611,-0.5000000000000004,0.8660254037844384
0,1.006462036,51,28,1,93,13.0,30.18,0,0.5086709438521044,0.8609610158889943,0.2588190451025207,0.9659258262890684
0,0.715670436,51,28,1,89,3.0,30.17,0,0.5086709438521044,0.8609610158889943,0.8660254037844386,0.5000000000000001
1,0.424878837,51,28,0,89,0.0,30.16,292,0.5086709438521044,0.8609610158889943,0.9659258262890684,-0.2588190451025206
1,0.134087237,51,28,0,83,0.0,30.19,15312,0.5086709438521044,0.8609610158889943,0.4999999999999999,-0.8660254037844387
1,0.156704362,51,28,0,80,5.0,30.14,24563,0.5086709438521044,0.8609610158889943,-0.2588190451025208,-0.9659258262890684
1,0.447495961,51,28,0,67,10.0,30.09,10570,0.5086709438521044,0.8609610158889943,-0.8660254037844385,-0.5000000000000004
1,0.738287561,51,28,0,83,7.0,30.09,1,0.5086709438521044,0.8609610158889943,-0.9659258262890684,0.2588190451025203
0,1.02907916,51,28,1,89,5.0,30.12,0,0.5086709438521044,0.8609610158889943,-0.5000000000000004,0.8660254037844384
0,1.003220612,54,32,0,86,0.0,30.13,0,0.5234156073655503,0.8520775211013093,0.2588190451025207,0.9659258262890684
0,0.713365539,54,32,1,83,0.0,30.15,0,0.5234156073655503,0.8520775211013093,0.8660254037844386,0.5000000000000001
1,0.423510467,54,32,0,86,0.0,30.18,362,0.5234156073655503,0.8520775211013093,0.9659258262890684,-0.2588190451025206
1,0.133655395,54,32,0,42,3.0,30.23,16420,0.5234156073655503,0.8520775211013093,0.4999999999999999,-0.8660254037844387
1,0.156199678,54,32,0,29,5.0,30.18,25922,0.5234156073655503,0.8520775211013093,-0.2588190451025208,-0.9659258262890684
1,0.44605475,54,32,0,29,5.0,30.17,11047,0.5234156073655503,0.8520775211013093,-0.8660254037844385,-0.5000000000000004
1,0.735909823,54,32,0,45,5.0,30.19,0,0.5234156073655503,0.8520775211013093,-0.9659258262890684,0.2588190451025203
0,1.025764895,54,32,0,59,0.0,30.21,0,0.5234156073655503,0.8520775211013093,-0.5000000000000004,0.8660254037844384
0,1.003215434,54,7,0,77,0.0,30.22,0,0.5380051715382996,0.8429415373547828,0.2588190451025207,0.9659258262890684
0,0.713826367,54,7,0,80,5.0,30.21,0,0.5380051715382996,0.8429415373547828,0.8660254037844386,0.5000000000000001
1,0.424437299,54,7,1,89,5.0,30.22,375,0.5380051715382996,0.8429415373547828,0.9659258262890684,-0.2588190451025206
1,0.135048232,54,7,1,72,3.0,30.26,15387,0.5380051715382996,0.8429415373547828,0.4999999999999999,-0.8660254037844387
1,0.154340836,54,7,0,69,6.0,30.2,24249,0.5380051715382996,0.8429415373547828,-0.2588190451025208,-0.9659258262890684
1,0.443729904,54,7,0,49,0.0,30.15,10241,0.5380051715382996,0.8429415373547828,-0.8660254037844385,-0.5000000000000004
1,0.733118971,54,7,0,65,0.0,30.15,0,0.5380051715382996,0.8429415373547828,-0.9659258262890684,0.2588190451025203
0,1.022508039,54,7,0,77,0.0,30.17,0,0.5380051715382996,0.8429415373547828,-0.5000000000000004,0.8660254037844384
0,1.0,56,32,0,80,0.0,30.14,0,0.5524353131676196,0.8335557718385699,0.2588190451025207,0.9659258262890684
0,0.711538462,56,32,0,86,0.0,30.11,0,0.5524353131676196,0.8335557718385699,0.8660254037844386,0.5000000000000001
1,0.423076923,56,32,0,93,3.0,30.1,345,0.5524353131676196,0.8335557718385699,0.9659258262890684,-0.2588190451025206
1,0.134615385,56,32,0,67,6.0,30.1,15731,0.5524353131676196,0.8335557718385699,0.4999999999999999,-0.8660254037844387
1,0.153846154,56,32,0,72,5.0,30.02,24745,0.5524353131676196,0.8335557718385699,-0.2588190451025208,-0.9659258262890684
1,0.442307692,56,32,1,58,8.0,29.97,10469,0.5524353131676196,0.8335557718385699,-0.8660254037844385,-0.5000000000000004
1,0.730769231,56,32,1,46,0.0,29.97,0,0.5524353131676196,0.8335557718385699,-0.9659258262890684,0.2588190451025203
0,1.019230769,56,32,1,62,7.0,29.98,0,0.5524353131676196,0.8335557718385699,-0.5000000000000004,0.8660254037844384
0,0.996805112,53,20,2,61,0.0,29.99,0,0.5667017562911176,0.8239230057575542,0.2588190451025207,0.9659258262890684
0,0.709265176,53,20,2,96,7.0,29.97,0,0.5667017562911176,0.8239230057575542,0.8660254037844386,0.5000000000000001
1,0.42172524,53,20,4,89,5.0,29.97,416,0.5667017562911176,0.8239230057575542,0.9659258262890684,-0.2588190451025206
1,0.134185304,53,20,3,93,0.0,29.99,13562,0.5667017562911176,0.8239230057575542,0.4999999999999999,-0.8660254037844387
1,0.153354633,53,20,4,78,0.0,29.95,14862,0.5667017562911176,0.8239230057575542,-0.2588190451025208,-0.9659258262890684
1,0.440894569,53,20,4,65,0.0,29.9,6425,0.5667017562911176,0.8239230057575542,-0.8660254037844385,-0.5000000000000004
1,0.728434505,53,20,4,75,3.0,29.89,3,0.5667017562911176,0.8239230057575542,-0.9659258262890684,0.2588190451025203
0,1.015974441,53,20,4,44,20.0,29.9,0,0.5667017562911176,0.8239230057575542,-0.5000000000000004,0.8660254037844384
0,0.993630573,55,16,2,72,8.0,29.89,0,0.5808002734538009,0.8140460935082178,0.2588190451025207,0.9659258262890684
0,0.707006369,55,16,4,90,8.0,29.91,0,0.5808002734538009,0.8140460935082178,0.8660254037844386,0.5000000000000001
1,0.420382166,55,16,4,90,8.0,29.91,1,0.5808002734538009,0.8140460935082178,0.9659258262890684,-0.2588190451025206
1,0.133757962,55,16,3,83,11.0,29.96,4891,0.5808002734538009,0.8140460935082178,0.4999999999999999,-0.8660254037844387
1,0.152866242,55,16,4,86,10.0,29.92,13489,0.5808002734538009,0.8140460935082178,-0.2588190451025208,-0.9659258262890684
1,0.439490446,55,16,3,72,14.0,29.9,6004,0.5808002734538009,0.8140460935082178,-0.8660254037844385,-0.5000000000000004
1,0.72611465,55,16,2,80,14.0,29.9,2,0.5808002734538009,0.8140460935082178,-0.9659258262890684,0.2588190451025203
0,1.012738854,55,16,3,83,13.0,29.89,0,0.5808002734538009,0.8140460935082178,-0.5000000000000004,0.8660254037844384
0,0.99047619,53,13,3,86,9.0,29.86,0,0.5947266869607634,0.8039279618328213,0.2588190451025207,0.9659258262890684
0,0.704761905,53,13,3,86,8.0,29.82,0,0.5947266869607634,0.8039279618328213,0.8660254037844386,0.5000000000000001
1,0.419047619,53,13,4,96,10.0,29.79,114,0.5947266869607634,0.8039279618328213,0.9659258262890684,-0.2588190451025206
1,0.133333333,53,13,3,80,6.0,29.81,7359,0.5947266869607634,0.8039279618328213,0.4999999999999999,-0.8660254037844387
1,0.152380952,53,13,4,83,6.0,29.79,4337,0.5947266869607634,0.8039279618328213,-0.2588190451025208,-0.9659258262890684
1,0.438095238,53,13,4,77,7.0,29.79,7204,0.5947266869607634,0.8039279618328213,-0.8660254037844385,-0.5000000000000004
1,0.723809524,53,13,4,86,6.0,29.8,0,0.5947266869607634,0.8039279618328213,-0.9659258262890684,0.2588190451025203
0,1.00952381,53,13,4,86,15.0,29.83,0,0.5947266869607634,0.8039279618328213,-0.5000000000000004,0.8660254037844384
0,0.987341772,55,32,3,83,9.0,29.85,0,0.6084768701151261,0.7935716089521474,0.2588190451025207,0.9659258262890684
0,0.702531646,55,32,3,86,10.0,29.84,0,0.6084768701151261,0.7935716089521474,0.8660254037844386,0.5000000000000001
1,0.417721519,55,32,2,86,7.0,29.86,501,0.6084768701151261,0.7935716089521474,0.9659258262890684,-0.2588190451025206
1,0.132911392,55,32,3,83,3.0,29.89,9382,0.6084768701151261,0.7935716089521474,0.4999999999999999,-0.8660254037844387
1,0.151898734,55,32,3,77,0.0,29.85,18365,0.6084768701151261,0.7935716089521474,-0.2588190451025208,-0.9659258262890684
1,0.436708861,55,32,2,69,11.0,29.85,9865,0.6084768701151261,0.7935716089521474,-0.8660254037844385,-0.5000000000000004
1,0.721518987,55,32,0,66,5.0,29.84,0,0.6084768701151261,0.7935716089521474,-0.9659258262890684,0.2588190451025203
0,1.006329114,55,32,1,86,8.0,29.84,0,0.6084768701151261,0.7935716089521474,-0.5000000000000004,0.8660254037844384
0,0.982677165,50,23,1,89,3.0,29.86,0,0.6220467484408675,0.7829801036770629,0.2588190451025207,0.9659258262890684
0,0.699212598,50,23,2,93,0.0,29.86,0,0.6220467484408675,0.7829801036770629,0.8660254037844386,0.5000000000000001
1,0.415748031,50,23,3,93,3.0,29.9,0,0.6220467484408675,0.7829801036770629,0.9659258262890684,-0.2588190451025206
1,0.132283465,50,23,4,86,6.0,29.93,2169,0.6220467484408675,0.7829801036770629,0.4999999999999999,-0.8660254037844387
1,0.151181102,50,23,4,77,10.0,29.91,6027,0.6220467484408675,0.7829801036770629,-0.2588190451025208,-0.9659258262890684
1,0.434645669,50,23,3,69,16.0,29.85,7760,0.6220467484408675,0.7829801036770629,-0.8660254037844385,-0.5000000000000004
1,0.718110236,50,23,4,86,11.0,29.82,0,0.6220467484408675,0.7829801036770629,-0.9659258262890684,0.2588190451025203
0,1.001574803,50,23,3,77,15.0,29.83,0,0.6220467484408675,0.7829801036770629,-0.5000000000000004,0.8660254037844384
0,0.979591837,48,29,3,68,18.0,29.84,0,0.6354323008901774,0.7721565844991642,0.2588190451025207,0.9659258262890684
0,0.697017268,48,29,3,74,10.0,29.85,0,0.6354323008901774,0.7721565844991642,0.8660254037844386,0.5000000000000001
1,0.4144427,48,29,3,77,6.0,29.89,795,0.6354323008901774,0.7721565844991642,0.9659258262890684,-0.2588190451025206
1,0.131868132,48,29,3,59,21.0,29.96,16394,0.6354323008901774,0.7721565844991642,0.4999999999999999,-0.8660254037844387
1,0.150706436,48,29,1,47,28.0,29.97,28891,0.6354323008901774,0.7721565844991642,-0.2588190451025208,-0.9659258262890684
1,0.433281005,48,29,1,64,26.0,30.0,12843,0.6354323008901774,0.7721565844991642,-0.8660254037844385,-0.5000000000000004
1,0.715855573,48,29,1,68,21.0,30.04,0,0.6354323008901774,0.7721565844991642,-0.9659258262890684,0.2588190451025203
0,0.998430141,48,29,1,71,10.0,30.09,0,0.6354323008901774,0.7721565844991642,-0.5000000000000004,0.8660254037844384
0,0.976525822,46,22,1,73,6.0,30.12,0,0.6486295610349814,0.7611042586607747,0.2588190451025207,0.9659258262890684
0,0.694835681,46,22,1,73,3.0,30.13,0,0.6486295610349814,0.7611042586607747,0.8660254037844386,0.5000000000000001
1,0.41314554,46,22,0,70,5.0,30.18,765,0.6486295610349814,0.7611042586607747,0.9659258262890684,-0.2588190451025206
1,0.131455399,46,22,1,54,14.0,30.22,18914,0.6486295610349814,0.7611042586607747,0.4999999999999999,-0.8660254037844387
1,0.150234742,46,22,3,59,8.0,30.21,26486,0.6486295610349814,0.7611042586607747,-0.2588190451025208,-0.9659258262890684
1,0.431924883,46,22,3,61,11.0,30.18,6262,0.6486295610349814,0.7611042586607747,-0.8660254037844385,-0.5000000000000004
1,0.713615023,46,22,4,61,14.0,30.14,0,0.6486295610349814,0.7611042586607747,-0.9659258262890684,0.2588190451025203
0,0.995305164,46,22,3,80,17.0,30.11,0,0.6486295610349814,0.7611042586607747,-0.5000000000000004,0.8660254037844384
0,0.973478939,49,22,3,89,15.0,30.09,0,0.6616346182422783,0.7498264012045686,0.2588190451025207,0.9659258262890684
0,0.692667707,49,22,2,86,6.0,30.12,0,0.6616346182422783,0.7498264012045686,0.8660254037844386,0.5000000000000001
1,0.411856474,49,22,3,96,6.0,30.14,0,0.6616346182422783,0.7498264012045686,0.9659258262890684,-0.2588190451025206
1,0.131045242,49,22,3,83,8.0,30.16,0,0.6616346182422783,0.7498264012045686,0.4999999999999999,-0.8660254037844387
1,0.149765991,49,22,3,72,8.0,30.12,0,0.6616346182422783,0.7498264012045686,-0.2588190451025208,-0.9659258262890684
1,0.430577223,49,22,4,83,10.0,30.1,0,0.6616346182422783,0.7498264012045686,-0.8660254037844385,-0.5000000000000004
1,0.711388456,49,22,2,77,9.0,30.09,0,0.6616346182422783,0.7498264012045686,-0.9659258262890684,0.2588190451025203
0,0.992199688,49,22,3,89,7.0,30.1,0,0.6616346182422783,0.7498264012045686,-0.5000000000000004,0.8660254037844384
0,0.968944099,49,22,3,89,3.0,30.09,0,0.6744436188329455,0.7383263540031065,0.2588190451025207,0.9659258262890684
0,0.689440994,49,22,3,86,6.0,30.09,0,0.6744436188329455,0.7383263540031065,0.8660254037844386,0.5000000000000001
1,0.409937888,49,22,2,86,0.0,30.14,860,0.6744436188329455,0.7383263540031065,0.9659258262890684,-0.2588190451025206
1,0.130434783,49,22,2,77,5.0,30.2,14244,0.6744436188329455,0.7383263540031065,0.4999999999999999,-0.8660254037844387
1,0.149068323,49,22,1,66,5.0,30.17,23065,0.6744436188329455,0.7383263540031065,-0.2588190451025208,-0.9659258262890684
1,0.428571429,49,22,3,59,8.0,30.15,12110,0.6744436188329455,0.7383263540031065,-0.8660254037844385,-0.5000000000000004
1,0.708074534,49,22,4,74,6.0,30.15,0,0.6744436188329455,0.7383263540031065,-0.9659258262890684,0.2588190451025203
0,0.98757764,49,22,4,71,13.0,30.1,0,0.6744436188329455,0.7383263540031065,-0.5000000000000004,0.8660254037844384
0,0.965944272,49,21,4,80,10.0,30.02,0,0.6870527672236669,0.7266075247685656,0.2588190451025207,0.9659258262890684
0,0.687306502,49,21,4,80,21.0,29.96,0,0.6870527672236669,0.7266075247685656,0.8660254037844386,0.5000000000000001
1,0.408668731,49,21,3,89,0.0,29.97,677,0.6870527672236669,0.7266075247685656,0.9659258262890684,-0.2588190451025206
1,0.13003096,49,21,2,71,7.0,29.98,10223,0.6870527672236669,0.7266075247685656,0.4999999999999999,-0.8660254037844387
1,0.148606811,49,21,2,57,10.0,29.96,23594,0.6870527672236669,0.7266075247685656,-0.2588190451025208,-0.9659258262890684
1,0.427244582,49,21,4,83,11.0,29.96,3329,0.6870527672236669,0.7266075247685656,-0.8660254037844385,-0.5000000000000004
1,0.705882353,49,21,3,83,8.0,29.94,0,0.6870527672236669,0.7266075247685656,-0.9659258262890684,0.2588190451025203
0,0.984520124,49,21,3,80,6.0,29.97,0,0.6870527672236669,0.7266075247685656,-0.5000000000000004,0.8660254037844384
0,0.962962963,48,14,2,86,6.0,29.98,0,0.699458327051647,0.7146733860429609,0.2588190451025207,0.9659258262890684
0,0.685185185,48,14,3,89,7.0,29.98,0,0.699458327051647,0.7146733860429609,0.8660254037844386,0.5000000000000001
1,0.407407407,48,14,3,93,8.0,30.01,311,0.699458327051647,0.7146733860429609,0.9659258262890684,-0.2588190451025206
1,0.12962963,48,14,3,80,11.0,30.04,14471,0.699458327051647,0.7146733860429609,0.4999999999999999,-0.8660254037844387
1,0.148148148,48,14,3,64,15.0,29.99,16337,0.699458327051647,0.7146733860429609,-0.2588190451025208,-0.9659258262890684
1,0.425925926,48,14,3,59,17.0,29.94,7212,0.699458327051647,0.7146733860429609,-0.8660254037844385,-0.5000000000000004
1,0.703703704,48,14,4,69,11.0,29.91,0,0.699458327051647,0.7146733860429609,-0.9659258262890684,0.2588190451025203
0,0.981481481,48,14,3,66,14.0,29.86,0,0.699458327051647,0.7146733860429609,-0.5000000000000004,0.8660254037844384
0,0.96,49,13,4,66,23.0,29.79,0,0.7116566222817746,0.7025274741691571,0.2588190451025207,0.9659258262890684
0,0.683076923,49,13,4,83,24.0,29.74,0,0.7116566222817746,0.7025274741691571,0.8660254037844386,0.5000000000000001
1,0.406153846,49,13,4,93,22.0,29.73,0,0.7116566222817746,0.7025274741691571,0.9659258262890684,-0.2588190451025206
1,0.129230769,49,13,4,89,20.0,29.75,2428,0.7116566222817746,0.7025274741691571,0.4999999999999999,-0.8660254037844387
1,0.147692308,49,13,4,83,24.0,29.7,3695,0.7116566222817746,0.7025274741691571,-0.2588190451025208,-0.9659258262890684
1,0.424615385,49,13,4,83,16.0,29.71,121,0.7116566222817746,0.7025274741691571,-0.8660254037844385,-0.5000000000000004
1,0.701538462,49,13,4,93,14.0,29.64,0,0.7116566222817746,0.7025274741691571,-0.9659258262890684,0.2588190451025203
0,0.978461538,49,13,4,93,7.0,29.62,0,0.7116566222817746,0.7025274741691571,-0.5000000000000004,0.8660254037844384
0,0.957055215,51,15,4,89,9.0,29.59,0,0.7236440382959124,0.6901733882429719,0.2588190451025207,0.9659258262890684
0,0.680981595,51,15,4,80,13.0,29.52,0,0.7236440382959124,0.6901733882429719,0.8660254037844386,0.5000000000000001
1,0.404907975,51,15,4,89,14.0,29.48,0,0.7236440382959124,0.6901733882429719,0.9659258262890684,-0.2588190451025206
1,0.128834356,51,15,4,89,9.0,29.56,2983,0.7236440382959124,0.6901733882429719,0.4999999999999999,-0.8660254037844387
1,0.147239264,51,15,3,74,11.0,29.61,13147,0.7236440382959124,0.6901733882429719,-0.2588190451025208,-0.9659258262890684
1,0.423312883,51,15,3,66,17.0,29.64,5516,0.7236440382959124,0.6901733882429719,-0.8660254037844385,-0.5000000000000004
1,0.699386503,51,15,4,83,15.0,29.68,0,0.7236440382959124,0.6901733882429719,-0.9659258262890684,0.2588190451025203
0,0.975460123,51,15,3,83,14.0,29.71,0,0.7236440382959124,0.6901733882429719,-0.5000000000000004,0.8660254037844384
0,0.95412844,51,18,3,86,14.0,29.74,0,0.7354170229639855,0.6776147890466889,0.2588190451025207,0.9659258262890684
0,0.678899083,51,18,4,80,14.0,29.74,0,0.7354170229639855,0.6776147890466889,0.8660254037844386,0.5000000000000001
1,0.403669725,51,18,4,80,11.0,29.79,114,0.7354170229639855,0.6776147890466889,0.9659258262890684,-0.2588190451025206
1,0.128440367,51,18,3,72,14.0,29.87,2274,0.7354170229639855,0.6776147890466889,0.4999999999999999,-0.8660254037844387
1,0.146788991,51,18,4,74,17.0,29.92,5403,0.7354170229639855,0.6776147890466889,-0.2588190451025208,-0.9659258262890684
1,0.422018349,51,18,3,80,6.0,29.96,2903,0.7354170229639855,0.6776147890466889,-0.8660254037844385,-0.5000000000000004
1,0.697247706,51,18,3,83,6.0,30.02,145,0.7354170229639855,0.6776147890466889,-0.9659258262890684,0.2588190451025203
0,0.972477064,51,18,3,86,6.0,30.1,0,0.7354170229639855,0.6776147890466889,-0.5000000000000004,0.8660254037844384
0,0.949771689,50,7,3,93,5.0,30.15,0,0.7469720876965552,0.6648553979642865,0.2588190451025207,0.9659258262890684
0,0.675799087,50,7,2,93,5.0,30.18,0,0.7469720876965552,0.6648553979642865,0.8660254037844386,0.5000000000000001
1,0.401826484,50,7,1,93,0.0,30.22,314,0.7469720876965552,0.6648553979642865,0.9659258262890684,-0.2588190451025206
1,0.127853881,50,7,3,83,8.0,30.25,18188,0.7469720876965552,0.6648553979642865,0.4999999999999999,-0.8660254037844387
1,0.146118721,50,7,3,75,6.0,30.21,23389,0.7469720876965552,0.6648553979642865,-0.2588190451025208,-0.9659258262890684
1,0.420091324,50,7,4,62,0.0,30.19,7755,0.7469720876965552,0.6648553979642865,-0.8660254037844385,-0.5000000000000004
1,0.694063927,50,7,3,67,0.0,30.2,97,0.7469720876965552,0.6648553979642865,-0.9659258262890684,0.2588190451025203
0,0.96803653,50,7,2,77,0.0,30.2,0,0.7469720876965552,0.6648553979642865,-0.5000000000000004,0.8660254037844384
0,0.946889226,53,16,0,86,3.0,30.19,0,0.7583058084785624,0.6518989958787126,0.2588190451025207,0.9659258262890684
0,0.673748103,53,16,0,93,0.0,30.17,0,0.7583058084785624,0.6518989958787126,0.8660254037844386,0.5000000000000001
1,0.40060698,53,16,1,93,0.0,30.2,1011,0.7583058084785624,0.6518989958787126,0.9659258262890684,-0.2588190451025206
1,0.127465857,53,16,1,83,6.0,30.22,19469,0.7583058084785624,0.6518989958787126,0.4999999999999999,-0.8660254037844387
1,0.145675266,53,16,2,72,3.0,30.18,27043,0.7583058084785624,0.6518989958787126,-0.2588190451025208,-0.9659258262890684
1,0.418816388,53,16,2,40,10.0,30.13,13347,0.7583058084785624,0.6518989958787126,-0.8660254037844385,-0.5000000000000004
1,0.691957511,53,16,1,69,6.0,30.14,72,0.7583058084785624,0.6518989958787126,-0.9659258262890684,0.2588190451025203
0,0.965098634,53,16,0,69,0.0,30.16,0,0.7583058084785624,0.6518989958787126,-0.5000000000000004,0.8660254037844384
0,0.942511346,54,32,2,77,3.0,30.17,0,0.7694148268839378,0.6387494220515272,0.2588190451025207,0.9659258262890684
0,0.670196672,54,32,3,80,0.0,30.18,0,0.7694148268839378,0.6387494220515272,0.8660254037844386,0.5000000000000001
1,0.397881997,54,32,3,86,3.0,30.18,869,0.7694148268839378,0.6387494220515272,0.9659258262890684,-0.2588190451025206
1,0.125567322,54,32,3,69,5.0,30.19,7004,0.7694148268839378,0.6387494220515272,0.4999999999999999,-0.8660254037844387
1,0.146747352,54,32,3,60,0.0,30.13,0,0.7694148268839378,0.6387494220515272,-0.2588190451025208,-0.9659258262890684
1,0.419062027,54,32,4,58,0.0,30.07,0,0.7694148268839378,0.6387494220515272,-0.8660254037844385,-0.5000000000000004
1,0.691376702,54,32,2,75,0.0,30.05,0,0.7694148268839378,0.6387494220515272,-0.9659258262890684,0.2588190451025203
0,0.963691377,54,32,1,74,5.0,30.06,0,0.7694148268839378,0.6387494220515272,-0.5000000000000004,0.8660254037844384
0,0.938253012,55,14,1,83,3.0,30.06,0,0.7802958510707755,0.6254105729852463,0.2588190451025207,0.9659258262890684
0,0.667168675,55,14,2,93,0.0,30.06,0,0.7802958510707755,0.6254105729852463,0.8660254037844386,0.5000000000000001
1,0.396084337,55,14,3,86,3.0,30.05,455,0.7802958510707755,0.6254105729852463,0.9659258262890684,-0.2588190451025206
1,0.125,55,14,3,83,6.0,30.05,15925,0.7802958510707755,0.6254105729852463,0.4999999999999999,-0.8660254037844387
1,0.146084337,55,14,4,83,0.0,30.04,12785,0.7802958510707755,0.6254105729852463,-0.2588190451025208,-0.9659258262890684
1,0.417168675,55,14,4,62,6.0,30.0,3458,0.7802958510707755,0.6254105729852463,-0.8660254037844385,-0.5000000000000004
1,0.688253012,55,14,4,78,24.0,29.93,0,0.7802958510707755,0.6254105729852463,-0.9659258262890684,0.2588190451025203
0,0.959337349,55,14,4,78,15.0,29.92,0,0.7802958510707755,0.6254105729852463,-0.5000000000000004,0.8660254037844384
0,0.934032984,56,15,4,78,20.0,29.97,0,0.7909456567567772,0.6118864012687243,0.2588190451025207,0.9659258262890684
0,0.664167916,56,15,4,86,0.0,29.97,0,0.7909456567567772,0.6118864012687243,0.8660254037844386,0.5000000000000001
1,0.394302849,56,15,4,93,10.0,29.96,0,0.7909456567567772,0.6118864012687243,0.9659258262890684,-0.2588190451025206
1,0.124437781,56,15,4,93,7.0,29.99,133,0.7909456567567772,0.6118864012687243,0.4999999999999999,-0.8660254037844387
1,0.145427286,56,15,4,90,7.0,29.99,1272,0.7909456567567772,0.6118864012687243,-0.2588190451025208,-0.9659258262890684
1,0.415292354,56,15,4,90,13.0,29.99,263,0.7909456567567772,0.6118864012687243,-0.8660254037844385,-0.5000000000000004
1,0.685157421,56,15,4,83,7.0,29.99,0,0.7909456567567772,0.6118864012687243,-0.9659258262890684,0.2588190451025203
0,0.955022489,56,15,4,90,11.0,30.02,0,0.7909456567567772,0.6118864012687243,-0.5000000000000004,0.8660254037844384
0,0.931240658,57,17,4,93,0.0,30.02,0,0.8013610881746766,0.5981809144059165,0.2588190451025207,0.9659258262890684
0,0.662182362,57,17,4,90,6.0,30.01,0,0.8013610881746766,0.5981809144059165,0.8660254037844386,0.5000000000000001
1,0.393124066,57,17,4,87,25.0,30.0,0,0.8013610881746766,0.5981809144059165,0.9659258262890684,-0.2588190451025206
1,0.12406577,57,17,4,87,26.0,30.07,1046,0.8013610881746766,0.5981809144059165,0.4999999999999999,-0.8660254037844387
1,0.144992526,57,17,4,84,18.0,30.07,2918,0.8013610881746766,0.5981809144059165,-0.2588190451025208,-0.9659258262890684
1,0.414050822,57,17,3,81,15.0,30.07,3445,0.8013610881746766,0.5981809144059165,-0.8660254037844385,-0.5000000000000004
1,0.683109118,57,17,4,87,16.0,30.09,144,0.8013610881746766,0.5981809144059165,-0.9659258262890684,0.2588190451025203
0,0.952167414,57,17,4,90,14.0,30.13,0,0.8013610881746766,0.5981809144059165,-0.5000000000000004,0.8660254037844384
0,0.928464978,55,27,4,90,10.0,30.15,0,0.8115390590073611,0.5842981736283684,0.2588190451025207,0.9659258262890684
0,0.660208644,55,27,4,96,3.0,30.17,0,0.8115390590073611,0.5842981736283684,0.8660254037844386,0.5000000000000001
1,0.39195231,55,27,3,100,3.0,30.18,1512,0.8115390590073611,0.5842981736283684,0.9659258262890684,-0.2588190451025206
1,0.123695976,55,27,1,78,5.0,30.19,19599,0.8115390590073611,0.5842981736283684,0.4999999999999999,-0.8660254037844387
1,0.144560358,55,27,2,72,5.0,30.17,29645,0.8115390590073611,0.5842981736283684,-0.2588190451025208,-0.9659258262890684
1,0.412816692,55,27,3,60,13.0,30.12,14527,0.8115390590073611,0.5842981736283684,-0.8660254037844385,-0.5000000000000004
1,0.681073025,55,27,3,77,8.0,30.08,135,0.8115390590073611,0.5842981736283684,-0.9659258262890684,0.2588190451025203
0,0.949329359,55,27,3,86,5.0,30.08,0,0.8115390590073611,0.5842981736283684,-0.5000000000000004,0.8660254037844384
0,0.924332344,56,17,3,83,6.0,30.07,0,0.8214765533024142,0.5702422926917871,0.2588190451025207,0.9659258262890684
0,0.65727003,56,17,3,86,5.0,30.08,0,0.8214765533024142,0.5702422926917871,0.8660254037844386,0.5000000000000001
1,0.390207715,56,17,3,86,8.0,30.11,196,0.8214765533024142,0.5702422926917871,0.9659258262890684,-0.2588190451025206
1,0.123145401,56,17,3,77,6.0,30.15,9942,0.8214765533024142,0.5702422926917871,0.4999999999999999,-0.8660254037844387
1,0.143916914,56,17,3,58,13.0,30.15,21062,0.8214765533024142,0.5702422926917871,-0.2588190451025208,-0.9659258262890684
1,0.410979228,56,17,4,72,11.0,30.13,5755,0.8214765533024142,0.5702422926917871,-0.8660254037844385,-0.5000000000000004
1,0.678041543,56,17,4,80,10.0,30.14,0,0.8214765533024142,0.5702422926917871,-0.9659258262890684,0.2588190451025203
0,0.945103858,56,17,4,80,9.0,30.15,0,0.8214765533024142,0.5702422926917871,-0.5000000000000004,0.8660254037844384
0,0.921597633,53,27,3,90,9.0,30.14,0,0.8311706263658079,0.5560174366570446,0.2588190451025207,0.9659258262890684
0,0.655325444,53,27,4,96,11.0,30.15,0,0.8311706263658079,0.5560174366570446,0.8660254037844386,0.5000000000000001
1,0.389053254,53,27,4,90,7.0,30.16,262,0.8311706263658079,0.5560174366570446,0.9659258262890684,-0.2588190451025206
1,0.122781065,53,27,3,80,9.0,30.22,8573,0.8311706263658079,0.5560174366570446,0.4999999999999999,-0.8660254037844387
1,0.143491124,53,27,3,75,14.0,30.21,28021,0.8311706263658079,0.5560174366570446,-0.2588190451025208,-0.9659258262890684
1,0.409763314,53,27,2,67,22.0,30.18,14907,0.8311706263658079,0.5560174366570446,-0.8660254037844385,-0.5000000000000004
1,0.676035503,53,27,2,74,13.0,30.21,112,0.8311706263658079,0.5560174366570446,-0.9659258262890684,0.2588190451025203
0,0.942307692,53,27,2,77,8.0,30.23,0,0.8311706263658079,0.5560174366570446,-0.5000000000000004,0.8660254037844384
0,0.91740413,52,32,0,74,6.0,30.23,0,0.8406184056344782,0.5416278206559814,0.2588190451025207,0.9659258262890684
0,0.651917404,52,32,1,74,5.0,30.21,0,0.8406184056344782,0.5416278206559814,0.8660254037844386,0.5000000000000001
1,0.386430678,52,32,3,74,5.0,30.23,1699,0.8406184056344782,0.5416278206559814,0.9659258262890684,-0.2588190451025206
1,0.120943953,52,32,2,66,8.0,30.21,20749,0.8406184056344782,0.5416278206559814,0.4999999999999999,-0.8660254037844387
1,0.144542773,52,32,3,64,6.0,30.17,29836,0.8406184056344782,0.5416278206559814,-0.2588190451025208,-0.9659258262890684
1,0.410029499,52,32,3,62,0.0,30.14,11279,0.8406184056344782,0.5416278206559814,-0.8660254037844385,-0.5000000000000004
1,0.675516224,52,32,3,67,0.0,30.1,66,0.8406184056344782,0.5416278206559814,-0.9659258262890684,0.2588190451025203
0,0.94100295,52,32,2,69,0.0,30.12,0,0.8406184056344782,0.5416278206559814,-0.5000000000000004,0.8660254037844384
0,0.913362702,55,10,3,77,6.0,30.11,0,0.8498170915275278,0.5270777086423722,0.2588190451025207,0.9659258262890684
0,0.649045521,55,10,3,80,5.0,30.06,0,0.8498170915275278,0.5270777086423722,0.8660254037844386,0.5000000000000001
1,0.384728341,55,10,3,71,0.0,30.04,659,0.8498170915275278,0.5270777086423722,0.9659258262890684,-0.2588190451025206
1,0.12041116,55,10,4,69,3.0,30.05,9928,0.8498170915275278,0.5270777086423722,0.4999999999999999,-0.8660254037844387
1,0.143906021,55,10,4,70,5.0,30.01,11983,0.8498170915275278,0.5270777086423722,-0.2588190451025208,-0.9659258262890684
1,0.408223201,55,10,4,75,5.0,29.96,6459,0.8498170915275278,0.5270777086423722,-0.8660254037844385,-0.5000000000000004
1,0.672540382,55,10,4,75,3.0,29.97,41,0.8498170915275278,0.5270777086423722,-0.9659258262890684,0.2588190451025203
0,0.936857562,55,10,4,83,0.0,29.97,0,0.8498170915275278,0.5270777086423722,-0.5000000000000004,0.8660254037844384
0,0.910688141,59,14,4,90,11.0,29.98,0,0.8587639582758029,0.5123714121284237,0.2588190451025207,0.9659258262890684
0,0.647144949,59,14,3,80,6.0,29.98,0,0.8587639582758029,0.5123714121284237,0.8660254037844386,0.5000000000000001
1,0.383601757,59,14,4,86,5.0,30.04,0,0.8587639582758029,0.5123714121284237,0.9659258262890684,-0.2588190451025206
1,0.120058565,59,14,4,83,5.0,30.04,2396,0.8587639582758029,0.5123714121284237,0.4999999999999999,-0.8660254037844387
1,0.143484627,59,14,4,87,16.0,29.97,2687,0.8587639582758029,0.5123714121284237,-0.2588190451025208,-0.9659258262890684
1,0.407027818,59,14,4,90,23.0,29.87,608,0.8587639582758029,0.5123714121284237,-0.8660254037844385,-0.5000000000000004
1,0.67057101,59,14,4,90,3.0,29.92,0,0.8587639582758029,0.5123714121284237,-0.9659258262890684,0.2588190451025203
0,0.934114202,59,14,4,78,25.0,29.93,0,0.8587639582758029,0.5123714121284237,-0.5000000000000004,0.8660254037844384
0,0.906705539,57,19,3,87,20.0,29.94,0,0.8674563547295969,0.4975132889071806,0.2588190451025207,0.9659258262890684
0,0.644314869,57,19,3,87,17.0,29.91,0,0.8674563547295969,0.4975132889071806,0.8660254037844386,0.5000000000000001
1,0.381924198,57,19,4,93,17.0,29.91,21,0.8674563547295969,0.4975132889071806,0.9659258262890684,-0.2588190451025206
1,0.119533528,57,19,4,90,11.0,29.91,532,0.8674563547295969,0.4975132889071806,0.4999999999999999,-0.8660254037844387
1,0.142857143,57,19,4,86,22.0,29.9,3748,0.8674563547295969,0.4975132889071806,-0.2588190451025208,-0.9659258262890684
1,0.405247813,57,19,2,67,33.0,29.89,10489,0.8674563547295969,0.4975132889071806,-0.8660254037844385,-0.5000000000000004
1,0.667638484,57,19,4,75,26.0,29.89,0,0.8674563547295969,0.4975132889071806,-0.9659258262890684,0.2588190451025203
0,0.930029155,57,19,3,67,22.0,29.94,0,0.8674563547295969,0.4975132889071806,-0.5000000000000004,0.8660254037844384
0,0.904069767,54,20,3,75,20.0,29.94,0,0.8758917051442429,0.4825077417612184,0.2588190451025207,0.9659258262890684
0,0.64244186,54,20,3,75,18.0,29.91,0,0.8758917051442429,0.4825077417612184,0.8660254037844386,0.5000000000000001
1,0.380813953,54,20,3,75,24.0,29.9,0,0.8758917051442429,0.4825077417612184,0.9659258262890684,-0.2588190451025206
1,0.119186047,54,20,3,90,11.0,29.95,2933,0.8758917051442429,0.4825077417612184,0.4999999999999999,-0.8660254037844387
1,0.14244186,54,20,3,83,17.0,29.91,15361,0.8758917051442429,0.4825077417612184,-0.2588190451025208,-0.9659258262890684
1,0.404069767,54,20,3,55,24.0,29.86,4139,0.8758917051442429,0.4825077417612184,-0.8660254037844385,-0.5000000000000004
1,0.665697674,54,20,3,64,20.0,29.85,0,0.8758917051442429,0.4825077417612184,-0.9659258262890684,0.2588190451025203
0,0.927325581,54,20,3,89,9.0,29.88,0,0.8758917051442429,0.4825077417612184,-0.5000000000000004,0.8660254037844384
0,0.9,50,18,3,74,8.0,29.89,0,0.8840675099433636,0.4673592171580022,0.2588190451025207,0.9659258262890684
0,0.639130435,50,18,2,83,5.0,29.91,0,0.8840675099433636,0.4673592171580022,0.8660254037844386,0.5000000000000001
1,0.37826087,50,18,3,80,6.0,29.96,1291,0.8840675099433636,0.4673592171580022,0.9659258262890684,-0.2588190451025206
1,0.117391304,50,18,3,77,5.0,30.03,16983,0.8840675099433636,0.4673592171580022,0.4999999999999999,-0.8660254037844387
1,0.143478261,50,18,3,57,13.0,30.03,25415,0.8840675099433636,0.4673592171580022,-0.2588190451025208,-0.9659258262890684
1,0.404347826,50,18,3,55,11.0,30.03,12898,0.8840675099433636,0.4673592171580022,-0.8660254037844385,-0.5000000000000004
1,0.665217391,50,18,3,71,9.0,30.05,134,0.8840675099433636,0.4673592171580022,-0.9659258262890684,0.2588190451025203
0,0.926086957,50,18,2,71,10.0,30.07,0,0.8840675099433636,0.4673592171580022,-0.5000000000000004,0.8660254037844384
0,0.896103896,52,27,4,83,5.0,30.1,0,0.8919813464595485,0.4520722039323043,0.2588190451025207,0.9659258262890684
0,0.636363636,52,27,4,96,10.0,30.11,0,0.8919813464595485,0.4520722039323043,0.8660254037844386,0.5000000000000001
1,0.376623377,52,27,3,77,6.0,30.14,1190,0.8919813464595485,0.4520722039323043,0.9659258262890684,-0.2588190451025206
1,0.116883117,52,27,3,80,3.0,30.18,16816,0.8919813464595485,0.4520722039323043,0.4999999999999999,-0.8660254037844387
1,0.142857143,52,27,3,69,5.0,30.16,27173,0.8919813464595485,0.4520722039323043,-0.2588190451025208,-0.9659258262890684
1,0.402597403,52,27,3,62,10.0,30.13,15652,0.8919813464595485,0.4520722039323043,-0.8660254037844385,-0.5000000000000004
1,0.662337662,52,27,3,72,10.0,30.13,86,0.8919813464595485,0.4520722039323043,-0.9659258262890684,0.2588190451025203
0,0.922077922,52,27,2,77,7.0,30.14,0,0.8919813464595485,0.4520722039323043,-0.5000000000000004,0.8660254037844384
0,0.89352518,52,28,3,77,14.0,30.14,0,0.8996308696522433,0.436651231956064,0.2588190451025207,0.9659258262890684
0,0.634532374,52,28,2,71,9.0,30.14,0,0.8996308696522433,0.436651231956064,0.8660254037844386,0.5000000000000001
1,0.375539568,52,28,4,80,3.0,30.14,467,0.8996308696522433,0.436651231956064,0.9659258262890684,-0.2588190451025206
1,0.116546763,52,28,3,67,14.0,30.15,21939,0.8996308696522433,0.436651231956064,0.4999999999999999,-0.8660254037844387
1,0.142446043,52,28,3,64,17.0,30.13,16806,0.8996308696522433,0.436651231956064,-0.2588190451025208,-0.9659258262890684
1,0.401438849,52,28,3,64,18.0,30.1,14635,0.8996308696522433,0.436651231956064,-0.8660254037844385,-0.5000000000000004
1,0.660431655,52,28,2,77,15.0,30.11,335,0.8996308696522433,0.436651231956064,-0.9659258262890684,0.2588190451025203
0,0.91942446,52,28,1,80,11.0,30.11,0,0.8996308696522433,0.436651231956064,-0.5000000000000004,0.8660254037844384
0,0.889684814,52,28,1,86,6.0,30.1,0,0.907013812802636,0.4211008707960896,0.2588190451025207,0.9659258262890684
0,0.631805158,52,28,1,93,0.0,30.08,0,0.907013812802636,0.4211008707960896,0.8660254037844386,0.5000000000000001
1,0.373925501,52,28,1,93,0.0,30.11,1364,0.907013812802636,0.4211008707960896,0.9659258262890684,-0.2588190451025206
1,0.116045845,52,28,1,80,6.0,30.15,19736,0.907013812802636,0.4211008707960896,0.4999999999999999,-0.8660254037844387
1,0.141833811,52,28,1,75,3.0,30.12,30769,0.907013812802636,0.4211008707960896,-0.2588190451025208,-0.9659258262890684
1,0.399713467,52,28,2,67,14.0,30.07,15836,0.907013812802636,0.4211008707960896,-0.8660254037844385,-0.5000000000000004
1,0.657593123,52,28,1,77,13.0,30.07,228,0.907013812802636,0.4211008707960896,-0.9659258262890684,0.2588190451025203
0,0.915472779,52,28,0,80,8.0,30.07,0,0.907013812802636,0.4211008707960896,-0.5000000000000004,0.8660254037844384
0,0.971428571,52,26,3,83,6.0,30.07,0,0.9141279881853336,0.4054257283599973,0.2588190451025207,0.9659258262890684
0,0.714285714,52,26,4,83,3.0,30.03,0,0.9141279881853336,0.4054257283599973,0.8660254037844386,0.5000000000000001
1,0.457142857,52,26,4,77,9.0,30.03,331,0.9141279881853336,0.4054257283599973,0.9659258262890684,-0.2588190451025206
1,0.2,52,26,2,72,5.0,30.03,14201,0.9141279881853336,0.4054257283599973,0.4999999999999999,-0.8660254037844387
1,0.057142857,52,26,1,59,17.0,30.01,31911,0.9141279881853336,0.4054257283599973,-0.2588190451025208,-0.9659258262890684
1,0.314285714,52,26,1,64,22.0,29.97,16173,0.9141279881853336,0.4054257283599973,-0.8660254037844385,-0.5000000000000004
1,0.571428571,52,26,1,71,10.0,29.96,230,0.9141279881853336,0.4054257283599973,-0.9659258262890684,0.2588190451025203
0,0.828571429,52,26,1,61,24.0,29.98,0,0.9141279881853336,0.4054257283599973,-0.5000000000000004,0.8660254037844384
0,0.967283073,49,29,1,58,18.0,30.01,0,0.9209712877166346,0.3896304495307879,0.2588190451025207,0.9659258262890684
0,0.711237553,49,29,0,65,10.0,30.04,0,0.9209712877166346,0.3896304495307879,0.8660254037844386,0.5000000000000001
1,0.455192034,49,29,1,53,14.0,30.07,2292,0.9209712877166346,0.3896304495307879,0.9659258262890684,-0.2588190451025206
1,0.199146515,49,29,1,48,11.0,30.12,25550,0.9209712877166346,0.3896304495307879,0.4999999999999999,-0.8660254037844387
1,0.056899004,49,29,1,45,15.0,30.12,32890,0.9209712877166346,0.3896304495307879,-0.2588190451025208,-0.9659258262890684
1,0.312944523,49,29,1,50,18.0,30.11,17309,0.9209712877166346,0.3896304495307879,-0.8660254037844385,-0.5000000000000004
1,0.568990043,49,29,0,63,16.0,30.13,244,0.9209712877166346,0.3896304495307879,-0.9659258262890684,0.2588190451025203
0,0.825035562,49,29,0,68,8.0,30.16,0,0.9209712877166346,0.3896304495307879,-0.5000000000000004,0.8660254037844384
0,0.964539007,48,27,0,65,5.0,30.17,0,0.9275416835791966,0.373719714790469,0.2588190451025207,0.9659258262890684
0,0.709219858,48,27,0,79,3.0,30.16,0,0.9275416835791966,0.373719714790469,0.8660254037844386,0.5000000000000001
1,0.453900709,48,27,0,77,6.0,30.18,2552,0.9275416835791966,0.373719714790469,0.9659258262890684,-0.2588190451025206
1,0.19858156,48,27,1,71,3.0,30.2,24464,0.9275416835791966,0.373719714790469,0.4999999999999999,-0.8660254037844387
1,0.056737589,48,27,1,45,3.0,30.14,32187,0.9275416835791966,0.373719714790469,-0.2588190451025208,-0.9659258262890684
1,0.312056738,48,27,1,53,17.0,30.08,16680,0.9275416835791966,0.373719714790469,-0.8660254037844385,-0.5000000000000004
1,0.567375887,48,27,1,61,17.0,30.07,160,0.9275416835791966,0.373719714790469,-0.9659258262890684,0.2588190451025203
0,0.822695035,48,27,3,71,6.0,30.09,0,0.9275416835791966,0.373719714790469,-0.5000000000000004,0.8660254037844384
0,0.961810467,50,28,3,73,0.0,30.07,0,0.9338372288229252,0.3576982388331254,0.2588190451025207,0.9659258262890684
0,0.707213579,50,28,1,73,3.0,30.04,0,0.9338372288229252,0.3576982388331254,0.8660254037844386,0.5000000000000001
1,0.45261669,50,28,1,79,0.0,30.05,2089,0.9338372288229252,0.3576982388331254,0.9659258262890684,-0.2588190451025206
1,0.198019802,50,28,1,74,5.0,30.07,24003,0.9338372288229252,0.3576982388331254,0.4999999999999999,-0.8660254037844387
1,0.056577086,50,28,1,41,0.0,30.03,31376,0.9338372288229252,0.3576982388331254,-0.2588190451025208,-0.9659258262890684
1,0.311173975,50,28,2,57,14.0,30.0,16173,0.9338372288229252,0.3576982388331254,-0.8660254037844385,-0.5000000000000004
1,0.565770863,50,28,0,69,16.0,30.02,247,0.9338372288229252,0.3576982388331254,-0.9659258262890684,0.2588190451025203
0,0.820367751,50,28,0,77,7.0,30.06,0,0.9338372288229252,0.3576982388331254,-0.5000000000000004,0.8660254037844384
0,0.957686883,51,28,1,86,6.0,30.07,0,0.9398560579418954,0.3415707691678556,0.2588190451025207,0.9659258262890684
0,0.703808181,51,28,1,86,0.0,30.07,0,0.9398560579418954,0.3415707691678556,0.8660254037844386,0.5000000000000001
1,0.449929478,51,28,1,89,5.0,30.1,1452,0.9398560579418954,0.3415707691678556,0.9659258262890684,-0.2588190451025206
1,0.196050776,51,28,1,77,5.0,30.13,22968,0.9398560579418954,0.3415707691678556,0.4999999999999999,-0.8660254037844387
1,0.057827927,51,28,1,62,14.0,30.1,31733,0.9398560579418954,0.3415707691678556,-0.2588190451025208,-0.9659258262890684
1,0.311706629,51,28,1,72,20.0,30.1,16613,0.9398560579418954,0.3415707691678556,-0.8660254037844385,-0.5000000000000004
1,0.565585331,51,28,1,83,17.0,30.1,264,0.9398560579418954,0.3415707691678556,-0.9659258262890684,0.2588190451025203
0,0.819464034,51,28,1,86,13.0,30.15,0,0.9398560579418954,0.3415707691678556,-0.5000000000000004,0.8660254037844384
0,0.953651685,52,27,1,89,10.0,30.15,0,0.9455963874271426,0.3253420847119801,0.2588190451025207,0.9659258262890684
0,0.700842697,52,27,4,89,7.0,30.15,0,0.9455963874271426,0.3253420847119801,0.8660254037844386,0.5000000000000001
1,0.448033708,52,27,4,83,0.0,30.16,738,0.9455963874271426,0.3253420847119801,0.9659258262890684,-0.2588190451025206
1,0.195224719,52,27,2,77,5.0,30.18,22241,0.9455963874271426,0.3253420847119801,0.4999999999999999,-0.8660254037844387
1,0.05758427,52,27,1,72,14.0,30.12,31880,0.9455963874271426,0.3253420847119801,-0.2588190451025208,-0.9659258262890684
1,0.310393258,52,27,1,72,24.0,30.09,16760,0.9455963874271426,0.3253420847119801,-0.8660254037844385,-0.5000000000000004
1,0.563202247,52,27,2,83,14.0,30.07,277,0.9455963874271426,0.3253420847119801,-0.9659258262890684,0.2588190451025203
0,0.816011236,52,27,4,77,13.0,30.1,0,0.9455963874271426,0.3253420847119801,-0.5000000000000004,0.8660254037844384
0,0.950980392,51,27,4,77,15.0,30.08,0,0.9510565162951536,0.3090169943749474,0.2588190451025207,0.9659258262890684
0,0.698879552,51,27,4,71,11.0,30.06,0,0.9510565162951536,0.3090169943749474,0.8660254037844386,0.5000000000000001
1,0.446778711,51,27,4,66,9.0,30.05,1260,0.9510565162951536,0.3090169943749474,0.9659258262890684,-0.2588190451025206
1,0.194677871,51,27,4,66,17.0,30.08,13083,0.9510565162951536,0.3090169943749474,0.4999999999999999,-0.8660254037844387
1,0.057422969,51,27,4,64,17.0,30.05,16045,0.9510565162951536,0.3090169943749474,-0.2588190451025208,-0.9659258262890684
1,0.30952381,51,27,4,64,16.0,30.03,10900,0.9510565162951536,0.3090169943749474,-0.8660254037844385,-0.5000000000000004
1,0.56162465,51,27,4,74,13.0,30.04,229,0.9510565162951536,0.3090169943749474,-0.9659258262890684,0.2588190451025203
0,0.81372549,51,27,3,77,10.0,30.05,0,0.9510565162951536,0.3090169943749474,-0.5000000000000004,0.8660254037844384
0,0.947001395,55,18,4,77,8.0,30.05,0,0.9562348265919056,0.2926003356333483,0.2588190451025207,0.9659258262890684
0,0.69595537,55,18,4,93,5.0,30.04,0,0.9562348265919056,0.2926003356333483,0.8660254037844386,0.5000000000000001
1,0.444909344,55,18,4,96,7.0,30.08,234,0.9562348265919056,0.2926003356333483,0.9659258262890684,-0.2588190451025206
1,0.193863319,55,18,4,90,6.0,30.12,4700,0.9562348265919056,0.2926003356333483,0.4999999999999999,-0.8660254037844387
1,0.057182706,55,18,4,78,10.0,30.12,8957,0.9562348265919056,0.2926003356333483,-0.2588190451025208,-0.9659258262890684
1,0.308228731,55,18,4,75,13.0,30.11,4361,0.9562348265919056,0.2926003356333483,-0.8660254037844385,-0.5000000000000004
1,0.559274756,55,18,3,80,8.0,30.13,12,0.9562348265919056,0.2926003356333483,-0.9659258262890684,0.2588190451025203
0,0.810320781,55,18,3,83,7.0,30.17,0,0.9562348265919056,0.2926003356333483,-0.5000000000000004,0.8660254037844384
0,0.942976356,59,20,4,90,13.0,30.17,0,0.9611297838723007,0.2760969730974688,0.2588190451025207,0.9659258262890684
0,0.692628651,59,20,4,96,9.0,30.18,0,0.9611297838723007,0.2760969730974688,0.8660254037844386,0.5000000000000001
1,0.442280946,59,20,4,96,7.0,30.22,324,0.9611297838723007,0.2760969730974688,0.9659258262890684,-0.2588190451025206
1,0.191933241,59,20,4,87,11.0,30.26,6543,0.9611297838723007,0.2760969730974688,0.4999999999999999,-0.8660254037844387
1,0.058414465,59,20,3,72,10.0,30.26,15051,0.9611297838723007,0.2760969730974688,-0.2588190451025208,-0.9659258262890684
1,0.30876217,59,20,3,70,16.0,30.25,12293,0.9611297838723007,0.2760969730974688,-0.8660254037844385,-0.5000000000000004
1,0.559109875,59,20,3,87,8.0,30.26,30,0.9611297838723007,0.2760969730974688,-0.9659258262890684,0.2588190451025203
0,0.80945758,59,20,4,93,6.0,30.29,0,0.9611297838723007,0.2760969730974688,-0.5000000000000004,0.8660254037844384
0,0.939058172,58,28,2,93,6.0,30.28,0,0.9657399376548548,0.2595117970697999,0.2588190451025207,0.9659258262890684
0,0.689750693,58,28,4,96,5.0,30.28,0,0.9657399376548548,0.2595117970697999,0.8660254037844386,0.5000000000000001
1,0.440443213,58,28,4,90,0.0,30.3,388,0.9657399376548548,0.2595117970697999,0.9659258262890684,-0.2588190451025206
1,0.191135734,58,28,3,75,6.0,30.31,15785,0.9657399376548548,0.2595117970697999,0.4999999999999999,-0.8660254037844387
1,0.058171745,58,28,3,72,5.0,30.28,27142,0.9657399376548548,0.2595117970697999,-0.2588190451025208,-0.9659258262890684
1,0.307479224,58,28,2,78,15.0,30.24,15649,0.9657399376548548,0.2595117970697999,-0.8660254037844385,-0.5000000000000004
1,0.556786704,58,28,3,86,22.0,30.24,290,0.9657399376548548,0.2595117970697999,-0.9659258262890684,0.2588190451025203
0,0.806094183,58,28,2,90,14.0,30.24,0,0.9657399376548548,0.2595117970697999,-0.5000000000000004,0.8660254037844384
0,0.936464088,58,29,2,93,10.0,30.23,0,0.9700639218515072,0.2428497220959356,0.2588190451025207,0.9659258262890684
0,0.687845304,58,29,2,93,6.0,30.22,0,0.9700639218515072,0.2428497220959356,0.8660254037844386,0.5000000000000001
1,0.439226519,58,29,4,90,0.0,30.22,3180,0.9700639218515072,0.2428497220959356,0.9659258262890684,-0.2588190451025206
1,0.190607735,58,29,3,83,0.0,30.22,23463,0.9700639218515072,0.2428497220959356,0.4999999999999999,-0.8660254037844387
1,0.05801105,58,29,3,75,5.0,30.16,27536,0.9700639218515072,0.2428497220959356,-0.2588190451025208,-0.9659258262890684
1,0.306629834,58,29,3,61,17.0,30.1,13687,0.9700639218515072,0.2428497220959356,-0.8660254037844385,-0.5000000000000004
1,0.555248619,58,29,3,72,17.0,30.07,384,0.9700639218515072,0.2428497220959356,-0.9659258262890684,0.2588190451025203
0,0.803867403,58,29,2,77,8.0,30.05,0,0.9700639218515072,0.2428497220959356,-0.5000000000000004,0.8660254037844384
0,0.931224209,59,28,3,80,3.0,30.04,0,0.9741004551724204,0.2261156855082882,0.2588190451025207,0.9659258262890684
0,0.683631362,59,28,3,86,8.0,30.02,0,0.9741004551724204,0.2261156855082882,0.8660254037844386,0.5000000000000001
1,0.436038514,59,28,1,86,13.0,30.03,3324,0.9741004551724204,0.2261156855082882,0.9659258262890684,-0.2588190451025206
1,0.188445667,59,28,2,78,3.0,30.03,24644,0.9741004551724204,0.2261156855082882,0.4999999999999999,-0.8660254037844387
1,0.05914718,59,28,2,67,20.0,29.99,31762,0.9741004551724204,0.2261156855082882,-0.2588190451025208,-0.9659258262890684
1,0.306740028,59,28,2,70,24.0,29.97,16724,0.9741004551724204,0.2261156855082882,-0.8660254037844385,-0.5000000000000004
1,0.554332875,59,28,1,77,17.0,29.95,330,0.9741004551724204,0.2261156855082882,-0.9659258262890684,0.2588190451025203
0,0.801925722,59,28,2,86,16.0,29.96,0,0.9741004551724204,0.2261156855082882,-0.5000000000000004,0.8660254037844384
0,0.92866941,54,27,1,90,14.0,29.95,0,0.9778483415056568,0.2093146459630484,0.2588190451025207,0.9659258262890684
0,0.68175583,54,27,4,93,18.0,29.95,0,0.9778483415056568,0.2093146459630484,0.8660254037844386,0.5000000000000001
1,0.43484225,54,27,4,96,14.0,29.96,549,0.9778483415056568,0.2093146459630484,0.9659258262890684,-0.2588190451025206
1,0.187928669,54,27,3,83,10.0,29.97,21293,0.9778483415056568,0.2093146459630484,0.4999999999999999,-0.8660254037844387
1,0.058984911,54,27,1,75,20.0,29.94,32324,0.9778483415056568,0.2093146459630484,-0.2588190451025208,-0.9659258262890684
1,0.305898491,54,27,3,83,24.0,29.91,16800,0.9778483415056568,0.2093146459630484,-0.8660254037844385,-0.5000000000000004
1,0.552812071,54,27,2,83,14.0,29.9,423,0.9778483415056568,0.2093146459630484,-0.9659258262890684,0.2588190451025203
0,0.799725652,54,27,2,86,11.0,29.91,0,0.9778483415056568,0.2093146459630484,-0.5000000000000004,0.8660254037844384
0,0.924863388,52,22,4,83,14.0,29.93,0,0.9813064702716092,0.1924515819708299,0.2588190451025207,0.9659258262890684
0,0.678961749,52,22,4,86,16.0,29.92,0,0.9813064702716092,0.1924515819708299,0.8660254037844386,0.5000000000000001
1,0.433060109,52,22,3,77,7.0,29.95,892,0.9813064702716092,0.1924515819708299,0.9659258262890684,-0.2588190451025206
1,0.18715847,52,22,3,69,10.0,29.97,5981,0.9813064702716092,0.1924515819708299,0.4999999999999999,-0.8660254037844387
1,0.058743169,52,22,4,77,13.0,29.97,8283,0.9813064702716092,0.1924515819708299,-0.2588190451025208,-0.9659258262890684
1,0.304644809,52,22,4,78,17.0,29.95,6459,0.9813064702716092,0.1924515819708299,-0.8660254037844385,-0.5000000000000004
1,0.550546448,52,22,4,80,10.0,29.93,189,0.9813064702716092,0.1924515819708299,-0.9659258262890684,0.2588190451025203
0,0.796448087,52,22,3,74,0.0,29.94,0,0.9813064702716092,0.1924515819708299,-0.5000000000000004,0.8660254037844384
0,0.920980926,49,29,4,86,10.0,29.95,0,0.9844738167520922,0.1755314904214282,0.2588190451025207,0.9659258262890684
0,0.675749319,49,29,4,77,20.0,30.0,0,0.9844738167520922,0.1755314904214282,0.8660254037844386,0.5000000000000001
1,0.430517711,49,29,3,66,26.0,30.08,1569,0.9844738167520922,0.1755314904214282,0.9659258262890684,-0.2588190451025206
1,0.185286104,49,29,2,59,29.0,30.18,20733,0.9844738167520922,0.1755314904214282,0.4999999999999999,-0.8660254037844387
1,0.059945504,49,29,2,54,26.0,30.21,20678,0.9844738167520922,0.1755314904214282,-0.2588190451025208,-0.9659258262890684
1,0.305177112,49,29,1,55,26.0,30.22,16864,0.9844738167520922,0.1755314904214282,-0.8660254037844385,-0.5000000000000004
1,0.550408719,49,29,1,61,26.0,30.26,390,0.9844738167520922,0.1755314904214282,-0.9659258262890684,0.2588190451025203
0,0.795640327,49,29,1,63,16.0,30.31,0,0.9844738167520922,0.1755314904214282,-0.5000000000000004,0.8660254037844384
0,0.917232022,49,29,0,65,5.0,30.34,0,0.9873494423939864,0.1585593851031347,0.2588190451025207,0.9659258262890684
0,0.672998643,49,29,0,70,5.0,30.33,0,0.9873494423939864,0.1585593851031347,0.8660254037844386,0.5000000000000001
1,0.428765265,49,29,1,63,7.0,30.36,3732,0.9873494423939864,0.1585593851031347,0.9659258262890684,-0.2588190451025206
1,0.184531886,49,29,0,43,18.0,30.38,27378,0.9873494423939864,0.1585593851031347,0.4999999999999999,-0.8660254037844387
1,0.059701493,49,29,0,43,16.0,30.35,33387,0.9873494423939864,0.1585593851031347,-0.2588190451025208,-0.9659258262890684
1,0.303934871,49,29,1,57,28.0,30.3,17470,0.9873494423939864,0.1585593851031347,-0.8660254037844385,-0.5000000000000004
1,0.54816825,49,29,1,64,16.0,30.26,426,0.9873494423939864,0.1585593851031347,-0.9659258262890684,0.2588190451025203
0,0.792401628,49,29,0,74,14.0,30.28,0,0.9873494423939864,0.1585593851031347,-0.5000000000000004,0.8660254037844384
0,0.914749662,52,27,1,77,8.0,30.27,0,0.989932495087353,0.141540295217043,0.2588190451025207,0.9659258262890684
0,0.671177267,52,27,0,83,0.0,30.25,0,0.989932495087353,0.141540295217043,0.8660254037844386,0.5000000000000001
1,0.427604871,52,27,1,80,3.0,30.27,3507,0.989932495087353,0.141540295217043,0.9659258262890684,-0.2588190451025206
1,0.184032476,52,27,0,67,6.0,30.29,25440,0.989932495087353,0.141540295217043,0.4999999999999999,-0.8660254037844387
1,0.059539919,52,27,1,60,17.0,30.23,32254,0.989932495087353,0.141540295217043,-0.2588190451025208,-0.9659258262890684
1,0.303112314,52,27,1,67,21.0,30.19,17103,0.989932495087353,0.141540295217043,-0.8660254037844385,-0.5000000000000004
1,0.546684709,52,27,2,80,22.0,30.17,445,0.989932495087353,0.141540295217043,-0.9659258262890684,0.2588190451025203
0,0.790257104,52,27,2,86,11.0,30.18,0,0.989932495087353,0.141540295217043,-0.5000000000000004,0.8660254037844384
0,0.911051213,55,27,2,90,7.0,30.17,0,0.9922222094179324,0.1244792638867891,0.2588190451025207,0.9659258262890684
0,0.668463612,55,27,1,89,3.0,30.15,0,0.9922222094179324,0.1244792638867891,0.8660254037844386,0.5000000000000001
1,0.425876011,55,27,1,86,5.0,30.16,3621,0.9922222094179324,0.1244792638867891,0.9659258262890684,-0.2588190451025206
1,0.18328841,55,27,2,67,11.0,30.17,24151,0.9922222094179324,0.1244792638867891,0.4999999999999999,-0.8660254037844387
1,0.059299191,55,27,2,60,20.0,30.13,27094,0.9922222094179324,0.1244792638867891,-0.2588190451025208,-0.9659258262890684
1,0.301886792,55,27,3,62,24.0,30.1,14349,0.9922222094179324,0.1244792638867891,-0.8660254037844385,-0.5000000000000004
1,0.544474394,55,27,2,83,31.0,30.07,350,0.9922222094179324,0.1244792638867891,-0.9659258262890684,0.2588190451025203
0,0.787061995,55,27,2,86,25.0,30.1,0,0.9922222094179324,0.1244792638867891,-0.5000000000000004,0.8660254037844384
0,0.908479139,57,27,3,90,17.0,30.08,0,0.994217906893952,0.107381346664163,0.2588190451025207,0.9659258262890684
0,0.666218035,57,27,2,90,10.0,30.05,0,0.994217906893952,0.107381346664163,0.8660254037844386,0.5000000000000001
1,0.423956931,57,27,1,86,11.0,30.05,4074,0.994217906893952,0.107381346664163,0.9659258262890684,-0.2588190451025206
1,0.181695828,57,27,1,72,7.0,30.05,26663,0.994217906893952,0.107381346664163,0.4999999999999999,-0.8660254037844387
1,0.060565276,57,27,1,60,17.0,30.02,31714,0.994217906893952,0.107381346664163,-0.2588190451025208,-0.9659258262890684
1,0.30282638,57,27,2,70,24.0,29.98,16656,0.994217906893952,0.107381346664163,-0.8660254037844385,-0.5000000000000004
1,0.545087483,57,27,2,77,22.0,29.97,573,0.994217906893952,0.107381346664163,-0.9659258262890684,0.2588190451025203
0,0.787348587,57,27,0,83,20.0,29.99,0,0.994217906893952,0.107381346664163,-0.5000000000000004,0.8660254037844384
0,0.904825737,62,28,0,86,11.0,29.98,0,0.995918996147179,0.0902516100310411,0.2588190451025207,0.9659258262890684
0,0.663538874,62,28,0,83,13.0,29.98,0,0.995918996147179,0.0902516100310411,0.8660254037844386,0.5000000000000001
1,0.422252011,62,28,1,83,6.0,30.01,4440,0.995918996147179,0.0902516100310411,0.9659258262890684,-0.2588190451025206
1,0.180965147,62,28,1,65,0.0,30.03,25704,0.995918996147179,0.0902516100310411,0.4999999999999999,-0.8660254037844387
1,0.060321716,62,28,1,41,14.0,30.01,31885,0.995918996147179,0.0902516100310411,-0.2588190451025208,-0.9659258262890684
1,0.301608579,62,28,1,52,18.0,29.98,17252,0.995918996147179,0.0902516100310411,-0.8660254037844385,-0.5000000000000004
1,0.542895442,62,28,1,72,13.0,29.99,404,0.995918996147179,0.0902516100310411,-0.9659258262890684,0.2588190451025203
0,0.784182306,62,28,0,80,9.0,30.0,0,0.995918996147179,0.0902516100310411,-0.5000000000000004,0.8660254037844384
0,0.902406417,59,28,0,80,3.0,29.99,0,0.9973249731081556,0.0730951298980777,0.2588190451025207,0.9659258262890684
0,0.661764706,59,28,0,83,3.0,29.97,0,0.9973249731081556,0.0730951298980777,0.8660254037844386,0.5000000000000001
1,0.421122995,59,28,0,83,5.0,30.0,4023,0.9973249731081556,0.0730951298980777,0.9659258262890684,-0.2588190451025206
1,0.180481283,59,28,0,78,6.0,30.0,25824,0.9973249731081556,0.0730951298980777,0.4999999999999999,-0.8660254037844387
1,0.060160428,59,28,1,55,11.0,29.94,32377,0.9973249731081556,0.0730951298980777,-0.2588190451025208,-0.9659258262890684
1,0.300802139,59,28,3,67,20.0,29.91,17421,0.9973249731081556,0.0730951298980777,-0.8660254037844385,-0.5000000000000004
1,0.54144385,59,28,2,72,21.0,29.89,514,0.9973249731081556,0.0730951298980777,-0.9659258262890684,0.2588190451025203
0,0.782085561,59,28,2,83,20.0,29.94,0,0.9973249731081556,0.0730951298980777,-0.5000000000000004,0.8660254037844384
0,0.89747004,54,28,1,86,21.0,29.92,0,0.9984354211555644,0.0559169901006034,0.2588190451025207,0.9659258262890684
0,0.657789614,54,28,4,93,23.0,29.9,0,0.9984354211555644,0.0559169901006034,0.8660254037844386,0.5000000000000001
1,0.418109188,54,28,1,77,18.0,29.94,4374,0.9984354211555644,0.0559169901006034,0.9659258262890684,-0.2588190451025206
1,0.178428762,54,28,1,53,9.0,29.97,27279,0.9984354211555644,0.0559169901006034,0.4999999999999999,-0.8660254037844387
1,0.061251664,54,28,1,46,22.0,29.97,33390,0.9984354211555644,0.0559169901006034,-0.2588190451025208,-0.9659258262890684
1,0.300932091,54,28,0,51,26.0,29.94,18105,0.9984354211555644,0.0559169901006034,-0.8660254037844385,-0.5000000000000004
1,0.540612517,54,28,0,69,23.0,29.95,516,0.9984354211555644,0.0559169901006034,-0.9659258262890684,0.2588190451025203
0,0.780292943,54,28,0,42,13.0,30.01,0,0.9984354211555644,0.0559169901006034,-0.5000000000000004,0.8660254037844384
0,0.895086321,57,32,0,42,28.0,30.01,0,0.9992500112396836,0.0387222808921744,0.2588190451025207,0.9659258262890684
0,0.656042497,57,32,0,42,24.0,30.03,0,0.9992500112396836,0.0387222808921744,0.8660254037844386,0.5000000000000001
1,0.416998672,57,32,1,40,16.0,30.08,4463,0.9992500112396836,0.0387222808921744,0.9659258262890684,-0.2588190451025206
1,0.177954847,57,32,1,36,13.0,30.11,27647,0.9992500112396836,0.0387222808921744,0.4999999999999999,-0.8660254037844387
1,0.061088977,57,32,0,24,3.0,30.08,33045,0.9992500112396836,0.0387222808921744,-0.2588190451025208,-0.9659258262890684
1,0.300132802,57,32,1,51,23.0,30.05,17848,0.9992500112396836,0.0387222808921744,-0.8660254037844385,-0.5000000000000004
1,0.539176627,57,32,1,64,18.0,30.06,519,0.9992500112396836,0.0387222808921744,-0.9659258262890684,0.2588190451025203
0,0.778220452,57,32,0,71,9.0,30.1,0,0.9992500112396836,0.0387222808921744,-0.5000000000000004,0.8660254037844384
0,0.891534392,57,27,0,77,6.0,30.11,0,0.9997685019798908,0.0215160974362222,0.2588190451025207,0.9659258262890684
0,0.653439153,57,27,0,74,5.0,30.09,0,0.9997685019798908,0.0215160974362222,0.8660254037844386,0.5000000000000001
1,0.415343915,57,27,1,86,3.0,30.11,4386,0.9997685019798908,0.0215160974362222,0.9659258262890684,-0.2588190451025206
1,0.177248677,57,27,1,72,3.0,30.12,25419,0.9997685019798908,0.0215160974362222,0.4999999999999999,-0.8660254037844387
1,0.060846561,57,27,3,45,16.0,30.07,31423,0.9997685019798908,0.0215160974362222,-0.2588190451025208,-0.9659258262890684
1,0.298941799,57,27,2,52,25.0,30.02,17640,0.9997685019798908,0.0215160974362222,-0.8660254037844385,-0.5000000000000004
1,0.537037037,57,27,2,62,31.0,29.97,716,0.9997685019798908,0.0215160974362222,-0.9659258262890684,0.2588190451025203
0,0.775132275,57,27,2,83,26.0,30.0,0,0.9997685019798908,0.0215160974362222,-0.5000000000000004,0.8660254037844384
0,0.887862797,56,27,2,77,26.0,29.98,0,0.99999073973619,0.0043035382962442,0.2588190451025207,0.9659258262890684
0,0.650395778,56,27,0,77,16.0,29.99,0,0.99999073973619,0.0043035382962442,0.8660254037844386,0.5000000000000001
1,0.41292876,56,27,2,77,14.0,30.01,4488,0.99999073973619,0.0043035382962442,0.9659258262890684,-0.2588190451025206
1,0.175461741,56,27,1,54,10.0,30.02,26755,0.99999073973619,0.0043035382962442,0.4999999999999999,-0.8660254037844387
1,0.062005277,56,27,0,52,25.0,30.0,32471,0.99999073973619,0.0043035382962442,-0.2588190451025208,-0.9659258262890684
1,0.299472296,56,27,0,60,26.0,29.95,17465,0.99999073973619,0.0043035382962442,-0.8660254037844385,-0.5000000000000004
1,0.536939314,56,27,2,80,25.0,29.93,523,0.99999073973619,0.0043035382962442,-0.9659258262890684,0.2588190451025203
0,0.774406332,56,27,2,86,20.0,29.97,0,0.99999073973619,0.0043035382962442,-0.5000000000000004,0.8660254037844384
0,0.884362681,54,27,4,93,28.0,29.97,0,0.999916658654738,-0.0129102960750088,0.2588190451025207,0.9659258262890684
0,0.6478318,54,27,3,86,8.0,29.94,0,0.999916658654738,-0.0129102960750088,0.8660254037844386,0.5000000000000001
1,0.41130092,54,27,2,89,17.0,29.96,4764,0.999916658654738,-0.0129102960750088,0.9659258262890684,-0.2588190451025206
1,0.174770039,54,27,1,75,24.0,29.98,27354,0.999916658654738,-0.0129102960750088,0.4999999999999999,-0.8660254037844387
1,0.061760841,54,27,3,75,32.0,29.96,33463,0.999916658654738,-0.0129102960750088,-0.2588190451025208,-0.9659258262890684
1,0.298291721,54,27,2,64,38.0,29.89,18575,0.999916658654738,-0.0129102960750088,-0.8660254037844385,-0.5000000000000004
1,0.534822602,54,27,2,74,25.0,29.91,568,0.999916658654738,-0.0129102960750088,-0.9659258262890684,0.2588190451025203
0,0.771353482,54,27,2,80,28.0,29.94,0,0.999916658654738,-0.0129102960750088,-0.5000000000000004,0.8660254037844384
0,0.882044561,51,28,1,83,22.0,29.94,0,0.9995462806873572,-0.0301203048469081,0.2588190451025207,0.9659258262890684
0,0.646133683,51,28,2,77,17.0,29.94,0,0.9995462806873572,-0.0301203048469081,0.8660254037844386,0.5000000000000001
1,0.410222805,51,28,1,71,13.0,30.0,4944,0.9995462806873572,-0.0301203048469081,0.9659258262890684,-0.2588190451025206
1,0.174311927,51,28,0,55,20.0,30.0,28147,0.9995462806873572,-0.0301203048469081,0.4999999999999999,-0.8660254037844387
1,0.061598952,51,28,0,51,26.0,29.98,34212,0.9995462806873572,-0.0301203048469081,-0.2588190451025208,-0.9659258262890684
1,0.29750983,51,28,1,51,28.0,29.94,18643,0.9995462806873572,-0.0301203048469081,-0.8660254037844385,-0.5000000000000004
1,0.533420708,51,28,0,69,18.0,29.95,561,0.9995462806873572,-0.0301203048469081,-0.9659258262890684,0.2588190451025203
0,0.769331586,51,28,0,71,14.0,30.0,0,0.9995462806873572,-0.0301203048469081,-0.5000000000000004,0.8660254037844384
0,0.878590078,53,28,0,80,6.0,30.0,0,0.9988797155850336,-0.0473213883224318,0.2588190451025207,0.9659258262890684
0,0.643603133,53,28,0,83,6.0,30.02,0,0.9988797155850336,-0.0473213883224318,0.8660254037844386,0.5000000000000001
1,0.408616188,53,28,0,77,0.0,30.04,5397,0.9988797155850336,-0.0473213883224318,0.9659258262890684,-0.2588190451025206
1,0.173629243,53,28,0,37,3.0,30.07,27967,0.9988797155850336,-0.0473213883224318,0.4999999999999999,-0.8660254037844387
1,0.061357702,53,28,1,38,0.0,30.06,33706,0.9988797155850336,-0.0473213883224318,-0.2588190451025208,-0.9659258262890684
1,0.296344648,53,28,2,32,17.0,30.02,18351,0.9988797155850336,-0.0473213883224318,-0.8660254037844385,-0.5000000000000004
1,0.531331593,53,28,1,50,16.0,30.02,604,0.9988797155850336,-0.0473213883224318,-0.9659258262890684,0.2588190451025203
0,0.766318538,53,28,0,50,0.0,30.05,0,0.9988797155850336,-0.0473213883224318,-0.5000000000000004,0.8660254037844384
0,0.875,59,23,0,46,0.0,30.06,0,0.9979171608653922,-0.0645084494493162,0.2588190451025207,0.9659258262890684
0,0.640625,59,23,0,61,0.0,30.07,0,0.9979171608653922,-0.0645084494493162,0.8660254037844386,0.5000000000000001
1,0.40625,59,23,1,71,0.0,30.09,5001,0.9979171608653922,-0.0645084494493162,0.9659258262890684,-0.2588190451025206
1,0.171875,59,23,0,58,5.0,30.1,26917,0.9979171608653922,-0.0645084494493162,0.4999999999999999,-0.8660254037844387
1,0.0625,59,23,0,37,5.0,30.06,32087,0.9979171608653922,-0.0645084494493162,-0.2588190451025208,-0.9659258262890684
1,0.296875,59,23,0,17,9.0,30.02,17213,0.9979171608653922,-0.0645084494493162,-0.8660254037844385,-0.5000000000000004
1,0.53125,59,23,0,17,6.0,30.02,570,0.9979171608653922,-0.0645084494493162,-0.9659258262890684,0.2588190451025203
0,0.765625,59,23,0,39,0.0,30.04,0,0.9979171608653922,-0.0645084494493162,-0.5000000000000004,0.8660254037844384
0,0.871595331,62,29,0,49,0.0,30.04,0,0.9966589017541702,-0.0816763953304224,0.2588190451025207,0.9659258262890684
0,0.638132296,62,29,0,50,6.0,30.02,0,0.9966589017541702,-0.0816763953304224,0.8660254037844386,0.5000000000000001
1,0.404669261,62,29,0,59,3.0,30.03,5180,0.9966589017541702,-0.0816763953304224,0.9659258262890684,-0.2588190451025206
1,0.171206226,62,29,1,33,7.0,30.01,26895,0.9966589017541702,-0.0816763953304224,0.4999999999999999,-0.8660254037844387
1,0.062256809,62,29,3,31,3.0,29.97,29516,0.9966589017541702,-0.0816763953304224,-0.2588190451025208,-0.9659258262890684
1,0.295719844,62,29,3,36,13.0,29.94,13463,0.9966589017541702,-0.0816763953304224,-0.8660254037844385,-0.5000000000000004
1,0.529182879,62,29,2,50,9.0,29.92,1163,0.9966589017541702,-0.0816763953304224,-0.9659258262890684,0.2588190451025203
0,0.762645914,62,29,1,64,10.0,29.93,0,0.9966589017541702,-0.0816763953304224,-0.5000000000000004,0.8660254037844384
0,0.870466321,56,18,3,77,3.0,29.92,0,0.9951053111006976,-0.0988201387328714,0.2588190451025207,0.9659258262890684
0,0.637305699,56,18,3,64,10.0,29.88,0,0.9951053111006976,-0.0988201387328714,0.8660254037844386,0.5000000000000001
1,0.404145078,56,18,3,77,6.0,29.9,680,0.9951053111006976,-0.0988201387328714,0.9659258262890684,-0.2588190451025206
1,0.170984456,56,18,4,86,10.0,29.94,3238,0.9951053111006976,-0.0988201387328714,0.4999999999999999,-0.8660254037844387
1,0.062176166,56,18,4,93,3.0,29.92,11377,0.9951053111006976,-0.0988201387328714,-0.2588190451025208,-0.9659258262890684
1,0.295336788,56,18,3,60,20.0,29.92,11529,0.9951053111006976,-0.0988201387328714,-0.8660254037844385,-0.5000000000000004
1,0.528497409,56,18,3,93,13.0,29.92,48,0.9951053111006976,-0.0988201387328714,-0.9659258262890684,0.2588190451025203
0,0.761658031,56,18,4,80,9.0,29.95,0,0.9951053111006976,-0.0988201387328714,-0.5000000000000004,0.8660254037844384
0,0.865806452,56,21,4,86,10.0,29.98,0,0.9932568492674144,-0.1159345995955004,0.2588190451025207,0.9659258262890684
0,0.633548387,56,21,3,86,10.0,29.98,0,0.9932568492674144,-0.1159345995955004,0.8660254037844386,0.5000000000000001
1,0.401290323,56,21,3,83,3.0,30.02,436,0.9932568492674144,-0.1159345995955004,0.9659258262890684,-0.2588190451025206
1,0.169032258,56,21,3,72,11.0,30.08,8803,0.9932568492674144,-0.1159345995955004,0.4999999999999999,-0.8660254037844387
1,0.063225806,56,21,4,67,15.0,30.09,6347,0.9932568492674144,-0.1159345995955004,-0.2588190451025208,-0.9659258262890684
1,0.295483871,56,21,3,65,16.0,30.06,1494,0.9932568492674144,-0.1159345995955004,-0.8660254037844385,-0.5000000000000004
1,0.527741935,56,21,2,75,15.0,30.05,644,0.9932568492674144,-0.1159345995955004,-0.9659258262890684,0.2588190451025203
0,0.76,56,21,2,75,7.0,30.07,0,0.9932568492674144,-0.1159345995955004,-0.5000000000000004,0.8660254037844384
0,0.863577864,53,20,4,77,8.0,30.05,0,0.9911140639934548,-0.1330147065341959,0.2588190451025207,0.9659258262890684
0,0.631917632,53,20,4,77,5.0,30.03,0,0.9911140639934548,-0.1330147065341959,0.8660254037844386,0.5000000000000001
1,0.4002574,53,20,4,74,8.0,30.02,30,0.9911140639934548,-0.1330147065341959,0.9659258262890684,-0.2588190451025206
1,0.168597169,53,20,4,77,7.0,30.01,7047,0.9911140639934548,-0.1330147065341959,0.4999999999999999,-0.8660254037844387
1,0.063063063,53,20,4,64,17.0,29.97,7156,0.9911140639934548,-0.1330147065341959,-0.2588190451025208,-0.9659258262890684
1,0.294723295,53,20,4,77,11.0,29.92,2704,0.9911140639934548,-0.1330147065341959,-0.8660254037844385,-0.5000000000000004
1,0.526383526,53,20,4,77,9.0,29.89,229,0.9911140639934548,-0.1330147065341959,-0.9659258262890684,0.2588190451025203
0,0.758043758,53,20,4,80,8.0,29.88,0,0.9911140639934548,-0.1330147065341959,-0.5000000000000004,0.8660254037844384
0,0.86025641,54,27,4,83,6.0,29.86,0,0.9886775902323404,-0.1500553983446526,0.2588190451025207,0.9659258262890684
0,0.629487179,54,27,4,86,8.0,29.83,0,0.9886775902323404,-0.1500553983446526,0.8660254037844386,0.5000000000000001
1,0.398717949,54,27,4,83,13.0,29.85,1920,0.9886775902323404,-0.1500553983446526,0.9659258262890684,-0.2588190451025206
1,0.167948718,54,27,3,67,10.0,29.89,14825,0.9886775902323404,-0.1500553983446526,0.4999999999999999,-0.8660254037844387
1,0.062820513,54,27,1,58,8.0,29.88,27081,0.9886775902323404,-0.1500553983446526,-0.2588190451025208,-0.9659258262890684
1,0.293589744,54,27,2,64,29.0,29.88,15012,0.9886775902323404,-0.1500553983446526,-0.8660254037844385,-0.5000000000000004
1,0.524358974,54,27,2,71,25.0,29.89,690,0.9886775902323404,-0.1500553983446526,-0.9659258262890684,0.2588190451025203
0,0.755128205,54,27,2,80,16.0,29.93,0,0.9886775902323404,-0.1500553983446526,-0.5000000000000004,0.8660254037844384
0,0.858056266,54,27,1,83,16.0,29.95,0,0.9859481499638304,-0.1670516255021192,0.2588190451025207,0.9659258262890684
0,0.627877238,54,27,1,80,14.0,29.97,0,0.9859481499638304,-0.1670516255021192,0.8660254037844386,0.5000000000000001
1,0.39769821,54,27,2,74,8.0,30.04,6243,0.9859481499638304,-0.1670516255021192,0.9659258262890684,-0.2588190451025206
1,0.167519182,54,27,2,64,18.0,30.12,28693,0.9859481499638304,-0.1670516255021192,0.4999999999999999,-0.8660254037844387
1,0.062659847,54,27,2,56,17.0,30.14,33510,0.9859481499638304,-0.1670516255021192,-0.2588190451025208,-0.9659258262890684
1,0.292838875,54,27,3,67,23.0,30.15,18950,0.9859481499638304,-0.1670516255021192,-0.8660254037844385,-0.5000000000000004
1,0.523017903,54,27,3,83,16.0,30.16,738,0.9859481499638304,-0.1670516255021192,-0.9659258262890684,0.2588190451025203
0,0.753196931,54,27,4,90,22.0,30.21,0,0.9859481499638304,-0.1670516255021192,-0.5000000000000004,0.8660254037844384
0,0.853503185,56,27,4,96,17.0,30.24,0,0.9829265519799822,-0.18399835165768,0.2588190451025207,0.9659258262890684
0,0.624203822,56,27,4,90,20.0,30.23,0,0.9829265519799822,-0.18399835165768,0.8660254037844386,0.5000000000000001
1,0.394904459,56,27,2,86,9.0,30.26,5715,0.9829265519799822,-0.18399835165768,0.9659258262890684,-0.2588190451025206
1,0.165605096,56,27,1,65,9.0,30.27,28438,0.9829265519799822,-0.18399835165768,0.4999999999999999,-0.8660254037844387
1,0.063694268,56,27,2,65,18.0,30.26,33567,0.9829265519799822,-0.18399835165768,-0.2588190451025208,-0.9659258262890684
1,0.292993631,56,27,2,70,22.0,30.22,18995,0.9829265519799822,-0.18399835165768,-0.8660254037844385,-0.5000000000000004
1,0.522292994,56,27,2,80,25.0,30.2,668,0.9829265519799822,-0.18399835165768,-0.9659258262890684,0.2588190451025203
0,0.751592357,56,27,2,83,17.0,30.21,0,0.9829265519799822,-0.18399835165768,-0.5000000000000004,0.8660254037844384
0,0.85133418,55,27,2,90,13.0,30.17,0,0.97961369164549,-0.200890555130635,0.2588190451025207,0.9659258262890684
0,0.622617535,55,27,3,90,20.0,30.13,0,0.97961369164549,-0.200890555130635,0.8660254037844386,0.5000000000000001
1,0.393900889,55,27,4,93,15.0,30.13,4859,0.97961369164549,-0.200890555130635,0.9659258262890684,-0.2588190451025206
1,0.165184244,55,27,3,75,16.0,30.11,25254,0.97961369164549,-0.200890555130635,0.4999999999999999,-0.8660254037844387
1,0.063532402,55,27,3,60,21.0,30.07,29857,0.97961369164549,-0.200890555130635,-0.2588190451025208,-0.9659258262890684
1,0.292249047,55,27,3,53,31.0,30.0,17948,0.97961369164549,-0.200890555130635,-0.8660254037844385,-0.5000000000000004
1,0.520965693,55,27,3,69,28.0,29.96,516,0.97961369164549,-0.200890555130635,-0.9659258262890684,0.2588190451025203
0,0.749682338,55,27,2,71,17.0,29.97,0,0.97961369164549,-0.200890555130635,-0.5000000000000004,0.8660254037844384
0,0.849176172,50,29,3,71,21.0,29.96,0,0.9760105506323684,-0.2177232303965317,0.2588190451025207,0.9659258262890684
0,0.62103929,50,29,2,61,16.0,29.96,0,0.9760105506323684,-0.2177232303965317,0.8660254037844386,0.5000000000000001
1,0.392902408,50,29,1,58,16.0,29.97,6318,0.9760105506323684,-0.2177232303965317,0.9659258262890684,-0.2588190451025206
1,0.164765526,50,29,1,47,28.0,29.95,30856,0.9760105506323684,-0.2177232303965317,0.4999999999999999,-0.8660254037844387
1,0.063371356,50,29,1,49,40.0,29.94,36580,0.9760105506323684,-0.2177232303965317,-0.2588190451025208,-0.9659258262890684
1,0.291508238,50,29,2,61,39.0,29.91,7428,0.9760105506323684,-0.2177232303965317,-0.8660254037844385,-0.5000000000000004
1,0.51964512,50,29,2,68,32.0,29.92,41,0.9760105506323684,-0.2177232303965317,-0.9659258262890684,0.2588190451025203
0,0.747782003,50,29,0,63,16.0,29.97,0,0.9760105506323684,-0.2177232303965317,-0.5000000000000004,0.8660254037844384
0,0.845959596,49,28,1,66,11.0,30.0,0,0.9721181966290612,-0.2344913895704098,0.2588190451025207,0.9659258262890684
0,0.618686869,49,28,0,68,5.0,30.02,0,0.9721181966290612,-0.2344913895704098,0.8660254037844386,0.5000000000000001
1,0.391414141,49,28,0,61,17.0,30.07,6685,0.9721181966290612,-0.2344913895704098,0.9659258262890684,-0.2588190451025206
1,0.164141414,49,28,1,49,21.0,30.11,30072,0.9721181966290612,-0.2344913895704098,0.4999999999999999,-0.8660254037844387
1,0.063131313,49,28,1,51,25.0,30.1,35251,0.9721181966290612,-0.2344913895704098,-0.2588190451025208,-0.9659258262890684
1,0.29040404,49,28,1,57,30.0,30.11,19527,0.9721181966290612,-0.2344913895704098,-0.8660254037844385,-0.5000000000000004
1,0.517676768,49,28,1,71,28.0,30.13,793,0.9721181966290612,-0.2344913895704098,-0.9659258262890684,0.2588190451025203
0,0.744949495,49,28,1,80,17.0,30.19,0,0.9721181966290612,-0.2344913895704098,-0.5000000000000004,0.8660254037844384
0,0.84256927,52,27,1,83,15.0,30.22,0,0.9679377830240642,-0.2511900638848193,0.2588190451025207,0.9659258262890684
0,0.615869018,52,27,2,83,17.0,30.23,0,0.9679377830240642,-0.2511900638848193,0.8660254037844386,0.5000000000000001
1,0.389168766,52,27,3,80,15.0,30.27,6704,0.9679377830240642,-0.2511900638848193,0.9659258262890684,-0.2588190451025206
1,0.162468514,52,27,1,59,3.0,30.28,28992,0.9679377830240642,-0.2511900638848193,0.4999999999999999,-0.8660254037844387
1,0.064231738,52,27,1,57,21.0,30.27,34751,0.9679377830240642,-0.2511900638848193,-0.2588190451025208,-0.9659258262890684
1,0.29093199,52,27,3,62,24.0,30.25,18441,0.9679377830240642,-0.2511900638848193,-0.8660254037844385,-0.5000000000000004
1,0.517632242,52,27,2,74,29.0,30.22,731,0.9679377830240642,-0.2511900638848193,-0.9659258262890684,0.2588190451025203
0,0.744332494,52,27,1,77,22.0,30.25,0,0.9679377830240642,-0.2511900638848193,-0.5000000000000004,0.8660254037844384
0,0.839397742,57,28,1,80,11.0,30.24,0,0.9634705485641488,-0.2678143051621742,0.2588190451025207,0.9659258262890684
0,0.613550816,57,28,1,86,0.0,30.23,0,0.9634705485641488,-0.2678143051621742,0.8660254037844386,0.5000000000000001
1,0.38770389,57,28,1,83,0.0,30.26,6529,0.9634705485641488,-0.2678143051621742,0.9659258262890684,-0.2588190451025206
1,0.161856964,57,28,3,67,6.0,30.26,27655,0.9634705485641488,-0.2678143051621742,0.4999999999999999,-0.8660254037844387
1,0.063989962,57,28,3,42,14.0,30.21,32802,0.9634705485641488,-0.2678143051621742,-0.2588190451025208,-0.9659258262890684
1,0.289836888,57,28,2,63,26.0,30.17,18587,0.9634705485641488,-0.2678143051621742,-0.8660254037844385,-0.5000000000000004
1,0.515683814,57,28,2,83,13.0,30.14,751,0.9634705485641488,-0.2678143051621742,-0.9659258262890684,0.2588190451025203
0,0.74153074,57,28,4,93,20.0,30.16,0,0.9634705485641488,-0.2678143051621742,-0.5000000000000004,0.8660254037844384
0,0.838345865,59,30,2,96,9.0,30.13,0,0.9587178169872964,-0.2843591872810034,0.2588190451025207,0.9659258262890684
0,0.612781955,59,30,1,93,3.0,30.11,0,0.9587178169872964,-0.2843591872810034,0.8660254037844386,0.5000000000000001
1,0.387218045,59,30,4,96,6.0,30.15,6153,0.9587178169872964,-0.2843591872810034,0.9659258262890684,-0.2588190451025206
1,0.161654135,59,30,1,83,5.0,30.14,28194,0.9587178169872964,-0.2843591872810034,0.4999999999999999,-0.8660254037844387
1,0.063909774,59,30,1,49,14.0,30.09,33175,0.9587178169872964,-0.2843591872810034,-0.2588190451025208,-0.9659258262890684
1,0.289473684,59,30,1,53,11.0,30.06,18918,0.9587178169872964,-0.2843591872810034,-0.8660254037844385,-0.5000000000000004
1,0.515037594,59,30,1,75,10.0,30.05,793,0.9587178169872964,-0.2843591872810034,-0.9659258262890684,0.2588190451025203
0,0.740601504,59,30,0,80,7.0,30.07,0,0.9587178169872964,-0.2843591872810034,-0.5000000000000004,0.8660254037844384
0,0.83625,69,30,0,75,0.0,30.07,0,0.9536809966304456,-0.3008198076356673,0.2588190451025207,0.9659258262890684
0,0.61125,69,30,0,74,0.0,30.06,0,0.9536809966304456,-0.3008198076356673,0.8660254037844386,0.5000000000000001
1,0.38625,69,30,0,78,0.0,30.09,6617,0.9536809966304456,-0.3008198076356673,0.9659258262890684,-0.2588190451025206
1,0.16125,69,30,0,75,3.0,30.11,27440,0.9536809966304456,-0.3008198076356673,0.4999999999999999,-0.8660254037844387
1,0.06375,69,30,0,48,0.0,30.07,31610,0.9536809966304456,-0.3008198076356673,-0.2588190451025208,-0.9659258262890684
1,0.28875,69,30,0,43,5.0,30.02,17762,0.9536809966304456,-0.3008198076356673,-0.8660254037844385,-0.5000000000000004
1,0.51375,69,30,1,40,15.0,30.01,769,0.9536809966304456,-0.3008198076356673,-0.9659258262890684,0.2588190451025203
0,0.73875,69,30,0,51,5.0,30.04,0,0.9536809966304456,-0.3008198076356673,-0.5000000000000004,0.8660254037844384
0,0.833125778,75,31,0,61,3.0,30.04,0,0.9483615800121716,-0.3171912885891061,0.2588190451025207,0.9659258262890684
0,0.608966376,75,31,0,87,0.0,30.02,0,0.9483615800121716,-0.3171912885891061,0.8660254037844386,0.5000000000000001
1,0.384806974,75,31,1,78,3.0,30.06,6642,0.9483615800121716,-0.3171912885891061,0.9659258262890684,-0.2588190451025206
1,0.160647572,75,31,1,73,7.0,30.05,27058,0.9483615800121716,-0.3171912885891061,0.4999999999999999,-0.8660254037844387
1,0.063511831,75,31,1,60,6.0,30.0,31440,0.9483615800121716,-0.3171912885891061,-0.2588190451025208,-0.9659258262890684
1,0.287671233,75,31,2,18,11.0,29.94,17838,0.9483615800121716,-0.3171912885891061,-0.8660254037844385,-0.5000000000000004
1,0.511830635,75,31,2,32,15.0,29.95,822,0.9483615800121716,-0.3171912885891061,-0.9659258262890684,0.2588190451025203
0,0.735990037,75,31,0,44,0.0,29.98,0,0.9483615800121716,-0.3171912885891061,-0.5000000000000004,0.8660254037844384
0,0.829813665,74,29,1,70,0.0,29.95,0,0.9427611433904208,-0.3334687789181868,0.2588190451025207,0.9659258262890684
0,0.60621118,74,29,2,68,3.0,29.93,0,0.9427611433904208,-0.3334687789181868,0.8660254037844386,0.5000000000000001
1,0.382608696,74,29,3,70,0.0,29.95,6918,0.9427611433904208,-0.3334687789181868,0.9659258262890684,-0.2588190451025206
1,0.159006211,74,29,3,70,5.0,29.94,26270,0.9427611433904208,-0.3334687789181868,0.4999999999999999,-0.8660254037844387
1,0.064596273,74,29,3,52,3.0,29.9,24932,0.9427611433904208,-0.3334687789181868,-0.2588190451025208,-0.9659258262890684
1,0.288198758,74,29,3,27,23.0,29.86,16620,0.9427611433904208,-0.3334687789181868,-0.8660254037844385,-0.5000000000000004
1,0.511801242,74,29,3,30,16.0,29.84,1408,0.9427611433904208,-0.3334687789181868,-0.9659258262890684,0.2588190451025203
0,0.735403727,74,29,1,35,8.0,29.87,0,0.9427611433904208,-0.3334687789181868,-0.5000000000000004,0.8660254037844384
0,0.827757125,61,29,0,60,0.0,29.85,0,0.9368813462954316,-0.3496474552512284,0.2588190451025207,0.9659258262890684
0,0.604708798,61,29,0,72,7.0,29.83,0,0.9368813462954316,-0.3496474552512284,0.8660254037844386,0.5000000000000001
1,0.381660471,61,29,1,67,6.0,29.86,6772,0.9368813462954316,-0.3496474552512284,0.9659258262890684,-0.2588190451025206
1,0.158612144,61,29,1,61,16.0,29.9,28158,0.9368813462954316,-0.3496474552512284,0.4999999999999999,-0.8660254037844387
1,0.064436183,61,29,1,63,20.0,29.88,33296,0.9368813462954316,-0.3496474552512284,-0.2588190451025208,-0.9659258262890684
1,0.287484511,61,29,2,68,18.0,29.83,18819,0.9368813462954316,-0.3496474552512284,-0.8660254037844385,-0.5000000000000004
1,0.510532838,61,29,2,80,22.0,29.85,920,0.9368813462954316,-0.3496474552512284,-0.9659258262890684,0.2588190451025203
0,0.733581165,61,29,2,83,9.0,29.9,0,0.9368813462954316,-0.3496474552512284,-0.5000000000000004,0.8660254037844384
0,0.824691358,57,26,3,80,10.0,29.9,0,0.9307239310379796,-0.3657225234972689,0.2588190451025207,0.9659258262890684
0,0.602469136,57,26,2,80,9.0,29.9,0,0.9307239310379796,-0.3657225234972689,0.8660254037844386,0.5000000000000001
1,0.380246914,57,26,3,77,7.0,29.94,867,0.9307239310379796,-0.3657225234972689,0.9659258262890684,-0.2588190451025206
1,0.158024691,57,26,3,70,5.0,29.96,1052,0.9307239310379796,-0.3657225234972689,0.4999999999999999,-0.8660254037844387
1,0.064197531,57,26,3,54,17.0,29.95,0,0.9307239310379796,-0.3657225234972689,-0.2588190451025208,-0.9659258262890684
1,0.286419753,57,26,3,51,20.0,29.94,0,0.9307239310379796,-0.3657225234972689,-0.8660254037844385,-0.5000000000000004
1,0.508641975,57,26,2,71,13.0,29.94,0,0.9307239310379796,-0.3657225234972689,-0.9659258262890684,0.2588190451025203
0,0.730864198,57,26,3,69,8.0,29.96,0,0.9307239310379796,-0.3657225234972689,-0.5000000000000004,0.8660254037844384
0,0.822660099,53,27,4,77,11.0,29.96,0,0.9242907221930932,-0.3816892202666588,0.2588190451025207,0.9659258262890684
0,0.600985222,53,27,4,74,21.0,29.97,0,0.9242907221930932,-0.3816892202666588,0.8660254037844386,0.5000000000000001
1,0.379310345,53,27,4,71,26.0,30.01,1336,0.9242907221930932,-0.3816892202666588,0.9659258262890684,-0.2588190451025206
1,0.157635468,53,27,2,59,31.0,30.05,29986,0.9242907221930932,-0.3816892202666588,0.4999999999999999,-0.8660254037844387
1,0.064039409,53,27,1,55,32.0,30.07,35778,0.9242907221930932,-0.3816892202666588,-0.2588190451025208,-0.9659258262890684
1,0.285714286,53,27,2,57,29.0,30.05,20064,0.9242907221930932,-0.3816892202666588,-0.8660254037844385,-0.5000000000000004
1,0.507389163,53,27,2,69,31.0,30.04,944,0.9242907221930932,-0.3816892202666588,-0.9659258262890684,0.2588190451025203
0,0.729064039,53,27,2,77,17.0,30.07,0,0.9242907221930932,-0.3816892202666588,-0.5000000000000004,0.8660254037844384
0,0.820638821,52,26,1,83,14.0,30.08,0,0.9175836260593936,-0.3975428142825559,0.2588190451025207,0.9659258262890684
0,0.5995086,52,26,2,83,5.0,30.1,0,0.9175836260593936,-0.3975428142825559,0.8660254037844386,0.5000000000000001
1,0.378378378,52,26,3,77,16.0,30.14,6356,0.9175836260593936,-0.3975428142825559,0.9659258262890684,-0.2588190451025206
1,0.157248157,52,26,2,64,20.0,30.17,29565,0.9175836260593936,-0.3975428142825559,0.4999999999999999,-0.8660254037844387
1,0.063882064,52,26,1,57,23.0,30.16,34976,0.9175836260593936,-0.3975428142825559,-0.2588190451025208,-0.9659258262890684
1,0.285012285,52,26,1,64,28.0,30.15,19557,0.9175836260593936,-0.3975428142825559,-0.8660254037844385,-0.5000000000000004
1,0.506142506,52,26,2,74,20.0,30.13,984,0.9175836260593936,-0.3975428142825559,-0.9659258262890684,0.2588190451025203
0,0.727272727,52,26,2,77,31.0,30.13,0,0.9175836260593936,-0.3975428142825559,-0.5000000000000004,0.8660254037844384
0,0.817401961,55,26,3,80,20.0,30.11,0,0.9106046300942162,-0.4132786077829042,0.2588190451025207,0.9659258262890684
0,0.596813725,55,26,3,77,14.0,30.1,0,0.9106046300942162,-0.4132786077829042,0.8660254037844386,0.5000000000000001
1,0.37622549,55,26,2,77,16.0,30.09,6880,0.9106046300942162,-0.4132786077829042,0.9659258262890684,-0.2588190451025206
1,0.155637255,55,26,1,62,3.0,30.07,28930,0.9106046300942162,-0.4132786077829042,0.4999999999999999,-0.8660254037844387
1,0.06495098,55,26,1,52,14.0,30.04,34173,0.9106046300942162,-0.4132786077829042,-0.2588190451025208,-0.9659258262890684
1,0.285539216,55,26,1,62,22.0,30.02,19225,0.9106046300942162,-0.4132786077829042,-0.8660254037844385,-0.5000000000000004
1,0.506127451,55,26,1,74,21.0,29.99,948,0.9106046300942162,-0.4132786077829042,-0.9659258262890684,0.2588190451025203
0,0.726715686,55,26,3,77,14.0,30.02,0,0.9106046300942162,-0.4132786077829042,-0.5000000000000004,0.8660254037844384
0,0.814407814,52,26,4,77,11.0,30.02,0,0.9033558023246844,-0.4288919379124835,0.2588190451025207,0.9659258262890684
0,0.594627595,52,26,4,74,10.0,29.99,0,0.9033558023246844,-0.4288919379124835,0.8660254037844386,0.5000000000000001
1,0.374847375,52,26,3,74,11.0,30.0,4611,0.9033558023246844,-0.4288919379124835,0.9659258262890684,-0.2588190451025206
1,0.155067155,52,26,3,64,21.0,29.99,20425,0.9033558023246844,-0.4288919379124835,0.4999999999999999,-0.8660254037844387
1,0.064713065,52,26,3,66,23.0,30.02,35553,0.9033558023246844,-0.4288919379124835,-0.2588190451025208,-0.9659258262890684
1,0.284493284,52,26,2,57,24.0,30.01,20055,0.9033558023246844,-0.4288919379124835,-0.8660254037844385,-0.5000000000000004
1,0.504273504,52,26,2,69,11.0,30.03,1308,0.9033558023246844,-0.4288919379124835,-0.9659258262890684,0.2588190451025203
0,0.724053724,52,26,3,74,16.0,30.06,0,0.9033558023246844,-0.4288919379124835,-0.5000000000000004,0.8660254037844384
0,0.812423873,53,27,2,74,18.0,30.05,0,0.895839290734909,-0.4443781781046132,0.2588190451025207,0.9659258262890684
0,0.59317905,53,27,2,74,16.0,30.09,0,0.895839290734909,-0.4443781781046132,0.8660254037844386,0.5000000000000001
1,0.373934227,53,27,1,71,14.0,30.11,7452,0.895839290734909,-0.4443781781046132,0.9659258262890684,-0.2588190451025206
1,0.154689403,53,27,3,57,17.0,30.14,28333,0.895839290734909,-0.4443781781046132,0.4999999999999999,-0.8660254037844387
1,0.06455542,53,27,1,44,18.0,30.13,36400,0.895839290734909,-0.4443781781046132,-0.2588190451025208,-0.9659258262890684
1,0.283800244,53,27,1,49,23.0,30.13,18707,0.895839290734909,-0.4443781781046132,-0.8660254037844385,-0.5000000000000004
1,0.503045067,53,27,1,66,13.0,30.14,1047,0.895839290734909,-0.4443781781046132,-0.9659258262890684,0.2588190451025203
0,0.72228989,53,27,2,74,11.0,30.17,0,0.895839290734909,-0.4443781781046132,-0.5000000000000004,0.8660254037844384
0,0.810449575,54,27,2,83,9.0,30.17,0,0.8880573226294932,-0.4597327394521039,0.2588190451025207,0.9659258262890684
0,0.591737546,54,27,2,83,17.0,30.17,0,0.8880573226294932,-0.4597327394521039,0.8660254037844386,0.5000000000000001
1,0.373025516,54,27,1,74,16.0,30.18,7393,0.8880573226294932,-0.4597327394521039,0.9659258262890684,-0.2588190451025206
1,0.154313487,54,27,1,55,17.0,30.2,28785,0.8880573226294932,-0.4597327394521039,0.4999999999999999,-0.8660254037844387
1,0.064398542,54,27,3,46,21.0,30.18,34289,0.8880573226294932,-0.4597327394521039,-0.2588190451025208,-0.9659258262890684
1,0.283110571,54,27,2,48,16.0,30.17,20125,0.8880573226294932,-0.4597327394521039,-0.8660254037844385,-0.5000000000000004
1,0.5018226,54,27,2,66,14.0,30.16,1111,0.8880573226294932,-0.4597327394521039,-0.9659258262890684,0.2588190451025203
0,0.720534629,54,27,1,77,10.0,30.17,0,0.8880573226294932,-0.4597327394521039,-0.5000000000000004,0.8660254037844384
0,0.808484848,55,27,1,77,7.0,30.18,0,0.8800122039735357,-0.4749510720670499,0.2588190451025207,0.9659258262890684
0,0.59030303,55,27,1,77,10.0,30.15,0,0.8800122039735357,-0.4749510720670499,0.8660254037844386,0.5000000000000001
1,0.372121212,55,27,3,74,15.0,30.18,4162,0.8800122039735357,-0.4749510720670499,0.9659258262890684,-0.2588190451025206
1,0.153939394,55,27,3,55,13.0,30.19,27741,0.8800122039735357,-0.4749510720670499,0.4999999999999999,-0.8660254037844387
1,0.064242424,55,27,3,44,15.0,30.15,29768,0.8800122039735357,-0.4749510720670499,-0.2588190451025208,-0.9659258262890684
1,0.282424242,55,27,4,50,14.0,30.07,13827,0.8800122039735357,-0.4749510720670499,-0.8660254037844385,-0.5000000000000004
1,0.500606061,55,27,4,64,20.0,30.1,1109,0.8800122039735357,-0.4749510720670499,-0.9659258262890684,0.2588190451025203
0,0.718787879,55,27,4,53,5.0,30.09,0,0.8800122039735357,-0.4749510720670499,-0.5000000000000004,0.8660254037844384
0,0.807506053,56,17,4,66,8.0,30.1,0,0.8717063187093218,-0.4900286664290592,0.2588190451025207,0.9659258262890684
0,0.589588378,56,17,3,61,6.0,30.06,0,0.8717063187093218,-0.4900286664290592,0.8660254037844386,0.5000000000000001
1,0.371670702,56,17,3,59,6.0,30.0,3799,0.8717063187093218,-0.4900286664290592,0.9659258262890684,-0.2588190451025206
1,0.153753027,56,17,3,60,0.0,29.98,12336,0.8717063187093218,-0.4900286664290592,0.4999999999999999,-0.8660254037844387
1,0.064164649,56,17,4,72,0.0,29.96,8841,0.8717063187093218,-0.4900286664290592,-0.2588190451025208,-0.9659258262890684
1,0.282082324,56,17,4,93,13.0,29.91,1531,0.8717063187093218,-0.4900286664290592,-0.8660254037844385,-0.5000000000000004
1,0.5,56,17,4,90,14.0,29.92,0,0.8717063187093218,-0.4900286664290592,-0.9659258262890684,0.2588190451025203
0,0.717917676,56,17,4,90,17.0,29.98,0,0.8717063187093218,-0.4900286664290592,-0.5000000000000004,0.8660254037844384
0,0.805555556,60,18,3,87,10.0,29.97,0,0.8631421280499114,-0.5049610547215204,0.2588190451025207,0.9659258262890684
0,0.588164251,60,18,3,90,9.0,29.99,0,0.8631421280499114,-0.5049610547215204,0.8660254037844386,0.5000000000000001
1,0.370772947,60,18,4,81,5.0,30.04,2126,0.8631421280499114,-0.5049610547215204,0.9659258262890684,-0.2588190451025206
1,0.153381643,60,18,4,87,8.0,30.07,5369,0.8631421280499114,-0.5049610547215204,0.4999999999999999,-0.8660254037844387
1,0.064009662,60,18,4,81,20.0,30.08,11213,0.8631421280499114,-0.5049610547215204,-0.2588190451025208,-0.9659258262890684
1,0.281400966,60,18,4,75,18.0,30.08,6111,0.8631421280499114,-0.5049610547215204,-0.8660254037844385,-0.5000000000000004
1,0.498792271,60,18,4,84,13.0,30.07,111,0.8631421280499114,-0.5049610547215204,-0.9659258262890684,0.2588190451025203
0,0.716183575,60,18,3,84,10.0,30.09,0,0.8631421280499114,-0.5049610547215204,-0.5000000000000004,0.8660254037844384
0,0.802647413,59,23,4,93,10.0,30.13,0,0.854322169749827,-0.5197438121555155,0.2588190451025207,0.9659258262890684
0,0.586040915,59,23,4,87,11.0,30.09,0,0.854322169749827,-0.5197438121555155,0.8660254037844386,0.5000000000000001
1,0.369434416,59,23,4,93,13.0,30.1,843,0.854322169749827,-0.5197438121555155,0.9659258262890684,-0.2588190451025206
1,0.152827918,59,23,4,81,15.0,30.13,5395,0.854322169749827,-0.5197438121555155,0.4999999999999999,-0.8660254037844387
1,0.06377858,59,23,4,75,13.0,30.14,10351,0.854322169749827,-0.5197438121555155,-0.2588190451025208,-0.9659258262890684
1,0.280385078,59,23,4,75,9.0,30.1,11610,0.854322169749827,-0.5197438121555155,-0.8660254037844385,-0.5000000000000004
1,0.496991576,59,23,3,87,6.0,30.08,1086,0.854322169749827,-0.5197438121555155,-0.9659258262890684,0.2588190451025203
0,0.713598075,59,23,2,96,8.0,30.11,0,0.854322169749827,-0.5197438121555155,-0.5000000000000004,0.8660254037844384
0,0.799519808,61,20,3,93,7.0,30.08,0,0.8452490573530633,-0.5343725582809786,0.2588190451025207,0.9659258262890684
0,0.583433373,61,20,3,96,5.0,30.08,0,0.8452490573530633,-0.5343725582809786,0.8660254037844386,0.5000000000000001
1,0.367346939,61,20,4,90,0.0,30.08,2094,0.8452490573530633,-0.5343725582809786,0.9659258262890684,-0.2588190451025206
1,0.151260504,61,20,4,84,6.0,30.06,16610,0.8452490573530633,-0.5343725582809786,0.4999999999999999,-0.8660254037844387
1,0.06482593,61,20,4,66,13.0,30.04,16895,0.8452490573530633,-0.5343725582809786,-0.2588190451025208,-0.9659258262890684
1,0.280912365,61,20,3,73,16.0,30.03,3131,0.8452490573530633,-0.5343725582809786,-0.8660254037844385,-0.5000000000000004
1,0.4969988,61,20,3,90,11.0,30.01,404,0.8452490573530633,-0.5343725582809786,-0.9659258262890684,0.2588190451025203
0,0.713085234,61,20,4,93,9.0,30.01,0,0.8452490573530633,-0.5343725582809786,-0.5000000000000004,0.8660254037844384
0,0.79760479,64,23,4,90,8.0,30.01,0,0.8359254794186372,-0.548842958284719,0.2588190451025207,0.9659258262890684
0,0.582035928,64,23,4,90,3.0,30.03,0,0.8359254794186372,-0.548842958284719,0.8660254037844386,0.5000000000000001
1,0.366467066,64,23,4,90,7.0,30.06,983,0.8359254794186372,-0.548842958284719,0.9659258262890684,-0.2588190451025206
1,0.150898204,64,23,4,87,0.0,30.09,10119,0.8359254794186372,-0.548842958284719,0.4999999999999999,-0.8660254037844387
1,0.064670659,64,23,3,68,11.0,30.08,20567,0.8359254794186372,-0.548842958284719,-0.2588190451025208,-0.9659258262890684
1,0.280239521,64,23,3,64,10.0,30.06,9848,0.8359254794186372,-0.548842958284719,-0.8660254037844385,-0.5000000000000004
1,0.495808383,64,23,3,75,6.0,30.07,2021,0.8359254794186372,-0.548842958284719,-0.9659258262890684,0.2588190451025203
0,0.711377246,64,23,4,90,11.0,30.12,0,0.8359254794186372,-0.548842958284719,-0.5000000000000004,0.8660254037844384
0,0.795698925,64,28,3,90,10.0,30.11,0,0.8263541987239096,-0.5631507242749186,0.2588190451025207,0.9659258262890684
0,0.580645161,64,28,3,93,3.0,30.1,0,0.8263541987239096,-0.5631507242749186,0.8660254037844386,0.5000000000000001
1,0.365591398,64,28,3,90,5.0,30.14,6188,0.8263541987239096,-0.5631507242749186,0.9659258262890684,-0.2588190451025206
1,0.150537634,64,28,4,84,3.0,30.16,19992,0.8263541987239096,-0.5631507242749186,0.4999999999999999,-0.8660254037844387
1,0.064516129,64,28,3,68,11.0,30.14,17727,0.8263541987239096,-0.5631507242749186,-0.2588190451025208,-0.9659258262890684
1,0.279569892,64,28,3,71,16.0,30.12,9661,0.8263541987239096,-0.5631507242749186,-0.8660254037844385,-0.5000000000000004
1,0.494623656,64,28,3,90,14.0,30.13,907,0.8263541987239096,-0.5631507242749186,-0.9659258262890684,0.2588190451025203
0,0.709677419,64,28,4,90,15.0,30.17,0,0.8263541987239096,-0.5631507242749186,-0.5000000000000004,0.8660254037844384
0,0.793802145,59,27,4,93,17.0,30.16,0,0.8165380514459161,-0.5772916165517272,0.2588190451025207,0.9659258262890684
0,0.579261025,59,27,4,96,14.0,30.16,0,0.8165380514459161,-0.5772916165517272,0.8660254037844386,0.5000000000000001
1,0.364719905,59,27,1,90,7.0,30.17,8421,0.8165380514459161,-0.5772916165517272,0.9659258262890684,-0.2588190451025206
1,0.150178784,59,27,1,65,5.0,30.16,30054,0.8165380514459161,-0.5772916165517272,0.4999999999999999,-0.8660254037844387
1,0.064362336,59,27,1,51,22.0,30.15,34480,0.8165380514459161,-0.5772916165517272,-0.2588190451025208,-0.9659258262890684
1,0.278903456,59,27,1,52,26.0,30.09,19576,0.8165380514459161,-0.5772916165517272,-0.8660254037844385,-0.5000000000000004
1,0.493444577,59,27,1,69,26.0,30.07,1214,0.8165380514459161,-0.5772916165517272,-0.9659258262890684,0.2588190451025203
0,0.707985697,59,27,0,77,17.0,30.08,0,0.8165380514459161,-0.5772916165517272,-0.5000000000000004,0.8660254037844384
0,0.791914388,61,28,0,83,18.0,30.05,0,0.8064799463209448,-0.5912614448635781,0.2588190451025207,0.9659258262890684
0,0.577883472,61,28,0,86,8.0,30.02,0,0.8064799463209448,-0.5912614448635781,0.8660254037844386,0.5000000000000001
1,0.363852556,61,28,0,72,0.0,30.03,8482,0.8064799463209448,-0.5912614448635781,0.9659258262890684,-0.2588190451025206
1,0.149821641,61,28,0,54,14.0,30.03,29577,0.8064799463209448,-0.5912614448635781,0.4999999999999999,-0.8660254037844387
1,0.064209275,61,28,0,54,23.0,30.01,33944,0.8064799463209448,-0.5912614448635781,-0.2588190451025208,-0.9659258262890684
1,0.27824019,61,28,1,58,25.0,29.95,19863,0.8064799463209448,-0.5912614448635781,-0.8660254037844385,-0.5000000000000004
1,0.492271106,61,28,1,69,25.0,29.93,1151,0.8064799463209448,-0.5912614448635781,-0.9659258262890684,0.2588190451025203
0,0.706302021,61,28,1,77,14.0,29.96,0,0.8064799463209448,-0.5912614448635781,-0.5000000000000004,0.8660254037844384
0,0.790035587,58,28,0,83,17.0,29.95,0,0.7961828637826158,-0.6050560696488488,0.2588190451025207,0.9659258262890684
0,0.576512456,58,28,0,86,8.0,29.94,0,0.7961828637826158,-0.6050560696488488,0.8660254037844386,0.5000000000000001
1,0.362989324,58,28,1,77,9.0,29.97,8318,0.7961828637826158,-0.6050560696488488,0.9659258262890684,-0.2588190451025206
1,0.149466192,58,28,1,60,15.0,29.98,29580,0.7961828637826158,-0.6050560696488488,0.4999999999999999,-0.8660254037844387
1,0.06405694,58,28,2,58,20.0,29.97,34329,0.7961828637826158,-0.6050560696488488,-0.2588190451025208,-0.9659258262890684
1,0.277580071,58,28,2,60,30.0,29.97,19505,0.7961828637826158,-0.6050560696488488,-0.8660254037844385,-0.5000000000000004
1,0.491103203,58,28,3,75,24.0,29.96,1229,0.7961828637826158,-0.6050560696488488,-0.9659258262890684,0.2588190451025203
0,0.704626335,58,28,2,80,11.0,29.98,0,0.7961828637826158,-0.6050560696488488,-0.5000000000000004,0.8660254037844384
0,0.78816568,58,28,1,83,7.0,29.97,0,0.7856498550787147,-0.6186714032625031,0.2588190451025207,0.9659258262890684
0,0.575147929,58,28,1,86,9.0,29.95,0,0.7856498550787147,-0.6186714032625031,0.8660254037844386,0.5000000000000001
1,0.362130178,58,28,2,75,0.0,29.97,8263,0.7856498550787147,-0.6186714032625031,0.9659258262890684,-0.2588190451025206
1,0.149112426,58,28,2,59,16.0,29.98,29303,0.7856498550787147,-0.6186714032625031,0.4999999999999999,-0.8660254037844387
1,0.063905325,58,28,2,54,21.0,29.96,33627,0.7856498550787147,-0.6186714032625031,-0.2588190451025208,-0.9659258262890684
1,0.276923077,58,28,1,58,31.0,29.94,19748,0.7856498550787147,-0.6186714032625031,-0.8660254037844385,-0.5000000000000004
1,0.489940828,58,28,2,51,22.0,29.93,1182,0.7856498550787147,-0.6186714032625031,-0.9659258262890684,0.2588190451025203
0,0.70295858,58,28,1,64,10.0,29.98,0,0.7856498550787147,-0.6186714032625031,-0.5000000000000004,0.8660254037844384
0,0.786304604,57,27,1,77,21.0,29.97,0,0.7748840413670407,-0.6321034111873487,0.2588190451025207,0.9659258262890684
0,0.573789847,57,27,1,80,20.0,29.96,0,0.7748840413670407,-0.6321034111873487,0.8660254037844386,0.5000000000000001
1,0.361275089,57,27,2,77,14.0,30.01,7837,0.7748840413670407,-0.6321034111873487,0.9659258262890684,-0.2588190451025206
1,0.148760331,57,27,3,65,21.0,30.01,28418,0.7748840413670407,-0.6321034111873487,0.4999999999999999,-0.8660254037844387
1,0.063754427,57,27,1,60,31.0,30.01,34252,0.7748840413670407,-0.6321034111873487,-0.2588190451025208,-0.9659258262890684
1,0.276269185,57,27,1,70,36.0,30.0,20301,0.7748840413670407,-0.6321034111873487,-0.8660254037844385,-0.5000000000000004
1,0.488783943,57,27,3,86,28.0,30.0,1288,0.7748840413670407,-0.6321034111873487,-0.9659258262890684,0.2588190451025203
0,0.701298701,57,27,2,80,29.0,30.02,0,0.7748840413670407,-0.6321034111873487,-0.5000000000000004,0.8660254037844384
0,0.785377358,56,27,3,83,25.0,30.04,0,0.7638886127905428,-0.6453481132295501,0.2588190451025207,0.9659258262890684
0,0.573113208,56,27,1,86,13.0,30.05,0,0.7638886127905428,-0.6453481132295501,0.8660254037844386,0.5000000000000001
1,0.360849057,56,27,2,80,14.0,30.06,8669,0.7638886127905428,-0.6453481132295501,0.9659258262890684,-0.2588190451025206
1,0.148584906,56,27,1,56,15.0,30.07,29737,0.7638886127905428,-0.6453481132295501,0.4999999999999999,-0.8660254037844387
1,0.063679245,56,27,2,48,23.0,30.06,34324,0.7638886127905428,-0.6453481132295501,-0.2588190451025208,-0.9659258262890684
1,0.275943396,56,27,2,50,30.0,30.01,20073,0.7638886127905428,-0.6453481132295501,-0.8660254037844385,-0.5000000000000004
1,0.488207547,56,27,2,62,25.0,30.02,1278,0.7638886127905428,-0.6453481132295501,-0.9659258262890684,0.2588190451025203
0,0.700471698,56,27,0,74,20.0,30.05,0,0.7638886127905428,-0.6453481132295501,-0.5000000000000004,0.8660254037844384
0,0.783529412,58,27,0,77,22.0,30.04,0,0.7526668275320085,-0.6584015846980488,0.2588190451025207,0.9659258262890684
0,0.571764706,58,27,1,74,8.0,30.02,0,0.7526668275320085,-0.6584015846980488,0.8660254037844386,0.5000000000000001
1,0.36,58,27,3,49,0.0,30.04,8004,0.7526668275320085,-0.6584015846980488,0.9659258262890684,-0.2588190451025206
1,0.148235294,58,27,3,50,13.0,30.06,29472,0.7526668275320085,-0.6584015846980488,0.4999999999999999,-0.8660254037844387
1,0.063529412,58,27,3,40,24.0,30.07,31009,0.7526668275320085,-0.6584015846980488,-0.2588190451025208,-0.9659258262890684
1,0.275294118,58,27,3,43,28.0,30.08,19335,0.7526668275320085,-0.6584015846980488,-0.8660254037844385,-0.5000000000000004
1,0.487058824,58,27,3,48,18.0,30.06,1258,0.7526668275320085,-0.6584015846980488,-0.9659258262890684,0.2588190451025203
0,0.698823529,58,27,1,69,26.0,30.11,0,0.7526668275320085,-0.6584015846980488,-0.5000000000000004,0.8660254037844384
0,0.781690141,60,27,1,80,16.0,30.07,0,0.7412220108485958,-0.6712599575675313,0.2588190451025207,0.9659258262890684
0,0.570422535,60,27,2,86,16.0,30.06,0,0.7412220108485958,-0.6712599575675313,0.8660254037844386,0.5000000000000001
1,0.35915493,60,27,4,90,21.0,30.09,7791,0.7412220108485958,-0.6712599575675313,0.9659258262890684,-0.2588190451025206
1,0.147887324,60,27,2,72,16.0,30.08,28562,0.7412220108485958,-0.6712599575675313,0.4999999999999999,-0.8660254037844387
1,0.063380282,60,27,2,65,28.0,30.07,32864,0.7412220108485958,-0.6712599575675313,-0.2588190451025208,-0.9659258262890684
1,0.274647887,60,27,2,68,33.0,30.02,19321,0.7412220108485958,-0.6712599575675313,-0.8660254037844385,-0.5000000000000004
1,0.485915493,60,27,4,90,28.0,30.0,1334,0.7412220108485958,-0.6712599575675313,-0.9659258262890684,0.2588190451025203
0,0.697183099,60,27,3,90,14.0,30.03,0,0.7412220108485958,-0.6712599575675313,-0.5000000000000004,0.8660254037844384
0,0.78077374,58,29,4,96,14.0,30.0,0,0.7295575540864875,-0.6839194216246106,0.2588190451025207,0.9659258262890684
0,0.56975381,58,29,4,96,6.0,29.97,0,0.7295575540864875,-0.6839194216246106,0.8660254037844386,0.5000000000000001
1,0.35873388,58,29,3,86,5.0,29.98,5768,0.7295575540864875,-0.6839194216246106,0.9659258262890684,-0.2588190451025206
1,0.147713951,58,29,1,70,14.0,29.96,29303,0.7295575540864875,-0.6839194216246106,0.4999999999999999,-0.8660254037844387
1,0.063305979,58,29,2,65,23.0,29.93,33434,0.7295575540864875,-0.6839194216246106,-0.2588190451025208,-0.9659258262890684
1,0.274325909,58,29,2,65,24.0,29.89,19868,0.7295575540864875,-0.6839194216246106,-0.8660254037844385,-0.5000000000000004
1,0.485345838,58,29,1,80,18.0,29.88,1344,0.7295575540864875,-0.6839194216246106,-0.9659258262890684,0.2588190451025203
0,0.696365768,58,29,0,77,8.0,29.89,0,0.7295575540864875,-0.6839194216246106,-0.5000000000000004,0.8660254037844384
0,0.778947368,71,30,0,75,3.0,29.86,0,0.717676913675962,-0.6963762255968722,0.2588190451025207,0.9659258262890684
1,0.568421053,71,30,0,80,3.0,29.85,0,0.717676913675962,-0.6963762255968722,0.8660254037844386,0.5000000000000001
1,0.357894737,71,30,1,73,0.0,29.88,8425,0.717676913675962,-0.6963762255968722,0.9659258262890684,-0.2588190451025206
1,0.147368421,71,30,0,70,3.0,29.89,28144,0.717676913675962,-0.6963762255968722,0.4999999999999999,-0.8660254037844387
1,0.063157895,71,30,0,58,3.0,29.86,31322,0.717676913675962,-0.6963762255968722,-0.2588190451025208,-0.9659258262890684
1,0.273684211,71,30,1,31,14.0,29.85,18939,0.717676913675962,-0.6963762255968722,-0.8660254037844385,-0.5000000000000004
1,0.484210526,71,30,0,40,18.0,29.85,1305,0.717676913675962,-0.6963762255968722,-0.9659258262890684,0.2588190451025203
0,0.694736842,71,30,0,61,0.0,29.88,0,0.717676913675962,-0.6963762255968722,-0.5000000000000004,0.8660254037844384
0,0.777129522,74,30,0,67,5.0,29.88,0,0.705583610107178,-0.7086266782644596,0.2588190451025207,0.9659258262890684
1,0.567094516,74,30,0,65,0.0,29.87,0,0.705583610107178,-0.7086266782644596,0.8660254037844386,0.5000000000000001
1,0.35705951,74,30,0,70,0.0,29.89,8363,0.705583610107178,-0.7086266782644596,0.9659258262890684,-0.2588190451025206
1,0.147024504,74,30,0,58,3.0,29.89,27752,0.705583610107178,-0.7086266782644596,0.4999999999999999,-0.8660254037844387
1,0.063010502,74,30,1,26,15.0,29.87,32018,0.705583610107178,-0.7086266782644596,-0.2588190451025208,-0.9659258262890684
1,0.273045508,74,30,1,50,22.0,29.87,19428,0.705583610107178,-0.7086266782644596,-0.8660254037844385,-0.5000000000000004
1,0.483080513,74,30,2,65,18.0,29.88,1356,0.705583610107178,-0.7086266782644596,-0.9659258262890684,0.2588190451025203
0,0.693115519,74,30,1,78,11.0,29.9,0,0.705583610107178,-0.7086266782644596,-0.5000000000000004,0.8660254037844384
0,0.77532014,59,29,1,90,13.0,29.9,0,0.6932812268869777,-0.7206671495538609,0.2588190451025207,0.9659258262890684
1,0.565774156,59,29,2,90,10.0,29.87,0,0.6932812268869777,-0.7206671495538609,0.8660254037844386,0.5000000000000001
1,0.356228172,59,29,3,90,15.0,29.88,2927,0.6932812268869777,-0.7206671495538609,0.9659258262890684,-0.2588190451025206
1,0.146682189,59,29,2,72,18.0,29.9,19620,0.6932812268869777,-0.7206671495538609,0.4999999999999999,-0.8660254037844387
1,0.062863795,59,29,3,63,15.0,29.9,25514,0.6932812268869777,-0.7206671495538609,-0.2588190451025208,-0.9659258262890684
1,0.272409779,59,29,2,65,17.0,29.88,14852,0.6932812268869777,-0.7206671495538609,-0.8660254037844385,-0.5000000000000004
1,0.481955763,59,29,3,83,20.0,29.91,1378,0.6932812268869777,-0.7206671495538609,-0.9659258262890684,0.2588190451025203
0,0.691501746,59,29,2,90,16.0,29.95,0,0.6932812268869777,-0.7206671495538609,-0.5000000000000004,0.8660254037844384
0,0.77532014,59,28,3,90,11.0,29.94,0,0.6807734094770161,-0.7324940716135789,0.2588190451025207,0.9659258262890684
1,0.565774156,59,28,2,90,5.0,29.94,0,0.6807734094770161,-0.7324940716135789,0.8660254037844386,0.5000000000000001
1,0.356228172,59,28,3,80,11.0,29.97,1205,0.6807734094770161,-0.7324940716135789,0.9659258262890684,-0.2588190451025206
1,0.146682189,59,28,2,67,15.0,29.97,24743,0.6807734094770161,-0.7324940716135789,0.4999999999999999,-0.8660254037844387
1,0.062863795,59,28,1,63,23.0,29.95,34177,0.6807734094770161,-0.7324940716135789,-0.2588190451025208,-0.9659258262890684
1,0.272409779,59,28,1,60,32.0,29.94,20278,0.6807734094770161,-0.7324940716135789,-0.8660254037844385,-0.5000000000000004
1,0.481955763,59,28,1,72,9.0,29.93,1380,0.6807734094770161,-0.7324940716135789,-0.9659258262890684,0.2588190451025203
0,0.691501746,59,28,1,77,10.0,29.95,0,0.6807734094770161,-0.7324940716135789,-0.5000000000000004,0.8660254037844384
0,0.773519164,57,27,1,74,8.0,29.94,0,0.6680638642135335,-0.7441039398713607,0.2588190451025207,0.9659258262890684
1,0.56445993,57,27,2,77,13.0,29.94,0,0.6680638642135335,-0.7441039398713607,0.8660254037844386,0.5000000000000001
1,0.355400697,57,27,3,74,9.0,29.97,8628,0.6680638642135335,-0.7441039398713607,0.9659258262890684,-0.2588190451025206
1,0.146341463,57,27,2,56,11.0,29.97,30910,0.6680638642135335,-0.7441039398713607,0.4999999999999999,-0.8660254037844387
1,0.06271777,57,27,2,52,16.0,29.95,35282,0.6680638642135335,-0.7441039398713607,-0.2588190451025208,-0.9659258262890684
1,0.271777003,57,27,2,56,17.0,29.92,20973,0.6680638642135335,-0.7441039398713607,-0.8660254037844385,-0.5000000000000004
1,0.480836237,57,27,2,75,11.0,29.91,1469,0.6680638642135335,-0.7441039398713607,-0.9659258262890684,0.2588190451025203
0,0.68989547,57,27,1,80,8.0,29.92,0,0.6680638642135335,-0.7441039398713607,-0.5000000000000004,0.8660254037844384
0,0.771726535,57,30,0,83,7.0,29.9,0,0.6551563572090853,-0.7554933140726803,0.2588190451025207,0.9659258262890684
1,0.563151796,57,30,2,86,6.0,29.9,0,0.6551563572090853,-0.7554933140726803,0.8660254037844386,0.5000000000000001
1,0.354577057,57,30,1,77,0.0,29.92,8289,0.6551563572090853,-0.7554933140726803,0.9659258262890684,-0.2588190451025206
1,0.146002317,57,30,2,70,5.0,29.93,29847,0.6551563572090853,-0.7554933140726803,0.4999999999999999,-0.8660254037844387
1,0.062572422,57,30,2,56,16.0,29.9,35743,0.6551563572090853,-0.7554933140726803,-0.2588190451025208,-0.9659258262890684
1,0.271147161,57,30,2,60,18.0,29.88,21118,0.6551563572090853,-0.7554933140726803,-0.8660254037844385,-0.5000000000000004
1,0.4797219,57,30,2,83,20.0,29.89,1514,0.6551563572090853,-0.7554933140726803,-0.9659258262890684,0.2588190451025203
0,0.68829664,57,30,1,83,14.0,29.93,0,0.6551563572090853,-0.7554933140726803,-0.5000000000000004,0.8660254037844384
0,0.769942197,59,27,2,86,5.0,29.91,0,0.6420547132365637,-0.766658819300159,0.2588190451025207,0.9659258262890684
1,0.561849711,59,27,3,83,0.0,29.89,0,0.6420547132365637,-0.766658819300159,0.8660254037844386,0.5000000000000001
1,0.353757225,59,27,3,77,0.0,29.9,1506,0.6420547132365637,-0.766658819300159,0.9659258262890684,-0.2588190451025206
1,0.14566474,59,27,1,67,7.0,29.91,19578,0.6420547132365637,-0.766658819300159,0.4999999999999999,-0.8660254037844387
1,0.062427746,59,27,1,54,21.0,29.89,35635,0.6420547132365637,-0.766658819300159,-0.2588190451025208,-0.9659258262890684
1,0.270520231,59,27,2,65,24.0,29.89,21473,0.6420547132365637,-0.766658819300159,-0.8660254037844385,-0.5000000000000004
1,0.478612717,59,27,4,83,14.0,29.92,1561,0.6420547132365637,-0.766658819300159,-0.9659258262890684,0.2588190451025203
0,0.686705202,59,27,4,86,13.0,29.94,0,0.6420547132365637,-0.766658819300159,-0.5000000000000004,0.8660254037844384
0,0.770207852,53,24,4,83,9.0,29.94,0,0.6287628145958344,-0.7775971469736269,0.2588190451025207,0.9659258262890684
1,0.562355658,53,24,4,86,7.0,29.93,0,0.6287628145958344,-0.7775971469736269,0.8660254037844386,0.5000000000000001
1,0.354503464,53,24,4,83,9.0,29.96,560,0.6287628145958344,-0.7775971469736269,0.9659258262890684,-0.2588190451025206
1,0.14665127,53,24,4,80,11.0,29.98,5451,0.6287628145958344,-0.7775971469736269,0.4999999999999999,-0.8660254037844387
1,0.061200924,53,24,4,69,17.0,29.97,12583,0.6287628145958344,-0.7775971469736269,-0.2588190451025208,-0.9659258262890684
1,0.269053118,53,24,4,77,18.0,29.96,6302,0.6287628145958344,-0.7775971469736269,-0.8660254037844385,-0.5000000000000004
1,0.476905312,53,24,4,83,11.0,29.97,524,0.6287628145958344,-0.7775971469736269,-0.9659258262890684,0.2588190451025203
0,0.684757506,53,24,4,83,13.0,30.0,0,0.6287628145958344,-0.7775971469736269,-0.5000000000000004,0.8660254037844384
0,0.769319493,52,25,4,86,10.0,29.99,0,0.6152845999633276,-0.7883050558305255,0.2588190451025207,0.9659258262890684
1,0.561707036,52,25,4,83,14.0,29.98,0,0.6152845999633276,-0.7883050558305255,0.8660254037844386,0.5000000000000001
1,0.354094579,52,25,4,86,11.0,30.0,567,0.6152845999633276,-0.7883050558305255,0.9659258262890684,-0.2588190451025206
1,0.146482122,52,25,4,83,13.0,30.03,5246,0.6152845999633276,-0.7883050558305255,0.4999999999999999,-0.8660254037844387
1,0.061130334,52,25,4,77,17.0,30.02,11356,0.6152845999633276,-0.7883050558305255,-0.2588190451025208,-0.9659258262890684
1,0.268742791,52,25,4,77,18.0,29.99,9909,0.6152845999633276,-0.7883050558305255,-0.8660254037844385,-0.5000000000000004
1,0.476355248,52,25,4,83,14.0,29.99,383,0.6152845999633276,-0.7883050558305255,-0.9659258262890684,0.2588190451025203
0,0.683967705,52,25,4,83,10.0,30.02,0,0.6152845999633276,-0.7883050558305255,-0.5000000000000004,0.8660254037844384
0,0.76843318,56,28,4,86,8.0,30.0,0,0.6016240632249226,-0.7987793728863649,0.2588190451025207,0.9659258262890684
1,0.561059908,56,28,4,86,7.0,29.97,0,0.6016240632249226,-0.7987793728863649,0.8660254037844386,0.5000000000000001
1,0.353686636,56,28,4,80,8.0,29.98,2232,0.6016240632249226,-0.7987793728863649,0.9659258262890684,-0.2588190451025206
1,0.146313364,56,28,1,70,9.0,29.96,26571,0.6016240632249226,-0.7987793728863649,0.4999999999999999,-0.8660254037844387
1,0.061059908,56,28,1,63,20.0,29.92,34780,0.6016240632249226,-0.7987793728863649,-0.2588190451025208,-0.9659258262890684
1,0.26843318,56,28,1,62,16.0,29.89,20874,0.6016240632249226,-0.7987793728863649,-0.8660254037844385,-0.5000000000000004
1,0.475806452,56,28,1,80,10.0,29.89,1576,0.6016240632249226,-0.7987793728863649,-0.9659258262890684,0.2588190451025203
0,0.683179724,56,28,2,80,5.0,29.91,0,0.6016240632249226,-0.7987793728863649,-0.5000000000000004,0.8660254037844384
0,0.766666667,60,30,0,83,7.0,29.89,0,0.5877852522924732,-0.8090169943749473,0.2588190451025207,0.9659258262890684
1,0.559770115,60,30,0,80,0.0,29.88,0,0.5877852522924732,-0.8090169943749473,0.8660254037844386,0.5000000000000001
1,0.352873563,60,30,1,78,3.0,29.9,8511,0.5877852522924732,-0.8090169943749473,0.9659258262890684,-0.2588190451025206
1,0.145977011,60,30,1,59,9.0,29.91,29040,0.5877852522924732,-0.8090169943749473,0.4999999999999999,-0.8660254037844387
1,0.06091954,60,30,1,49,20.0,29.88,33746,0.5877852522924732,-0.8090169943749473,-0.2588190451025208,-0.9659258262890684
1,0.267816092,60,30,2,51,18.0,29.84,19945,0.5877852522924732,-0.8090169943749473,-0.8660254037844385,-0.5000000000000004
1,0.474712644,60,30,1,70,20.0,29.84,1499,0.5877852522924732,-0.8090169943749473,-0.9659258262890684,0.2588190451025203
0,0.681609195,60,30,0,72,10.0,29.85,0,0.5877852522924732,-0.8090169943749473,-0.5000000000000004,0.8660254037844384
0,0.765786452,60,30,0,83,10.0,29.84,0,0.5737722679043246,-0.8190148866680801,0.2588190451025207,0.9659258262890684
1,0.55912744,60,30,1,86,9.0,29.85,0,0.5737722679043246,-0.8190148866680801,0.8660254037844386,0.5000000000000001
1,0.352468427,60,30,1,75,0.0,29.89,0,0.5737722679043246,-0.8190148866680801,0.9659258262890684,-0.2588190451025206
1,0.145809414,60,30,1,68,8.0,29.89,15867,0.5737722679043246,-0.8190148866680801,0.4999999999999999,-0.8660254037844387
1,0.060849598,60,30,1,63,17.0,29.86,34371,0.5737722679043246,-0.8190148866680801,-0.2588190451025208,-0.9659258262890684
1,0.267508611,60,30,1,65,22.0,29.83,20644,0.5737722679043246,-0.8190148866680801,-0.8660254037844385,-0.5000000000000004
1,0.474167623,60,30,2,80,11.0,29.85,1526,0.5737722679043246,-0.8190148866680801,-0.9659258262890684,0.2588190451025203
0,0.680826636,60,30,1,90,11.0,29.89,0,0.5737722679043246,-0.8190148866680801,-0.5000000000000004,0.8660254037844384
0,0.764908257,61,31,1,90,8.0,29.88,0,0.5595892624101765,-0.8287700871745038,0.2588190451025207,0.9659258262890684
1,0.558486239,61,31,4,90,0.0,29.87,0,0.5595892624101765,-0.8287700871745038,0.8660254037844386,0.5000000000000001
1,0.35206422,61,31,4,83,0.0,29.91,1338,0.5595892624101765,-0.8287700871745038,0.9659258262890684,-0.2588190451025206
1,0.145642202,61,31,1,75,7.0,29.92,10103,0.5595892624101765,-0.8287700871745038,0.4999999999999999,-0.8660254037844387
1,0.060779817,61,31,1,63,6.0,29.89,24689,0.5595892624101765,-0.8287700871745038,-0.2588190451025208,-0.9659258262890684
1,0.267201835,61,31,2,65,16.0,29.88,13726,0.5595892624101765,-0.8287700871745038,-0.8660254037844385,-0.5000000000000004
1,0.473623853,61,31,2,80,14.0,29.9,869,0.5595892624101765,-0.8287700871745038,-0.9659258262890684,0.2588190451025203
0,0.680045872,61,31,2,83,10.0,29.94,0,0.5595892624101765,-0.8287700871745038,-0.5000000000000004,0.8660254037844384
0,0.764032073,62,30,3,90,7.0,29.94,0,0.545240438540651,-0.8382797052177744,0.2588190451025207,0.9659258262890684
1,0.557846506,62,30,4,90,0.0,29.95,0,0.545240438540651,-0.8382797052177744,0.8660254037844386,0.5000000000000001
1,0.351660939,62,30,1,80,0.0,29.98,1778,0.545240438540651,-0.8382797052177744,0.9659258262890684,-0.2588190451025206
1,0.145475372,62,30,1,70,8.0,30.0,19005,0.545240438540651,-0.8382797052177744,0.4999999999999999,-0.8660254037844387
1,0.060710195,62,30,1,61,7.0,29.97,31390,0.545240438540651,-0.8382797052177744,-0.2588190451025208,-0.9659258262890684
1,0.266895762,62,30,3,55,14.0,29.96,20067,0.545240438540651,-0.8382797052177744,-0.8660254037844385,-0.5000000000000004
1,0.473081329,62,30,3,67,9.0,29.97,457,0.545240438540651,-0.8382797052177744,-0.9659258262890684,0.2588190451025203
0,0.679266896,62,30,2,78,6.0,30.02,0,0.545240438540651,-0.8382797052177744,-0.5000000000000004,0.8660254037844384
0,0.762285714,61,26,3,78,3.0,30.02,0,0.5307300481619334,-0.8475409228928311,0.2588190451025207,0.9659258262890684
1,0.556571429,61,26,4,80,6.0,30.0,0,0.5307300481619334,-0.8475409228928311,0.8660254037844386,0.5000000000000001
1,0.350857143,61,26,4,80,6.0,30.02,719,0.5307300481619334,-0.8475409228928311,0.9659258262890684,-0.2588190451025206
1,0.145142857,61,26,4,67,7.0,30.02,10183,0.5307300481619334,-0.8475409228928311,0.4999999999999999,-0.8660254037844387
1,0.060571429,61,26,2,59,16.0,29.98,28028,0.5307300481619334,-0.8475409228928311,-0.2588190451025208,-0.9659258262890684
1,0.266285714,61,26,2,63,18.0,29.97,20724,0.5307300481619334,-0.8475409228928311,-0.8660254037844385,-0.5000000000000004
1,0.472,61,26,2,80,14.0,29.97,2396,0.5307300481619334,-0.8475409228928311,-0.9659258262890684,0.2588190451025203
0,0.677714286,61,26,3,83,15.0,30.0,0,0.5307300481619334,-0.8475409228928311,-0.5000000000000004,0.8660254037844384
0,0.761415525,58,27,4,83,11.0,29.98,0,0.5160623910158528,-0.8565509959010036,0.2588190451025207,0.9659258262890684
1,0.555936073,58,27,4,90,10.0,29.98,0,0.5160623910158528,-0.8565509959010036,0.8660254037844386,0.5000000000000001
1,0.350456621,58,27,4,83,7.0,30.0,785,0.5160623910158528,-0.8565509959010036,0.9659258262890684,-0.2588190451025206
1,0.144977169,58,27,4,80,7.0,30.01,7998,0.5160623910158528,-0.8565509959010036,0.4999999999999999,-0.8660254037844387
1,0.060502283,58,27,3,65,14.0,29.95,16263,0.5160623910158528,-0.8565509959010036,-0.2588190451025208,-0.9659258262890684
1,0.265981735,58,27,3,70,18.0,29.92,20566,0.5160623910158528,-0.8565509959010036,-0.8660254037844385,-0.5000000000000004
1,0.471461187,58,27,3,80,13.0,29.93,1894,0.5160623910158528,-0.8565509959010036,-0.9659258262890684,0.2588190451025203
0,0.676940639,58,27,4,83,10.0,29.95,0,0.5160623910158528,-0.8565509959010036,-0.5000000000000004,0.8660254037844384
0,0.761687571,59,27,4,83,6.0,29.93,0,0.5012418134457758,-0.865307254363206,0.2588190451025207,0.9659258262890684
1,0.556442417,59,27,4,83,9.0,29.91,0,0.5012418134457758,-0.865307254363206,0.8660254037844386,0.5000000000000001
1,0.351197263,59,27,4,83,11.0,29.93,464,0.5012418134457758,-0.865307254363206,0.9659258262890684,-0.2588190451025206
1,0.145952109,59,27,3,70,14.0,29.93,6125,0.5012418134457758,-0.865307254363206,0.4999999999999999,-0.8660254037844387
1,0.059293044,59,27,3,68,15.0,29.93,18736,0.5012418134457758,-0.865307254363206,-0.2588190451025208,-0.9659258262890684
1,0.264538198,59,27,3,70,13.0,29.91,13171,0.5012418134457758,-0.865307254363206,-0.8660254037844385,-0.5000000000000004
1,0.469783352,59,27,3,83,11.0,29.92,339,0.5012418134457758,-0.865307254363206,-0.9659258262890684,0.2588190451025203
0,0.675028506,59,27,4,90,7.0,29.94,0,0.5012418134457758,-0.865307254363206,-0.5000000000000004,0.8660254037844384
0,0.760820046,60,28,4,93,10.0,29.93,0,0.4862727071086899,-0.8738071036110808,0.2588190451025207,0.9659258262890684
1,0.555808656,60,28,3,93,3.0,29.92,0,0.4862727071086899,-0.8738071036110808,0.8660254037844386,0.5000000000000001
1,0.350797267,60,28,3,86,11.0,29.93,1148,0.4862727071086899,-0.8738071036110808,0.9659258262890684,-0.2588190451025206
1,0.145785877,60,28,3,72,18.0,29.95,9344,0.4862727071086899,-0.8738071036110808,0.4999999999999999,-0.8660254037844387
1,0.059225513,60,28,3,63,17.0,29.94,33753,0.4862727071086899,-0.8738071036110808,-0.2588190451025208,-0.9659258262890684
1,0.264236902,60,28,3,65,20.0,29.91,17287,0.4862727071086899,-0.8738071036110808,-0.8660254037844385,-0.5000000000000004
1,0.469248292,60,28,2,72,11.0,29.91,1693,0.4862727071086899,-0.8738071036110808,-0.9659258262890684,0.2588190451025203
0,0.674259681,60,28,3,83,16.0,29.9,0,0.4862727071086899,-0.8738071036110808,-0.5000000000000004,0.8660254037844384
0,0.760820046,61,28,3,86,8.0,29.89,0,0.4711595076738638,-0.8820480249558537,0.2588190451025207,0.9659258262890684
1,0.555808656,61,28,3,80,7.0,29.88,0,0.4711595076738638,-0.8820480249558537,0.8660254037844386,0.5000000000000001
1,0.350797267,61,28,3,78,9.0,29.9,3419,0.4711595076738638,-0.8820480249558537,0.9659258262890684,-0.2588190451025206
1,0.145785877,61,28,3,54,14.0,29.9,24872,0.4711595076738638,-0.8820480249558537,0.4999999999999999,-0.8660254037844387
1,0.059225513,61,28,2,56,17.0,29.91,34140,0.4711595076738638,-0.8820480249558537,-0.2588190451025208,-0.9659258262890684
1,0.264236902,61,28,2,51,18.0,29.88,20355,0.4711595076738638,-0.8820480249558537,-0.8660254037844385,-0.5000000000000004
1,0.469248292,61,28,3,75,20.0,29.89,1992,0.4711595076738638,-0.8820480249558537,-0.9659258262890684,0.2588190451025203
0,0.674259681,61,28,3,80,11.0,29.93,0,0.4711595076738638,-0.8820480249558537,-0.5000000000000004,0.8660254037844384
0,0.759090909,62,27,4,78,8.0,29.93,0,0.4559066935084588,-0.8900275764346767,0.2588190451025207,0.9659258262890684
1,0.554545455,62,27,3,78,5.0,29.93,0,0.4559066935084588,-0.8900275764346767,0.8660254037844386,0.5000000000000001
1,0.35,62,27,4,72,10.0,29.98,204,0.4559066935084588,-0.8900275764346767,0.9659258262890684,-0.2588190451025206
1,0.145454545,62,27,3,60,6.0,29.98,17306,0.4559066935084588,-0.8900275764346767,0.4999999999999999,-0.8660254037844387
1,0.059090909,62,27,3,56,13.0,29.96,29287,0.4559066935084588,-0.8900275764346767,-0.2588190451025208,-0.9659258262890684
1,0.263636364,62,27,3,54,15.0,29.92,18577,0.4559066935084588,-0.8900275764346767,-0.8660254037844385,-0.5000000000000004
1,0.468181818,62,27,3,72,13.0,29.94,1734,0.4559066935084588,-0.8900275764346767,-0.9659258262890684,0.2588190451025203
0,0.672727273,62,27,3,81,9.0,29.94,0,0.4559066935084588,-0.8900275764346767,-0.5000000000000004,0.8660254037844384
0,0.758229285,64,26,4,81,6.0,29.91,0,0.440518784350495,-0.8977433935342337,0.2588190451025207,0.9659258262890684
1,0.553916005,64,26,4,78,6.0,29.88,0,0.440518784350495,-0.8977433935342337,0.8660254037844386,0.5000000000000001
1,0.349602724,64,26,2,72,3.0,29.9,7123,0.440518784350495,-0.8977433935342337,0.9659258262890684,-0.2588190451025206
1,0.145289444,64,26,3,67,7.0,29.94,18124,0.440518784350495,-0.8977433935342337,0.4999999999999999,-0.8660254037844387
1,0.059023837,64,26,3,51,14.0,29.95,33393,0.440518784350495,-0.8977433935342337,-0.2588190451025208,-0.9659258262890684
1,0.263337117,64,26,3,55,10.0,29.94,21052,0.440518784350495,-0.8977433935342337,-0.8660254037844385,-0.5000000000000004
1,0.467650397,64,26,2,72,11.0,29.95,1731,0.440518784350495,-0.8977433935342337,-0.9659258262890684,0.2588190451025203
0,0.671963678,64,26,3,78,6.0,29.96,0,0.440518784350495,-0.8977433935342337,-0.5000000000000004,0.8660254037844384
0,0.758229285,62,28,2,80,0.0,29.93,0,0.4250003399695541,-0.9051931898913974,0.2588190451025207,0.9659258262890684
1,0.553916005,62,28,2,80,0.0,29.93,0,0.4250003399695541,-0.9051931898913974,0.8660254037844386,0.5000000000000001
1,0.349602724,62,28,3,78,8.0,29.95,6887,0.4250003399695541,-0.9051931898913974,0.9659258262890684,-0.2588190451025206
1,0.145289444,62,28,3,63,14.0,29.96,30094,0.4250003399695541,-0.9051931898913974,0.4999999999999999,-0.8660254037844387
1,0.059023837,62,28,2,55,14.0,29.95,35474,0.4250003399695541,-0.9051931898913974,-0.2588190451025208,-0.9659258262890684
1,0.263337117,62,28,2,59,18.0,29.94,20959,0.4250003399695541,-0.9051931898913974,-0.8660254037844385,-0.5000000000000004
1,0.467650397,62,28,2,65,16.0,29.95,1672,0.4250003399695541,-0.9051931898913974,-0.9659258262890684,0.2588190451025203
0,0.671963678,62,28,2,81,9.0,29.96,0,0.4250003399695541,-0.9051931898913974,-0.5000000000000004,0.8660254037844384
0,0.758503401,63,27,1,78,11.0,29.94,0,0.4093559588156213,-0.9123747579707272,0.2588190451025207,0.9659258262890684
1,0.554421769,63,27,2,78,10.0,29.95,0,0.4093559588156213,-0.9123747579707272,0.8660254037844386,0.5000000000000001
1,0.350340136,63,27,2,67,16.0,29.97,2729,0.4093559588156213,-0.9123747579707272,0.9659258262890684,-0.2588190451025206
1,0.146258503,63,27,2,61,17.0,29.98,29291,0.4093559588156213,-0.9123747579707272,0.4999999999999999,-0.8660254037844387
1,0.057823129,63,27,1,55,21.0,29.96,34710,0.4093559588156213,-0.9123747579707272,-0.2588190451025208,-0.9659258262890684
1,0.261904762,63,27,2,53,24.0,29.94,21273,0.4093559588156213,-0.9123747579707272,-0.8660254037844385,-0.5000000000000004
1,0.465986395,63,27,1,72,16.0,29.9,1748,0.4093559588156213,-0.9123747579707272,-0.9659258262890684,0.2588190451025203
0,0.670068027,63,27,1,78,14.0,29.93,0,0.4093559588156213,-0.9123747579707272,-0.5000000000000004,0.8660254037844384
0,0.758503401,61,26,2,78,11.0,29.9,0,0.3935902766564667,-0.9192859697186104,0.2588190451025207,0.9659258262890684
1,0.554421769,61,26,4,75,8.0,29.88,0,0.3935902766564667,-0.9192859697186104,0.8660254037844386,0.5000000000000001
1,0.350340136,61,26,4,69,15.0,29.9,2755,0.3935902766564667,-0.9192859697186104,0.9659258262890684,-0.2588190451025206
1,0.146258503,61,26,3,62,14.0,29.92,21473,0.3935902766564667,-0.9192859697186104,0.4999999999999999,-0.8660254037844387
1,0.057823129,61,26,2,58,18.0,29.9,36368,0.3935902766564667,-0.9192859697186104,-0.2588190451025208,-0.9659258262890684
1,0.261904762,61,26,3,67,18.0,29.88,22558,0.3935902766564667,-0.9192859697186104,-0.8660254037844385,-0.5000000000000004
1,0.465986395,61,26,3,70,13.0,29.87,1922,0.3935902766564667,-0.9192859697186104,-0.9659258262890684,0.2588190451025203
0,0.670068027,61,26,4,75,13.0,29.89,0,0.3935902766564667,-0.9192859697186104,-0.5000000000000004,0.8660254037844384
0,0.75678733,62,26,4,78,7.0,29.88,0,0.3777079652039649,-0.9259247771938498,0.2588190451025207,0.9659258262890684
1,0.553167421,62,26,4,72,11.0,29.89,0,0.3777079652039649,-0.9259247771938498,0.8660254037844386,0.5000000000000001
1,0.349547511,62,26,4,87,8.0,29.91,2579,0.3777079652039649,-0.9259247771938498,0.9659258262890684,-0.2588190451025206
1,0.145927602,62,26,4,70,13.0,29.93,11212,0.3777079652039649,-0.9259247771938498,0.4999999999999999,-0.8660254037844387
1,0.057692308,62,26,3,65,14.0,29.93,29746,0.3777079652039649,-0.9259247771938498,-0.2588190451025208,-0.9659258262890684
1,0.261312217,62,26,3,61,16.0,29.92,13720,0.3777079652039649,-0.9259247771938498,-0.8660254037844385,-0.5000000000000004
1,0.464932127,62,26,4,81,9.0,29.93,317,0.3777079652039649,-0.9259247771938498,-0.9659258262890684,0.2588190451025203
0,0.668552036,62,26,4,78,10.0,29.94,0,0.3777079652039649,-0.9259247771938498,-0.5000000000000004,0.8660254037844384
0,0.75678733,62,26,4,81,8.0,29.94,0,0.3617137307297676,-0.9322892131745132,0.2588190451025207,0.9659258262890684
1,0.553167421,62,26,4,90,7.0,29.93,0,0.3617137307297676,-0.9322892131745132,0.8660254037844386,0.5000000000000001
1,0.349547511,62,26,4,90,7.0,29.95,6294,0.3617137307297676,-0.9322892131745132,0.9659258262890684,-0.2588190451025206
1,0.145927602,62,26,4,73,14.0,29.96,11037,0.3617137307297676,-0.9322892131745132,0.4999999999999999,-0.8660254037844387
1,0.057692308,62,26,4,63,9.0,29.97,25956,0.3617137307297676,-0.9322892131745132,-0.2588190451025208,-0.9659258262890684
1,0.261312217,62,26,3,61,13.0,29.95,19602,0.3617137307297676,-0.9322892131745132,-0.8660254037844385,-0.5000000000000004
1,0.464932127,62,26,4,72,14.0,29.96,1858,0.3617137307297676,-0.9322892131745132,-0.9659258262890684,0.2588190451025203
0,0.668552036,62,26,4,75,11.0,29.99,0,0.3617137307297676,-0.9322892131745132,-0.5000000000000004,0.8660254037844384
0,0.755932203,63,26,4,75,14.0,29.96,0,0.3456123126707335,-0.938377391740864,0.2588190451025207,0.9659258262890684
1,0.552542373,63,26,4,78,10.0,29.94,0,0.3456123126707335,-0.938377391740864,0.8660254037844386,0.5000000000000001
1,0.349152542,63,26,4,81,16.0,29.96,1755,0.3456123126707335,-0.938377391740864,0.9659258262890684,-0.2588190451025206
1,0.145762712,63,26,4,70,14.0,29.99,10910,0.3456123126707335,-0.938377391740864,0.4999999999999999,-0.8660254037844387
1,0.057627119,63,26,2,57,25.0,29.98,33064,0.3456123126707335,-0.938377391740864,-0.2588190451025208,-0.9659258262890684
1,0.261016949,63,26,2,57,22.0,29.95,21537,0.3456123126707335,-0.938377391740864,-0.8660254037844385,-0.5000000000000004
1,0.46440678,63,26,3,75,21.0,29.95,1956,0.3456123126707335,-0.938377391740864,-0.9659258262890684,0.2588190451025203
0,0.66779661,63,26,2,81,15.0,29.96,0,0.3456123126707335,-0.938377391740864,-0.5000000000000004,0.8660254037844384
0,0.757062147,62,26,3,81,9.0,29.95,0,0.3294084822245304,-0.9441875088341992,0.2588190451025207,0.9659258262890684
1,0.553672316,62,26,3,80,15.0,29.92,0,0.3294084822245304,-0.9441875088341992,0.8660254037844386,0.5000000000000001
1,0.350282486,62,26,4,75,10.0,29.94,4016,0.3294084822245304,-0.9441875088341992,0.9659258262890684,-0.2588190451025206
1,0.146892655,62,26,4,75,14.0,29.96,17168,0.3294084822245304,-0.9441875088341992,0.4999999999999999,-0.8660254037844387
1,0.056497175,62,26,3,59,20.0,29.95,29393,0.3294084822245304,-0.9441875088341992,-0.2588190451025208,-0.9659258262890684
1,0.259887006,62,26,4,65,14.0,29.93,17765,0.3294084822245304,-0.9441875088341992,-0.8660254037844385,-0.5000000000000004
1,0.463276836,62,26,3,72,14.0,29.92,1888,0.3294084822245304,-0.9441875088341992,-0.9659258262890684,0.2588190451025203
0,0.666666667,62,26,4,78,8.0,29.94,0,0.3294084822245304,-0.9441875088341992,-0.5000000000000004,0.8660254037844384
0,0.756207675,64,26,4,78,8.0,29.93,0,0.3131070409358269,-0.9497178427914316,0.2588190451025207,0.9659258262890684
1,0.553047404,64,26,3,84,3.0,29.92,0,0.3131070409358269,-0.9497178427914316,0.8660254037844386,0.5000000000000001
1,0.349887133,64,26,4,81,8.0,29.96,3574,0.3131070409358269,-0.9497178427914316,0.9659258262890684,-0.2588190451025206
1,0.146726862,64,26,4,65,8.0,29.98,20529,0.3131070409358269,-0.9497178427914316,0.4999999999999999,-0.8660254037844387
1,0.056433409,64,26,3,55,16.0,29.98,32263,0.3131070409358269,-0.9497178427914316,-0.2588190451025208,-0.9659258262890684
1,0.259593679,64,26,2,57,15.0,29.96,21543,0.3131070409358269,-0.9497178427914316,-0.8660254037844385,-0.5000000000000004
1,0.46275395,64,26,2,70,13.0,29.97,1894,0.3131070409358269,-0.9497178427914316,-0.9659258262890684,0.2588190451025203
0,0.665914221,64,26,2,81,8.0,29.99,0,0.3131070409358269,-0.9497178427914316,-0.5000000000000004,0.8660254037844384
0,0.756207675,64,26,3,81,8.0,29.97,0,0.2967128192734907,-0.9549667548552552,0.2588190451025207,0.9659258262890684
1,0.553047404,64,26,4,70,6.0,29.96,0,0.2967128192734907,-0.9549667548552552,0.8660254037844386,0.5000000000000001
1,0.349887133,64,26,3,70,7.0,29.97,5766,0.2967128192734907,-0.9549667548552552,0.9659258262890684,-0.2588190451025206
1,0.146726862,64,26,3,56,11.0,29.99,27487,0.2967128192734907,-0.9549667548552552,0.4999999999999999,-0.8660254037844387
1,0.056433409,64,26,2,47,14.0,29.98,35153,0.2967128192734907,-0.9549667548552552,-0.2588190451025208,-0.9659258262890684
1,0.259593679,64,26,3,53,14.0,29.95,20955,0.2967128192734907,-0.9549667548552552,-0.8660254037844385,-0.5000000000000004
1,0.46275395,64,26,2,65,11.0,29.95,2356,0.2967128192734907,-0.9549667548552552,-0.9659258262890684,0.2588190451025203
0,0.665914221,64,26,3,75,6.0,29.96,0,0.2967128192734907,-0.9549667548552552,-0.5000000000000004,0.8660254037844384
0,0.756207675,62,27,3,81,7.0,29.94,0,0.2802306751992158,-0.9599326896597448,0.2588190451025207,0.9659258262890684
1,0.553047404,62,27,4,72,3.0,29.93,0,0.2802306751992158,-0.9599326896597448,0.8660254037844386,0.5000000000000001
1,0.349887133,62,27,4,70,8.0,29.95,4724,0.2802306751992158,-0.9599326896597448,0.9659258262890684,-0.2588190451025206
1,0.146726862,62,27,4,67,11.0,29.95,20343,0.2802306751992158,-0.9599326896597448,0.4999999999999999,-0.8660254037844387
1,0.056433409,62,27,3,63,15.0,29.95,20905,0.2802306751992158,-0.9599326896597448,-0.2588190451025208,-0.9659258262890684
1,0.259593679,62,27,3,63,18.0,29.94,21711,0.2802306751992158,-0.9599326896597448,-0.8660254037844385,-0.5000000000000004
1,0.46275395,62,27,3,70,15.0,29.93,3010,0.2802306751992158,-0.9599326896597448,-0.9659258262890684,0.2588190451025203
0,0.665914221,62,27,4,78,13.0,29.95,0,0.2802306751992158,-0.9599326896597448,-0.5000000000000004,0.8660254037844384
0,0.756482525,61,27,4,81,15.0,29.92,0,0.263665492728007,-0.9646141756912436,0.2588190451025207,0.9659258262890684
1,0.553551297,61,27,4,84,9.0,29.89,0,0.263665492728007,-0.9646141756912436,0.8660254037844386,0.5000000000000001
1,0.350620068,61,27,4,84,14.0,29.92,1653,0.263665492728007,-0.9646141756912436,0.9659258262890684,-0.2588190451025206
1,0.147688839,61,27,4,78,8.0,29.93,17545,0.263665492728007,-0.9646141756912436,0.4999999999999999,-0.8660254037844387
1,0.05524239,61,27,3,68,20.0,29.92,28838,0.263665492728007,-0.9646141756912436,-0.2588190451025208,-0.9659258262890684
1,0.258173619,61,27,3,73,20.0,29.92,16318,0.263665492728007,-0.9646141756912436,-0.8660254037844385,-0.5000000000000004
1,0.461104848,61,27,4,84,20.0,29.92,2179,0.263665492728007,-0.9646141756912436,-0.9659258262890684,0.2588190451025203
0,0.664036077,61,27,4,81,13.0,29.95,0,0.263665492728007,-0.9646141756912436,-0.5000000000000004,0.8660254037844384
0,0.756482525,62,26,4,81,13.0,29.93,0,0.2470221804809355,-0.9690098257244062,0.2588190451025207,0.9659258262890684
1,0.553551297,62,26,4,84,16.0,29.92,0,0.2470221804809355,-0.9690098257244062,0.8660254037844386,0.5000000000000001
1,0.350620068,62,26,4,84,11.0,29.94,940,0.2470221804809355,-0.9690098257244062,0.9659258262890684,-0.2588190451025206
1,0.147688839,62,26,4,81,14.0,29.96,10068,0.2470221804809355,-0.9690098257244062,0.4999999999999999,-0.8660254037844387
1,0.05524239,62,26,3,70,17.0,29.95,30530,0.2470221804809355,-0.9690098257244062,-0.2588190451025208,-0.9659258262890684
1,0.258173619,62,26,3,70,20.0,29.91,21210,0.2470221804809355,-0.9690098257244062,-0.8660254037844385,-0.5000000000000004
1,0.461104848,62,26,3,81,15.0,29.88,1986,0.2470221804809355,-0.9690098257244062,-0.9659258262890684,0.2588190451025203
0,0.664036077,62,26,3,84,11.0,29.88,0,0.2470221804809355,-0.9690098257244062,-0.5000000000000004,0.8660254037844384
0,0.757336343,66,29,3,87,3.0,29.86,0,0.2303056702306122,-0.973118337233262,0.2588190451025207,0.9659258262890684
1,0.554176072,66,29,2,87,0.0,29.85,0,0.2303056702306122,-0.973118337233262,0.8660254037844386,0.5000000000000001
1,0.351015801,66,29,1,78,5.0,29.87,8499,0.2303056702306122,-0.973118337233262,0.9659258262890684,-0.2588190451025206
1,0.14785553,66,29,1,73,5.0,29.86,28574,0.2303056702306122,-0.973118337233262,0.4999999999999999,-0.8660254037844387
1,0.05530474,66,29,1,54,21.0,29.84,33454,0.2303056702306122,-0.973118337233262,-0.2588190451025208,-0.9659258262890684
1,0.258465011,66,29,1,63,24.0,29.81,21182,0.2303056702306122,-0.973118337233262,-0.8660254037844385,-0.5000000000000004
1,0.461625282,66,29,1,72,16.0,29.79,1931,0.2303056702306122,-0.973118337233262,-0.9659258262890684,0.2588190451025203
0,0.664785553,66,29,0,78,15.0,29.8,0,0.2303056702306122,-0.973118337233262,-0.5000000000000004,0.8660254037844384
0,0.756482525,63,27,0,83,8.0,29.76,0,0.2135209154397961,-0.9769384927771816,0.2588190451025207,0.9659258262890684
1,0.553551297,63,27,1,87,11.0,29.75,0,0.2135209154397961,-0.9769384927771816,0.8660254037844386,0.5000000000000001
1,0.350620068,63,27,1,75,8.0,29.77,8805,0.2135209154397961,-0.9769384927771816,0.9659258262890684,-0.2588190451025206
1,0.147688839,63,27,2,63,21.0,29.77,28536,0.2135209154397961,-0.9769384927771816,0.4999999999999999,-0.8660254037844387
1,0.05524239,63,27,3,65,33.0,29.75,26470,0.2135209154397961,-0.9769384927771816,-0.2588190451025208,-0.9659258262890684
1,0.258173619,63,27,2,65,36.0,29.73,21306,0.2135209154397961,-0.9769384927771816,-0.8660254037844385,-0.5000000000000004
1,0.461104848,63,27,1,70,32.0,29.71,2016,0.2135209154397961,-0.9769384927771816,-0.9659258262890684,0.2588190451025203
0,0.664036077,63,27,1,78,30.0,29.71,0,0.2135209154397961,-0.9769384927771816,-0.5000000000000004,0.8660254037844384
0,0.756482525,59,26,1,77,31.0,29.72,0,0.1966728897935764,-0.980469160361632,0.2588190451025207,0.9659258262890684
1,0.553551297,59,26,1,86,11.0,29.71,0,0.1966728897935764,-0.980469160361632,0.8660254037844386,0.5000000000000001
1,0.350620068,59,26,2,75,6.0,29.75,7747,0.1966728897935764,-0.980469160361632,0.9659258262890684,-0.2588190451025206
1,0.147688839,59,26,2,65,11.0,29.76,29088,0.1966728897935764,-0.980469160361632,0.4999999999999999,-0.8660254037844387
1,0.05524239,59,26,3,63,20.0,29.79,32083,0.1966728897935764,-0.980469160361632,-0.2588190451025208,-0.9659258262890684
1,0.258173619,59,26,2,65,29.0,29.78,20057,0.1966728897935764,-0.980469160361632,-0.8660254037844385,-0.5000000000000004
1,0.461104848,59,26,2,72,9.0,29.77,2016,0.1966728897935764,-0.980469160361632,-0.9659258262890684,0.2588190451025203
0,0.664036077,59,26,1,77,32.0,29.8,0,0.1966728897935764,-0.980469160361632,-0.5000000000000004,0.8660254037844384
0,0.757609921,61,28,1,80,31.0,29.82,0,0.1797665857255624,-0.9837092937736096,0.2588190451025207,0.9659258262890684
1,0.554678692,61,28,1,83,16.0,29.84,0,0.1797665857255624,-0.9837092937736096,0.8660254037844386,0.5000000000000001
1,0.351747463,61,28,1,70,10.0,29.87,8741,0.1797665857255624,-0.9837092937736096,0.9659258262890684,-0.2588190451025206
1,0.148816234,61,28,1,56,5.0,29.89,29346,0.1797665857255624,-0.9837092937736096,0.4999999999999999,-0.8660254037844387
1,0.054114994,61,28,1,52,22.0,29.9,34592,0.1797665857255624,-0.9837092937736096,-0.2588190451025208,-0.9659258262890684
1,0.257046223,61,28,1,58,22.0,29.88,21607,0.1797665857255624,-0.9837092937736096,-0.8660254037844385,-0.5000000000000004
1,0.459977452,61,28,1,67,20.0,29.87,1971,0.1797665857255624,-0.9837092937736096,-0.9659258262890684,0.2588190451025203
0,0.662908681,61,28,1,77,14.0,29.88,0,0.1797665857255624,-0.9837092937736096,-0.5000000000000004,0.8660254037844384
0,0.757609921,67,29,0,80,7.0,29.85,0,0.1628070129385171,-0.986657932891657,0.2588190451025207,0.9659258262890684
1,0.554678692,67,29,1,77,0.0,29.82,0,0.1628070129385171,-0.986657932891657,0.8660254037844386,0.5000000000000001
1,0.351747463,67,29,0,72,0.0,29.84,8824,0.1628070129385171,-0.986657932891657,0.9659258262890684,-0.2588190451025206
1,0.148816234,67,29,0,70,5.0,29.83,29010,0.1628070129385171,-0.986657932891657,0.4999999999999999,-0.8660254037844387
1,0.054114994,67,29,0,31,17.0,29.8,33697,0.1628070129385171,-0.986657932891657,-0.2588190451025208,-0.9659258262890684
1,0.257046223,67,29,0,42,24.0,29.77,21260,0.1628070129385171,-0.986657932891657,-0.8660254037844385,-0.5000000000000004
1,0.459977452,67,29,0,65,18.0,29.73,2009,0.1628070129385171,-0.986657932891657,-0.9659258262890684,0.2588190451025203
0,0.662908681,67,29,0,72,13.0,29.75,0,0.1628070129385171,-0.986657932891657,-0.5000000000000004,0.8660254037844384
0,0.758465011,66,30,0,77,9.0,29.73,0,0.1457991969198751,-0.9893142039703664,0.2588190451025207,0.9659258262890684
1,0.55530474,66,30,1,77,8.0,29.71,0,0.1457991969198751,-0.9893142039703664,0.8660254037844386,0.5000000000000001
1,0.35214447,66,30,0,72,6.0,29.73,8555,0.1457991969198751,-0.9893142039703664,0.9659258262890684,-0.2588190451025206
1,0.148984199,66,30,0,65,5.0,29.73,28488,0.1457991969198751,-0.9893142039703664,0.4999999999999999,-0.8660254037844387
1,0.054176072,66,30,0,43,14.0,29.72,33111,0.1457991969198751,-0.9893142039703664,-0.2588190451025208,-0.9659258262890684
1,0.257336343,66,30,1,55,22.0,29.72,20969,0.1457991969198751,-0.9893142039703664,-0.8660254037844385,-0.5000000000000004
1,0.460496614,66,30,1,70,17.0,29.73,1990,0.1457991969198751,-0.9893142039703664,-0.9659258262890684,0.2588190451025203
0,0.663656885,66,30,1,80,13.0,29.78,0,0.1457991969198751,-0.9893142039703664,-0.5000000000000004,0.8660254037844384
0,0.757609921,63,32,1,86,10.0,29.78,0,0.1287481774525813,-0.99167731989929,0.2588190451025207,0.9659258262890684
1,0.554678692,63,32,1,90,7.0,29.79,0,0.1287481774525813,-0.99167731989929,0.8660254037844386,0.5000000000000001
1,0.351747463,63,32,1,78,3.0,29.83,1983,0.1287481774525813,-0.99167731989929,0.9659258262890684,-0.2588190451025206
1,0.148816234,63,32,1,73,6.0,29.87,25265,0.1287481774525813,-0.99167731989929,0.4999999999999999,-0.8660254037844387
1,0.054114994,63,32,0,68,10.0,29.88,35033,0.1287481774525813,-0.99167731989929,-0.2588190451025208,-0.9659258262890684
1,0.257046223,63,32,0,59,6.0,29.85,18600,0.1287481774525813,-0.99167731989929,-0.8660254037844385,-0.5000000000000004
1,0.459977452,63,32,1,70,8.0,29.87,1060,0.1287481774525813,-0.99167731989929,-0.9659258262890684,0.2588190451025203
0,0.662908681,63,32,1,83,13.0,29.91,0,0.1287481774525813,-0.99167731989929,-0.5000000000000004,0.8660254037844384
0,0.757609921,65,26,1,86,7.0,29.91,0,0.1116590071216951,-0.993746580436178,0.2588190451025207,0.9659258262890684
1,0.554678692,65,26,2,83,5.0,29.92,0,0.1116590071216951,-0.993746580436178,0.8660254037844386,0.5000000000000001
1,0.351747463,65,26,1,72,3.0,29.94,2539,0.1116590071216951,-0.993746580436178,0.9659258262890684,-0.2588190451025206
1,0.148816234,65,26,1,70,8.0,29.93,22145,0.1116590071216951,-0.993746580436178,0.4999999999999999,-0.8660254037844387
1,0.054114994,65,26,1,51,5.0,29.91,33481,0.1116590071216951,-0.993746580436178,-0.2588190451025208,-0.9659258262890684
1,0.257046223,65,26,2,51,18.0,29.91,22023,0.1116590071216951,-0.993746580436178,-0.8660254037844385,-0.5000000000000004
1,0.459977452,65,26,2,72,16.0,29.91,1886,0.1116590071216951,-0.993746580436178,-0.9659258262890684,0.2588190451025203
0,0.662908681,65,26,1,75,9.0,29.92,0,0.1116590071216951,-0.993746580436178,-0.5000000000000004,0.8660254037844384
0,0.759593679,63,29,1,80,8.0,29.9,0,0.0945367498171991,-0.9955213724144752,0.2588190451025207,0.9659258262890684
1,0.556433409,63,29,3,83,13.0,29.91,0,0.0945367498171991,-0.9955213724144752,0.8660254037844386,0.5000000000000001
1,0.353273138,63,29,4,83,3.0,29.92,0,0.0945367498171991,-0.9955213724144752,0.9659258262890684,-0.2588190451025206
1,0.150112867,63,29,1,68,6.0,29.93,0,0.0945367498171991,-0.9955213724144752,0.4999999999999999,-0.8660254037844387
1,0.053047404,63,29,1,61,9.0,29.91,2668,0.0945367498171991,-0.9955213724144752,-0.2588190451025208,-0.9659258262890684
1,0.256207675,63,29,1,57,16.0,29.87,21718,0.0945367498171991,-0.9955213724144752,-0.8660254037844385,-0.5000000000000004
1,0.459367946,63,29,2,67,13.0,29.87,2086,0.0945367498171991,-0.9955213724144752,-0.9659258262890684,0.2588190451025203
0,0.662528217,63,29,0,80,8.0,29.9,0,0.0945367498171991,-0.9955213724144752,-0.5000000000000004,0.8660254037844384
0,0.759593679,70,30,0,80,9.0,29.88,0,0.077386479233463,-0.9970011699250152,0.2588190451025207,0.9659258262890684
1,0.556433409,70,30,0,86,7.0,29.88,0,0.077386479233463,-0.9970011699250152,0.8660254037844386,0.5000000000000001
1,0.353273138,70,30,1,75,0.0,29.91,8376,0.077386479233463,-0.9970011699250152,0.9659258262890684,-0.2588190451025206
1,0.150112867,70,30,0,71,3.0,29.92,27771,0.077386479233463,-0.9970011699250152,0.4999999999999999,-0.8660254037844387
1,0.053047404,70,30,0,43,10.0,29.89,32483,0.077386479233463,-0.9970011699250152,-0.2588190451025208,-0.9659258262890684
1,0.256207675,70,30,0,34,21.0,29.86,20505,0.077386479233463,-0.9970011699250152,-0.8660254037844385,-0.5000000000000004
1,0.459367946,70,30,0,43,17.0,29.85,1950,0.077386479233463,-0.9970011699250152,-0.9659258262890684,0.2588190451025203
0,0.662528217,70,30,0,53,8.0,29.87,0,0.077386479233463,-0.9970011699250152,-0.5000000000000004,0.8660254037844384
0,0.759593679,70,30,0,65,5.0,29.85,0,0.060213277365793,-0.9981855344718586,0.2588190451025207,0.9659258262890684
1,0.556433409,70,30,1,72,10.0,29.84,0,0.060213277365793,-0.9981855344718586,0.8660254037844386,0.5000000000000001
1,0.353273138,70,30,0,68,0.0,29.87,8112,0.060213277365793,-0.9981855344718586,0.9659258262890684,-0.2588190451025206
1,0.150112867,70,30,0,56,6.0,29.87,27692,0.060213277365793,-0.9981855344718586,0.4999999999999999,-0.8660254037844387
1,0.053047404,70,30,1,48,20.0,29.84,32832,0.060213277365793,-0.9981855344718586,-0.2588190451025208,-0.9659258262890684
1,0.256207675,70,30,1,50,23.0,29.8,20767,0.060213277365793,-0.9981855344718586,-0.8660254037844385,-0.5000000000000004
1,0.459367946,70,30,1,70,15.0,29.78,1996,0.060213277365793,-0.9981855344718586,-0.9659258262890684,0.2588190451025203
0,0.662528217,70,30,1,81,11.0,29.81,0,0.060213277365793,-0.9981855344718586,-0.5000000000000004,0.8660254037844384
0,0.760451977,62,30,0,84,9.0,29.8,0,0.0430222330045305,-0.99907411510223,0.2588190451025207,0.9659258262890684
1,0.557062147,62,30,1,93,14.0,29.8,0,0.0430222330045305,-0.99907411510223,0.8660254037844386,0.5000000000000001
1,0.353672316,62,30,1,84,11.0,29.82,8254,0.0430222330045305,-0.99907411510223,0.9659258262890684,-0.2588190451025206
1,0.150282486,62,30,1,70,15.0,29.82,29225,0.0430222330045305,-0.99907411510223,0.4999999999999999,-0.8660254037844387
1,0.053107345,62,30,1,61,20.0,29.8,34434,0.0430222330045305,-0.99907411510223,-0.2588190451025208,-0.9659258262890684
1,0.256497175,62,30,1,61,18.0,29.77,21417,0.0430222330045305,-0.99907411510223,-0.8660254037844385,-0.5000000000000004
1,0.459887006,62,30,1,72,14.0,29.78,2070,0.0430222330045305,-0.99907411510223,-0.9659258262890684,0.2588190451025203
0,0.663276836,62,30,0,78,6.0,29.82,0,0.0430222330045305,-0.99907411510223,-0.5000000000000004,0.8660254037844384
0,0.761581921,65,32,0,78,6.0,29.81,0,0.025818440227133,-0.9996666485105112,0.2588190451025207,0.9659258262890684
1,0.55819209,65,32,1,87,6.0,29.79,0,0.025818440227133,-0.9996666485105112,0.8660254037844386,0.5000000000000001
1,0.35480226,65,32,1,75,0.0,29.81,1645,0.025818440227133,-0.9996666485105112,0.9659258262890684,-0.2588190451025206
1,0.151412429,65,32,1,73,7.0,29.82,18567,0.025818440227133,-0.9996666485105112,0.4999999999999999,-0.8660254037844387
1,0.051977401,65,32,1,62,8.0,29.81,34320,0.025818440227133,-0.9996666485105112,-0.2588190451025208,-0.9659258262890684
1,0.255367232,65,32,2,59,15.0,29.77,22350,0.025818440227133,-0.9996666485105112,-0.8660254037844385,-0.5000000000000004
1,0.458757062,65,32,1,70,10.0,29.78,2137,0.025818440227133,-0.9996666485105112,-0.9659258262890684,0.2588190451025203
0,0.662146893,65,32,2,78,8.0,29.82,0,0.025818440227133,-0.9996666485105112,-0.5000000000000004,0.8660254037844384
0,0.762443439,65,31,2,81,6.0,29.81,0,0.0086069968886886,-0.9999629591162656,0.2588190451025207,0.9659258262890684
1,0.558823529,65,31,4,75,5.0,29.82,0,0.0086069968886886,-0.9999629591162656,0.8660254037844386,0.5000000000000001
1,0.35520362,65,31,4,75,3.0,29.84,1748,0.0086069968886886,-0.9999629591162656,0.9659258262890684,-0.2588190451025206
1,0.15158371,65,31,1,70,5.0,29.84,15670,0.0086069968886886,-0.9999629591162656,0.4999999999999999,-0.8660254037844387
1,0.052036199,65,31,1,55,8.0,29.83,35405,0.0086069968886886,-0.9999629591162656,-0.2588190451025208,-0.9659258262890684
1,0.255656109,65,31,1,55,15.0,29.8,21784,0.0086069968886886,-0.9999629591162656,-0.8660254037844385,-0.5000000000000004
1,0.459276018,65,31,1,75,16.0,29.81,2106,0.0086069968886886,-0.9999629591162656,-0.9659258262890684,0.2588190451025203
0,0.662895928,65,31,1,84,9.0,29.84,0,0.0086069968886886,-0.9999629591162656,-0.5000000000000004,0.8660254037844384
0,0.763306908,64,29,1,87,7.0,29.85,0,-0.008606996888688,-0.9999629591162656,0.2588190451025207,0.9659258262890684
1,0.559456399,64,29,4,83,8.0,29.85,0,-0.008606996888688,-0.9999629591162656,0.8660254037844386,0.5000000000000001
1,0.355605889,64,29,4,75,0.0,29.87,2399,-0.008606996888688,-0.9999629591162656,0.9659258262890684,-0.2588190451025206
1,0.151755379,64,29,1,68,10.0,29.88,22313,-0.008606996888688,-0.9999629591162656,0.4999999999999999,-0.8660254037844387
1,0.05209513,64,29,1,57,17.0,29.87,34373,-0.008606996888688,-0.9999629591162656,-0.2588190451025208,-0.9659258262890684
1,0.25594564,64,29,1,59,21.0,29.86,21804,-0.008606996888688,-0.9999629591162656,-0.8660254037844385,-0.5000000000000004
1,0.459796149,64,29,1,75,18.0,29.88,1953,-0.008606996888688,-0.9999629591162656,-0.9659258262890684,0.2588190451025203
0,0.663646659,64,29,1,81,10.0,29.93,0,-0.008606996888688,-0.9999629591162656,-0.5000000000000004,0.8660254037844384
0,0.764172336,61,29,2,81,7.0,29.92,0,-0.0258184402271323,-0.9996666485105112,0.2588190451025207,0.9659258262890684
1,0.560090703,61,29,4,80,10.0,29.92,0,-0.0258184402271323,-0.9996666485105112,0.8660254037844386,0.5000000000000001
1,0.35600907,61,29,4,81,9.0,29.94,2670,-0.0258184402271323,-0.9996666485105112,0.9659258262890684,-0.2588190451025206
1,0.151927438,61,29,1,65,14.0,29.96,27457,-0.0258184402271323,-0.9996666485105112,0.4999999999999999,-0.8660254037844387
1,0.052154195,61,29,1,59,20.0,29.95,34647,-0.0258184402271323,-0.9996666485105112,-0.2588190451025208,-0.9659258262890684
1,0.256235828,61,29,2,63,23.0,29.94,21996,-0.0258184402271323,-0.9996666485105112,-0.8660254037844385,-0.5000000000000004
1,0.46031746,61,29,1,80,20.0,29.95,2118,-0.0258184402271323,-0.9996666485105112,-0.9659258262890684,0.2588190451025203
0,0.664399093,61,29,2,83,15.0,29.98,0,-0.0258184402271323,-0.9996666485105112,-0.5000000000000004,0.8660254037844384
0,0.764172336,64,27,3,86,10.0,29.98,0,-0.0430222330045303,-0.99907411510223,0.2588190451025207,0.9659258262890684
1,0.560090703,64,27,4,83,8.0,29.97,0,-0.0430222330045303,-0.99907411510223,0.8660254037844386,0.5000000000000001
1,0.35600907,64,27,3,78,0.0,30.0,1643,-0.0430222330045303,-0.99907411510223,0.9659258262890684,-0.2588190451025206
1,0.151927438,64,27,1,63,7.0,30.01,18585,-0.0430222330045303,-0.99907411510223,0.4999999999999999,-0.8660254037844387
1,0.052154195,64,27,1,55,21.0,29.99,34902,-0.0430222330045303,-0.99907411510223,-0.2588190451025208,-0.9659258262890684
1,0.256235828,64,27,1,57,17.0,29.97,21778,-0.0430222330045303,-0.99907411510223,-0.8660254037844385,-0.5000000000000004
1,0.46031746,64,27,1,70,14.0,29.97,2075,-0.0430222330045303,-0.99907411510223,-0.9659258262890684,0.2588190451025203
0,0.664399093,64,27,1,78,11.0,29.99,0,-0.0430222330045303,-0.99907411510223,-0.5000000000000004,0.8660254037844384
0,0.765039728,61,27,3,78,8.0,29.98,0,-0.0602132773657927,-0.9981855344718586,0.2588190451025207,0.9659258262890684
1,0.560726447,61,27,4,78,8.0,29.98,0,-0.0602132773657927,-0.9981855344718586,0.8660254037844386,0.5000000000000001
1,0.356413167,61,27,4,80,10.0,30.01,1093,-0.0602132773657927,-0.9981855344718586,0.9659258262890684,-0.2588190451025206
1,0.152099886,61,27,2,70,17.0,30.02,10324,-0.0602132773657927,-0.9981855344718586,0.4999999999999999,-0.8660254037844387
1,0.052213394,61,27,3,72,18.0,30.03,29059,-0.0602132773657927,-0.9981855344718586,-0.2588190451025208,-0.9659258262890684
1,0.256526674,61,27,1,63,21.0,30.02,21963,-0.0602132773657927,-0.9981855344718586,-0.8660254037844385,-0.5000000000000004
1,0.460839955,61,27,3,72,22.0,30.03,2095,-0.0602132773657927,-0.9981855344718586,-0.9659258262890684,0.2588190451025203
0,0.665153235,61,27,3,75,11.0,30.05,0,-0.0602132773657927,-0.9981855344718586,-0.5000000000000004,0.8660254037844384
0,0.766174801,62,27,4,75,11.0,30.04,0,-0.0773864792334632,-0.9970011699250152,0.2588190451025207,0.9659258262890684
1,0.561861521,62,27,3,75,14.0,30.03,0,-0.0773864792334632,-0.9970011699250152,0.8660254037844386,0.5000000000000001
1,0.357548241,62,27,2,70,13.0,30.04,7462,-0.0773864792334632,-0.9970011699250152,0.9659258262890684,-0.2588190451025206
1,0.15323496,62,27,1,56,17.0,30.05,29899,-0.0773864792334632,-0.9970011699250152,0.4999999999999999,-0.8660254037844387
1,0.05107832,62,27,0,51,22.0,30.03,35486,-0.0773864792334632,-0.9970011699250152,-0.2588190451025208,-0.9659258262890684
1,0.2553916,62,27,1,56,22.0,30.0,22253,-0.0773864792334632,-0.9970011699250152,-0.8660254037844385,-0.5000000000000004
1,0.459704881,62,27,1,72,18.0,29.97,2065,-0.0773864792334632,-0.9970011699250152,-0.9659258262890684,0.2588190451025203
0,0.664018161,62,27,2,80,10.0,29.98,0,-0.0773864792334632,-0.9970011699250152,-0.5000000000000004,0.8660254037844384
0,0.767918089,62,27,3,78,13.0,29.95,0,-0.0945367498171993,-0.9955213724144752,0.2588190451025207,0.9659258262890684
1,0.563139932,62,27,4,80,9.0,29.93,0,-0.0945367498171993,-0.9955213724144752,0.8660254037844386,0.5000000000000001
1,0.358361775,62,27,1,78,0.0,29.94,2844,-0.0945367498171993,-0.9955213724144752,0.9659258262890684,-0.2588190451025206
1,0.153583618,62,27,1,65,18.0,29.96,21133,-0.0945367498171993,-0.9955213724144752,0.4999999999999999,-0.8660254037844387
1,0.051194539,62,27,2,65,22.0,29.97,29027,-0.0945367498171993,-0.9955213724144752,-0.2588190451025208,-0.9659258262890684
1,0.255972696,62,27,2,63,18.0,29.93,22350,-0.0945367498171993,-0.9955213724144752,-0.8660254037844385,-0.5000000000000004
1,0.460750853,62,27,1,67,13.0,29.91,2045,-0.0945367498171993,-0.9955213724144752,-0.9659258262890684,0.2588190451025203
0,0.66552901,62,27,0,72,7.0,29.93,0,-0.0945367498171993,-0.9955213724144752,-0.5000000000000004,0.8660254037844384
0,0.767918089,64,28,0,78,6.0,29.92,0,-0.1116590071216944,-0.993746580436178,0.2588190451025207,0.9659258262890684
1,0.563139932,64,28,1,80,11.0,29.91,0,-0.1116590071216944,-0.993746580436178,0.8660254037844386,0.5000000000000001
1,0.358361775,64,28,1,72,13.0,29.95,8087,-0.1116590071216944,-0.993746580436178,0.9659258262890684,-0.2588190451025206
1,0.153583618,64,28,1,53,11.0,29.95,28523,-0.1116590071216944,-0.993746580436178,0.4999999999999999,-0.8660254037844387
1,0.051194539,64,28,0,55,24.0,29.96,33563,-0.1116590071216944,-0.993746580436178,-0.2588190451025208,-0.9659258262890684
1,0.255972696,64,28,1,53,29.0,29.91,21125,-0.1116590071216944,-0.993746580436178,-0.8660254037844385,-0.5000000000000004
1,0.460750853,64,28,2,70,17.0,29.91,1980,-0.1116590071216944,-0.993746580436178,-0.9659258262890684,0.2588190451025203
0,0.66552901,64,28,1,80,22.0,29.94,0,-0.1116590071216944,-0.993746580436178,-0.5000000000000004,0.8660254037844384
0,0.768792711,60,26,3,83,16.0,29.95,0,-0.1287481774525806,-0.99167731989929,0.2588190451025207,0.9659258262890684
1,0.563781321,60,26,3,90,11.0,29.96,0,-0.1287481774525806,-0.99167731989929,0.8660254037844386,0.5000000000000001
1,0.358769932,60,26,3,83,8.0,29.98,6537,-0.1287481774525806,-0.99167731989929,0.9659258262890684,-0.2588190451025206
1,0.153758542,60,26,3,75,16.0,30.01,29343,-0.1287481774525806,-0.99167731989929,0.4999999999999999,-0.8660254037844387
1,0.051252847,60,26,1,59,24.0,29.99,34620,-0.1287481774525806,-0.99167731989929,-0.2588190451025208,-0.9659258262890684
1,0.256264237,60,26,1,59,17.0,29.96,21575,-0.1287481774525806,-0.99167731989929,-0.8660254037844385,-0.5000000000000004
1,0.461275626,60,26,1,72,14.0,29.97,2026,-0.1287481774525806,-0.99167731989929,-0.9659258262890684,0.2588190451025203
0,0.666287016,60,26,1,78,17.0,29.99,0,-0.1287481774525806,-0.99167731989929,-0.5000000000000004,0.8660254037844384
0,0.770547945,61,28,3,83,9.0,29.98,0,-0.1457991969198744,-0.9893142039703664,0.2588190451025207,0.9659258262890684
1,0.565068493,61,28,1,86,9.0,29.98,0,-0.1457991969198744,-0.9893142039703664,0.8660254037844386,0.5000000000000001
1,0.359589041,61,28,1,75,10.0,29.99,2162,-0.1457991969198744,-0.9893142039703664,0.9659258262890684,-0.2588190451025206
1,0.154109589,61,28,2,65,15.0,30.01,27381,-0.1457991969198744,-0.9893142039703664,0.4999999999999999,-0.8660254037844387
1,0.051369863,61,28,3,65,21.0,30.01,32108,-0.1457991969198744,-0.9893142039703664,-0.2588190451025208,-0.9659258262890684
1,0.256849315,61,28,2,63,21.0,29.98,20796,-0.1457991969198744,-0.9893142039703664,-0.8660254037844385,-0.5000000000000004
1,0.462328767,61,28,2,75,20.0,29.96,1995,-0.1457991969198744,-0.9893142039703664,-0.9659258262890684,0.2588190451025203
0,0.667808219,61,28,3,87,22.0,29.99,0,-0.1457991969198744,-0.9893142039703664,-0.5000000000000004,0.8660254037844384
0,0.770547945,62,28,4,90,18.0,29.99,0,-0.1628070129385164,-0.9866579328916572,0.2588190451025207,0.9659258262890684
1,0.565068493,62,28,3,93,7.0,29.99,0,-0.1628070129385164,-0.9866579328916572,0.8660254037844386,0.5000000000000001
1,0.359589041,62,28,3,83,7.0,30.0,1846,-0.1628070129385164,-0.9866579328916572,0.9659258262890684,-0.2588190451025206
1,0.154109589,62,28,3,68,13.0,30.02,22926,-0.1628070129385164,-0.9866579328916572,0.4999999999999999,-0.8660254037844387
1,0.051369863,62,28,3,53,18.0,30.02,30448,-0.1628070129385164,-0.9866579328916572,-0.2588190451025208,-0.9659258262890684
1,0.256849315,62,28,4,65,23.0,30.01,14217,-0.1628070129385164,-0.9866579328916572,-0.8660254037844385,-0.5000000000000004
1,0.462328767,62,28,3,81,11.0,30.0,1398,-0.1628070129385164,-0.9866579328916572,-0.9659258262890684,0.2588190451025203
0,0.667808219,62,28,3,83,16.0,30.0,0,-0.1628070129385164,-0.9866579328916572,-0.5000000000000004,0.8660254037844384
0,0.771428571,62,28,3,90,9.0,30.01,0,-0.1797665857255621,-0.9837092937736098,0.2588190451025207,0.9659258262890684
1,0.565714286,62,28,3,93,14.0,30.02,0,-0.1797665857255621,-0.9837092937736098,0.8660254037844386,0.5000000000000001
1,0.36,62,28,3,93,11.0,30.05,6342,-0.1797665857255621,-0.9837092937736098,0.9659258262890684,-0.2588190451025206
1,0.154285714,62,28,2,65,14.0,30.07,28764,-0.1797665857255621,-0.9837092937736098,0.4999999999999999,-0.8660254037844387
1,0.051428571,62,28,2,55,20.0,30.07,33909,-0.1797665857255621,-0.9837092937736098,-0.2588190451025208,-0.9659258262890684
1,0.257142857,62,28,2,53,28.0,30.05,21038,-0.1797665857255621,-0.9837092937736098,-0.8660254037844385,-0.5000000000000004
1,0.462857143,62,28,2,67,23.0,30.04,2011,-0.1797665857255621,-0.9837092937736098,-0.9659258262890684,0.2588190451025203
0,0.668571429,62,28,0,78,17.0,30.05,0,-0.1797665857255621,-0.9837092937736098,-0.5000000000000004,0.8660254037844384
0,0.774341352,70,28,0,83,10.0,30.02,0,-0.1966728897935762,-0.980469160361632,0.2588190451025207,0.9659258262890684
1,0.568155785,70,28,1,86,6.0,30.0,0,-0.1966728897935762,-0.980469160361632,0.8660254037844386,0.5000000000000001
1,0.361970218,70,28,1,70,0.0,30.03,8059,-0.1966728897935762,-0.980469160361632,0.9659258262890684,-0.2588190451025206
1,0.155784651,70,28,0,63,3.0,30.01,28056,-0.1966728897935762,-0.980469160361632,0.4999999999999999,-0.8660254037844387
1,0.050400916,70,28,0,28,13.0,29.95,32729,-0.1966728897935762,-0.980469160361632,-0.2588190451025208,-0.9659258262890684
1,0.256586483,70,28,0,34,23.0,29.91,20746,-0.1966728897935762,-0.980469160361632,-0.8660254037844385,-0.5000000000000004
1,0.46277205,70,28,0,54,24.0,29.88,1753,-0.1966728897935762,-0.980469160361632,-0.9659258262890684,0.2588190451025203
0,0.668957617,70,28,0,65,9.0,29.89,0,-0.1966728897935762,-0.980469160361632,-0.5000000000000004,0.8660254037844384
0,0.774341352,73,30,0,72,5.0,29.87,0,-0.2135209154397959,-0.9769384927771816,0.2588190451025207,0.9659258262890684
1,0.568155785,73,30,1,72,6.0,29.85,0,-0.2135209154397959,-0.9769384927771816,0.8660254037844386,0.5000000000000001
1,0.361970218,73,30,1,63,0.0,29.86,7896,-0.2135209154397959,-0.9769384927771816,0.9659258262890684,-0.2588190451025206
1,0.155784651,73,30,0,64,5.0,29.86,27500,-0.2135209154397959,-0.9769384927771816,0.4999999999999999,-0.8660254037844387
1,0.050400916,73,30,0,33,13.0,29.83,32195,-0.2135209154397959,-0.9769384927771816,-0.2588190451025208,-0.9659258262890684
1,0.256586483,73,30,0,43,22.0,29.81,20315,-0.2135209154397959,-0.9769384927771816,-0.8660254037844385,-0.5000000000000004
1,0.46277205,73,30,1,68,18.0,29.82,1952,-0.2135209154397959,-0.9769384927771816,-0.9659258262890684,0.2588190451025203
0,0.668957617,73,30,1,81,11.0,29.87,0,-0.2135209154397959,-0.9769384927771816,-0.5000000000000004,0.8660254037844384
0,0.776119403,62,30,1,87,11.0,29.86,0,-0.2303056702306119,-0.973118337233262,0.2588190451025207,0.9659258262890684
0,0.56946039,62,30,1,90,9.0,29.88,0,-0.2303056702306119,-0.973118337233262,0.8660254037844386,0.5000000000000001
1,0.362801378,62,30,1,84,10.0,29.93,2734,-0.2303056702306119,-0.973118337233262,0.9659258262890684,-0.2588190451025206
1,0.156142365,62,30,1,63,14.0,29.96,20080,-0.2303056702306119,-0.973118337233262,0.4999999999999999,-0.8660254037844387
1,0.050516648,62,30,1,59,18.0,29.96,34591,-0.2303056702306119,-0.973118337233262,-0.2588190451025208,-0.9659258262890684
1,0.25717566,62,30,1,68,23.0,29.94,21875,-0.2303056702306119,-0.973118337233262,-0.8660254037844385,-0.5000000000000004
1,0.463834673,62,30,1,83,18.0,29.96,2232,-0.2303056702306119,-0.973118337233262,-0.9659258262890684,0.2588190451025203
0,0.670493685,62,30,1,93,15.0,29.99,0,-0.2303056702306119,-0.973118337233262,-0.5000000000000004,0.8660254037844384
0,0.777011494,60,30,1,96,11.0,29.99,0,-0.2470221804809352,-0.9690098257244064,0.2588190451025207,0.9659258262890684
0,0.570114943,60,30,1,93,10.0,30.0,0,-0.2470221804809352,-0.9690098257244064,0.8660254037844386,0.5000000000000001
1,0.363218391,60,30,1,90,8.0,30.04,1861,-0.2470221804809352,-0.9690098257244064,0.9659258262890684,-0.2588190451025206
1,0.156321839,60,30,1,73,13.0,30.05,26433,-0.2470221804809352,-0.9690098257244064,0.4999999999999999,-0.8660254037844387
1,0.050574713,60,30,1,59,16.0,30.03,33639,-0.2470221804809352,-0.9690098257244064,-0.2588190451025208,-0.9659258262890684
1,0.257471264,60,30,1,61,18.0,29.98,21208,-0.2470221804809352,-0.9690098257244064,-0.8660254037844385,-0.5000000000000004
1,0.464367816,60,30,1,83,20.0,29.99,1992,-0.2470221804809352,-0.9690098257244064,-0.9659258262890684,0.2588190451025203
0,0.671264368,60,30,1,90,14.0,30.03,0,-0.2470221804809352,-0.9690098257244064,-0.5000000000000004,0.8660254037844384
0,0.778801843,62,30,1,93,13.0,30.01,0,-0.2636654927280072,-0.9646141756912436,0.2588190451025207,0.9659258262890684
0,0.571428571,62,30,1,93,10.0,30.01,0,-0.2636654927280072,-0.9646141756912436,0.8660254037844386,0.5000000000000001
1,0.3640553,62,30,1,83,6.0,30.03,5203,-0.2636654927280072,-0.9646141756912436,0.9659258262890684,-0.2588190451025206
1,0.156682028,62,30,1,68,8.0,30.02,28196,-0.2636654927280072,-0.9646141756912436,0.4999999999999999,-0.8660254037844387
1,0.050691244,62,30,1,57,17.0,29.98,32608,-0.2636654927280072,-0.9646141756912436,-0.2588190451025208,-0.9659258262890684
1,0.258064516,62,30,2,63,21.0,29.93,20628,-0.2636654927280072,-0.9646141756912436,-0.8660254037844385,-0.5000000000000004
1,0.465437788,62,30,1,78,18.0,29.95,1829,-0.2636654927280072,-0.9646141756912436,-0.9659258262890684,0.2588190451025203
0,0.67281106,62,30,1,93,15.0,29.97,0,-0.2636654927280072,-0.9646141756912436,-0.5000000000000004,0.8660254037844384
0,0.779700115,64,30,1,86,9.0,29.95,0,-0.2802306751992161,-0.9599326896597444,0.2588190451025207,0.9659258262890684
0,0.572087659,64,30,1,90,6.0,29.93,0,-0.2802306751992161,-0.9599326896597444,0.8660254037844386,0.5000000000000001
1,0.364475202,64,30,1,81,6.0,29.94,4180,-0.2802306751992161,-0.9599326896597444,0.9659258262890684,-0.2588190451025206
1,0.156862745,64,30,2,59,8.0,29.94,28174,-0.2802306751992161,-0.9599326896597444,0.4999999999999999,-0.8660254037844387
1,0.050749712,64,30,3,53,16.0,29.91,34224,-0.2802306751992161,-0.9599326896597444,-0.2588190451025208,-0.9659258262890684
1,0.258362168,64,30,3,70,23.0,29.9,18452,-0.2802306751992161,-0.9599326896597444,-0.8660254037844385,-0.5000000000000004
1,0.465974625,64,30,2,84,18.0,29.89,1810,-0.2802306751992161,-0.9599326896597444,-0.9659258262890684,0.2588190451025203
0,0.673587082,64,30,1,90,13.0,29.91,0,-0.2802306751992161,-0.9599326896597444,-0.5000000000000004,0.8660254037844384
0,0.780600462,64,30,2,90,10.0,29.9,0,-0.2967128192734901,-0.9549667548552552,0.2588190451025207,0.9659258262890684
0,0.572748268,64,30,2,93,11.0,29.88,0,-0.2967128192734901,-0.9549667548552552,0.8660254037844386,0.5000000000000001
1,0.364896074,64,30,2,84,8.0,29.91,6677,-0.2967128192734901,-0.9549667548552552,0.9659258262890684,-0.2588190451025206
1,0.15704388,64,30,1,68,7.0,29.91,27571,-0.2967128192734901,-0.9549667548552552,0.4999999999999999,-0.8660254037844387
1,0.050808314,64,30,1,51,16.0,29.88,32484,-0.2967128192734901,-0.9549667548552552,-0.2588190451025208,-0.9659258262890684
1,0.258660508,64,30,1,61,22.0,29.85,20623,-0.2967128192734901,-0.9549667548552552,-0.8660254037844385,-0.5000000000000004
1,0.466512702,64,30,1,81,16.0,29.87,1833,-0.2967128192734901,-0.9549667548552552,-0.9659258262890684,0.2588190451025203
0,0.674364896,64,30,2,83,11.0,29.94,0,-0.2967128192734901,-0.9549667548552552,-0.5000000000000004,0.8660254037844384
0,0.782407407,61,28,1,83,11.0,29.94,0,-0.3131070409358267,-0.9497178427914316,0.2588190451025207,0.9659258262890684
0,0.574074074,61,28,2,87,5.0,29.93,0,-0.3131070409358267,-0.9497178427914316,0.8660254037844386,0.5000000000000001
1,0.365740741,61,28,1,87,13.0,29.96,1553,-0.3131070409358267,-0.9497178427914316,0.9659258262890684,-0.2588190451025206
1,0.157407407,61,28,1,72,17.0,30.0,10820,-0.3131070409358267,-0.9497178427914316,0.4999999999999999,-0.8660254037844387
1,0.050925926,61,28,1,65,18.0,30.0,34718,-0.3131070409358267,-0.9497178427914316,-0.2588190451025208,-0.9659258262890684
1,0.259259259,61,28,1,70,26.0,29.97,21487,-0.3131070409358267,-0.9497178427914316,-0.8660254037844385,-0.5000000000000004
1,0.467592593,61,28,2,83,15.0,29.96,1893,-0.3131070409358267,-0.9497178427914316,-0.9659258262890684,0.2588190451025203
0,0.675925926,61,28,3,90,15.0,29.99,0,-0.3131070409358267,-0.9497178427914316,-0.5000000000000004,0.8660254037844384
0,0.784222738,59,27,4,93,15.0,29.98,0,-0.3294084822245302,-0.9441875088341994,0.2588190451025207,0.9659258262890684
0,0.575406032,59,27,4,93,11.0,29.97,0,-0.3294084822245302,-0.9441875088341994,0.8660254037844386,0.5000000000000001
1,0.366589327,59,27,4,90,17.0,30.0,692,-0.3294084822245302,-0.9441875088341994,0.9659258262890684,-0.2588190451025206
1,0.157772622,59,27,3,81,14.0,30.02,12441,-0.3294084822245302,-0.9441875088341994,0.4999999999999999,-0.8660254037844387
1,0.051044084,59,27,3,73,23.0,30.02,32812,-0.3294084822245302,-0.9441875088341994,-0.2588190451025208,-0.9659258262890684
1,0.259860789,59,27,2,72,22.0,29.98,21404,-0.3294084822245302,-0.9441875088341994,-0.8660254037844385,-0.5000000000000004
1,0.468677494,59,27,3,87,17.0,29.96,1844,-0.3294084822245302,-0.9441875088341994,-0.9659258262890684,0.2588190451025203
0,0.6774942,59,27,3,87,17.0,29.97,0,-0.3294084822245302,-0.9441875088341994,-0.5000000000000004,0.8660254037844384
0,0.784222738,59,27,4,90,15.0,29.96,0,-0.3456123126707333,-0.9383773917408642,0.2588190451025207,0.9659258262890684
0,0.575406032,59,27,4,90,13.0,29.96,0,-0.3456123126707333,-0.9383773917408642,0.8660254037844386,0.5000000000000001
1,0.366589327,59,27,4,90,8.0,29.97,987,-0.3456123126707333,-0.9383773917408642,0.9659258262890684,-0.2588190451025206
1,0.157772622,59,27,3,78,16.0,29.98,13735,-0.3456123126707333,-0.9383773917408642,0.4999999999999999,-0.8660254037844387
1,0.051044084,59,27,3,72,17.0,29.96,34957,-0.3456123126707333,-0.9383773917408642,-0.2588190451025208,-0.9659258262890684
1,0.259860789,59,27,2,70,17.0,29.92,20826,-0.3456123126707333,-0.9383773917408642,-0.8660254037844385,-0.5000000000000004
1,0.468677494,59,27,3,83,16.0,29.9,1837,-0.3456123126707333,-0.9383773917408642,-0.9659258262890684,0.2588190451025203
0,0.6774942,59,27,4,87,9.0,29.92,0,-0.3456123126707333,-0.9383773917408642,-0.5000000000000004,0.8660254037844384
0,0.786046512,60,26,4,87,11.0,29.91,0,-0.3617137307297674,-0.9322892131745134,0.2588190451025207,0.9659258262890684
0,0.576744186,60,26,4,90,8.0,29.9,0,-0.3617137307297674,-0.9322892131745134,0.8660254037844386,0.5000000000000001
1,0.36744186,60,26,3,86,8.0,29.92,1107,-0.3617137307297674,-0.9322892131745134,0.9659258262890684,-0.2588190451025206
1,0.158139535,60,26,1,67,14.0,29.92,17409,-0.3617137307297674,-0.9322892131745134,0.4999999999999999,-0.8660254037844387
1,0.051162791,60,26,1,61,18.0,29.91,34682,-0.3617137307297674,-0.9322892131745134,-0.2588190451025208,-0.9659258262890684
1,0.260465116,60,26,2,70,20.0,29.89,21170,-0.3617137307297674,-0.9322892131745134,-0.8660254037844385,-0.5000000000000004
1,0.469767442,60,26,4,83,15.0,29.9,840,-0.3617137307297674,-0.9322892131745134,-0.9659258262890684,0.2588190451025203
0,0.679069767,60,26,4,87,14.0,29.93,0,-0.3617137307297674,-0.9322892131745134,-0.5000000000000004,0.8660254037844384
0,0.787878788,59,26,4,87,13.0,29.93,0,-0.3777079652039646,-0.92592477719385,0.2588190451025207,0.9659258262890684
0,0.578088578,59,26,4,86,11.0,29.93,0,-0.3777079652039646,-0.92592477719385,0.8660254037844386,0.5000000000000001
1,0.368298368,59,26,4,83,9.0,29.96,1367,-0.3777079652039646,-0.92592477719385,0.9659258262890684,-0.2588190451025206
1,0.158508159,59,26,4,78,10.0,29.97,9148,-0.3777079652039646,-0.92592477719385,0.4999999999999999,-0.8660254037844387
1,0.051282051,59,26,1,61,18.0,29.96,33470,-0.3777079652039646,-0.92592477719385,-0.2588190451025208,-0.9659258262890684
1,0.261072261,59,26,1,68,22.0,29.94,19317,-0.3777079652039646,-0.92592477719385,-0.8660254037844385,-0.5000000000000004
1,0.470862471,59,26,4,81,15.0,29.95,1149,-0.3777079652039646,-0.92592477719385,-0.9659258262890684,0.2588190451025203
0,0.680652681,59,26,4,87,8.0,29.97,0,-0.3777079652039646,-0.92592477719385,-0.5000000000000004,0.8660254037844384
0,0.789719626,60,29,4,86,9.0,29.97,0,-0.3935902766564664,-0.9192859697186104,0.2588190451025207,0.9659258262890684
0,0.579439252,60,29,4,86,8.0,29.98,0,-0.3935902766564664,-0.9192859697186104,0.8660254037844386,0.5000000000000001
1,0.369158879,60,29,3,86,9.0,29.98,1343,-0.3935902766564664,-0.9192859697186104,0.9659258262890684,-0.2588190451025206
1,0.158878505,60,29,1,70,14.0,29.99,21787,-0.3935902766564664,-0.9192859697186104,0.4999999999999999,-0.8660254037844387
1,0.051401869,60,29,1,63,20.0,29.96,34459,-0.3935902766564664,-0.9192859697186104,-0.2588190451025208,-0.9659258262890684
1,0.261682243,60,29,2,70,26.0,29.94,21451,-0.3935902766564664,-0.9192859697186104,-0.8660254037844385,-0.5000000000000004
1,0.471962617,60,29,1,86,20.0,29.94,1985,-0.3935902766564664,-0.9192859697186104,-0.9659258262890684,0.2588190451025203
0,0.682242991,60,29,1,93,16.0,29.99,0,-0.3935902766564664,-0.9192859697186104,-0.5000000000000004,0.8660254037844384
0,0.790643275,63,30,3,96,15.0,30.0,0,-0.4093559588156211,-0.9123747579707274,0.2588190451025207,0.9659258262890684
0,0.580116959,63,30,4,90,6.0,30.0,0,-0.4093559588156211,-0.9123747579707274,0.8660254037844386,0.5000000000000001
1,0.369590643,63,30,4,87,0.0,30.03,1683,-0.4093559588156211,-0.9123747579707274,0.9659258262890684,-0.2588190451025206
1,0.159064327,63,30,1,70,6.0,30.01,27417,-0.4093559588156211,-0.9123747579707274,0.4999999999999999,-0.8660254037844387
1,0.051461988,63,30,1,53,13.0,29.96,33306,-0.4093559588156211,-0.9123747579707274,-0.2588190451025208,-0.9659258262890684
1,0.261988304,63,30,2,65,24.0,29.93,21065,-0.4093559588156211,-0.9123747579707274,-0.8660254037844385,-0.5000000000000004
1,0.47251462,63,30,2,83,22.0,29.94,1714,-0.4093559588156211,-0.9123747579707274,-0.9659258262890684,0.2588190451025203
0,0.683040936,63,30,1,96,15.0,29.97,0,-0.4093559588156211,-0.9123747579707274,-0.5000000000000004,0.8660254037844384
0,0.791569087,61,29,3,96,15.0,29.96,0,-0.4250003399695539,-0.9051931898913976,0.2588190451025207,0.9659258262890684
0,0.580796253,61,29,3,96,8.0,29.96,0,-0.4250003399695539,-0.9051931898913976,0.8660254037844386,0.5000000000000001
1,0.370023419,61,29,4,90,8.0,29.97,620,-0.4250003399695539,-0.9051931898913976,0.9659258262890684,-0.2588190451025206
1,0.159250585,61,29,1,70,14.0,29.95,0,-0.4250003399695539,-0.9051931898913976,0.4999999999999999,-0.8660254037844387
1,0.051522248,61,29,1,59,14.0,29.9,18889,-0.4250003399695539,-0.9051931898913976,-0.2588190451025208,-0.9659258262890684
1,0.262295082,61,29,1,72,26.0,29.88,20769,-0.4250003399695539,-0.9051931898913976,-0.8660254037844385,-0.5000000000000004
1,0.473067916,61,29,1,87,20.0,29.88,1873,-0.4250003399695539,-0.9051931898913976,-0.9659258262890684,0.2588190451025203
0,0.683840749,61,29,3,90,10.0,29.91,0,-0.4250003399695539,-0.9051931898913976,-0.5000000000000004,0.8660254037844384
0,0.79342723,62,27,4,87,11.0,29.89,0,-0.4405187843504952,-0.8977433935342336,0.2588190451025207,0.9659258262890684
0,0.582159624,62,27,4,90,8.0,29.88,0,-0.4405187843504952,-0.8977433935342336,0.8660254037844386,0.5000000000000001
1,0.370892019,62,27,4,90,6.0,29.9,639,-0.4405187843504952,-0.8977433935342336,0.9659258262890684,-0.2588190451025206
1,0.159624413,62,27,3,75,13.0,29.9,7082,-0.4405187843504952,-0.8977433935342336,0.4999999999999999,-0.8660254037844387
1,0.051643192,62,27,1,68,18.0,29.86,28694,-0.4405187843504952,-0.8977433935342336,-0.2588190451025208,-0.9659258262890684
1,0.262910798,62,27,2,70,21.0,29.83,14653,-0.4405187843504952,-0.8977433935342336,-0.8660254037844385,-0.5000000000000004
1,0.474178404,62,27,3,84,15.0,29.84,828,-0.4405187843504952,-0.8977433935342336,-0.9659258262890684,0.2588190451025203
0,0.685446009,62,27,4,87,13.0,29.86,0,-0.4405187843504952,-0.8977433935342336,-0.5000000000000004,0.8660254037844384
0,0.795294118,65,27,4,84,7.0,29.85,0,-0.455906693508459,-0.8900275764346766,0.2588190451025207,0.9659258262890684
0,0.583529412,65,27,4,84,8.0,29.84,0,-0.455906693508459,-0.8900275764346766,0.8660254037844386,0.5000000000000001
1,0.371764706,65,27,4,84,6.0,29.87,938,-0.455906693508459,-0.8900275764346766,0.9659258262890684,-0.2588190451025206
1,0.16,65,27,1,68,14.0,29.88,10750,-0.455906693508459,-0.8900275764346766,0.4999999999999999,-0.8660254037844387
1,0.051764706,65,27,1,59,21.0,29.86,30473,-0.455906693508459,-0.8900275764346766,-0.2588190451025208,-0.9659258262890684
1,0.263529412,65,27,1,66,22.0,29.85,13620,-0.455906693508459,-0.8900275764346766,-0.8660254037844385,-0.5000000000000004
1,0.475294118,65,27,3,81,17.0,29.86,771,-0.455906693508459,-0.8900275764346766,-0.9659258262890684,0.2588190451025203
0,0.687058824,65,27,4,84,13.0,29.89,0,-0.455906693508459,-0.8900275764346766,-0.5000000000000004,0.8660254037844384
0,0.797169811,63,26,4,87,7.0,29.89,0,-0.4711595076738639,-0.8820480249558535,0.2588190451025207,0.9659258262890684
0,0.58490566,63,26,4,84,9.0,29.89,0,-0.4711595076738639,-0.8820480249558535,0.8660254037844386,0.5000000000000001
1,0.372641509,63,26,4,81,8.0,29.93,1353,-0.4711595076738639,-0.8820480249558535,0.9659258262890684,-0.2588190451025206
1,0.160377358,63,26,3,70,15.0,29.96,10411,-0.4711595076738639,-0.8820480249558535,0.4999999999999999,-0.8660254037844387
1,0.051886792,63,26,1,66,18.0,29.95,32389,-0.4711595076738639,-0.8820480249558535,-0.2588190451025208,-0.9659258262890684
1,0.264150943,63,26,3,70,17.0,29.91,19605,-0.4711595076738639,-0.8820480249558535,-0.8660254037844385,-0.5000000000000004
1,0.476415094,63,26,4,84,14.0,29.93,2225,-0.4711595076738639,-0.8820480249558535,-0.9659258262890684,0.2588190451025203
0,0.688679245,63,26,4,87,8.0,29.95,0,-0.4711595076738639,-0.8820480249558535,-0.5000000000000004,0.8660254037844384
0,0.799054374,62,28,4,87,8.0,29.94,0,-0.4862727071086902,-0.8738071036110807,0.2588190451025207,0.9659258262890684
0,0.586288416,62,28,4,93,7.0,29.94,0,-0.4862727071086902,-0.8738071036110807,0.8660254037844386,0.5000000000000001
1,0.373522459,62,28,4,87,7.0,29.98,1276,-0.4862727071086902,-0.8738071036110807,0.9659258262890684,-0.2588190451025206
1,0.160756501,62,28,3,75,13.0,29.99,11886,-0.4862727071086902,-0.8738071036110807,0.4999999999999999,-0.8660254037844387
1,0.052009456,62,28,1,61,16.0,29.97,34021,-0.4862727071086902,-0.8738071036110807,-0.2588190451025208,-0.9659258262890684
1,0.264775414,62,28,2,70,24.0,29.92,17733,-0.4862727071086902,-0.8738071036110807,-0.8660254037844385,-0.5000000000000004
1,0.477541371,62,28,2,87,13.0,29.94,734,-0.4862727071086902,-0.8738071036110807,-0.9659258262890684,0.2588190451025203
0,0.690307329,62,28,3,93,13.0,29.96,0,-0.4862727071086902,-0.8738071036110807,-0.5000000000000004,0.8660254037844384
0,0.800947867,63,28,4,90,13.0,29.95,0,-0.5012418134457756,-0.8653072543632061,0.2588190451025207,0.9659258262890684
0,0.587677725,63,28,4,90,5.0,29.94,0,-0.5012418134457756,-0.8653072543632061,0.8660254037844386,0.5000000000000001
1,0.374407583,63,28,4,87,5.0,29.97,1974,-0.5012418134457756,-0.8653072543632061,0.9659258262890684,-0.2588190451025206
1,0.161137441,63,28,2,68,13.0,29.98,23788,-0.5012418134457756,-0.8653072543632061,0.4999999999999999,-0.8660254037844387
1,0.052132701,63,28,1,63,24.0,29.97,34447,-0.5012418134457756,-0.8653072543632061,-0.2588190451025208,-0.9659258262890684
1,0.265402844,63,28,2,73,20.0,29.97,18771,-0.5012418134457756,-0.8653072543632061,-0.8660254037844385,-0.5000000000000004
1,0.478672986,63,28,3,81,13.0,29.98,1739,-0.5012418134457756,-0.8653072543632061,-0.9659258262890684,0.2588190451025203
0,0.691943128,63,28,2,84,10.0,30.0,0,-0.5012418134457756,-0.8653072543632061,-0.5000000000000004,0.8660254037844384
0,0.801897983,63,27,4,84,13.0,29.99,0,-0.5160623910158526,-0.8565509959010037,0.2588190451025207,0.9659258262890684
0,0.588374852,63,27,4,90,5.0,29.99,0,-0.5160623910158526,-0.8565509959010037,0.8660254037844386,0.5000000000000001
1,0.37485172,63,27,4,87,11.0,30.02,610,-0.5160623910158526,-0.8565509959010037,0.9659258262890684,-0.2588190451025206
1,0.161328588,63,27,3,70,14.0,30.02,7779,-0.5160623910158526,-0.8565509959010037,0.4999999999999999,-0.8660254037844387
1,0.052194543,63,27,1,63,16.0,30.0,30137,-0.5160623910158526,-0.8565509959010037,-0.2588190451025208,-0.9659258262890684
1,0.265717675,63,27,1,65,25.0,29.97,20887,-0.5160623910158526,-0.8565509959010037,-0.8660254037844385,-0.5000000000000004
1,0.479240807,63,27,3,81,13.0,29.96,1661,-0.5160623910158526,-0.8565509959010037,-0.9659258262890684,0.2588190451025203
0,0.692763938,63,27,4,84,16.0,29.98,0,-0.5160623910158526,-0.8565509959010037,-0.5000000000000004,0.8660254037844384
0,0.803804994,64,27,4,87,10.0,29.98,0,-0.5307300481619331,-0.8475409228928312,0.2588190451025207,0.9659258262890684
0,0.589774078,64,27,4,90,5.0,29.99,0,-0.5307300481619331,-0.8475409228928312,0.8660254037844386,0.5000000000000001
1,0.375743163,64,27,4,84,6.0,30.01,1259,-0.5307300481619331,-0.8475409228928312,0.9659258262890684,-0.2588190451025206
1,0.161712247,64,27,4,70,8.0,30.02,12757,-0.5307300481619331,-0.8475409228928312,0.4999999999999999,-0.8660254037844387
1,0.052318668,64,27,1,59,15.0,30.0,34325,-0.5307300481619331,-0.8475409228928312,-0.2588190451025208,-0.9659258262890684
1,0.266349584,64,27,1,61,17.0,29.97,20756,-0.5307300481619331,-0.8475409228928312,-0.8660254037844385,-0.5000000000000004
1,0.480380499,64,27,1,75,14.0,29.97,1509,-0.5307300481619331,-0.8475409228928312,-0.9659258262890684,0.2588190451025203
0,0.694411415,64,27,4,87,17.0,29.99,0,-0.5307300481619331,-0.8475409228928312,-0.5000000000000004,0.8660254037844384
0,0.805721097,66,27,4,93,7.0,30.01,0,-0.5452404385406507,-0.8382797052177745,0.2588190451025207,0.9659258262890684
0,0.591179976,66,27,4,87,3.0,30.02,0,-0.5452404385406507,-0.8382797052177745,0.8660254037844386,0.5000000000000001
1,0.376638856,66,27,3,81,5.0,30.05,4745,-0.5452404385406507,-0.8382797052177745,0.9659258262890684,-0.2588190451025206
1,0.162097735,66,27,1,66,11.0,30.06,22158,-0.5452404385406507,-0.8382797052177745,0.4999999999999999,-0.8660254037844387
1,0.052443385,66,27,0,52,18.0,30.03,33187,-0.5452404385406507,-0.8382797052177745,-0.2588190451025208,-0.9659258262890684
1,0.266984505,66,27,1,55,21.0,29.99,20199,-0.5452404385406507,-0.8382797052177745,-0.8660254037844385,-0.5000000000000004
1,0.481525626,66,27,1,73,18.0,29.97,1452,-0.5452404385406507,-0.8382797052177745,-0.9659258262890684,0.2588190451025203
0,0.696066746,66,27,1,84,10.0,30.0,0,-0.5452404385406507,-0.8382797052177745,-0.5000000000000004,0.8660254037844384
0,0.807646356,66,26,1,81,16.0,30.0,0,-0.5595892624101763,-0.828770087174504,0.2588190451025207,0.9659258262890684
0,0.592592593,66,26,4,90,9.0,30.01,0,-0.5595892624101763,-0.828770087174504,0.8660254037844386,0.5000000000000001
1,0.377538829,66,26,4,84,7.0,30.01,1428,-0.5595892624101763,-0.828770087174504,0.9659258262890684,-0.2588190451025206
1,0.162485066,66,26,3,68,13.0,30.02,19029,-0.5595892624101763,-0.828770087174504,0.4999999999999999,-0.8660254037844387
1,0.052568698,66,26,1,59,17.0,30.01,34055,-0.5595892624101763,-0.828770087174504,-0.2588190451025208,-0.9659258262890684
1,0.267622461,66,26,2,68,23.0,29.98,22084,-0.5595892624101763,-0.828770087174504,-0.8660254037844385,-0.5000000000000004
1,0.482676225,66,26,3,70,13.0,29.96,1588,-0.5595892624101763,-0.828770087174504,-0.9659258262890684,0.2588190451025203
0,0.697729988,66,26,4,78,10.0,29.98,0,-0.5595892624101763,-0.828770087174504,-0.5000000000000004,0.8660254037844384
0,0.809580838,66,27,3,78,5.0,29.96,0,-0.5737722679043243,-0.8190148866680802,0.2588190451025207,0.9659258262890684
0,0.594011976,66,27,4,81,10.0,29.97,0,-0.5737722679043243,-0.8190148866680802,0.8660254037844386,0.5000000000000001
1,0.378443114,66,27,3,78,9.0,30.02,3997,-0.5737722679043243,-0.8190148866680802,0.9659258262890684,-0.2588190451025206
1,0.162874251,66,27,3,57,11.0,30.04,19430,-0.5737722679043243,-0.8190148866680802,0.4999999999999999,-0.8660254037844387
1,0.052694611,66,27,3,59,10.0,30.06,24803,-0.5737722679043243,-0.8190148866680802,-0.2588190451025208,-0.9659258262890684
1,0.268263473,66,27,2,59,15.0,30.03,20514,-0.5737722679043243,-0.8190148866680802,-0.8660254037844385,-0.5000000000000004
1,0.483832335,66,27,2,73,20.0,30.02,1481,-0.5737722679043243,-0.8190148866680802,-0.9659258262890684,0.2588190451025203
0,0.699401198,66,27,2,81,17.0,30.04,0,-0.5737722679043243,-0.8190148866680802,-0.5000000000000004,0.8660254037844384
0,0.81032413,64,27,3,87,11.0,30.03,0,-0.5877852522924734,-0.8090169943749472,0.2588190451025207,0.9659258262890684
0,0.594237695,64,27,4,84,16.0,30.02,0,-0.5877852522924734,-0.8090169943749472,0.8660254037844386,0.5000000000000001
1,0.378151261,64,27,3,81,17.0,30.05,5248,-0.5877852522924734,-0.8090169943749472,0.9659258262890684,-0.2588190451025206
1,0.162064826,64,27,2,65,11.0,30.07,24698,-0.5877852522924734,-0.8090169943749472,0.4999999999999999,-0.8660254037844387
1,0.054021609,64,27,2,61,23.0,30.06,33210,-0.5877852522924734,-0.8090169943749472,-0.2588190451025208,-0.9659258262890684
1,0.270108043,64,27,2,63,17.0,30.03,19423,-0.5877852522924734,-0.8090169943749472,-0.8660254037844385,-0.5000000000000004
1,0.486194478,64,27,1,81,20.0,30.02,1397,-0.5877852522924734,-0.8090169943749472,-0.9659258262890684,0.2588190451025203
0,0.702280912,64,27,1,87,18.0,30.03,0,-0.5877852522924734,-0.8090169943749472,-0.5000000000000004,0.8660254037844384
0,0.812274368,67,30,1,87,7.0,30.02,0,-0.6016240632249227,-0.7987793728863648,0.2588190451025207,0.9659258262890684
0,0.59566787,67,30,0,84,3.0,30.0,0,-0.6016240632249227,-0.7987793728863648,0.8660254037844386,0.5000000000000001
1,0.379061372,67,30,0,81,0.0,30.02,6035,-0.6016240632249227,-0.7987793728863648,0.9659258262890684,-0.2588190451025206
1,0.162454874,67,30,1,73,5.0,30.02,26346,-0.6016240632249227,-0.7987793728863648,0.4999999999999999,-0.8660254037844387
1,0.054151625,67,30,1,50,18.0,29.98,31908,-0.6016240632249227,-0.7987793728863648,-0.2588190451025208,-0.9659258262890684
1,0.270758123,67,30,1,55,16.0,29.95,19265,-0.6016240632249227,-0.7987793728863648,-0.8660254037844385,-0.5000000000000004
1,0.487364621,67,30,2,78,18.0,29.94,1425,-0.6016240632249227,-0.7987793728863648,-0.9659258262890684,0.2588190451025203
0,0.703971119,67,30,1,84,9.0,29.96,0,-0.6016240632249227,-0.7987793728863648,-0.5000000000000004,0.8660254037844384
0,0.814234017,71,29,0,84,5.0,29.93,0,-0.6152845999633277,-0.7883050558305253,0.2588190451025207,0.9659258262890684
0,0.597104946,71,29,0,87,0.0,29.93,0,-0.6152845999633277,-0.7883050558305253,0.8660254037844386,0.5000000000000001
1,0.379975875,71,29,0,75,0.0,29.94,5801,-0.6152845999633277,-0.7883050558305253,0.9659258262890684,-0.2588190451025206
1,0.162846803,71,29,1,73,5.0,29.95,25690,-0.6152845999633277,-0.7883050558305253,0.4999999999999999,-0.8660254037844387
1,0.054282268,71,29,1,32,20.0,29.91,31531,-0.6152845999633277,-0.7883050558305253,-0.2588190451025208,-0.9659258262890684
1,0.271411339,71,29,1,47,20.0,29.88,18938,-0.6152845999633277,-0.7883050558305253,-0.8660254037844385,-0.5000000000000004
1,0.48854041,71,29,2,73,15.0,29.85,1329,-0.6152845999633277,-0.7883050558305253,-0.9659258262890684,0.2588190451025203
0,0.705669481,71,29,0,75,9.0,29.88,0,-0.6152845999633277,-0.7883050558305253,-0.5000000000000004,0.8660254037844384
0,0.816203144,73,30,0,78,5.0,29.88,0,-0.6287628145958345,-0.7775971469736268,0.2588190451025207,0.9659258262890684
0,0.598548972,73,30,0,84,5.0,29.88,0,-0.6287628145958345,-0.7775971469736268,0.8660254037844386,0.5000000000000001
1,0.3808948,73,30,0,75,0.0,29.92,6044,-0.6287628145958345,-0.7775971469736268,0.9659258262890684,-0.2588190451025206
1,0.163240629,73,30,1,66,5.0,29.94,25211,-0.6287628145958345,-0.7775971469736268,0.4999999999999999,-0.8660254037844387
1,0.054413543,73,30,1,44,21.0,29.92,31366,-0.6287628145958345,-0.7775971469736268,-0.2588190451025208,-0.9659258262890684
1,0.272067715,73,30,2,55,20.0,29.91,17623,-0.6287628145958345,-0.7775971469736268,-0.8660254037844385,-0.5000000000000004
1,0.489721886,73,30,2,78,18.0,29.91,906,-0.6287628145958345,-0.7775971469736268,-0.9659258262890684,0.2588190451025203
0,0.707376058,73,30,1,87,10.0,29.96,0,-0.6287628145958345,-0.7775971469736268,-0.5000000000000004,0.8660254037844384
0,0.818181818,66,30,2,90,8.0,29.97,0,-0.6420547132365636,-0.7666588193001592,0.2588190451025207,0.9659258262890684
0,0.6,66,30,2,90,5.0,29.98,0,-0.6420547132365636,-0.7666588193001592,0.8660254037844386,0.5000000000000001
1,0.381818182,66,30,1,84,0.0,30.02,744,-0.6420547132365636,-0.7666588193001592,0.9659258262890684,-0.2588190451025206
1,0.163636364,66,30,1,70,7.0,30.03,11209,-0.6420547132365636,-0.7666588193001592,0.4999999999999999,-0.8660254037844387
1,0.054545455,66,30,3,61,21.0,30.02,27606,-0.6420547132365636,-0.7666588193001592,-0.2588190451025208,-0.9659258262890684
1,0.272727273,66,30,1,70,18.0,30.0,17905,-0.6420547132365636,-0.7666588193001592,-0.8660254037844385,-0.5000000000000004
1,0.490909091,66,30,3,87,13.0,30.0,1346,-0.6420547132365636,-0.7666588193001592,-0.9659258262890684,0.2588190451025203
0,0.709090909,66,30,2,90,8.0,30.01,0,-0.6420547132365636,-0.7666588193001592,-0.5000000000000004,0.8660254037844384
0,0.820170109,71,29,2,90,5.0,30.0,0,-0.655156357209085,-0.7554933140726804,0.2588190451025207,0.9659258262890684
0,0.60145808,71,29,2,93,7.0,29.99,0,-0.655156357209085,-0.7554933140726804,0.8660254037844386,0.5000000000000001
1,0.382746051,71,29,3,90,0.0,30.0,6343,-0.655156357209085,-0.7554933140726804,0.9659258262890684,-0.2588190451025206
1,0.164034022,71,29,1,73,3.0,30.01,27323,-0.655156357209085,-0.7554933140726804,0.4999999999999999,-0.8660254037844387
1,0.054678007,71,29,1,42,22.0,29.98,32295,-0.655156357209085,-0.7554933140726804,-0.2588190451025208,-0.9659258262890684
1,0.273390036,71,29,1,50,31.0,29.94,19187,-0.655156357209085,-0.7554933140726804,-0.8660254037844385,-0.5000000000000004
1,0.492102066,71,29,3,53,14.0,29.93,1318,-0.655156357209085,-0.7554933140726804,-0.9659258262890684,0.2588190451025203
0,0.710814095,71,29,1,73,10.0,29.96,0,-0.655156357209085,-0.7554933140726804,-0.5000000000000004,0.8660254037844384
0,0.820950061,67,28,2,78,14.0,29.95,0,-0.6680638642135333,-0.7441039398713608,0.2588190451025207,0.9659258262890684
0,0.601705238,67,28,2,90,15.0,29.94,0,-0.6680638642135333,-0.7441039398713608,0.8660254037844386,0.5000000000000001
1,0.382460414,67,28,1,81,16.0,29.97,6406,-0.6680638642135333,-0.7441039398713608,0.9659258262890684,-0.2588190451025206
1,0.163215591,67,28,1,63,17.0,29.98,27136,-0.6680638642135333,-0.7441039398713608,0.4999999999999999,-0.8660254037844387
1,0.056029233,67,28,1,48,28.0,29.97,32235,-0.6680638642135333,-0.7441039398713608,-0.2588190451025208,-0.9659258262890684
1,0.275274056,67,28,1,48,26.0,29.93,19164,-0.6680638642135333,-0.7441039398713608,-0.8660254037844385,-0.5000000000000004
1,0.494518879,67,28,0,61,28.0,29.91,1110,-0.6680638642135333,-0.7441039398713608,-0.9659258262890684,0.2588190451025203
0,0.713763703,67,28,2,72,20.0,29.94,0,-0.6680638642135333,-0.7441039398713608,-0.5000000000000004,0.8660254037844384
0,0.82396088,63,26,2,72,18.0,29.96,0,-0.6807734094770159,-0.7324940716135792,0.2588190451025207,0.9659258262890684
0,0.60391198,63,26,2,72,24.0,29.95,0,-0.6807734094770159,-0.7324940716135792,0.8660254037844386,0.5000000000000001
1,0.383863081,63,26,1,72,17.0,29.97,6524,-0.6807734094770159,-0.7324940716135792,0.9659258262890684,-0.2588190451025206
1,0.163814181,63,26,1,63,26.0,29.99,27737,-0.6807734094770159,-0.7324940716135792,0.4999999999999999,-0.8660254037844387
1,0.056234719,63,26,1,63,21.0,29.99,33293,-0.6807734094770159,-0.7324940716135792,-0.2588190451025208,-0.9659258262890684
1,0.276283619,63,26,1,65,23.0,29.96,19411,-0.6807734094770159,-0.7324940716135792,-0.8660254037844385,-0.5000000000000004
1,0.496332518,63,26,2,75,15.0,29.94,1158,-0.6807734094770159,-0.7324940716135792,-0.9659258262890684,0.2588190451025203
0,0.716381418,63,26,1,81,10.0,29.94,0,-0.6807734094770159,-0.7324940716135792,-0.5000000000000004,0.8660254037844384
0,0.825980392,67,30,0,83,3.0,29.94,0,-0.6932812268869771,-0.7206671495538615,0.2588190451025207,0.9659258262890684
0,0.605392157,67,30,1,83,3.0,29.93,0,-0.6932812268869771,-0.7206671495538615,0.8660254037844386,0.5000000000000001
1,0.384803922,67,30,0,78,0.0,29.96,5826,-0.6932812268869771,-0.7206671495538615,0.9659258262890684,-0.2588190451025206
1,0.164215686,67,30,0,70,5.0,29.96,26714,-0.6932812268869771,-0.7206671495538615,0.4999999999999999,-0.8660254037844387
1,0.056372549,67,30,0,40,15.0,29.93,32413,-0.6932812268869771,-0.7206671495538615,-0.2588190451025208,-0.9659258262890684
1,0.276960784,67,30,0,53,21.0,29.91,18854,-0.6932812268869771,-0.7206671495538615,-0.8660254037844385,-0.5000000000000004
1,0.49754902,67,30,1,72,9.0,29.89,1091,-0.6932812268869771,-0.7206671495538615,-0.9659258262890684,0.2588190451025203
0,0.718137255,67,30,1,81,13.0,29.92,0,-0.6932812268869771,-0.7206671495538615,-0.5000000000000004,0.8660254037844384
0,0.826993865,65,30,1,83,7.0,29.9,0,-0.7055836101071774,-0.70862667826446,0.2588190451025207,0.9659258262890684
0,0.606134969,65,30,1,83,6.0,29.9,0,-0.7055836101071774,-0.70862667826446,0.8660254037844386,0.5000000000000001
1,0.385276074,65,30,1,78,0.0,29.93,5831,-0.7055836101071774,-0.70862667826446,0.9659258262890684,-0.2588190451025206
1,0.164417178,65,30,2,61,6.0,29.93,26277,-0.7055836101071774,-0.70862667826446,0.4999999999999999,-0.8660254037844387
1,0.056441718,65,30,1,53,14.0,29.9,31397,-0.7055836101071774,-0.70862667826446,-0.2588190451025208,-0.9659258262890684
1,0.277300613,65,30,1,51,22.0,29.85,18705,-0.7055836101071774,-0.70862667826446,-0.8660254037844385,-0.5000000000000004
1,0.498159509,65,30,1,78,18.0,29.85,1055,-0.7055836101071774,-0.70862667826446,-0.9659258262890684,0.2588190451025203
0,0.719018405,65,30,1,83,16.0,29.89,0,-0.7055836101071774,-0.70862667826446,-0.5000000000000004,0.8660254037844384
0,0.82902829,62,29,1,83,10.0,29.87,0,-0.7176769136759615,-0.6963762255968726,0.2588190451025207,0.9659258262890684
0,0.607626076,62,29,1,87,7.0,29.87,0,-0.7176769136759615,-0.6963762255968726,0.8660254037844386,0.5000000000000001
1,0.386223862,62,29,1,84,8.0,29.92,1379,-0.7176769136759615,-0.6963762255968726,0.9659258262890684,-0.2588190451025206
1,0.164821648,62,29,1,65,10.0,29.92,24772,-0.7176769136759615,-0.6963762255968726,0.4999999999999999,-0.8660254037844387
1,0.056580566,62,29,1,65,23.0,29.9,33053,-0.7176769136759615,-0.6963762255968726,-0.2588190451025208,-0.9659258262890684
1,0.27798278,62,29,1,73,25.0,29.86,19120,-0.7176769136759615,-0.6963762255968726,-0.8660254037844385,-0.5000000000000004
1,0.499384994,62,29,3,87,18.0,29.86,1132,-0.7176769136759615,-0.6963762255968726,-0.9659258262890684,0.2588190451025203
0,0.720787208,62,29,3,87,13.0,29.88,0,-0.7176769136759615,-0.6963762255968726,-0.5000000000000004,0.8660254037844384
0,0.830864198,62,29,3,87,6.0,29.87,0,-0.7295575540864876,-0.6839194216246105,0.2588190451025207,0.9659258262890684
0,0.608641975,62,29,4,83,5.0,29.86,0,-0.7295575540864876,-0.6839194216246105,0.8660254037844386,0.5000000000000001
1,0.386419753,62,29,4,84,7.0,29.87,806,-0.7295575540864876,-0.6839194216246105,0.9659258262890684,-0.2588190451025206
1,0.164197531,62,29,1,73,13.0,29.88,20290,-0.7295575540864876,-0.6839194216246105,0.4999999999999999,-0.8660254037844387
1,0.058024691,62,29,1,63,18.0,29.85,31772,-0.7295575540864876,-0.6839194216246105,-0.2588190451025208,-0.9659258262890684
1,0.280246914,62,29,1,68,21.0,29.81,18020,-0.7295575540864876,-0.6839194216246105,-0.8660254037844385,-0.5000000000000004
1,0.502469136,62,29,1,87,18.0,29.81,499,-0.7295575540864876,-0.6839194216246105,-0.9659258262890684,0.2588190451025203
0,0.724691358,62,29,1,90,10.0,29.84,0,-0.7295575540864876,-0.6839194216246105,-0.5000000000000004,0.8660254037844384
0,0.832920792,65,30,4,93,10.0,29.82,0,-0.7412220108485957,-0.6712599575675315,0.2588190451025207,0.9659258262890684
0,0.610148515,65,30,4,87,6.0,29.82,0,-0.7412220108485957,-0.6712599575675315,0.8660254037844386,0.5000000000000001
1,0.387376238,65,30,4,84,0.0,29.85,0,-0.7412220108485957,-0.6712599575675315,0.9659258262890684,-0.2588190451025206
1,0.16460396,65,30,2,73,5.0,29.87,8584,-0.7412220108485957,-0.6712599575675315,0.4999999999999999,-0.8660254037844387
1,0.058168317,65,30,1,66,6.0,29.85,18238,-0.7412220108485957,-0.6712599575675315,-0.2588190451025208,-0.9659258262890684
1,0.280940594,65,30,1,63,17.0,29.82,11166,-0.7412220108485957,-0.6712599575675315,-0.8660254037844385,-0.5000000000000004
1,0.503712871,65,30,1,81,15.0,29.84,863,-0.7412220108485957,-0.6712599575675315,-0.9659258262890684,0.2588190451025203
0,0.726485149,65,30,1,78,6.0,29.87,0,-0.7412220108485957,-0.6712599575675315,-0.5000000000000004,0.8660254037844384
0,0.834987593,64,28,2,84,0.0,29.86,0,-0.7526668275320083,-0.6584015846980489,0.2588190451025207,0.9659258262890684
0,0.611662531,64,28,3,84,6.0,29.88,0,-0.7526668275320083,-0.6584015846980489,0.8660254037844386,0.5000000000000001
1,0.388337469,64,28,3,81,7.0,29.91,759,-0.7526668275320083,-0.6584015846980489,0.9659258262890684,-0.2588190451025206
1,0.165012407,64,28,1,66,10.0,29.92,8690,-0.7526668275320083,-0.6584015846980489,0.4999999999999999,-0.8660254037844387
1,0.058312655,64,28,1,55,16.0,29.92,25632,-0.7526668275320083,-0.6584015846980489,-0.2588190451025208,-0.9659258262890684
1,0.281637717,64,28,1,65,21.0,29.9,18709,-0.7526668275320083,-0.6584015846980489,-0.8660254037844385,-0.5000000000000004
1,0.504962779,64,28,2,84,20.0,29.91,1306,-0.7526668275320083,-0.6584015846980489,-0.9659258262890684,0.2588190451025203
0,0.728287841,64,28,4,90,14.0,29.94,0,-0.7526668275320083,-0.6584015846980489,-0.5000000000000004,0.8660254037844384
0,0.838107098,68,29,4,87,6.0,29.93,0,-0.7638886127905429,-0.64534811322955,0.2588190451025207,0.9659258262890684
0,0.613947696,68,29,4,90,0.0,29.91,0,-0.7638886127905429,-0.64534811322955,0.8660254037844386,0.5000000000000001
1,0.389788294,68,29,4,87,3.0,29.92,1211,-0.7638886127905429,-0.64534811322955,0.9659258262890684,-0.2588190451025206
1,0.165628892,68,29,1,75,3.0,29.92,22969,-0.7638886127905429,-0.64534811322955,0.4999999999999999,-0.8660254037844387
1,0.058530511,68,29,1,68,6.0,29.87,31163,-0.7638886127905429,-0.64534811322955,-0.2588190451025208,-0.9659258262890684
1,0.282689913,68,29,2,55,18.0,29.81,18040,-0.7638886127905429,-0.64534811322955,-0.8660254037844385,-0.5000000000000004
1,0.506849315,68,29,2,70,15.0,29.82,886,-0.7638886127905429,-0.64534811322955,-0.9659258262890684,0.2588190451025203
0,0.731008717,68,29,0,78,10.0,29.86,0,-0.7638886127905429,-0.64534811322955,-0.5000000000000004,0.8660254037844384
0,0.838951311,63,29,1,81,11.0,29.84,0,-0.7748840413670406,-0.6321034111873488,0.2588190451025207,0.9659258262890684
0,0.61423221,63,29,1,84,8.0,29.83,0,-0.7748840413670406,-0.6321034111873488,0.8660254037844386,0.5000000000000001
1,0.389513109,63,29,2,84,7.0,29.88,1709,-0.7748840413670406,-0.6321034111873488,0.9659258262890684,-0.2588190451025206
1,0.164794007,63,29,2,73,17.0,29.89,17165,-0.7748840413670406,-0.6321034111873488,0.4999999999999999,-0.8660254037844387
1,0.059925094,63,29,2,63,21.0,29.86,32668,-0.7748840413670406,-0.6321034111873488,-0.2588190451025208,-0.9659258262890684
1,0.284644195,63,29,3,68,17.0,29.86,17506,-0.7748840413670406,-0.6321034111873488,-0.8660254037844385,-0.5000000000000004
1,0.509363296,63,29,3,78,22.0,29.88,467,-0.7748840413670406,-0.6321034111873488,-0.9659258262890684,0.2588190451025203
0,0.734082397,63,29,3,81,14.0,29.89,0,-0.7748840413670406,-0.6321034111873488,-0.5000000000000004,0.8660254037844384
0,0.841051314,62,28,3,81,6.0,29.87,0,-0.7856498550787144,-0.6186714032625032,0.2588190451025207,0.9659258262890684
0,0.615769712,62,28,2,87,3.0,29.87,0,-0.7856498550787144,-0.6186714032625032,0.8660254037844386,0.5000000000000001
1,0.39048811,62,28,2,87,6.0,29.91,879,-0.7856498550787144,-0.6186714032625032,0.9659258262890684,-0.2588190451025206
1,0.165206508,62,28,2,63,10.0,29.94,14255,-0.7856498550787144,-0.6186714032625032,0.4999999999999999,-0.8660254037844387
1,0.060075094,62,28,2,57,24.0,29.92,34720,-0.7856498550787144,-0.6186714032625032,-0.2588190451025208,-0.9659258262890684
1,0.285356696,62,28,2,65,29.0,29.91,18413,-0.7856498550787144,-0.6186714032625032,-0.8660254037844385,-0.5000000000000004
1,0.510638298,62,28,3,83,11.0,29.91,1261,-0.7856498550787144,-0.6186714032625032,-0.9659258262890684,0.2588190451025203
0,0.7359199,62,28,3,80,8.0,29.92,0,-0.7856498550787144,-0.6186714032625032,-0.5000000000000004,0.8660254037844384
0,0.843161857,61,27,2,80,8.0,29.91,0,-0.7961828637826154,-0.6050560696488494,0.2588190451025207,0.9659258262890684
0,0.617314931,61,27,1,83,3.0,29.91,0,-0.7961828637826154,-0.6050560696488494,0.8660254037844386,0.5000000000000001
1,0.391468005,61,27,1,80,0.0,29.94,855,-0.7961828637826154,-0.6050560696488494,0.9659258262890684,-0.2588190451025206
1,0.165621079,61,27,1,68,3.0,29.96,22613,-0.7961828637826154,-0.6050560696488494,0.4999999999999999,-0.8660254037844387
1,0.060225847,61,27,1,59,18.0,29.95,32841,-0.7961828637826154,-0.6050560696488494,-0.2588190451025208,-0.9659258262890684
1,0.286072773,61,27,1,63,14.0,29.95,18560,-0.7961828637826154,-0.6050560696488494,-0.8660254037844385,-0.5000000000000004
1,0.511919699,61,27,1,75,14.0,29.94,858,-0.7961828637826154,-0.6050560696488494,-0.9659258262890684,0.2588190451025203
0,0.737766625,61,27,1,86,9.0,29.97,0,-0.7961828637826154,-0.6050560696488494,-0.5000000000000004,0.8660254037844384
0,0.845283019,63,29,1,83,3.0,29.97,0,-0.8064799463209447,-0.5912614448635782,0.2588190451025207,0.9659258262890684
0,0.618867925,63,29,4,83,5.0,29.96,0,-0.8064799463209447,-0.5912614448635782,0.8660254037844386,0.5000000000000001
1,0.39245283,63,29,2,87,7.0,29.99,1390,-0.8064799463209447,-0.5912614448635782,0.9659258262890684,-0.2588190451025206
1,0.166037736,63,29,1,70,6.0,29.99,25263,-0.8064799463209447,-0.5912614448635782,0.4999999999999999,-0.8660254037844387
1,0.060377358,63,29,1,66,6.0,29.96,32513,-0.8064799463209447,-0.5912614448635782,-0.2588190451025208,-0.9659258262890684
1,0.286792453,63,29,1,63,21.0,29.92,18417,-0.8064799463209447,-0.5912614448635782,-0.8660254037844385,-0.5000000000000004
1,0.513207547,63,29,1,78,16.0,29.93,802,-0.8064799463209447,-0.5912614448635782,-0.9659258262890684,0.2588190451025203
0,0.739622642,63,29,1,90,15.0,29.97,0,-0.8064799463209447,-0.5912614448635782,-0.5000000000000004,0.8660254037844384
0,0.847222222,62,30,1,93,8.0,29.99,0,-0.8165380514459157,-0.5772916165517278,0.2588190451025207,0.9659258262890684
0,0.619949495,62,30,4,90,5.0,29.99,0,-0.8165380514459157,-0.5772916165517278,0.8660254037844386,0.5000000000000001
1,0.392676768,62,30,4,87,5.0,30.02,1245,-0.8165380514459157,-0.5772916165517278,0.9659258262890684,-0.2588190451025206
1,0.16540404,62,30,1,70,13.0,30.03,23711,-0.8165380514459157,-0.5772916165517278,0.4999999999999999,-0.8660254037844387
1,0.061868687,62,30,1,61,15.0,30.0,31463,-0.8165380514459157,-0.5772916165517278,-0.2588190451025208,-0.9659258262890684
1,0.289141414,62,30,1,70,23.0,29.98,18322,-0.8165380514459157,-0.5772916165517278,-0.8660254037844385,-0.5000000000000004
1,0.516414141,62,30,2,90,13.0,29.99,747,-0.8165380514459157,-0.5772916165517278,-0.9659258262890684,0.2588190451025203
0,0.743686869,62,30,1,93,15.0,30.04,0,-0.8165380514459157,-0.5772916165517278,-0.5000000000000004,0.8660254037844384
0,0.849367089,71,29,2,93,10.0,30.05,0,-0.8263541987239094,-0.5631507242749187,0.2588190451025207,0.9659258262890684
0,0.621518987,71,29,3,96,6.0,30.04,0,-0.8263541987239094,-0.5631507242749187,0.8660254037844386,0.5000000000000001
1,0.393670886,71,29,4,100,5.0,30.06,5372,-0.8263541987239094,-0.5631507242749187,0.9659258262890684,-0.2588190451025206
1,0.165822785,71,29,1,78,3.0,30.05,26175,-0.8263541987239094,-0.5631507242749187,0.4999999999999999,-0.8660254037844387
1,0.062025316,71,29,0,42,13.0,30.0,31028,-0.8263541987239094,-0.5631507242749187,-0.2588190451025208,-0.9659258262890684
1,0.289873418,71,29,3,47,18.0,29.95,17989,-0.8263541987239094,-0.5631507242749187,-0.8660254037844385,-0.5000000000000004
1,0.517721519,71,29,3,47,22.0,29.95,1090,-0.8263541987239094,-0.5631507242749187,-0.9659258262890684,0.2588190451025203
0,0.74556962,71,29,3,61,9.0,29.98,0,-0.8263541987239094,-0.5631507242749187,-0.5000000000000004,0.8660254037844384
0,0.852604828,78,29,3,72,6.0,29.97,0,-0.8359254794186365,-0.5488429582847199,0.2588190451025207,0.9659258262890684
0,0.623888183,78,29,3,52,0.0,29.94,0,-0.8359254794186365,-0.5488429582847199,0.8660254037844386,0.5000000000000001
1,0.395171537,78,29,3,71,0.0,29.97,4957,-0.8359254794186365,-0.5488429582847199,0.9659258262890684,-0.2588190451025206
1,0.166454892,78,29,3,66,3.0,29.97,23873,-0.8359254794186365,-0.5488429582847199,0.4999999999999999,-0.8660254037844387
1,0.062261753,78,29,3,36,5.0,29.94,22231,-0.8359254794186365,-0.5488429582847199,-0.2588190451025208,-0.9659258262890684
1,0.290978399,78,29,4,19,20.0,29.91,9224,-0.8359254794186365,-0.5488429582847199,-0.8660254037844385,-0.5000000000000004
1,0.519695044,78,29,4,32,13.0,29.9,271,-0.8359254794186365,-0.5488429582847199,-0.9659258262890684,0.2588190451025203
0,0.74841169,78,29,1,45,6.0,29.92,0,-0.8359254794186365,-0.5488429582847199,-0.5000000000000004,0.8660254037844384
0,0.85477707,74,29,1,46,5.0,29.9,0,-0.8452490573530634,-0.5343725582809785,0.2588190451025207,0.9659258262890684
0,0.625477707,74,29,1,57,3.0,29.89,0,-0.8452490573530634,-0.5343725582809785,0.8660254037844386,0.5000000000000001
1,0.396178344,74,29,1,66,0.0,29.91,0,-0.8452490573530634,-0.5343725582809785,0.9659258262890684,-0.2588190451025206
1,0.166878981,74,29,1,74,0.0,29.9,7263,-0.8452490573530634,-0.5343725582809785,0.4999999999999999,-0.8660254037844387
1,0.062420382,74,29,1,40,24.0,29.86,29731,-0.8452490573530634,-0.5343725582809785,-0.2588190451025208,-0.9659258262890684
1,0.291719745,74,29,1,43,30.0,29.82,16587,-0.8452490573530634,-0.5343725582809785,-0.8660254037844385,-0.5000000000000004
1,0.521019108,74,29,1,70,21.0,29.81,586,-0.8452490573530634,-0.5343725582809785,-0.9659258262890684,0.2588190451025203
0,0.750318471,74,29,1,81,14.0,29.84,0,-0.8452490573530634,-0.5343725582809785,-0.5000000000000004,0.8660254037844384
0,0.855683269,61,27,1,90,18.0,29.83,0,-0.8543221697498269,-0.5197438121555157,0.2588190451025207,0.9659258262890684
0,0.625798212,61,27,1,90,13.0,29.84,0,-0.8543221697498269,-0.5197438121555157,0.8660254037844386,0.5000000000000001
1,0.395913155,61,27,2,90,8.0,29.86,884,-0.8543221697498269,-0.5197438121555157,0.9659258262890684,-0.2588190451025206
1,0.166028097,61,27,2,75,14.0,29.88,15348,-0.8543221697498269,-0.5197438121555157,0.4999999999999999,-0.8660254037844387
1,0.06385696,61,27,2,68,23.0,29.86,32524,-0.8543221697498269,-0.5197438121555157,-0.2588190451025208,-0.9659258262890684
1,0.293742018,61,27,2,73,20.0,29.83,17294,-0.8543221697498269,-0.5197438121555157,-0.8660254037844385,-0.5000000000000004
1,0.523627075,61,27,3,84,17.0,29.85,895,-0.8543221697498269,-0.5197438121555157,-0.9659258262890684,0.2588190451025203
0,0.753512133,61,27,4,90,13.0,29.87,0,-0.8543221697498269,-0.5197438121555157,-0.5000000000000004,0.8660254037844384
0,0.85787452,63,27,4,93,11.0,29.86,0,-0.8631421280499115,-0.5049610547215202,0.2588190451025207,0.9659258262890684
0,0.627400768,63,27,4,90,11.0,29.86,0,-0.8631421280499115,-0.5049610547215202,0.8660254037844386,0.5000000000000001
1,0.396927017,63,27,4,87,9.0,29.9,464,-0.8631421280499115,-0.5049610547215202,0.9659258262890684,-0.2588190451025206
1,0.166453265,63,27,4,75,10.0,29.93,6995,-0.8631421280499115,-0.5049610547215202,0.4999999999999999,-0.8660254037844387
1,0.064020487,63,27,1,66,15.0,29.91,29490,-0.8631421280499115,-0.5049610547215202,-0.2588190451025208,-0.9659258262890684
1,0.294494238,63,27,2,68,21.0,29.88,17257,-0.8631421280499115,-0.5049610547215202,-0.8660254037844385,-0.5000000000000004
1,0.52496799,63,27,2,81,17.0,29.87,677,-0.8631421280499115,-0.5049610547215202,-0.9659258262890684,0.2588190451025203
0,0.755441741,63,27,1,81,11.0,29.9,0,-0.8631421280499115,-0.5049610547215202,-0.5000000000000004,0.8660254037844384
0,0.5987453575150656,58,26,3,82,8.575174216442887,29.925835094421732,360,0.3004818332675502,-0.13184651487469745,0.9526223399186105,0.5168265870320365
0,1.1310675543317514,64,29,2,64,15.731351367408593,29.73748646725945,0,-0.4702827951917645,0.4685095004331811,0.29523854362552376,0.937101660560226
0,0.6153117977195082,57,29,0,52,0.0,29.859876563243134,305,-0.9805725378875954,0.02997261881979671,-0.46835572094910627,0.9377495116617247
0,0.8141917138159473,53,30,3,82,0.0,30.15821999802089,0,-0.9916704391478843,0.9379124391800897,0.8771504105199491,0.9516644644910531
1,0.3956706087993131,71,27,3,79,23.380820025589994,29.86964338173068,24326,0.8471031813039049,-0.5151640590689532,-0.3090277981758847,-0.533012480241799
0,0.7401551290951975,51,15,1,63,6.220593239696643,30.01923744428876,225,0.03141820723259225,0.967436344431445,0.2442106327006606,0.8556439018560708
0,0.36256377182714267,64,28,4,81,8.126955359154838,30.017702969525452,22,0.4820408841277922,0.5919697808159858,0.8408928595755558,0.5650663140640442
1,0.8337677647996142,58,29,2,75,18.062817148615796,29.84791394062475,20903,0.7924000981997792,-0.5414192151460161,-0.9525766429037702,-0.5111818642401648
1,0.55683223975507,65,29,2,62,0.11792277029415776,29.945895764750738,686,-0.6825369299710426,0.21787327833345066,-0.9659258262890684,-0.4510799753736328
0,0.6277162604100723,54,31,0,64,4.007522463585258,30.015603992871334,672,-0.99999073973619,1.0,-0.5586572509848745,0.5299324055656548
1,0.050400916,61,29,1,81,9.26163144542751,29.48,34271,-0.9048421450996726,-0.5735160527312444,-0.8896617215256791,-0.2269310339731771
0,0.6993814939279364,54,29,4,84,0.0,29.753995276881856,39,-0.99999073973619,0.5530920111662209,0.8810047731549455,0.4755350150663561
0,0.845102211300208,60,28,3,52,18.107181123933355,29.959125600325564,300,-0.5838785162309551,0.4515218735206495,0.8956519443132617,0.9137408014608821
1,0.3915578662406656,67,8,3,73,14.820736288473462,30.15111442318358,11975,0.8898275791702843,-0.08279777014598921,0.9090450997091029,-0.2636935931416674
1,0.08056296561880971,60,10,1,39,10.774104541033022,29.85329940399,28956,0.8999022429487652,0.6490494156113294,-0.26095736438020023,-0.9118609604016864
1,0.05313589057378437,55,28,3,44,3.1845113924575053,29.855277564376912,21816,0.02437529472887623,-0.30467951860952563,-0.2599660405508867,-0.8752172578478989
1,0.1956746668297608,55,28,3,77,0.0,30.15895315867541,27050,-0.9953432735044975,-0.546278502199117,-0.25118506693806336,-0.8780640375989288
0,0.9049738609562548,55,27,4,96,5.0186449673744065,30.123224917874246,377,0.612330996406966,0.894535465059071,-0.5478533527819138,0.8938982024106209
0,1.0215955787408655,67,8,1,78,13.932509832852196,30.092759121438906,790,-0.5912238186731859,0.24947800743749077,0.9659258262890684,0.2556492537213323
1,0.4950328889774368,65,28,2,75,11.627180181643668,29.99811059086873,11184,-0.2311836096569933,-0.08039445180592737,-0.4799578888967808,-0.21971938669149077
1,0.47547362358296086,53,20,2,50,6.056637139103535,29.950276819985053,21936,0.9025084400128585,0.08869240334940391,-0.2452089454108365,-0.5140805723117514
0,0.8287783624518151,51,27,3,65,18.176983853296406,29.916624163194047,57,-0.17366110731193862,0.8187166462267386,-0.501006979618768,0.9160888637408673
0,1.0622672752727624,48,26,3,74,20.743935676032375,30.18004046986191,70,0.5794843297141303,0.717590500359125,-0.49947375676809747,0.9659258262890684
1,0.4108150109576518,53,28,0,80,6.522628700914865,30.06066297076373,24813,0.4524498251025337,0.5556015919947295,0.8682992003131432,-0.498456080250304
1,0.14799257099802646,70,30,4,50,7.753919436374494,30.23361912859315,18393,0.8272374492157705,-0.15147200113281248,0.9162850070315083,-0.2601396243553804
1,0.05745536537721983,65,27,2,72,16.976336133718085,30.011226098025134,18538,0.13746962451640116,-0.4665703506200463,-0.9326810781213752,-0.4935268159998068
0,1.1139143251836292,74,30,0,69,5.656393931400448,30.213876216654768,118,0.7997735251344451,0.9943122794348819,0.8525705190090919,0.8951657269509251
1,0.4216177252735305,67,19,3,68,14.810064918878224,29.809045777309176,258,0.6831221813844599,0.8145407531752705,-0.9400126085988033,0.2812224680895042
0,0.7750432590215345,78,29,0,75,0.016554255429356648,29.757738618791304,304,0.1388699312976058,0.38033391258756094,0.9313048280894232,0.49590702067249326
1,0.10847295209430713,52,17,4,63,5.315015774746633,30.11868754211963,3943,0.7074323259057589,0.6061453592847909,0.9659258262890684,-0.9156986788748794
1,0.48566202986342194,73,22,1,67,0.08051646951960831,29.900861592658636,604,0.1825878006932306,0.3542766747002704,-0.8876312161044488,-0.5233598613873588
1,0.5592623731840572,63,29,3,66,0.41191550219137885,29.919334403470312,2700,-0.03187214690244146,0.8864951042534961,-0.9040331925501028,-0.45949656638670017
0,1.1043159889701508,54,28,3,80,9.17637728891957,30.095050553151633,0,0.5882853144198822,0.985936497719063,0.9115059202176635,0.9659258262890684
1,0.2949243497010255,77,23,4,67,3.0672886827440684,29.996984651968948,380,0.9334839807882954,-0.6412181831598909,-0.879866240315066,0.4870796128267845
0,0.5955438794874792,75,30,0,86,18.03917809050821,30.081970106205194,119,0.9136759500214199,-0.9366354349531286,0.8860182507498209,0.4597965215406681
1,0.06551274966917822,53,15,4,85,7.32858797852952,29.871709238756054,18745,0.7626431447684117,-0.41302202456350307,-0.3171607178941606,-0.9208405549826267
1,0.11786696169115388,58,4,3,93,5.4563313812341,30.248061671326518,22537,-0.02119558518093284,-0.802902307485674,-0.25208553775474163,-0.9266211909677003
1,0.2875530929617822,52,27,4,69,0.0,29.778884483670684,2211,0.389085904447108,0.7861137426133167,0.9567813902935103,0.32124210518145074
0,0.7851186535444237,60,7,2,61,4.71037970041058,30.136618193871858,0,-0.6565408577922284,0.953147409111493,0.25284006280268595,0.9659258262890684
0,1.141361257,70,27,2,83,10.296198409951375,29.910385876463188,0,-0.9889305234289751,0.9607042892088502,-0.4833227554297618,0.9657163748694959
1,0.06305957518490106,59,29,1,43,0.7830171903789986,29.920786978681026,31742,0.9044528487618183,-0.38882112857576523,-0.25983828119617386,-0.9357864607425045
1,0.5353213660564102,51,28,0,33,6.922613230048263,30.095624713354937,7968,0.8396127478822721,-0.3256766642503276,-0.8411186640038061,-0.8860851993111932
0,1.130923460671073,48,34,2,81,0.0,29.898493093259837,4,0.11616917430374024,0.30980547405618736,-0.5086328899940908,0.9000518698473912
1,0.1660649629177381,68,7,3,81,0.011616307607916924,29.843023911617223,36580,0.8355272980370491,0.7189461888783673,0.7846667515902247,-0.24023695618835117
1,0.08870359834837421,56,29,1,40,5.937155073685992,30.033477157792248,36580,-0.8484732545650218,0.1875063222306295,0.4743961569790455,-0.9586157597099869
0,0.7623423920414527,51,30,2,62,16.80395117813453,30.07705528701826,0,-0.7929326172037539,0.9327112567168188,0.2589641064932085,0.9044878383315191
1,0.07737036678772313,71,32,1,69,3.618446440773038,30.17136458405375,31256,-0.6195794089005593,0.7136996589186679,0.5429394444066291,-0.9035234536571687
1,0.10060257154493983,51,27,0,79,6.453120963022252,29.926535224206685,36287,0.9419751578912818,1.0,-0.21812990068129695,-0.8468075194912945
1,0.4007737861444956,69,27,3,80,20.90883621254813,30.09161075540824,2355,-0.40963533017852616,0.08755033531192935,-0.8901512134526517,0.2835770714809197
0,0.7439042184554361,76,15,0,46,0.1747796366437122,30.204701611978912,365,-0.9774210928692866,1.0,0.24282629024147231,0.4872222155383808
1,0.050400916,49,29,3,72,9.25366858712903,30.083554599825423,35600,0.7728300143847936,-0.7862936038418028,0.49856279171464823,-0.9518366500183538
1,0.5251772290468666,65,31,2,77,13.595512564430564,29.929004904326188,210,-0.99999073973619,-0.15710971864743972,-0.9379321635785313,-0.48507122673137326
1,0.2627499175240146,55,20,1,65,26.724677414178416,29.78355456771099,1783,-0.034272932469490286,-0.9726929676780193,-0.8734741362156265,-0.22989817059301337
0,1.141361257,64,27,2,85,14.559693397251682,30.158954620054065,514,-0.6317413043584973,0.6801952158378564,-0.4855848820136507,0.935144028221902
1,0.10503292509150242,51,30,4,90,10.95213818013823,30.08678139776686,26603,0.8956729174963111,0.7195006189899213,-0.26230966768696173,-0.2606009908460005
1,0.4485149872765625,64,31,2,37,21.659748842952602,29.931807589606226,470,0.9437652227853681,-0.5341204329811109,-0.8575504946862054,0.23641698265307332
0,0.811130503276752,52,27,1,74,2.817540494111602,29.753468097547103,172,-0.4756448518283064,1.0,0.2684546876421523,0.9627040298863313
0,1.0957917571853146,59,27,0,69,14.566600696917586,30.09969910122792,119,0.024197346759904627,-0.19013978397953712,0.2566808332370081,0.8643588296742154
1,0.1422494136724933,59,14,2,53,3.526003143778582,29.671651201992482,2171,0.023531361839545805,0.5789652945824554,0.9659258262890684,-0.43794040241600657
0,1.0246802861427609,54,29,1,84,21.233794713814312,29.84463167490591,389,-0.7258630589293842,-0.40269137411989286,-0.5121122757194908,0.8771461861199089
0,0.4638749424833652,70,30,1,53,14.84523017572576,29.82254593715116,355,0.09912326777880456,0.4165655155010706,-0.8709705026137926,0.25779876066030144
1,0.18051799730312082,53,18,4,84,5.216828514723076,30.128640539425437,24,-0.2506686483808195,0.7535989894922313,0.9053021649912095,-0.9387893993938544
1,0.22560619364603057,55,7,1,83,8.826036773225276,30.016845820295835,15822,0.5914817736974263,-0.7645360969413041,-0.23227628419653285,-0.8915558636317734
1,0.29954529271124586,67,19,4,83,15.738936995076097,29.833678822129272,369,-0.2642084976695912,0.4899977866254247,0.9376280023275739,-0.48535212399669586
1,0.6103393741505141,54,32,4,78,0.0,30.110832443438046,22670,-0.414794245369981,-0.4587805818414489,-0.8828394538761586,-0.26174525803483856
1,0.24768757690626292,65,30,1,69,10.040143207545167,29.75483926628823,27704,-0.99999073973619,-0.8549230810755024,0.45311513062581854,0.2185373524159441
0,0.41819517666694606,50,13,3,42,19.164789335413463,30.021286223724776,216,-0.7352390272880236,0.9560476206411245,-0.5586466622647832,0.854238318525593
0,1.141361257,71,28,0,84,13.936691322605773,29.90105849539489,345,0.8871790852528316,-0.591346861664265,0.2476155829500463,0.9331645650532537
1,0.31948309295450417,63,18,3,86,18.37755715143868,30.000978285986697,2444,-0.06828110836746598,0.8835524579668516,-0.9190587309613057,-0.49367861766255117
0,0.5987657539494208,78,29,0,60,25.564269778488356,29.793705734891205,180,-0.49734175141440284,-0.1741626921917731,0.8552601370960145,0.5641273014137329
1,0.17003432343475977,50,29,4,81,6.244063217022967,30.206436601386752,27946,-0.99999073973619,0.9598503626211806,0.47933896220403815,-0.8534767620129876
0,0.8249403204926252,72,29,0,61,7.995128737217874,30.018700781967933,67,0.3089768771077133,0.005661791746155206,0.9127817581075148,0.9598754549948217
1,0.3783490408056683,73,27,4,63,4.978533182377006,29.68024224288704,382,0.22898152371253272,-0.3357308078374439,0.8857093408187713,0.4405743370583944
1,0.7218296337134356,57,27,4,89,5.325025891193131,30.092461773260187,311,0.10194820799670452,0.6764554057688443,0.8728920190831713,-0.2390218362354645
1,0.5031505612110962,70,30,2,75,20.624078668456317,29.773091470191783,475,0.9845006296074401,1.0,0.8407280647500979,0.26216098824100054
0,0.8060219060851028,65,30,0,66,5.827492509479625,30.002117211428185,82,-0.4567044859639866,-0.20898399277574187,0.24236306155759377,0.9019638183172851
1,0.2884242724779742,50,31,1,54,17.431679991290945,29.99944650306961,14514,0.99999073973619,-0.9999629591162656,-0.9113068672800534,0.26908440447571697
0,0.877538838508728,53,22,3,80,0.0,30.275148253570425,0,0.29253942391034854,0.9448758761348277,0.823793887108777,-0.20328055355990923
0,0.8410822993386406,54,27,3,91,8.013098632436005,29.990700129144358,0,-0.08680898505017533,1.0,-0.5169784169745267,0.8096909347878114
0,0.7319486720205994,53,14,4,82,19.49651860979179,30.086524933290434,217,-0.3131440510716046,0.7918017796725829,0.8468997477892108,0.47640806527796065
1,0.32624523922630655,52,23,1,76,9.597284126922366,29.849393218480028,9527,0.8681775345077738,-0.40361887965891285,-0.9141358094461249,-0.25083857031450324
1,0.33735601756987244,68,29,2,79,18.94413132890409,29.853274864388233,5437,0.9052052982740829,-0.9707052331755066,-0.9119351047518117,0.4812361582895835
1,0.3965164742977878,70,29,3,80,0.12257821339055429,29.87781131894106,30598,-0.18149389259569026,0.9223326244458707,0.8880110642057338,0.24566660171643773
0,0.5125909840268794,64,17,4,85,6.971485770504674,29.88095328059381,0,-0.8105677616179485,1.0,0.875555139686383,0.4886999981098818
1,0.1459682784197901,58,33,1,29,0.6848930862491676,30.028475089382056,35283,-0.99999073973619,0.8270113631594136,0.9607846821944768,-0.8971874330140834
0,0.8267838970059634,52,27,4,88,8.390720480184148,30.075786747518496,176,0.2884090547525105,1.0,0.8999133642019062,0.5325037845281698
1,0.5166741833280823,70,29,2,70,22.4115711421915,29.809201412550358,3999,0.9189414956709732,-0.8240142670293295,-0.9659258262890684,0.27196805056731876
0,0.8097338341717424,73,30,4,89,11.227678556567675,30.233800064833012,5,-0.9121719610121705,-0.42271713999352645,-0.5634293600362366,0.8810639863942987
1,0.050400916,70,30,3,53,18.619385113174538,29.96431784211352,36580,-0.99999073973619,-0.4353834699413197,0.47601936236793574,-0.912083170946443
1,0.09603386915963055,78,27,1,34,7.037731877582589,29.966962468212838,36580,-0.99999073973619,0.48025216334212295,-0.3111697575244344,-0.821249193390085
1,0.14631518513533592,56,27,3,85,8.158564757522651,30.08333663712526,21221,0.9668426541097205,-0.1600065242570281,0.8554028840078179,-0.25821683919658606
1,0.5087648044276314,56,30,4,70,11.942238653539604,29.999369463778585,1893,-0.9155560188634456,0.15621725186927005,-0.8699204563699049,0.23983022768586926
0,0.46049476972571546,57,16,4,83,2.402483619437385,30.063536628917312,7,0.4720154451535306,0.9729102279761181,0.921347241598845,0.5302760550990765
1,0.09747284751126165,54,8,0,76,6.282035201728894,30.204753591957907,31246,0.9112226009328013,0.9105504207800689,0.5025342961436912,-0.8588136382749707
1,0.29517171711280193,75,15,1,41,5.770391868157623,30.13924624244184,30777,0.8668431446506302,1.0,0.49577001811254356,-0.9318089795611745
1,0.33621162222600276,55,5,4,79,5.981900092303009,29.794117770521137,1554,0.26759797661923457,-0.216106696299581,-0.23194114219375697,-0.2208441769282471
1,0.059999734710212416,62,29,4,31,5.9780627354315286,30.077696201791575,34986,0.7785778381171539,-0.1261932169286319,-0.27470241175177196,-0.8341443532526155
1,0.09956696293736701,57,27,4,90,9.201698534717405,29.7735924372991,21463,-0.8739824352818214,0.496785212708879,0.5654374066527424,-0.8787636045461972
0,1.1065708517870618,55,29,0,70,5.971096640070618,29.784724077665064,301,-0.4869383252586287,-0.4409942649875901,0.2344401226680848,0.45945636068434004
1,0.671506158161122,63,30,3,82,5.2067895949622125,30.092659519717344,18753,0.5820452609627014,0.8637979990217248,-0.9016678680677069,-0.2615580344998308
0,0.7127753133231479,61,28,3,72,14.990786864404756,30.193811874836946,167,0.9395878986811538,0.2782802997348523,-0.5398489007203437,0.8524006724751464
0,1.0709315921486537,73,26,0,52,3.54870839677358,30.162117783108304,255,0.13887835745982008,-0.8441576982869927,0.797358736581969,0.9659258262890684
0,0.772392505832372,49,23,2,71,5.344774215285916,29.767414834061068,0,-0.11220567476248798,0.8114153055981785,0.20911570222379974,0.9464970123092814
0,1.1120698064656245,48,30,3,75,5.662987892074196,30.048837361096773,108,0.7634256079870253,0.09521218947037967,0.2356369770781702,0.9110327130817948
0,0.8842978647217172,50,32,4,89,4.863514381738652,30.230028815149858,663,0.99999073973619,0.9264096846230374,0.8771631476592563,0.5441494041783146
0,0.47376099114724773,67,28,1,85,6.228594717462346,30.005291571324115,681,0.8464618645436552,0.44531573937710456,0.930063592099801,-0.4948810141171077
0,0.7924334800623398,46,14,4,80,4.945281823164963,30.009673424635032,40,0.9274952067126494,1.0,-0.5139886934749899,0.8510594392450048
1,0.4431608366816204,74,33,1,43,23.418468364425173,29.712833182626124,407,0.09966151808831761,0.07214863505759708,-0.9099630541220547,-0.22485409333884562
1,0.7124191668700877,78,23,1,55,5.650187747405156,29.848865343745704,445,0.004988277376801464,-0.5208826097519516,-0.8681299270916945,0.22887781877094168
1,0.21338775797128987,58,30,3,86,0.6281905932291687,29.915929390433035,15640,0.6024748818565716,0.8706904728248246,-0.8921579863475689,-0.5055878575083457
0,0.8179551193685742,63,30,3,57,19.375525100532865,30.119544091920883,0,0.08543327685886952,0.4412086463590296,-0.5068246947741776,0.9189476007824059
1,0.10899837480050999,69,30,1,50,12.045227336278368,29.83810980277004,26901,-0.9675557537192445,-0.898494351991574,-0.8935017022772496,-0.4830865047052784
0,0.8572866844334934,63,9,0,60,8.608596756339006,29.965388171857356,111,-0.99999073973619,0.9750931194458774,0.9349744884833256,0.5564317006527414
0,0.8478396046390977,52,4,4,85,3.3143872411553232,29.92580943378215,204,-0.872071612239498,0.990168544280073,0.8705602914808542,0.5179052115211226
0,0.3944525420464501,76,30,1,64,8.703371518807089,29.87451640537799,531,0.9559569794125016,-0.9668749556753915,-0.9396657684928764,-0.47812167063623406
1,0.3451384540445648,62,29,1,80,18.120216702601414,29.891205575923866,8108,0.9809009221568362,0.725566291045061,0.8902208069429604,-0.8359713549699571
0,0.8581015086617677,61,27,2,77,17.471065670215093,29.99320464777702,317,0.2035989402791245,1.0,0.23363737521506836,0.9134253978528034
1,0.5690012367983203,57,16,2,30,23.21007445392137,29.980793561445598,3851,0.4042840423999949,-0.5216334537632485,-0.9260139692343451,-0.516102144294187
1,0.12009721843220669,60,17,3,86,3.181979800367663,30.10560007879008,32011,0.8868089374385973,0.278905737404266,-0.26618283930572006,-0.9226688573872663
1,0.4368654567665108,58,28,1,41,5.574813573702614,29.839130508198163,16899,-0.941986298596545,-0.22058068545524923,-0.9577223397214167,-0.26180418394582944
0,0.7518271421919696,77,10,4,85,0.0,29.747190587603964,589,0.9690315019120889,0.9738644382660255,0.8694369847790333,0.49144408614994867
0,0.7865047808672904,60,30,0,82,19.21270181735954,29.883217345137133,199,0.99999073973619,0.867309419810478,0.8232409094393952,0.4732868311430268
1,0.07766590852246091,71,28,4,78,10.80094811089933,29.852103157939144,33992,-0.48849318459067353,-0.7038484873341486,-0.2729614460218264,-0.9494551586922259
0,0.8412554470777298,56,29,0,50,20.662480031559408,29.943262718808555,241,0.9278107133059357,0.8210839388528411,-0.5223001172788606,0.8614693063807307
0,0.7191674361318909,52,26,3,84,13.442957110113106,29.816313601786845,0,-0.46576082372108435,0.4963740311685996,0.8776919173153351,0.5448731009667309
1,0.08669576017022138,57,30,0,49,0.0,29.961889302086966,35368,0.03882581044791175,-0.8466234880717228,-0.2494772786311874,-0.9404781314377582
0,1.0012162256214483,57,26,0,58,4.9919972847866525,29.997831181196393,74,0.8432084304539686,0.852775721360948,-0.5260285118878039,0.4921315349627926
0,1.0664192600965015,71,28,0,84,5.004287686589611,29.988634408367126,0,-0.8503365639340966,0.9144329798428315,-0.5679209839794437,0.8579253127823693
1,0.7109373557946803,53,28,0,53,10.921965578705883,29.991421449969703,366,-0.9585864765634365,0.7956956514377157,-0.9659258262890684,0.513874764189985
0,0.7722930174765626,60,8,2,72,8.20771416294101,29.967777428214397,443,-0.06464920941503584,-0.2704942833430521,0.27267497693229115,0.8934677484431606
0,0.7000019042821857,54,12,4,88,8.551385027634737,29.836419341464442,590,0.9633446969938085,-0.2955702802139603,0.8437616208812461,0.5115509571873194
1,0.09290876760321268,50,29,0,67,10.86691261764637,30.041635456944444,35933,0.99999073973619,-0.36320917884727155,0.4897106129484923,-0.9315504548558509
1,0.07956104662387074,55,30,1,63,5.671423852264631,29.718900446768185,20430,0.9780174744790866,-0.8360458458867892,-0.8918019612269178,-0.9275135966869924
0,0.7864443113324557,52,32,0,57,13.08646108348115,30.053212706467217,165,-0.6217065998619642,0.5020695448370966,0.213691070533284,0.8847193679784586
1,0.13381794558484708,52,30,4,79,3.615399538684458,30.09287236270986,10440,0.8119583574576199,0.2098391608610565,0.4622094832909329,-0.8588137362551814
1,0.05396046226713648,67,29,1,53,6.373740406778535,29.66355864324831,36580,0.38054631547084666,-0.3896668388080331,-0.26246322360688945,-0.891430225567108
0,1.141361257,51,30,2,61,21.391264789917606,30.198472863129183,291,-0.8459862506803572,0.6633882401326935,-0.4891353296213191,0.9406470062161159
1,0.09272409112024188,77,29,1,65,8.426262886090969,30.009540117734794,34331,-0.9357865477154437,-0.5854403103371473,0.48198509831361447,-0.889532064741893
0,0.8008247661843184,55,27,4,81,0.0,29.92368578304245,562,0.23153794710387432,-0.3691176918702631,0.8746937852502931,0.510950794104034
0,0.7771029706153665,57,18,0,83,2.325486579862347,29.86378187119784,0,0.9409565174579076,0.2478484270455764,-0.5412438364812678,0.8422251463016442
0,1.0992368655270641,57,8,0,60,6.348018736966158,30.07316188263456,0,-0.99999073973619,-0.06978215853790518,0.22750489767767168,0.9286538003547549
0,0.7856407494173633,56,5,0,48,2.632179078149749,29.879426530217312,55,-0.3201501504165983,-0.09495231992863654,0.24116005039968857,0.5090290429712534
1,0.41548980016814874,59,27,2,81,16.818394075244264,29.919454486207783,571,-0.9040012703162744,0.13049690141038262,-0.9659258262890684,0.2841068734383467
1,0.568972713769858,74,20,3,60,7.383398386065584,29.86902772986702,0,0.5243334142137657,-0.43768670982552227,0.8194459397439194,0.24264459830190727
0,0.8743524522137883,52,28,3,71,15.80638562365881,30.034186795641062,0,0.99999073973619,0.6063802750644335,0.23393799394537973,0.849010484238405
1,0.050400916,57,7,0,41,5.747120202752623,30.092265954946154,36580,0.8526529309525681,-0.7535606026411914,0.45650555584109337,-0.8657633746248461
0,1.0919307074471596,56,15,0,60,3.405749129313703,29.94321245160623,190,-0.99999073973619,0.984169309066995,0.23404323244327652,0.5201781332139286
1,0.37388928867842475,65,27,4,15,2.690241196066513,29.851949582136196,567,0.8968330037780093,-0.4347552311658943,0.901006285436665,-0.8792114681704158
1,0.050400916,64,30,3,81,15.262534832470614,29.527390906088645,35534,0.8036649897754468,0.9987574374392904,-0.2606065462840291,-0.8776939663428527
0,1.129419088025961,64,28,3,78,5.744602737951073,30.153146965945552,134,0.1928898804122014,0.9968091263583061,-0.5476412115777614,0.9447115948695037
0,0.7956066253279025,62,6,1,43,20.475876228738226,29.907928661837563,631,-0.9797291348371474,-0.5179287555620459,0.8368063587543699,-0.928572808816109
0,0.4438825980191165,55,29,3,71,3.3866276172389402,29.833355531845942,0,-0.11969439995684115,0.18324407068757936,-0.8871709269599988,-0.23318000572897343
0,0.7004754928123479,61,30,3,50,5.075432768870519,30.037297065899892,0,-0.47803827125777154,0.38128307106296877,-0.5017180117683383,0.5009901044790418
1,0.47336985756207456,51,10,2,80,22.233473068529914,29.99132373680358,318,-0.5375316562691992,-0.7685738889685018,-0.9162560130114952,-0.4776076480155243
0,0.5014887859328583,51,28,3,80,5.572672205766638,30.107362136180416,0,0.3296247725942138,1.0,0.9402539954830146,-0.24960851057893427
1,0.32718688291636855,68,28,1,81,24.871441459042877,29.81594744807292,23643,0.8863110535198174,0.2883249061543282,-0.8751984463966416,-0.5033752731053052
1,0.4899933548373477,50,27,3,87,11.597749328326444,30.215512606634363,1839,0.9560259868919776,0.03941556072358508,0.9120475522184625,-0.2268937847026247
1,0.28106424477278596,64,32,3,73,9.634776406364953,29.92056950211471,237,0.957456037418761,-0.3916370651095781,-0.9079268095360673,0.2598914533451569
0,0.9210501224014702,58,21,3,59,4.991129119816085,30.04033019904862,761,0.99999073973619,0.8799210919980835,0.8653884052716417,-0.4716199753534757
0,0.8191258828343682,65,28,0,62,14.356037077991083,29.861643610834623,264,0.5652005344489622,0.4101618787316922,-0.4943288193644225,0.8881541701946293
1,0.050400916,54,29,1,53,9.545138972848184,29.85946422906392,33455,-0.567384585790108,-0.6107221854506552,-0.2868426072217185,-0.9126691387800185
0,1.0595614059694543,47,8,2,86,15.757254521578098,30.016943684471112,254,0.752166833464295,0.6550453745269714,-0.5091212070533351,0.9256504387161395
1,0.08991595220558865,56,9,1,82,4.811852260958128,29.95470886427733,18113,-0.9195333025282281,1.0,0.47300696661900904,-0.8325039842407475
1,0.050400916,56,28,0,80,0.8361085175190814,29.955952875900024,36580,-0.8610655409281984,0.8427330852301205,-0.2944531152257839,-0.910564933287497
0,0.8117276118789442,62,28,2,85,3.2529243119582403,30.22813101596035,135,0.8555292885618377,0.7292386866397924,0.2657835995559251,0.5131120390070132
1,0.2879553746205401,53,29,4,77,17.029197879055467,29.97586526168669,34105,0.798439231246235,0.8822460191275162,-0.26237800114318666,-0.8425837493733618
0,0.8145003948202715,52,19,4,79,0.0,29.993034703475548,471,0.06910098403505432,0.9706458517102189,0.8520604845911628,0.507508937593185
0,0.847792710459761,63,16,1,80,8.94051956285131,29.751916057340598,0,-0.8930632107954114,0.9566000957920502,-0.5207494092006687,0.9226608087893278
0,0.8252842203198334,71,29,0,56,9.471303827180076,29.864238880213684,219,-0.9374630488465753,0.020253060948191667,0.25493052861838883,0.9659258262890684
1,0.3077215195395766,78,31,1,65,19.948719522514253,29.93297399081254,21072,-0.13249127453546888,-0.03454164996848573,-0.2746394528304578,-0.8658953186958765
0,1.1152533005145497,48,28,3,64,5.360499722410549,30.440505341000776,0,-0.07906375839999853,0.025092970638407312,0.25535449058082343,0.9541950615793364
1,0.08077826748924763,55,30,0,58,0.4491271056720097,29.93207449157745,34141,0.7909342512608051,-0.7663474865191883,-0.27127360217499746,-0.9323924242818473
1,0.11902728274523447,52,31,0,83,9.993627028142546,29.96477253681165,24919,0.11985335578379469,-0.41032224704519615,0.49262168821456204,-0.8745960633116209
0,1.0606452689187875,50,28,2,68,15.436562889349227,29.858391083368847,229,-0.6207725718132624,-0.1317559781255176,-0.49442033688192855,0.9258783289923003
0,1.018772016363418,61,27,1,64,13.394974668696294,29.93223029950438,467,0.2945514228542543,-0.9173047874002559,0.2551453456696424,0.8967827328887689
0,0.6014892149712522,50,29,4,84,0.012792428820426773,30.12677946022072,477,0.9196396114990995,1.0,0.9584562241440778,-0.2626255159064986
1,0.12134336983293592,62,29,1,61,21.42348396861476,29.852757404472833,22780,-0.909576214049497,0.22379334620487246,0.4497932386145592,-0.9659258262890684
1,0.1571664530335632,71,5,3,47,0.0,30.181342555416855,17016,0.15968015892895177,0.5976463901111911,-0.266665085264514,-0.9457066709806935
1,0.36799614577093664,74,30,1,47,20.13892849397207,29.952020748491023,28340,-0.99999073973619,0.4224356903427038,-0.28198346929960744,-0.879063490617695
1,0.7064457349816933,58,29,1,66,8.542923966328,29.9926045526304,398,-0.9063386649271146,0.49659226226690717,0.904059018822724,-0.9377700152406135
1,0.1322359588159686,74,27,3,81,8.296579880193045,30.157749772184218,19250,0.9336379643961497,-0.4560871083697126,0.4508829378746903,-0.9198721994130556
0,0.7725763605709124,53,24,4,93,6.934390753696134,30.2074311467322,153,0.5205234421549245,1.0,0.8582482213654135,0.4941154826247258
0,0.8127775362656285,52,30,4,83,12.362127153195791,29.944121554101844,273,0.36004336132313,-0.09559717851480706,0.8317735853147209,-0.21562911922314967
1,0.43615602591925623,55,22,2,79,14.724382240421239,29.899362436925124,178,0.9432743416905832,0.754834801230597,-0.8646853428069539,0.2510529879199344
0,0.7111860989694436,56,29,0,79,0.2912533323838842,30.115490687730247,167,-0.1985749251891784,0.4623532921191715,0.9102949643363412,0.952762617372628
1,0.9072480177977829,63,31,1,45,8.235009774156708,29.680373431565283,676,0.7011396563787128,0.9133251406313778,-0.902392812204466,-0.5282977906167945
1,0.16259567315483814,68,28,4,74,3.279042986244952,30.105511112789834,32231,-0.8582286759614025,0.05645715201300704,-0.21292754091869182,-0.921127053038125
1,0.15977628581868678,58,15,0,81,7.629855201677295,30.08946523778359,20181,0.8284371306799432,-0.12539886930177874,-0.2501086180066223,-0.86847987204922
1,0.3781417709164821,69,32,2,46,0.2916025035419959,29.996087614732367,15553,0.12554191098686945,0.9523659823805067,-0.8869546853025527,-0.21568584867759516
1,0.4038684277653431,62,29,2,75,6.358615738169727,29.85718799863943,431,0.8083890925159778,0.08080591225030442,-0.9566032765558826,0.2825782715145499
1,0.17259148204629463,69,29,1,71,20.78065044609377,29.839297993119615,592,0.9863517772736161,-0.6207928363228656,-0.9313947136744186,0.24466084873746963
1,0.3179487838513485,64,7,3,57,0.6107096687604228,30.081135637864232,18143,0.8716191026048885,1.0,-0.21540904582849502,-0.4787942322606734
1,0.7273935216093776,55,28,3,80,6.285213695704399,29.7495665567043,258,0.7337700477655605,0.34533148752317044,-0.9288200989919662,-0.22882921195473646
1,0.15973749478550842,52,28,2,56,0.0,30.213262297205617,27761,0.8570676996471258,-0.7669524466292954,0.9456489717659141,-0.9627981860981834
1,0.13014799060161938,58,28,2,15,20.796687839752,30.063326620268132,26186,0.37514485060282043,-0.07628294336174901,-0.9306886656286384,0.256916701152033
1,0.12880725986530708,64,27,4,78,7.321474705551189,29.960338094692418,24207,0.9125150429145253,0.08852467725350595,-0.27450458124199567,-0.9018702884297742
1,0.11145217831945264,57,29,4,57,21.133009528428442,29.813096507997788,29233,0.4749191715673048,0.12755074068410802,0.49270495731213354,-0.9108616345122437
1,0.11979856440933176,56,27,0,72,7.109934413600963,29.90062588880067,2872,0.017125910734742067,-0.809932111053644,0.5194515984265685,-0.8769681054262222
0,0.5840412103534078,52,28,1,88,10.363237914402564,29.968684622627208,21683,0.21577523761644227,0.9296351261276614,0.8854320600782201,0.2350563584726261
0,0.8103169273570292,66,28,0,81,4.360737921100371,29.900709207886294,142,0.22378149747020815,0.4915081713057086,0.2288047329941148,0.9032952902799228
1,0.47108082840397103,60,29,3,72,2.5315988756187395,30.05873516794106,133,0.8382480929132862,-0.12693587285793484,-0.9206887825737147,-0.23874374180281802
0,0.34451319824823223,66,29,1,72,6.913986844117994,30.06108498021734,283,-0.8887768224059172,0.6528744212962244,0.9237708974165373,-0.2553829158042631
1,0.07264533832631032,45,5,3,51,0.0,29.969068310006843,3760,0.7713043700970882,1.0,0.4418191241600483,-0.8473054784376753
1,0.5595035571767764,64,18,2,50,18.298308987322855,29.936953630448105,2381,0.9001607338170371,-0.19732343673335556,-0.949110726187221,0.26037757322096705
1,0.7050982219023105,65,6,3,74,0.5658941997833021,29.969117212276924,8104,-0.99999073973619,0.9582122220559546,-0.9557907279900775,0.24693210281701902
1,1.0875794757939468,71,21,4,92,4.717785046315572,30.13898035975825,0,0.8752692664493106,0.9738151883338091,0.7734930775115365,0.4822617119866399
0,0.6988548442371937,78,29,0,78,7.623215553223998,29.805323404677385,350,-0.9798480791787176,-0.8442940229610165,-0.544803218827215,0.45996856485559595
1,0.09927022047157875,77,14,4,86,3.422770813605729,29.803960648815657,28360,0.915253885766557,0.39478342242714987,0.4894900831678911,-0.8680493587607244
0,1.1275816818334656,56,31,0,67,5.957532884567204,29.7984401783009,76,0.18410001190454905,-0.14380495711495953,-0.5446614011807959,0.2676633553886538
0,1.110580710485001,68,21,3,87,13.930609076612889,30.174920977537717,179,0.9068883012801756,0.9738759874723265,0.2444413646575493,0.9399672426379401
1,0.08544801510257825,54,27,3,68,5.983047504717281,30.035887231658062,33455,0.9861756655562194,0.3457303064643253,-0.2752245431115669,-0.8960788613941876
1,0.09289471297881009,53,16,4,86,0.0,29.896598117516696,36580,0.3794533781863467,0.1334067653090702,-0.3324155218880108,-0.9314291044052088
0,0.9843970491246226,55,29,1,79,18.441302999974553,29.94528305136205,0,0.8609884057313459,0.06821518095204471,0.21313604564291783,0.9315855832840162
1,0.45828430915813945,61,29,2,47,21.677583500228387,30.189828105766892,26387,0.99999073973619,1.0,-0.9659258262890684,-0.24769702752365713
1,0.40172538118116186,53,21,3,75,7.768135873309306,30.006223088646443,3086,0.02746656911308317,-0.28121651881859006,-0.9183870106345381,-0.198221135190844
0,1.1141481339117034,60,23,3,70,9.091210197070344,29.992299911077442,178,-0.3964932538407522,0.9479469901892847,0.24588872020448682,0.894218071788785
0,1.0430899163490968,65,14,3,72,16.487414535973375,29.876159602219676,139,0.144045370042593,-0.8544840761782678,0.24741459042016228,0.8665552334125484
0,0.6318320396311807,57,16,1,71,4.7972130108853275,30.266411732844873,223,0.8201610548546946,0.396197549062243,0.9074915514354683,0.9350805814527549
0,0.8320928439519936,66,14,0,59,0.0,30.023208101064196,50,-0.9067661721961203,0.8906999330091538,-0.5283270840587009,0.8906500389994697
0,0.8104850084319976,67,29,3,84,7.05201287781953,30.3006875383577,0,0.4134679198952207,-0.41843230010925636,-0.5437354087084599,0.9314543318095725
1,0.4571109009851089,72,31,4,55,7.8088706360339195,30.1075498112856,583,0.07628721657741613,0.8994543435751426,0.4836152166545377,-0.238137994578767
1,0.3003208446706862,57,28,4,52,3.4494739946264676,29.80730046091727,30443,0.07649684895128778,0.38482221375478387,-0.23263388974348753,-0.8879049544121462
1,0.05611299528255137,67,17,4,72,0.5700806535831475,30.04650444709599,23715,0.8673296082663251,0.6327347697974645,-0.25705626377244767,-0.47853696122504774
1,0.12832395383890188,55,8,1,58,6.151578039926141,29.752388789332308,20296,0.9954031483065607,-0.7667365293220929,-0.25722756435267347,-0.9277829550642208
0,1.060192594550812,55,27,2,76,9.314063401579755,29.87319042962892,282,0.99999073973619,-0.820453618678379,-0.517207640109066,0.9265842568431539
1,0.17815289441769183,55,30,3,86,20.225018206361632,30.097911067339844,29392,0.43798153806052686,-0.24431490411574897,0.876269309401591,-0.9075819159726007
0,1.1133106085907059,51,30,3,81,13.121825860628187,29.975674399123513,226,0.8591220455351377,-0.37284095131415185,-0.4934809375822915,0.8921278966631024
0,1.096591141729614,65,30,0,60,0.0,30.20483385395839,215,0.8123172347384685,0.9647487983857609,0.2529621974489021,0.9659258262890684
0,0.7771304585400396,46,23,4,88,0.0,30.27138422860843,0,0.8827488292081138,1.0,0.9047902380358842,0.5073252316280349
1,0.2445984744035077,68,29,2,73,24.47146185612397,30.029732568806846,2920,0.8357610841753219,-0.5792710475491141,-0.9024035685463679,0.2912005422543741
1,0.5205448988806332,65,22,3,82,3.112873445148295,29.9067003615584,3876,0.5387437197357146,-0.9809741391536493,-0.22561054242029502,0.2890902483628429
1,0.3342707488383797,67,34,1,60,18.101828581886313,29.676684890027424,3970,-0.5066320567925573,-0.9694099736425774,0.8715416157344497,0.26126491859570655
0,0.9800195342019646,59,32,0,77,5.225449181334943,30.043837885551415,0,0.3504431793160467,0.7744166035578985,0.8951263579619281,0.8994093877859327
1,0.1420635541658822,54,29,0,84,4.399228658321552,29.878946612630358,25272,0.9156753028023944,0.06923096559492674,0.484056296452719,-0.8395399902066011
0,1.141361257,48,28,3,88,14.043587076078264,30.250271232009585,48,0.9270757148717808,1.0,-0.5141589194221532,0.9064624830806568
0,0.7667650115584465,58,21,0,69,8.074364559148865,30.042079583990628,0,-0.23750120419788157,-0.940518119784765,0.9113796359800079,-0.24054025404907273
1,0.4054510651510805,76,29,1,89,10.734123526241365,29.797060890532567,36580,-0.06373503166705485,0.7851910428793951,-0.24715777927706162,-0.5345804167408982
0,1.140244702389148,56,30,1,63,14.6013473447313,29.94095461108675,0,-0.9379405316839092,0.9544972629659114,-0.9264502182485332,0.8852816495144399
0,0.8437282086372279,61,28,2,57,13.593091217600266,29.952920485550738,543,-0.99999073973619,0.2371261660273185,-0.5183873802273496,0.5150923462222576
1,0.16647221985993027,71,27,0,21,3.2019232085693097,29.910834732001025,6658,0.5334796244431197,-0.8881906924791819,-0.2492076697663158,0.24943978103473902
1,0.4033960679284868,48,16,0,89,20.333488748333448,30.35823321626741,30149,0.99999073973619,0.1368361778895018,-0.8887348638058509,-0.8727724007598623
1,0.46853968254503875,56,27,3,65,5.294757397704237,30.26261790232579,3881,0.8656867887977026,0.33404353134224657,-0.9659258262890684,0.2614405258768464
1,0.7695462246537849,51,26,4,93,2.8272146274180234,29.94994575569868,206,0.90085138660651,-0.32667113062182784,-0.9659258262890684,-0.2595420634564969
0,0.7527124006239848,50,27,0,81,3.8757827187903784,29.809776353715236,0,0.41243293844361484,-0.7903829738182228,-0.4955624241345921,0.9441476732289554
0,0.6852157629191835,58,31,0,70,19.644555233565868,29.88166835762651,82,0.538794832202748,-0.07907638992554114,0.2326441029941844,0.9659258262890684
1,0.8076418388460499,50,16,3,60,15.862843664934875,29.921778845572902,0,0.8258001428559856,0.8103880971155479,-0.9274817778869535,-0.19786464406494664
0,1.1336806781116442,45,30,3,85,0.0,30.056778019452693,0,-0.08696872894811543,0.6717515067431229,0.24933734440703198,0.898907070981087
0,1.141361257,52,32,2,76,5.576910599694107,29.95685733661936,0,0.8024480920662365,0.7160086350871102,0.8548933082680356,0.8836311282259216
1,0.22757900768739364,57,32,0,66,0.26859449109504313,29.871893633760564,311,0.9429566408984995,-0.6588806696632613,0.9282592394975738,-0.4757674384793147
1,0.7893754545456988,53,31,3,62,6.779487907184732,30.237332872581693,11088,0.577007658641003,0.8561954393482234,-0.2349655070946441,-0.9104036872546337
1,0.4584503227984434,57,30,1,67,17.07928188127068,30.013223162192386,649,0.92109952145087,-0.5259025547059125,-0.8426506570612484,0.27088604445659964
0,1.073448583757452,65,21,0,51,4.7532695329936905,30.045648366092408,110,0.079610963948205,-0.09352451116611835,0.9202118475517583,0.9659258262890684
1,0.1084514181971393,54,27,3,62,9.52603509035883,30.122790097592524,3178,-0.4180835480567927,-0.9134983902991817,0.9017102436826179,0.24213966172573692
0,0.8191387422481968,68,27,3,83,7.979546617963822,30.138971927167262,0,-0.3535162405507962,0.8995126463412833,0.2539595357399943,0.8603824990253723
1,0.37775803261136043,77,27,1,22,0.0,29.85990819867337,18235,0.8454675973112373,-0.5072727479509677,-0.2481252765001423,-0.8891303008068414
1,0.6407194403876008,43,28,3,81,5.991929421008088,30.20833063513045,1632,0.3498608929806399,1.0,0.858419116218191,0.25063819407165244
0,1.141361257,49,25,3,82,0.0,30.055704407559308,225,-0.5125965852527545,0.7081771427356389,0.8722209651137618,0.9127406096173564
1,0.10345331786126472,63,22,1,53,0.0,29.83179779130478,15322,-0.9420404610097367,-0.5824134211662423,-0.21916258323858218,-0.9107864356802803
0,1.0919824174299175,49,28,4,77,4.5500069804676615,30.094070004164028,492,0.9012720097175341,-0.8420608473807284,0.2481933773642249,0.9452193218639666
1,0.4560569890651871,53,29,2,81,21.64386778115677,29.766018317847596,6673,-0.49714998390651555,0.745947777598147,-0.9481516327491208,-0.502342838844115
0,1.0196529263938725,60,27,0,77,5.023021141749423,29.75427838952258,219,-0.8880790192573064,0.479281747303699,-0.5106172716989672,0.9257237300316962
0,0.8035892693846711,55,28,2,75,8.125772702185065,30.08661269183384,0,0.44899402941582545,0.6721960577591483,0.21758419092484027,0.9659258262890684
0,0.7729773659249836,49,27,4,86,0.0,29.894143551624317,237,0.8631718967223361,-0.8014165173905066,0.8918501258081923,-0.25036922609745116
0,1.0089574378898765,62,30,1,59,11.522467393373361,29.864344615829502,251,0.16597356494324142,0.5155889991679452,-0.5049772631679402,0.9607749142048342
1,0.46923764347030555,53,30,2,48,25.388337875763696,30.157897344108186,17740,0.34205990818015497,0.8969674614155461,-0.8626657171610571,0.2517435705192315
1,0.08196187800373136,73,33,1,50,5.933207675922562,29.839600225992818,27359,-0.9597906718708877,0.2957717422976956,-0.9146114112011673,-0.5389533267986645
1,0.27411771067831614,74,28,4,69,5.861284016970343,29.756854842001204,20034,0.13279482284695443,-0.6810966561239005,0.9082144659279515,-0.5405749326578735
1,0.3769852430987154,62,27,2,55,15.787175483662843,30.01959882475674,334,0.8598413181508735,0.5889346243232607,-0.9659258262890684,-0.484838471062865
1,0.1590579855689816,65,1,1,68,0.0,30.117030510141362,7024,0.9341424410898451,0.9583493574459218,0.5039278735434961,-0.9172917734760909
0,1.1328269828200925,68,27,2,69,2.426057842637261,29.96596034268247,101,0.9347463939453239,-0.8535424535479226,-0.5320769851510898,0.8962296610200099
0,1.141361257,54,28,2,80,5.320537122043775,30.10111497354183,456,0.5681527516986475,0.4480331950051226,-0.5178535452919463,0.9659258262890684
0,0.9509964281800927,55,31,0,71,14.25540404180811,30.0593472212858,0,0.602320447504179,0.3509640400635094,-0.5371924616358562,0.8694282968752527
0,0.5846086220685313,64,29,3,52,0.0,30.052458476898426,204,0.21801110664002749,0.18817575230432826,0.24798597932903338,0.9100429567587369
0,1.1248902185039236,47,23,3,93,9.017442337725974,30.018322782716908,223,-0.6418362044722151,0.24209471123336823,0.2659413276437968,0.9403351884385084
1,0.3096546931240789,64,30,2,65,8.332773596975478,29.758431315473235,10185,-0.9693015443012336,0.4455187174800533,-0.9659258262890684,0.2779881050014187
0,0.7302740948539863,63,8,0,50,12.914281925096965,29.8677076222337,0,-0.2383534820152407,-0.30447863611208503,-0.5180550047268878,0.9022841011507224
1,0.7490088184449407,57,19,3,81,5.6668551504725375,30.15959259295857,642,0.8934279671278712,0.35037943736096683,-0.902385479670847,0.2688355065742698
1,0.38105471274616287,61,33,1,65,5.617021862852063,30.099386135502296,16260,0.9303491323107539,-0.944215416885519,0.534430752612603,-0.21491366434183573
1,0.16403958259859225,49,27,4,83,9.645172403728454,30.016025730972544,20619,-0.6682793441101907,1.0,-0.23749925646035522,-0.5231941607122665
0,1.141361257,67,28,0,74,0.0,29.919339480188636,104,0.2745245679796586,-0.9295709058053648,0.24042032072795885,0.8941783212974506
1,0.6955410893314996,49,9,4,92,8.92308589923092,30.31535265587696,18695,-0.09411357470493574,0.8080840720681312,-0.2982858885357244,0.5312257442345075
0,0.9966674742089339,57,27,3,72,19.520050148283968,30.184633729168297,184,0.6556052274532014,0.7984653920522401,-0.5242889896151562,0.49039875451378473
1,0.42188668795594053,55,29,0,70,0.3738535480226319,29.916488702377443,9539,0.8668280513547273,0.263541811871609,-0.25163663344336107,-0.5258922731753676
0,0.4806405395988686,62,29,0,55,4.643158415091259,29.89623613546186,84,-0.9825310419759609,0.8848418620551322,0.7945371289578994,-0.47152934270236146
1,0.4746775554051867,68,27,2,52,0.0,29.643636074157406,2222,0.8322180798236611,0.47531854194859163,-0.9659258262890684,-0.5089451169543029
1,0.6414326759503381,55,33,3,60,5.780070350271071,30.11947858193116,646,0.9450632055189262,0.871586985681372,-0.845789032390948,0.3220740117223851
1,0.3614890511780643,65,29,2,62,20.349671860092563,30.17418318618074,10972,0.8287977586667904,-0.48752287788900683,-0.8907080569295737,0.2448892279173503
1,0.1069657625060591,68,28,3,71,19.75836088734499,30.06734870400822,2712,0.9533274568083094,-0.19957149846159355,0.9363941404712349,-0.9262452663738329
1,0.0780755837909542,46,30,3,67,5.284455389296843,29.87960971793558,21595,0.5570317538269349,1.0,0.5494703546549686,-0.9018082757745761
0,1.141361257,45,19,4,88,2.328933179741601,30.301134028507693,0,-0.6542673381825501,0.9861477681503681,0.8209491338797615,0.5305984460966737
1,0.4002703728327226,64,27,3,70,8.734792076588807,30.05854341295967,3431,0.8811758780312191,0.23429185781024792,-0.9095925926778663,-0.5068102912615846
1,0.4200525062831867,68,21,3,86,5.943440897467357,30.05449756065823,3504,-0.9237812997831655,0.8966399885306945,-0.9154833545673976,0.22590521519072987
1,0.14216415670864968,57,28,1,79,6.8260379909248945,29.780383641366193,31463,0.9787151977070304,-0.630521038922462,0.9242026713457921,-0.8754402686460271
1,0.10895717387313063,48,9,0,65,6.452622968876503,30.174584877433524,24717,0.9642856345807028,0.9719742105448492,0.8438116442415287,-0.8668543098068034
1,0.10793264841789448,66,19,1,47,21.126253648100292,29.722738047784976,27202,0.8204101902060262,-0.9112769687492309,-0.2710801728776368,-0.9659258262890684
0,0.5776210194844891,74,20,0,79,13.590387576440213,30.069517075692676,476,0.720230236668561,0.8996697727212661,0.8985757754189309,0.44624499415441254
0,0.6893467173948733,57,32,0,68,5.600086449288996,30.006450092631404,0,0.8633128081981897,0.16767471272044493,0.22443932304453001,0.92306079100518
0,1.1211805671823758,55,17,2,65,0.0,30.107442466231298,0,0.8783211279727314,-0.29967432343055445,0.20354896961642657,0.9658241750040849
0,1.085360458296376,57,31,0,67,0.0,29.960030023614948,383,-0.7397266784434419,0.9743451997067364,-0.49069677003889556,0.8773633383159893
0,1.0438116511117213,45,29,4,68,5.703226156697241,30.218573375535637,0,0.9692232769226904,-0.042338177358283685,0.9023008858844381,0.5014825592101475
0,0.570721055869615,54,26,4,85,0.0,29.849691529848915,0,-0.13255705003512358,0.1762198681673997,-0.9610746467400556,0.4700542008233841
1,0.19343408245253793,51,17,4,80,0.222905385692817,30.137673563384087,30333,-0.4731989216906705,0.2469329573622131,-0.2492532015521682,-0.9013033915868981
1,0.25497054583020995,68,27,1,63,14.82353191780293,29.77113096724356,23775,0.0018718898187154859,-0.8297460870769489,-0.9213932886812295,-0.5302749623955372
1,0.6707279305850404,56,27,2,54,0.11867565025754044,29.773527024938133,1882,0.9971937308512581,0.7221486336096922,-0.9253185962211428,-0.25797280693594077
1,0.37738778436480114,58,23,3,52,5.33777983341652,29.867188291750665,1617,0.6594471563053937,-0.8289587895864543,0.9136126715794273,-0.24594097520567657
1,0.15199455868307274,53,14,4,84,6.300664244874129,30.165416867498294,32506,-0.303284992282844,0.5611276313309814,-0.2374168486846032,-0.8140439324889398
0,1.0743796348312133,53,27,2,71,13.85456736529679,30.068375260167674,325,0.9643193923800942,0.3318810036581947,0.21415098557968532,0.9314746087534909
1,0.20054359076534872,54,27,0,58,6.32939019339994,30.185046474235644,24558,0.3636439608909999,-0.4870406606759904,-0.26854626632576795,-0.9532435831376679
1,0.5927414944687815,67,28,3,85,21.01524343187202,29.83533565714776,0,0.7967435009056166,-0.6221075567300849,0.8990270960938259,0.25280458322592075
0,1.0479766793347849,64,28,1,63,18.08008695477064,30.103052971667456,305,0.17393739274890005,-0.8959159817536162,0.2738483988563918,0.8834845220807642
0,1.0174648771587789,53,27,4,80,4.951560738974402,30.193604961367683,0,-0.033358035811690195,1.0,0.8925772267188464,0.5450281946532731
1,0.06796377902719666,56,29,0,27,0.7568899040965751,29.86203572726392,36580,-0.443013466652579,-0.2111841918197731,-0.2835705521272263,-0.9396560049640468
0,0.756738324205032,54,29,0,73,4.863316825777661,30.08253788557258,105,-0.8844802589048606,1.0,-0.5487241199275585,0.9499184448319504
0,1.141361257,65,14,1,77,5.373057760751778,29.951892561715393,120,-0.6531814781597467,1.0,-0.5135943809743913,0.8869214915079876
1,0.8015099938162376,51,28,3,90,0.0,30.45120456851363,2522,0.2587884599902263,-0.8279594217645,0.8367118318528702,0.28192880733017806
1,0.06978227945745805,54,27,4,82,8.2453520016981,29.951145289849546,24059,0.9128826784511106,-0.5137704412804207,-0.27230895806999467,-0.9279084177443089
1,0.14214463724018941,76,26,1,38,0.5339221169187324,29.94326260698241,25761,0.5739546744464114,-0.8088647606814399,-0.2629964594649073,-0.8417504159231425
1,0.1269944261751995,56,28,1,78,16.905724989519182,29.86714106739108,35629,0.7976393040122771,-0.719439319354511,-0.2866546313456052,-0.8837814356862687
1,0.33385234975305655,62,29,3,87,3.4247512502979944,29.73540017111913,8266,0.041391967155769455,-0.9515499803051612,-0.27537153445660634,-0.819784734129424
1,0.07928798486792904,60,20,1,47,0.0,29.812063639312612,23722,-0.8582064326942662,0.04009971298271996,0.9215133717853605,-0.9058598025607888
0,0.7593771796424291,72,29,0,50,0.0,30.09423491468097,158,-0.2562295120353097,0.9620170508975454,0.8535027529400023,0.9055489565938382
0,0.8465883864271901,64,30,2,69,4.3579128534391804,29.901983794387878,344,-0.99999073973619,0.25074313871912796,-0.5020135559999344,0.9375349949980729
0,0.6388554952199593,56,10,4,90,2.782380498166474,29.761974509010603,518,0.3056568751941411,0.7878841186657037,0.8591399740096249,-0.26870081070545654
1,0.3010709469419679,67,29,2,73,22.02444403273955,29.987456663930022,3349,0.9027768767524189,-0.14346475722674196,-0.9182380267274297,0.25963434340775426
0,1.0799959574883538,48,31,0,73,9.639484625167272,30.110960954364604,0,0.750711484308074,-0.8538861379576189,-0.4669751659970276,0.9397777174840231
0,0.7876447986519785,54,29,0,86,6.241931840667332,29.973642606949074,276,-0.6609332715014379,1.0,-0.4923973465351502,0.8431579484260088
1,0.050400916,66,30,1,57,0.4969715588054031,29.939024618357912,32829,-0.99999073973619,-0.45261657948383144,-0.26892716944196216,-0.8625749378788633
1,0.1438578772356027,70,17,4,62,0.0,30.04791652795835,32608,-0.9474510866830946,0.8737863662159692,0.4725350834404962,-0.9066822224852316
0,0.5853685418327741,63,28,1,83,19.413016803465595,29.752261515434746,171,0.4689600900159707,0.5181105679638801,-0.5227212387141785,0.8938248503504506
1,0.4792902759319891,66,28,1,87,13.344362985117247,29.870104150110283,8340,0.27241556103601233,0.6796674378519599,-0.20418644214959025,-0.4657999408495783
1,0.3870057903378871,59,28,3,84,5.5761007993342275,30.060071201006938,17,-0.22500899644815187,-0.9582627530958217,0.9046240387536222,-0.4976690070399544
0,0.7107905141996336,51,28,2,78,5.72537438948079,30.14167953051734,371,-0.99999073973619,0.8919556619008493,0.2580769265540278,0.9169910907498056
0,0.5147213097415809,63,20,2,69,3.7352473513664672,29.8818100816243,455,-0.21750689670594286,1.0,0.8303731742870207,-0.24421535597421243
1,0.3923796639639392,59,29,1,77,15.192577209213372,29.689843003444157,31146,0.38584895008627595,-0.2747483342906306,-0.2829875111313225,0.26973337578830975
1,0.14064742764866042,71,27,4,84,11.270400565272448,30.032705696475908,7493,0.8533310997832767,-0.9065233889356833,-0.2205891039252031,-0.5316135608059249
1,0.12332029635382413,67,30,1,47,6.262825406589695,29.85161821262941,8778,-0.9724495783774361,0.08758265294647505,-0.28118721349200015,-0.858045324492618
0,1.0845665353575158,54,26,4,86,5.942437882552849,29.94496435531944,158,-0.27078648783715875,0.8149044262020834,0.8161350362266774,0.4943868034908232
1,0.050400916,71,20,1,79,5.973455647882714,30.06803525644067,36580,0.9048770143624515,0.41029380956188927,-0.2547516120585539,-0.913054129727739
0,0.8498774316345191,59,28,2,79,27.580532711517684,29.866344921078305,0,-0.34229814190302166,-0.8291804368018039,0.26797975679589386,0.9659258262890684
0,0.7238502494252342,57,29,2,69,4.448002316586299,30.06154796032666,195,0.5980640464606614,-0.5546942054789195,0.9141304233429333,0.9295204937242443
1,0.11932872947965376,58,9,3,69,6.786402494226292,29.817705084421114,23985,0.869884813110055,0.9218433418921198,0.5478497288063373,-0.9227528087914578
1,0.1420829758219816,76,26,1,48,2.9876071102609396,29.847944824657382,33398,0.8952257458885052,0.02363216355473273,-0.2748426264965649,0.29013415783204455
1,0.29631811409539444,67,28,1,79,5.889694128196162,29.804648936633896,705,0.15109903797109953,0.3985026806806476,-0.9124267241911272,0.2651900966369279
0,1.1357508301110721,64,28,4,78,4.728478517950031,29.91672536332786,55,0.8637938481150679,-0.10956940113958478,-0.537498355896324,0.9438882075107476
0,0.8460162847822744,59,27,0,78,5.368880315464398,30.18103157969275,0,0.10895689670223033,0.9844711207017571,0.8854277810423463,0.5153601932509551
0,1.0119976227478487,52,15,2,63,0.2096199535665636,30.146811813893237,27,-0.5665975824293876,0.5018340466332113,-0.5080396533099225,0.9069581728441097
0,0.9891459383758056,57,26,1,82,6.346716007158152,30.026911711926797,353,-0.28434555396200983,0.016091086081289792,-0.5267388165011427,0.9124378961836492
1,0.050657507483127334,65,29,1,22,5.757758961871278,29.895176184324477,36424,-0.12976017278809351,-0.6663505111033707,-0.29283355586113446,-0.9291338141089115
0,0.7678406634334461,51,27,2,89,23.350140063433415,30.19301139632616,0,-0.12209500675720056,0.7918178380072823,0.26072430054202006,0.8837914215041742
0,1.141361257,46,27,3,80,22.833370111369348,30.26897325411561,290,-0.3692491244718543,0.8212895111806315,-0.5431656379333987,0.9659258262890684
0,0.4125152170306159,64,18,2,90,6.820104589860414,29.87806377741151,0,0.9749839488382606,-0.8600766635134612,0.24418554808947474,0.9060768831318248
1,0.12055312690540324,53,29,0,79,8.844727560278324,30.111951228871078,32515,-0.9316346707802035,0.8840475844475779,0.4647426970575804,-0.8691144781167482
1,0.5272381749140026,63,10,2,80,20.432708789192134,30.167845434498926,629,0.24594101245975708,-0.762740599142028,-0.9540145169899399,0.5306821581581653
0,0.8133886108378223,66,26,3,61,14.802713860403118,30.017022040613195,85,-0.3308908226387223,0.6333901733162477,-0.9200207265544956,0.2660381494226453
0,1.060616626109438,51,13,1,58,8.272759021031995,29.889057901543637,0,0.9367834130786172,1.0,0.22388961593215495,0.9330422704700596
1,0.5063377682419001,46,2,4,84,4.81558277252068,30.23965241344419,0,0.7351907775593469,0.983352116959763,0.8462974445775816,-0.26882001401220407
1,0.44213222912757116,59,28,1,51,13.217676842382621,29.96402420224583,24884,-0.8901090391432595,-0.863023304988307,-0.9115635764901068,0.2945097397075893
0,0.5145875402885467,49,12,4,93,13.053739725228716,29.97608218089084,0,0.883732709984594,1.0,0.842015241080431,-0.23645349221469358
1,0.37378870562980343,66,22,2,53,9.757297953859867,29.995358586744633,782,-0.3350911740143294,0.6108721169801141,-0.9077207702395264,-0.23956864227087077
0,0.835129501363429,60,16,2,65,0.0,30.03546253205992,0,-0.6470470704058566,0.9753282715775387,0.8922880850318583,0.9247573047839555
1,0.3874218803809569,63,27,2,58,23.552906807531034,30.181910171375783,22824,0.99999073973619,0.37694688018003825,-0.918540303446005,0.2513766087036089
1,0.7413834176688675,54,26,3,80,14.553561632943708,30.13406101345937,462,0.76567375062714,-0.8346358887215877,0.9127198908297115,-0.4540746630638564
1,0.07520064240667829,56,29,1,65,6.313511022660388,29.669341980873202,25642,0.4867123726904899,-0.9720329158625834,-0.2725905383030186,-0.8879048681895608
1,0.5435607496587703,53,4,4,81,0.0,30.356300739255506,246,0.8365180575500006,-0.8322931905733508,0.8634402854927588,0.480559817662041
1,0.8375381127136133,76,29,3,82,20.84283231798219,29.97289124572134,37,0.8230662554907012,0.07032557197409912,-0.9659258262890684,-0.4339634081164647
1,0.07714682844193338,77,29,1,75,7.630279724575851,29.79511915000875,9033,-0.9333102888755613,-0.771410944074228,-0.2682534648779339,-0.4691188304404025
0,1.021771695727844,57,31,1,62,9.783018809073011,29.88830926685629,289,-0.99999073973619,0.21388033290739503,-0.5292755188998295,0.8971723566783756
1,0.2251689704198706,68,27,1,64,0.0,29.872193637630875,34392,0.8411564866974434,-0.8339531360041648,0.8819204201863766,-0.510250059017264
1,0.47997515774501426,68,27,2,52,30.91979441925232,30.044087306287143,4203,0.7540245529113994,0.490421104440656,-0.9659258262890684,-0.5284830577120263
0,1.0723329010199094,52,27,2,66,5.678643458136433,29.860667468957647,0,0.7784372465377453,0.7499275285507663,0.251366515556404,0.9659258262890684
0,0.7630308227341993,55,26,4,78,13.82426589176312,29.7332555725274,282,-0.04308578039485535,0.9378013497821194,0.9010752812148229,0.4441620785512839
0,0.7748671811590244,63,28,2,58,5.007213841480885,29.662658280134533,0,-0.6813209820930353,-0.13476141524294502,-0.5193073029303108,0.9659258262890684
0,0.8205832738895444,59,16,3,80,16.915706126629527,29.725370157811188,74,-0.17150852558352125,-0.050505228664714866,0.24843373517984046,0.5078614578908099
0,1.0643147666980715,64,21,0,82,6.341080836819897,29.930446800178125,152,-0.22063147276038575,0.9818468037018567,-0.5142332885937777,0.9464068418291602
1,0.2300882612893652,57,28,2,51,7.208554688044319,29.915319811388247,21144,-0.6971248350191097,-0.7863470332849047,-0.9433567886035608,-0.9413549151922452
1,0.911844741582003,61,16,2,44,14.185613176689719,29.744455367874785,0,-0.5057178820286707,-0.6032378513583767,-0.8823968372643052,-0.28426754246974045
1,0.473699504264707,63,30,2,79,20.088332305841405,29.970469341909716,333,0.5551234309378162,0.016325272798856275,0.9659258262890684,0.3048124403492639
1,0.7907257526595146,63,29,3,83,0.21294558192653865,30.132320425876888,1744,-0.968130661951206,0.12559992536613446,-0.22923587692331204,-0.27716973838870024
1,0.5428996279094283,71,21,4,85,5.925643257167775,30.151100286995607,31,0.8721331587430357,-0.8203967367388567,0.8900232675942453,-0.2162903313819871
1,0.45994327613307473,65,29,2,80,19.475729084072555,29.854530187491715,3983,-0.010079953359618282,0.674332890011262,-0.9649499079012123,0.4620770398076097
0,1.0590450015636867,61,21,2,54,5.153382737531574,30.227726545593946,123,0.2872082516511168,0.1712458074541689,-0.49119853606725217,0.8968514311277364
0,1.0650576298452976,68,26,3,64,3.1767544913358776,30.210614462887627,152,-0.663486659156988,-0.865116980980856,-0.4797783553405917,0.9091525999331211
0,0.8062622280941756,44,26,4,69,5.814936038782897,29.90467022683158,0,-0.1439580072996599,0.964763452155934,0.18839768141220137,0.8997980857100581
1,0.3576093383607463,78,30,1,45,8.285640252079626,29.877915939272317,855,0.8783448846459937,0.01900538211610036,-0.9434593304370987,-0.465675062240942
0,1.141361257,49,28,3,64,5.288662809325251,30.00765971243284,0,-0.33728839223157303,1.0,-0.5108448833306396,0.8826024671822983
1,0.12271707782752772,51,29,3,42,6.213632842705666,29.89668393024839,3374,0.42837599114725633,0.9149439028648246,-0.2525796653448143,-0.9450924839890895
0,0.9221876503748521,53,7,4,90,6.619268242920003,29.99447083935649,287,0.19024530126119937,0.9972329193378369,-0.5038728018101376,0.8764807582705414
1,0.05194061003279886,69,28,4,82,18.84445107092852,30.024921981872797,2931,-0.9236748882009586,-0.4473479090379184,-0.2427957449247403,-0.45493466538046906
0,0.8210380253518766,57,28,2,73,21.945032822075103,30.034179223962244,92,0.5453846801119326,-0.845504244082458,0.21048520137063415,0.8763963232576456
0,1.141361257,66,33,0,84,7.804283981961602,29.997572582034383,0,-0.4786352923820018,1.0,0.23979393998693146,0.9226795382152272
1,0.0645889692592008,78,12,1,64,7.114068309379542,29.828287880323106,3535,-0.1759134716680805,0.13231188360125917,-0.9368685945164638,0.2653017526312227
1,0.5909376417481611,54,20,3,92,26.287121062075652,29.990907882981855,2489,0.6314373921043454,-0.11986677441819193,-0.9371820821254512,0.27690277200619046
1,0.10514959837380006,54,28,1,75,5.577166487512045,29.968771927747312,36580,0.869714520599807,0.322428910324937,-0.27819002302789875,-0.9121493019548502
1,0.4794255188690114,58,27,4,71,0.29858267129692057,29.886216536709476,2919,-0.9621890085752164,-0.5001074851294327,0.8358579142752801,-0.3007202641638973
0,0.9896330703997827,56,30,2,77,0.0,29.95010881053702,392,0.19608501327689265,0.6034325685778515,0.23800646959159313,0.9236344308041515
1,0.09226987075348007,66,30,4,24,22.69586764074138,29.966654465697584,2402,0.8875925819435069,0.7327471822329632,-0.9349408111807668,-0.9559448465988714
0,0.6022061794951263,70,20,4,91,15.358702248703667,29.944086125160204,326,0.7411477262656068,-0.8382157603639758,0.840309648351746,0.4708966151617789
1,0.6040659056995379,72,16,4,88,2.360145971059707,30.2973464187349,32624,-0.14542498474416632,0.19604372762659988,-0.3296170593024218,-0.25112915422919146
1,0.07934556262007125,54,29,3,41,6.805610170461383,29.907456492816404,33829,-0.5098381030000864,-0.8654253184040963,-0.9120793496968117,-0.9548352481463667
1,0.09849521266245896,60,29,1,48,0.0,29.820152072477843,3566,0.36196293080251,0.023126974286793108,0.9176149419904396,-0.4979918802940074
1,0.7161583876116393,47,16,4,64,5.994307593704892,29.886812486392152,10042,0.9783026883331103,-0.5543064196468093,0.9659258262890684,-0.4765012008221055
1,0.10746534649107856,61,27,4,71,7.057227449146439,30.046000661651675,28216,0.8275214939936953,0.9150714944366641,0.5076809970270968,-0.26443221834788705
1,0.41095765497117803,63,32,0,64,9.767697480054853,29.877535228482323,19831,0.7585638718327259,0.9682192777049363,0.4544857272495319,-0.9224532847568389
1,0.47287915988901075,67,29,1,75,14.883328244649082,29.965733519886463,25446,0.9898531485570405,-0.9061963876691909,0.5031893077927473,-0.54753119033961
1,0.5032743669629224,50,23,3,82,9.317304872540912,30.227181122598516,68,0.21880850125842521,0.22424586474999253,0.9363240254399923,-0.2797595275346933
0,1.1079249680904102,48,7,3,89,13.667188832958246,30.083046866473982,265,0.7889166004031791,-0.8714530514179071,-0.5055938835003999,0.9659258262890684
0,0.7781400075339228,73,27,4,91,14.847416554527529,30.04524244403355,346,-0.5315287617261555,0.9196815291532171,0.8397699605876432,0.5432194518355675
0,1.138392313531629,62,30,0,52,16.894946493574576,30.492170890321784,223,0.9050970302310843,0.6133352996902781,0.25417935346211146,0.5189380690456288
0,1.0805180553068303,61,15,3,71,12.351852927906995,30.215338926583748,0,-0.99999073973619,0.8213711024348591,-0.9659258262890684,0.4665702967148337
1,0.554543332829858,69,28,0,45,10.225924980656071,29.821915175506366,1879,0.7197515576034251,0.2729919615019361,-0.26099708174450653,-0.8694073213706959
0,0.6915435307543014,62,29,0,86,16.662293725514367,29.960787173184706,256,0.11223054088587713,-0.8565515533390262,-0.5120240516688268,0.8464935488096694
1,0.5163043204283593,64,22,2,85,20.373879993902207,30.052121074359817,391,0.8648465633361289,-0.261417725131988,-0.9560370697715017,-0.26347934696256947
0,0.7952893713810258,61,31,3,89,5.64067162847227,30.231091969404936,189,-0.40884976941647877,0.4479873587744802,0.9400521516163066,0.5306888791903698
1,0.4839559019025792,56,29,1,39,15.63803302168993,29.843653255943416,689,0.9679148364835317,-0.7234395936844507,0.9593138072265163,-0.520605561915549
0,0.37768834905847487,63,28,4,90,8.677789023318201,29.93582797869208,564,-0.10991508988306971,0.5607978091696106,0.870834373235356,0.46625556299921017
1,0.09480718747797115,73,30,3,50,6.181354026025042,29.884853203146807,32271,0.9341490047832658,-0.8969325421968307,0.4667057056085829,-0.8449520251286612
1,0.45111588193790225,76,26,2,63,6.294022617471404,30.094628219865577,1397,0.5387235318064255,1.0,-0.9659258262890684,0.2527705433885471
1,0.632896046220679,57,24,3,77,0.0,30.152446541323084,29374,0.8051852191100634,-0.7977819827720141,0.9128542497139096,-0.2883451553398575
0,0.8459692529218475,62,31,1,57,12.115780767611525,29.9464273999173,0,-0.5046684402276462,0.9369252996034686,0.8952743737919305,0.8944506805497695
0,1.1118911113294947,63,31,2,90,18.78423700679857,29.763282205678433,20,-0.2676846576937659,-0.5350452311680768,-0.5020324628393206,0.8691606365127208
0,1.141361257,65,26,4,92,19.882052289020532,30.247328582664082,222,-0.6051469159793202,0.7101168368580548,-0.5250312087279451,0.48389940035264656
0,0.7369224545419124,63,28,4,67,20.639861331838045,30.121643793121027,39,0.2767382731672633,0.21469742800585834,-0.4744357122416809,0.9562720570833727
1,0.6883796639831398,58,23,2,80,6.0144451027721555,30.190712465428664,230,0.5895416737251945,0.7564347649377818,-0.9053375635836259,-0.2927489696242611
0,0.825097332007938,70,6,0,90,7.5914564972452006,30.109212807343052,410,0.40217987106002595,0.5373118698163627,0.2176712748196747,0.5069982855189888
1,0.7502225861914665,53,27,3,81,8.49112055847636,29.969066432637394,543,0.3294867593367552,-0.8129623634176949,0.9350358239443995,0.492463740394209
0,0.7679701111944923,51,9,4,92,5.887086610190459,29.879640048364152,418,0.3929520910801788,1.0,0.8493773350422079,0.532771171526361
0,1.141361257,59,12,3,60,0.0,30.11557773926577,0,0.9314278143986967,-0.24235115606729934,0.23870877768880983,0.9475759934070045
1,0.17644258120421408,75,30,2,59,6.776067410242592,29.88441445081222,20351,-0.33825847853349555,0.2267377073400849,0.5320856645011846,-0.8483999173919698
0,0.9147140948763495,46,19,3,83,20.620201107580645,30.235976984405948,14851,-0.28962787368790405,0.9591203327169485,0.898621395272988,-0.2141281766951647
1,0.47028951562534055,72,29,3,84,15.621421068320547,29.901071672085564,171,-0.243024570866349,1.0,0.9659258262890684,0.26278862730021524
1,0.1723883229308119,71,30,4,84,6.817784463210019,30.058410818266516,22541,0.8199926322845748,0.9755727202485294,-0.2838556995476052,-0.8779493458834106
0,0.7733332807220002,63,26,0,85,5.233747912337435,29.95762005719011,378,0.0378591336947397,0.4971276812667647,0.8461081085111073,0.8910215550157145
0,0.7410072207889191,69,27,0,71,0.0,29.67223501011246,238,0.5961617345195813,0.7809026263817078,0.23960480333278056,-0.25959988203138296
1,0.5071051293272428,61,29,3,84,6.459580101123156,29.91672255540692,6772,0.9129466584671392,0.9762900517432592,-0.2856728301821738,-0.25513123173434765
1,0.8147017488253817,66,16,0,77,25.97031666496186,30.050484693309365,245,-0.988681374596851,-0.9022224481480442,0.8824475609469855,0.4447971580848936
0,1.1338557661004964,51,16,2,70,7.470340798959407,30.10275874577423,0,-0.24415228441885256,-0.7510451208219042,-0.4866574376375002,0.8916852780968941
1,0.14792456779735333,64,30,0,16,6.179935273297027,29.888666677117033,30936,0.21588547866656932,-0.10297062058819932,-0.25785741691128083,-0.9132390586798226
1,0.4830626733686857,53,28,4,78,14.124319915399845,29.877758825569227,496,0.9755710867733327,-0.9963221761006028,-0.8766306738931279,0.47839743549889546
0,0.8005838472232422,62,26,1,79,11.360401159410136,29.84986047148379,159,0.9410771271421046,0.20621526558611847,-0.5738860366842926,0.9257069106319934
1,0.10247893810516594,51,30,4,83,0.5868502907042517,29.867530257911117,3590,0.891183221783971,0.9000307083200176,0.8441617371976387,-0.8808781977781892
1,0.3958631161535157,54,30,2,66,5.929222878640298,29.78190731939454,19285,0.7900873632287279,0.2548648981006807,-0.89010789223666,-0.4922988649397442
1,0.26506391669794876,55,29,3,82,9.885321089197138,29.647867306275305,3368,-0.43605641558867364,0.8120152621623425,0.8801332689947355,-0.48950371776625684
1,0.3510287166599271,66,29,3,78,0.2101793665884961,29.761858655063374,36580,-0.5999535380598733,0.9253360484306745,0.9158056117992421,-0.4951344607824475
1,0.4475693087165272,61,29,3,78,8.937217294310427,29.840886606145894,57,-0.5201023799299215,0.6014476074039088,0.9404895913967722,0.248040129037163
0,0.7763534255813459,58,17,0,58,0.0,29.861746539366717,0,0.5218576627179259,0.9547674254272268,0.21219690164328953,0.5559465721772591
0,1.1246012735685618,45,27,3,84,0.0,29.93468469776692,5,0.43220330740058144,-0.823471519005858,0.2616119617154679,0.9659258262890684
0,1.141361257,70,27,1,57,8.001869567321789,29.954638524402366,277,0.9567580699062592,0.9479408839752602,-0.5317692137257766,0.9659258262890684
1,0.43327260857391514,61,26,2,71,21.473894252724893,30.085818629979226,150,0.5121441834645422,-0.8440521208186781,-0.9256331810161895,-0.4586569481188718
0,0.8410030133881395,51,29,3,83,19.42835700566392,29.938702314445692,0,-0.9923271580471154,1.0,-0.5466511527638439,0.9299532109184369
1,0.4108458595045218,78,28,3,87,6.257427403629191,29.873961881660104,225,0.5445148854356758,-0.3687419029491535,-0.898118034250975,-0.4962046533638151
1,0.2627515463639833,65,4,4,91,0.0,29.957066319944364,41,0.7331124570007111,0.9880671204541668,0.8300362614670604,-0.8636901447186325
1,0.8215718546869466,55,22,4,86,5.870040717523515,29.963137003105743,0,-0.5652547784046313,0.9566304839264512,0.8309731253030254,0.5582828634095554
0,0.5682149722124564,77,30,0,83,6.400018228624998,29.876193318676222,629,-0.2060810780479159,-0.865332359479709,0.7836790332848564,0.5541936535893046
0,0.7976526122226055,61,28,2,57,0.22340960998612838,29.901599240984197,0,0.2863034143351815,0.9991943576354881,-0.5130376546070533,0.5156700487545249
1,0.09460126547565503,67,29,2,48,10.15995760299528,30.052586131662803,20991,-0.7017480713736843,-0.3043892420697353,-0.9330728244852973,-0.8414500164353403
1,0.6857693154267174,65,29,3,66,15.964440869148032,30.108745007561218,8377,0.958682619265805,0.8467993172389113,0.48870742205170775,-0.5281174265949862
1,0.050400916,56,30,1,55,10.448639790176358,29.912522624968847,35695,-0.9150716196339853,-0.5176634229608457,0.8922903588209621,-0.27800097790790645
1,0.6768576361138389,54,15,2,88,9.177879494539233,29.958255327997964,15,-0.43356731872552856,0.758622240631463,-0.9468167863931726,0.5314573270988757
0,1.1032739530984956,54,16,0,58,5.106922715829394,29.905020702497126,42,0.8356226039124499,0.44803592640636575,0.2523580593821024,0.9501059223045382
0,0.2850160619473229,53,32,1,71,14.818511750763424,29.77210140647432,610,-0.9436298042014135,0.3466923569363035,-0.5312491878191219,-0.959249017569815
1,0.10277644114638083,54,8,0,47,22.164148235136686,29.835282130763716,17286,0.8669549775396372,-0.22134119441400613,-0.8985646026919023,-0.5161744099836848
0,0.8071058240218133,51,27,4,88,2.4767744177745,30.15685476566011,198,-0.08563606407539741,1.0,0.8437286587798937,-0.24717307450803766
1,0.10933397406985716,70,29,4,78,3.8905692477346343,30.144446594646183,17086,0.9003733966114195,-0.7317589220610476,0.5005870559094577,0.28726391198531365
0,1.126462459794676,50,16,2,66,7.646061982601425,30.067412988042765,107,-0.4893845499004543,-0.08772751900642228,-0.520309536344965,0.9659258262890684
1,0.08335889485255646,65,28,1,45,5.5832460196130675,29.85060373549131,36580,0.8818216675253991,0.03067606087438775,0.4941164960426672,-0.9004413322984854
0,1.0412938114275445,56,27,0,68,0.12065941887404937,29.864320855975247,220,0.9235330216921164,0.26385130956576186,-0.9166874074671866,0.47895417359108705
0,1.0480781487269295,53,29,1,57,14.187194743831096,29.95836791355021,0,-0.0229407866297177,0.5701242588689146,-0.48692401797071094,0.8890592473016473
1,0.13841260239578773,48,18,4,77,2.73832466753563,30.378599607709607,35261,0.38377946654709105,0.8162666219689536,-0.28992247995083237,-0.9659258262890684
0,0.9493812987450182,65,29,2,70,5.676536509472049,29.89394301228955,0,-0.99999073973619,-0.17772755092623896,-0.5246835799145754,0.9206861895137376
0,1.1323736808763367,62,28,3,78,15.39649526709877,29.902335077613067,232,-0.011008049681963636,0.336467990791812,-0.5224532383704918,0.8845848500114064
1,0.4525771282315504,54,28,2,59,20.994559974667986,29.982179739843353,24125,0.9215834302572296,-0.8685057089128432,-0.9659258262890684,0.2693953678427019
1,0.567572831832276,52,14,3,74,13.677662001371884,29.94026247047682,213,0.517751970992989,-0.15526672052457918,-0.9383789063936716,-0.1959235452776353
0,0.34918842762582797,66,28,4,83,3.362298567676515,29.892613266077895,106,0.8486881867604755,0.32493017208997116,-0.9293673518871741,-0.2509099087316644
0,1.0891981407309297,53,13,3,77,14.930082654877525,29.9091720940967,0,0.028277693206515662,0.27988217583928876,-0.4750212015752476,0.8972558178179502
1,0.4509561325589047,75,18,3,62,14.62177327187956,30.00432359779557,2738,0.8252503979071792,0.9538589517095002,0.8508292591540864,-0.5261738882268931
1,0.14291699146741607,57,30,2,43,2.4694828158421447,29.98321590704501,35064,0.033650906226295504,-0.37580468809529854,-0.9659258262890684,-0.5301947241521429
1,0.4013089686755512,77,13,4,82,2.612889978038605,30.05665335407478,6402,0.9552264231767073,-0.758877156403086,-0.25954474689720525,-0.8649091008439811
0,0.8988184331311633,45,16,3,84,0.0,29.96430480817828,243,0.5645328951005211,1.0,0.8460210459103896,-0.2550752488283347
0,0.7842418728255401,67,32,3,65,18.187416849191504,29.8970647893135,44,-0.891561436760829,0.7125079061922227,-0.5274338340881246,0.8740524943016237
0,0.9431546586415902,62,27,1,65,5.03529300744816,29.92941183037348,246,-0.8895175436902939,-0.5414101462728784,0.26432652779966376,0.9070978124638645
1,0.08316850140573581,50,28,4,78,0.3729385104763332,30.173485060775278,33709,-0.9750927641645333,-0.3886438892779391,-0.19572619516124448,0.25480709838115284
0,0.8086803351841628,61,28,3,78,19.58345268270984,29.813234634852765,0,-0.09301377168309029,-0.9303129245262071,-0.5178372239369711,0.9182247122026477
0,1.1025328596018928,69,31,2,71,10.089550915453417,29.65546151644354,32,-0.976828639351364,1.0,0.2527647473664486,0.9406980473675641
1,0.4149210670553583,64,5,4,78,0.8414469259195283,30.10305914387342,1635,0.8393180360119827,-0.3215032402217636,0.5389869357499557,-0.43090312933889685
1,0.3906654234030083,68,29,1,48,15.38013784545555,29.80602985631743,759,-0.9290670047519227,-0.9999629591162656,0.8846233673818384,-0.4378343319646415
0,0.7023508285850649,64,29,2,56,14.415171003031006,29.909582645513986,294,0.1276781037356038,0.5966449305311264,-0.49510812091127293,0.9659258262890684
1,0.40817392110340406,62,16,2,54,17.819685723373947,29.819893242146524,9186,0.8456953752126439,-0.07502687720741147,-0.8949075483267941,0.27053367868666434
0,0.7782149381726025,56,29,0,53,0.14243337343311294,29.83448844484119,0,0.7014998868005902,-0.36665362035425364,0.9100704531444643,0.4623841054487551
0,0.8510521450539484,45,29,2,57,14.64730759381008,29.977891668267066,0,0.06631421531566967,1.0,-0.5051773275403584,0.9286999574433198
1,0.3407983724408762,53,22,4,85,0.949281565363014,29.93626111195792,401,-0.9078810257820196,1.0,-0.2549652116244345,0.27859993959895896
0,1.123497475193993,58,29,3,77,8.122995571617611,29.984428685022696,96,-0.5878904497325876,0.8931234353110353,0.21337283460995438,0.933722106549871
0,0.5510566933513587,57,18,0,55,8.287929646300004,30.1415371708117,389,-0.7118232851338143,-0.1326945359540233,0.8223295355633486,0.8643670164805249
0,1.0421644738805063,59,29,0,41,11.680642157532994,29.84444475226207,235,0.07601148416000263,0.6077564391534588,-0.5319455997943583,0.8779468863452394
1,0.08552341831427594,64,29,3,79,9.325572256822483,30.0470696219268,16443,-0.993186392255258,0.3461354610016073,-0.23861838905831367,-0.88749496013939
0,1.068533127554784,64,31,2,57,0.0,29.93842252670682,113,0.7975609596197653,1.0,0.22686206843446433,0.8714494622008851
0,0.9085264193660475,52,5,2,72,13.325267208231578,30.24436398338068,7,0.4906593748523119,0.9680039135945662,-0.4930920677809146,0.9610152747623147
0,1.0624281664797752,60,29,0,68,6.007964423793896,30.228836214569064,0,-0.08508060738516014,-0.44012134208596043,0.8642190072965572,0.9099443751091366
0,1.054623345731026,49,11,0,61,16.85916595564706,29.85438089433233,0,0.9065584966789949,0.5853210411863247,0.22745830023733987,0.9127187801341909
0,1.0477250836391012,67,30,0,40,15.589122179023864,29.659745051277987,0,-0.9306778135043926,-0.9737423693591826,-0.5344615751645423,0.29926734180511305
0,0.7384128595535707,70,5,0,83,0.19438725168457568,30.002201982698296,0,0.9908722572024842,-0.8315279668442719,0.9499480503065081,0.5341079877997672
0,1.141361257,55,21,3,88,5.5157513439833465,30.362634582035554,224,0.35621177902867524,-0.19961620586307566,0.24422939511682965,0.9568315972737276
0,0.8927371511625372,44,6,3,85,5.357216075665373,30.354998675383623,260,-0.166895753731716,1.0,0.23653191499482454,0.8596560404748758
1,0.4923952190763606,76,27,2,66,24.152659396998114,29.92828699623901,514,0.769984931036522,-0.2513690447814864,-0.9515307542113427,0.2573093784060432
1,0.12773026624707018,59,28,3,69,8.466093097063377,30.039733758644278,6614,0.8886174559953334,-0.843533062981671,0.9382586788989246,-0.9193465228448503
0,0.6008124930647736,52,28,3,87,12.90395100511107,30.198828475741657,232,-0.024982581848303487,1.0,0.8864248728472784,0.2571708716080125
1,0.6435984542482373,55,29,1,79,5.490191262142712,29.90959025217768,6590,0.8435659350882534,-0.36608412988413797,0.869824477645574,-0.8427978008610171
1,0.09693673458858555,53,7,1,49,2.322238382106309,30.02631388001841,10961,-0.8475265478720018,-0.785697820854552,-0.28261829257719434,-0.9659258262890684
0,1.0185816177870621,67,34,1,63,0.0,29.90208368634758,427,-0.2735065519546867,0.6828258640621462,0.23451149025258977,0.9334100418748018
1,0.5114045828583544,55,27,2,55,25.682706089860822,29.924170051393897,184,0.19172074193100586,0.664709091848576,-0.9075605384609576,0.2680170225747868
0,0.7833426317314685,52,16,4,80,13.910205432887995,29.946633334006364,321,0.8107951965348632,0.9739275586806609,0.9116196077126885,0.5235991615400717
0,0.4526985045525824,77,28,3,84,11.113758726218773,30.100952687652846,0,0.8835170779695725,-0.39561949225691695,-0.9567101346410072,0.2338714477754521
1,0.30290990944633284,60,29,3,77,6.260841888396263,30.036537092415255,3153,0.832545310621655,-0.09273163708423278,-0.2706263342112386,-0.4846896086806526
0,0.8299371068708884,45,12,4,90,8.098631052478709,29.96728397788417,234,0.3987988258799133,1.0,0.867629236194373,-0.24021580368896098
0,1.141361257,46,27,2,78,17.867787953947218,30.054424973501565,373,-0.09053727120518615,0.1447964251199869,-0.5348836432735107,0.9393054594653881
1,0.05149242704968969,72,29,0,43,6.512929632700539,29.806816483985898,36580,-0.8478154794857476,-0.5537321017956326,-0.25328670363829653,-0.8693689954314513
1,0.2385220333988551,59,31,1,65,4.716414339307512,29.741013868962394,536,0.8904310899870392,-0.23857722874432824,-0.8712011350419617,0.9089149959074204
1,0.4095599114980385,69,29,3,80,23.67649156044108,29.962150263507084,351,0.7762854369274038,0.8494691207225185,-0.8823165252040313,0.2862027355747835
1,0.2830989543588799,63,17,3,52,17.07479248126733,29.95969166447689,3004,0.9371558336116854,-0.03923452094613201,0.955879711383763,0.2760279703649176
0,0.7594835125710948,66,29,3,89,5.815622839343391,29.962236035580656,0,-0.21212488742588595,0.7420827654999071,-0.4905855540902187,0.9659258262890684
0,0.424747672473689,52,7,3,82,9.907019574940687,30.08892147741555,235,0.9089829461228408,0.37943949277222494,0.8677263818736681,-0.2574611419650277
0,1.0173179232805916,50,29,0,63,5.912634090360661,29.967401730726237,218,-0.7279562608719237,0.2591720618025021,-0.48937563638938225,0.5469121504351425
0,0.6408634105662567,61,28,3,69,23.00810999331164,30.08083636217341,78,0.8919633328872385,0.6302557243125806,-0.8658905154855283,-0.5281828854585563
0,0.7517929720400561,50,17,4,82,13.215913780574626,30.091835677429643,268,-0.5061707464868773,0.9974354649726987,0.8923671403666373,-0.22210932414634527
0,1.0713162169482415,64,28,0,60,7.87775877692785,29.802598921436598,220,0.9194826383135596,0.7684378332570595,0.24861838950567583,0.9473506622426293
1,0.050400916,52,30,0,81,6.488272307370692,29.924723235567818,30180,-0.9529292270785492,0.9507240711709463,0.4368743019828134,-0.853948615112011
1,0.6793641904088441,55,33,0,62,5.457048432165422,30.42479865592747,552,-0.8194628350092104,0.05618132474188464,0.8672956478108955,0.4995770480142623
1,0.2632832430842914,68,29,4,69,12.003320591685883,30.00643340951073,2490,-0.24886296389342483,0.5477362388967391,-0.8974743328233794,0.2653964379940086
0,0.702466196014447,69,29,0,58,0.12074662549103088,29.804923988807374,284,-0.2661023721757473,-0.33868432020524664,-0.5343940835365328,0.5263981085552647
1,0.6427713513130402,53,29,3,81,0.20976489578964944,30.092541978986645,1878,0.9332946253580775,-0.1593958079470167,-0.8773201573683052,0.23642372795542185
1,0.15079675863058525,50,10,3,56,3.3435069628327576,30.16116429644377,15011,0.9123993029266656,0.828486770893948,-0.9390604117587897,-0.90080989661892
1,0.35036390702219233,67,28,1,65,5.603279103745607,30.02688113652089,31603,0.543082560334943,-0.5236267908689203,-0.2866198509756364,-0.9065386731481364
0,0.8222228812782872,52,28,3,63,5.678521181865278,30.00287391025526,0,0.695957361309107,0.9409979185193788,0.2604057808063445,0.9373021040685607
0,0.7319686412285612,61,29,0,77,4.19868234339801,30.00323964825064,0,-0.14091414898327392,-0.5274094426594351,0.9210927859765857,0.275596858940234
1,0.11198593362694817,51,14,0,81,0.0,30.185840276930616,19853,-0.9463867024874086,-0.8148233842823773,-0.2399591705610641,-0.9262729007124783
1,0.09842975932884807,57,11,3,78,5.215122297337869,29.985444708854363,21597,-0.054094029334913016,0.9838019242406156,-0.2616162732106194,-0.8974043004529962
0,1.0956602715785997,52,10,0,48,0.0,29.947675860796192,0,0.14674027440351722,0.49769626084708074,0.8525242238788742,0.49835751317104054
0,1.141361257,56,27,2,58,14.40746528289591,29.77555226512317,0,-0.874064652838124,0.9573713369235191,-0.5349983849746938,0.8712162655888013
0,0.7652857613355093,50,27,4,67,14.928807996394273,29.8039575252757,0,0.17973698470478727,-0.2247399322863125,-0.509053591359833,0.8785648236637985
1,0.3826456667875545,71,29,4,71,0.0,30.030643803124654,31923,0.9966428808056419,-0.941301164744845,-0.2768803702495281,-0.8775594199174241
1,0.4712736047384085,58,28,3,81,9.129617382777543,29.859057258952255,305,0.7857207651224816,-0.6175854802064901,-0.9404709208490859,-0.46293618168027245
0,1.1117219598682935,49,18,2,71,7.413317734517503,30.24416012855044,453,0.9340136624137039,1.0,0.2245500412474618,0.912392446965783
0,1.141361257,66,25,3,85,2.3263200933534334,30.083936018045204,211,-0.7910758189967946,-0.2748995172069351,0.1847970059553946,0.9132334189104228
1,0.1103215686131912,56,29,3,83,4.910743892942089,30.184130479085987,35137,-0.9937543804879209,-0.6496540441125991,-0.25381362565680826,-0.9409237140826701
1,0.37841962649402566,55,12,4,81,3.588715705541647,29.80047967575892,5136,0.21388681832604925,-0.8359071809509035,-0.8363996275778947,0.2006100849478587
1,0.15798571924954904,53,27,4,58,0.6489108011663726,29.987713177488594,32550,-0.8066357987561855,-0.5985736433894027,-0.9074205732763114,-0.842671155559785
1,0.050400916,58,28,1,34,4.905690978494373,29.876663345477102,36580,0.3768610651924984,-0.8991059625493131,-0.2682594496822368,-0.8721521076415232
1,0.5037922896520987,61,28,2,76,18.548422609245286,29.928130839801096,2642,0.870860744459878,-0.5386222391515051,-0.9659258262890684,-0.4606876219541733
1,0.44572067851277153,58,26,2,81,23.476798059824084,29.865679386831335,99,0.6067184702789652,-0.8463656364114686,-0.931354799612993,-0.48572128063130776
1,0.0730008525296112,67,29,1,75,3.2099337266845334,29.782830461494846,2530,0.9126114095374562,-0.5043659532872138,-0.23028715436844707,-0.9059735791411385
1,0.8307146287024463,65,27,4,81,0.0,30.139613988692997,2492,0.5181470804844379,0.9899937453274779,0.9543371650151218,0.27553266943202903
0,0.7771217276432775,57,18,0,66,5.56600148219288,30.155834755441767,0,0.41393157879854153,-0.08465581032954789,0.8468963057429468,0.5039553999080543
0,0.900479050654277,62,27,3,72,12.89258218328766,29.890960000518714,371,0.4570831978426056,-0.19405177762382808,-0.5125083399709043,0.9044179379370535
1,0.34688080951434286,65,8,4,85,2.457336062605056,30.10456796270773,2497,-0.9043979030763166,-0.8046237105827628,0.903790126599819,-0.21036810633520014
1,0.41180975182950763,54,27,3,48,8.892724667628,30.026410978285885,212,0.7439075893714095,1.0,-0.2658277287957611,0.4992719066007922
1,0.12486452080573321,65,27,1,85,16.856201174828662,29.868232535524246,25756,0.9080294862146007,0.6333358720455311,-0.26844971414188495,-0.4806300082527803
1,0.8143119185864686,60,30,4,87,9.1291249593829,29.857081756909697,358,0.04994641894195637,1.0,0.8380809586787636,0.4740874676963337
1,0.11197152991360254,63,5,4,90,6.7272741133544125,29.892559216785386,2019,0.5765913994110716,0.9456986055719123,0.9287647331978659,-0.8797613644669213
0,0.8917063970910656,75,32,0,88,13.67223118154215,30.11979771422254,0,0.6984222699033945,0.026987869706400616,-0.5388891111895605,0.8702290362906565
0,0.7924753488818826,65,27,0,71,13.146092214356722,30.084400033534216,295,-0.25106477381403564,1.0,0.29594295442754187,0.49887125898411727
1,0.7322695082354778,46,5,3,65,6.221036086933413,29.929661333699183,2779,-0.1722695575935667,1.0,-0.9659258262890684,-0.28184174953644847
1,0.050400916,53,29,4,68,5.964305367218689,30.03437677034199,30165,0.28992676555374236,-0.48710170465861824,-0.27038971039234805,-0.2357586104571268
1,0.09842841693851635,77,26,1,79,3.6433180082875367,30.017615081847843,1841,-0.47871044268893737,0.09449061434462637,-0.8742356107703751,-0.486828812599364
0,0.8000426274468678,61,16,2,54,14.281645985706014,30.248669381879694,275,0.45354519338041993,-0.4495476098945748,-0.4850226482172688,0.9488590509328558
0,0.9760974513057219,71,17,0,71,0.45040575306530983,29.906452353606355,0,0.39307470113183474,-0.8754574663810674,-0.4613847937771011,0.5468498992689356
0,0.8319959531794201,57,29,1,84,20.291612916397824,30.169376520216925,734,0.34718158919759856,-0.8386532785374227,0.25629972869888046,0.9067526635289269
1,0.12020468892048408,50,15,3,43,9.641372869001797,30.224815451605618,9489,0.8825522353937915,0.3212120894969211,-0.905350921823897,-0.9480118945107585
0,0.8892785268943648,54,30,3,66,6.375716259018083,30.203185154886093,0,-0.2844250745171448,-0.0954901256112611,0.8717236207912273,0.2571223258647456
0,0.3572608797261995,66,28,1,62,16.17522246019482,29.852326363683417,491,-0.5148625796625502,-0.764082108789035,-0.9531350988523472,-0.5120978943572682
0,1.0560879266793692,59,15,3,88,13.611514742743614,30.128261090236474,0,-0.7588601870606493,-0.43273267280788447,-0.5284095417610319,0.8934849411283113
1,0.06980943081969487,62,20,0,46,0.23314243526512485,29.80170357013519,32598,-0.334183060040633,-0.3618214779085914,-0.22034684955738,-0.48341868185821973
1,0.1568615213121835,61,15,4,85,0.0,30.073750557745456,27351,-0.167846006042076,0.3288103263930078,-0.29849381063143127,-0.902131963198874
0,0.7953962486220116,62,27,2,58,16.724723207420798,29.670787320084067,69,-0.2653887826026552,0.8245734525570767,0.24315790861360795,0.9412308050618351
1,0.5510024361065419,66,27,3,50,20.898639114606787,30.074616841689316,46,0.06344788545089185,0.9197415664443387,-0.9636315212954131,-0.2410882188357651
0,0.8562172327969243,54,15,0,72,2.967454924204667,29.96482206281646,0,0.8072858763913968,-0.6075636161207921,0.8968653244261996,0.4858060918943998
0,0.8768783823191509,46,30,1,81,2.450758691041383,30.017643481642825,309,0.27598725291186266,0.3163542116756362,0.2177608509829233,0.9277917990167897
1,0.4545538629030982,70,35,2,50,5.42641521154031,29.79970240567209,463,-0.916953192477022,-0.5565406078580466,-0.9280871071913889,0.2490429940222063
1,0.3785402779310318,65,28,2,50,6.569785583665331,30.101907149515053,3553,-0.36908502965215706,0.9252522252061302,-0.8982233092533569,0.27611261757246874
1,0.5040978872089971,59,16,3,88,0.0,30.276526871150967,7777,0.95503892314587,1.0,0.888793296661502,-0.5214492683266005
0,0.813982218269034,76,6,0,66,0.0,30.222494591433897,162,0.9417343194904725,0.9489944374503576,0.9279909372837379,0.5139391360833346
1,0.23628139506053022,58,29,1,25,9.47051156859249,29.676258956718012,24879,-0.14461331439257086,0.0724647200623481,-0.8961848825406312,0.2627760725651464
0,0.7882360700940257,52,26,2,76,5.193953170520412,30.235611411859868,0,-0.09170496326972769,0.8849842634540714,0.8377538545145579,0.45947647791280916
1,0.4171700977085227,68,30,2,85,17.968422554928615,29.83777418496002,445,0.5551520134143894,-0.3724322218388887,-0.9431639581536532,-0.511350562886954
1,0.050400916,56,29,3,83,6.434396396923573,29.803039335128986,24003,-0.938672960800653,0.36011994107434336,-0.26377581013586016,-0.881748728435625
1,0.7783676754312169,57,28,4,41,7.771181439819747,29.976873938153286,21631,-0.05479861987583197,-0.3961179838320017,0.4514252187575523,-0.8733802111993493
1,0.17951015516981061,74,11,1,88,20.992460882207176,29.901050343615395,562,0.6016127442741328,1.0,-0.9064703983934641,0.246265278984484
0,0.7800404333906517,48,30,4,80,15.129698184965187,30.07201397186873,568,-0.3355597716082369,0.9776729319795168,0.25823937103289685,0.9562924711925477
1,0.9355252604116691,57,29,2,64,20.898518810664847,30.00682123500374,3459,0.8385981643174499,0.8835969767266847,-0.9303265080216205,-0.24496257897395055
0,0.3775427620767483,54,27,3,85,21.85784991112306,30.010099339514937,0,-0.17277946395090188,-0.014126966128540759,0.2724832388849791,0.8784107949187607
1,0.0927926306024797,56,14,4,87,29.888009622819276,29.613037868402362,32115,-0.8786513166767445,-0.4770451955415507,-0.23610597478093281,-0.8338306990019004
0,0.5974403943567344,49,15,4,84,0.0,30.183209217376383,0,0.40083588311971746,1.0,0.8125944486473475,-0.20998098938930676
1,0.6479114235279085,75,30,2,82,19.527261135097334,29.903183561320166,108,0.3176203357261391,0.9438865837014236,-0.9579939050266381,0.30377641917553666
1,0.12783922471115708,58,6,3,80,10.027254519381367,29.914511632468276,14714,-0.915436807951844,-0.869109339382991,0.5171012905236951,-0.8853070208812203
1,0.11320751051522306,68,27,1,74,5.668054174567336,29.815129668721866,22149,0.8815767751641873,-0.8226456590597249,0.4752534439790612,-0.9038315436117141
1,0.09452996701027316,66,20,3,77,5.0029775492306605,30.007528942919386,2250,0.4986106798804478,0.25345946648693546,-0.2912023506444429,-0.8687173329688324
0,1.0662911894066447,62,30,0,72,5.14433994387711,29.904940652473076,154,0.570223804364742,0.1898299625593365,0.913562040446098,0.9659258262890684
0,1.141361257,51,26,3,77,0.7644138780678021,29.90555196510449,0,0.8780284779804373,0.9906925866572684,-0.4954571980544157,0.9284256866951763
0,0.4898589070703906,56,28,2,78,21.371844157896415,29.823806717384056,3171,0.9609846580629967,0.6008889777872921,-0.9483917009773993,0.3299877206045124
0,0.898233637289727,52,15,2,41,3.100201172181963,30.273391339741814,26,-0.028483911941542928,0.8436949921480994,0.25880805546495594,0.8418483415850095
0,0.7630970404545516,53,15,4,93,9.592719045101074,29.79712570670755,546,0.7626777718666428,-0.3467466512737698,0.879845811087782,0.49079634431038327
1,0.500523736917047,55,29,3,71,0.23750087031817857,29.85277272881096,8331,0.027356590762982788,1.0,-0.90656241066954,-0.5054311500737334
0,0.7815804422787129,67,28,1,63,13.67770938340213,29.888685823453446,0,-0.07052999747278489,0.20374670101163547,-0.5240328887704617,0.9659258262890684
0,1.0660083449601736,64,28,1,64,22.942499093656593,30.06353591871331,76,0.14834672253202724,-0.47686199704423116,-0.5518257248792574,0.8685392974958004
1,0.581460544556227,52,28,4,76,0.0,29.897428991195085,0,0.4847460954061591,0.040034144158070537,0.7984615242972916,-0.26727394717069686
0,1.141361257,62,27,3,87,20.483188889306163,30.158353477546555,74,-0.9652144795946191,1.0,-0.9659258262890684,0.5406029952797005
1,0.3360174828038319,52,28,1,67,6.168876738602528,29.936620396993984,31152,0.9010484471788271,-0.5410667784080583,0.9591978047789642,-0.4564548717955206
1,0.13887271342766094,63,30,0,80,3.5020237811973653,30.121060577163142,23220,-0.038667476098135214,0.5904980869345965,0.8653408595574169,-0.836932376230851
1,0.32469587251800974,67,15,4,66,0.40170987687433374,29.820809126742173,3295,0.839438648604329,-0.6894945294485689,-0.2532572532280595,0.2704144095836385
1,0.12923986406922472,53,23,3,81,0.0,30.14816017573277,2009,0.4001189859138984,0.8336786714965977,-0.9289200467641784,-0.22818771267021268
1,0.09225162706176095,72,29,3,45,5.090225406928436,29.972468243486762,34591,0.8240949842946895,0.9856681330431429,0.4845923295055917,-0.8904155954136936
1,0.703312042080819,66,17,3,47,8.348673635635569,30.26293702876852,6379,-0.22967974239918376,0.9626577059538083,0.9334668114546557,-0.22571369876047873
0,0.5091989398732715,64,19,4,90,10.255614375706001,30.0752373608908,48,0.4962141274053083,0.2570128572733389,0.8186546689764638,0.5509190997857627
0,1.1272009299114405,46,27,2,52,7.015187684664754,30.15407027328646,0,0.4358738588191483,-0.16986595733063709,0.25569979486829925,0.9525815945051105
1,0.357372204091752,67,28,1,63,15.59207818322191,29.862624350853878,6915,0.8845790469223411,0.7913681330532256,-0.91196338349795,0.272379345025969
1,0.07086958864342183,63,24,3,50,10.56235372617273,29.72007115389785,23359,-0.4818715650084552,0.9736621785026068,-0.2548196056290386,-0.9361034953104912
1,0.14806531303894094,49,27,4,58,6.425534347512127,30.20286575835328,18631,0.7725260255388798,0.8569448075953306,-0.24285941587588825,-0.918344652899235
1,0.7516766846985795,50,27,4,87,7.881732353570014,29.99647807083165,248,-0.0687249237345713,1.0,0.8699827529688258,0.49870646498078985
1,0.5243239801009236,53,27,3,56,7.689657386381388,30.174084501311395,182,-0.532142488982193,0.9940088726374672,0.8967857437677311,0.28247143099488753
1,0.4693037161228527,62,24,2,31,22.80456419676989,29.90725005952399,2539,-0.9073370544631021,0.5253277246219923,0.9560915893249728,-0.4838238721697499
1,0.45532387506602434,51,27,3,35,18.351369171246624,30.11040135940253,21364,-0.8156305742913936,0.9419815421220662,0.8934738052844143,-0.8977631706113772
0,1.1045050080105574,67,29,0,64,20.9508887684097,30.359161405176252,250,-0.29772894717814996,-0.8968269096889534,0.9175910603442796,0.28242314833660154
1,0.2551489450602249,78,27,0,81,0.0,29.696210606292432,194,0.43483312663992846,0.3138465641735378,-0.9444572956098684,-0.5103745490499106
0,1.141361257,47,17,3,72,14.748370889912561,30.302791497989872,139,-0.99999073973619,0.04992625957197264,-0.49889526708404436,0.9659258262890684
1,0.4225888998283246,58,24,2,66,19.77468048544366,29.776218438923994,3510,0.889163113540018,0.9841169374186198,-0.9052114704554007,0.2649995893725035
0,0.6502137824935952,52,9,4,95,4.515415302433291,29.995956837344046,100,0.363681338400468,1.0,0.8181118449515281,0.5502525169313905
1,0.09183895333848152,74,27,1,68,3.290192049745548,29.91700829829634,34191,0.26603818944791374,0.9649371991016183,-0.26635049007321787,-0.8827219070810712
0,0.7733353551170933,76,24,0,67,9.924011554206913,29.992217602815987,0,0.34293837053012377,0.8082159618453669,0.9052879371479254,0.49862503891193666
0,1.141361257,46,28,4,78,0.0,30.16090017798335,0,0.5841531071681784,1.0,0.26859123320857986,0.5696596309790171
1,0.47028551813050784,65,18,2,63,19.582828818900463,29.846192102153175,631,0.34064926247394883,-0.3821637770994787,0.2793341069258472,-0.4800404777616599
1,0.06842787506956463,63,25,3,81,9.172440747808958,29.932971321870784,22599,-0.5697404632052812,-0.5291775401741022,-0.2313271378708482,0.266347982705051
0,1.141361257,56,24,4,89,4.240174000094406,29.911112676348335,344,-0.006505621740121509,-0.30851337111609395,0.8560367654457071,0.8402711841136835
1,0.2807730592412587,77,18,1,85,18.915961802875337,29.946028724641526,7968,0.8172197059204079,0.17375965194581597,-0.2441952741674158,-0.4698209036017136
0,0.9491328677541537,52,34,4,93,4.841985351306521,30.121282283127506,82,0.9068350330693101,-0.6685912790951707,0.19695593871152814,0.9443394733666267
0,0.6958903754588557,52,27,2,77,16.40133252240149,29.890634636423766,423,-0.5625847391218175,0.4032076236468223,0.8947839566855105,0.2908881178746153
0,1.0923776770947544,51,28,1,72,9.306014904534718,29.946494344784046,255,-0.07677342855055821,-0.8017603350538807,0.2475772860307889,0.8667055351816165
1,0.40105953029820585,53,15,4,77,0.6889169994770017,30.073924441221312,25746,0.7724311500696049,1.0,-0.864050734308824,0.27848555110005063
1,0.050400916,63,29,3,69,10.04053612399089,29.75707659679604,36580,0.9503694238203435,0.24126172079582614,0.531334586563591,-0.9614362768453221
1,0.050400916,69,4,0,84,5.901799237864358,30.036901888090686,36580,-0.7795902714228202,-0.7579138612488354,0.45764616864217367,-0.9146737554716603
0,1.141361257,56,27,2,85,19.951779451541945,29.984762838529903,739,-0.5603735383214014,0.931201993224695,-0.5378736944677728,0.9193173218932941
0,1.1056626422101667,66,31,0,59,12.678595110338787,30.110539870107758,0,0.46531508838715113,0.9219121218466498,0.16088934154029494,0.5394323646893812
1,0.22409332292173728,76,29,1,56,19.587847436429627,29.831659494572914,11052,-0.903025573501089,-0.6146726355940119,-0.878025855686029,0.24500582847174351
0,1.141361257,75,28,0,69,0.5937874104848736,30.18145644297747,0,-0.7601454888078449,-0.5050612012947091,0.2074213915075937,0.954776313070292
0,0.7998120666931474,63,30,2,70,5.049640847912219,30.194511601874034,330,0.8406761301956975,1.0,-0.5297827795461194,0.9659258262890684
1,0.12452937686979001,63,32,1,60,6.777662755539726,29.983812620480986,30334,0.848866433059605,-0.5020519507493097,-0.8843778733090906,-0.49026311937824596
0,0.810066003570062,65,20,4,88,5.333688328588697,30.05784808857137,218,0.00810288779974757,1.0,0.8165558518645663,0.5238315673329114
0,0.9592287373125669,60,29,1,32,8.42940531382993,29.999021912332264,195,-0.055378065494091036,-0.779698068216268,0.24521138055340277,0.8924553081708706
0,0.805022240403808,52,18,0,84,2.5466735501325983,30.149862025273112,0,-0.29137376590530784,0.6930664562156482,-0.501958167837284,0.9449981585638854
0,0.7604404218618283,74,15,0,60,4.48404918216321,30.032186217206686,24,-0.8590722232987416,-0.21560859942953126,0.8281193082802032,0.9200840413858298
1,0.10696862328068601,54,29,1,73,3.164411824639559,29.84396755583619,36580,-0.9954360788328709,0.21028628187488485,-0.2862070097436534,-0.8875612339539545
1,0.12612568471743338,67,20,3,83,19.315254441135803,30.253011974325595,17985,0.057468774095964986,1.0,0.474895333096596,-0.9199597408121697
1,0.09499014381252693,62,29,0,82,0.0,30.128320595538298,31676,0.9585328611991736,1.0,0.49207438923546915,-0.8839410670052583
0,1.141361257,51,27,3,90,5.854894022350479,29.900971940556474,207,-0.9466924290952817,-0.5474268036418035,-0.4859890766004476,0.9445059136078744
1,0.4558413825329457,53,4,4,78,4.763637579932942,30.000419226935612,441,-0.5806504776566785,0.9068789080750632,0.8039442806005741,0.5029524173851875
0,1.0298395216130385,62,29,3,77,14.718369682726216,30.125225554860993,79,0.16146502714819372,-0.11897010750756831,0.2253874082331019,0.9061117524995314
0,0.5451172397920004,62,29,0,55,4.622720603047407,29.973278882417766,160,0.9107840018226829,0.6812852780160304,0.2725975218296446,0.9292301991348858
1,0.37437519503573624,78,30,1,80,0.0,29.752025098270355,3364,0.43080887411594243,0.051858455925606756,0.9256895559452224,-0.2734374486794988
1,0.1001685730405744,54,28,1,46,5.845414458820155,29.877905352572125,34994,0.9181421704239618,-0.4729166681824695,-0.27644783148052937,-0.8803075257577923
1,0.49590681520723107,50,3,4,82,2.1443849144930596,30.05601774207017,524,0.5166706476959672,0.9088209283762726,0.9071292349027628,0.4795660101170992
1,0.27819150401356196,59,27,1,69,21.872241434363765,29.794000169642874,422,0.5848935881079426,1.0,0.24617810964632175,-0.49959325127781024
1,0.4270480100773561,56,30,1,57,20.165032155952844,29.910086803336306,29100,0.01704706581203619,-0.8892293889654224,-0.8915771262515151,-0.26266244082070717
1,0.464050037057878,66,14,3,80,16.243492606618247,29.80779639941788,764,0.5345715265966491,0.31391745456842074,0.8790536660876194,-0.2417689053024749
0,1.141361257,51,27,2,61,3.8332365024694437,29.77329648156903,189,0.24264699188844274,-0.752741822520898,-0.5044522490193577,0.9485417916135725
0,0.36619927555196574,54,29,4,86,0.0,30.09327035395747,451,-0.702112798311078,0.6262659456206596,0.8269339820204142,0.24482177958788195
1,0.10390954338142401,53,23,3,82,3.0286782769964598,30.164639500212058,33298,0.609415026712273,1.0,0.5171185594124584,-0.8953432102948969
0,0.438141779519782,55,28,3,83,18.755416056028395,30.301938753041043,236,0.5462361730975579,0.9934620120016838,-0.9659258262890684,0.5398339375946878
0,0.7656802933836542,64,1,1,71,14.176252616122408,30.25316958689633,0,0.10783850377507309,0.9301808775822455,-0.518685482635463,0.9659258262890684
1,0.11855975315171656,58,16,0,64,10.560119278051621,29.72502869068162,32910,-0.963185257615174,0.22289109456118436,-0.22817653606289323,-0.8839464167247664
1,0.4851976232903647,68,8,4,85,2.9625433811776025,30.1095670878069,0,0.8246679270642775,1.0,0.9253818407335338,-0.2510694144893308
0,1.091037254381854,55,8,0,61,0.0,29.989003765060502,0,0.34939271785145587,0.7260925534536244,0.902545302531788,0.5025532249016642
1,0.4690347284889108,56,30,4,70,6.732731996889519,30.02090206944626,23834,-0.87675280707771,0.8800266568060082,-0.22972064607184642,-0.5062168777090134
1,0.320884981682709,74,12,4,88,0.0,29.884615366962613,331,0.8461143988414431,-0.5376218907173578,0.8346448556290774,-0.528230202680615
0,1.0714168213035,67,13,0,75,18.134811840852965,29.72270812174496,164,-0.7720700353938106,0.43915625190777535,-0.48184978651956567,0.5137173285299568
0,1.0930326174405518,53,30,2,65,0.0,29.944004764459365,23,-0.28271446777850245,0.6900260318447815,0.8743090013290467,0.9659258262890684
1,0.44085445082938857,53,5,2,80,6.186724638273918,30.062411842784467,3460,0.8788379468529033,1.0,-0.269355082949619,-0.4857550921392859
1,0.38787552878869075,54,15,2,52,0.0,29.943795075240754,481,0.9448566890985112,-0.3390195357641609,-0.9119371362603745,0.5169491615533263
1,0.050400916,69,29,0,76,5.578933894713417,29.890432622222644,31030,-0.5811513700351908,-0.06721974977645373,-0.27027200024781994,-0.9136723661189788
1,0.16588111615341453,61,28,4,76,6.780260635336169,30.12750829982084,6785,-0.15480647465050348,0.9552849699465208,0.5264558961355279,-0.9187174012196198
0,0.8872411423297933,61,29,2,86,13.310331225655831,30.149737060731642,509,-0.06295812002534175,1.0,-0.5345462148012987,0.9582019565663356
1,0.13374450030678647,57,29,4,84,0.6020299868954612,29.913296368621413,36580,-0.11777324531898316,1.0,-0.2713359769268599,-0.9638300509706721
0,0.5430843841592432,49,21,3,87,6.521292688808201,30.02589240998639,0,0.923296420465128,1.0,0.8783484268751327,-0.29807565997100954
0,0.44026597860677064,56,16,4,85,5.391443302193327,29.991131559660264,125,-0.5716068623230603,-0.7372959599934972,0.878121538005512,-0.24706780207121465
1,0.5782543400609194,54,27,4,80,0.025178284490629418,29.840437908942384,12524,0.845505275296154,-0.8698735463285715,0.852376525595281,-0.4611850828725514
1,0.06582583017206897,76,29,0,47,0.1947211415777881,30.101982267264383,32834,0.9597019256654145,0.9594080223024217,-0.2578818637026838,-0.9133454621268366
1,0.47919806497963036,62,29,2,62,14.250491768052086,29.684200758404693,472,-0.23740840231287488,-0.40538855016024833,-0.9450967611155711,-0.5284870514096965
0,1.023937134649906,54,24,1,76,2.969265645889596,29.93183300621585,260,0.03348518119839633,0.259467366633145,0.27066083918354195,0.9659258262890684
1,0.3505797331433146,54,29,3,78,0.0,30.060394484065245,22586,-0.39305691260365727,0.911395290190173,-0.2523086218629959,-0.9093074097016841
1,0.5775294169847609,72,4,4,67,18.28222781189835,30.174532654014712,447,-0.9521618401338231,0.20297370179152596,-0.5369963491539409,0.4925570807188165
0,0.8718226041830884,76,32,0,57,5.642769860344148,29.83422697811222,595,0.8150566010574101,0.63142284239418,-0.5621592044930976,0.4535870756365773
1,0.4945671973258486,59,27,4,76,14.365105517596533,29.806954643963245,354,0.8441736336402876,0.2535335929564813,-0.8326663971521037,0.2989983840222557
1,0.4838699549749701,54,28,2,66,18.01289178338126,30.05240169195815,298,-0.2944306937465285,0.9734063121261789,-0.9636594642732283,-0.2770256595358339
0,1.0454721035495311,50,20,0,46,6.414140845086653,30.33056300697521,100,0.5122694959886636,0.9470052324594386,0.9023070378560779,0.9659258262890684
0,0.7435457083698683,54,28,3,64,3.2140881328323765,30.11642608566417,632,0.971011905190924,0.4700583003389181,0.9437548485977563,-0.48125627266713333
1,0.15708192628958595,59,33,4,79,6.012535014080809,30.10972377549769,29067,0.34603079036849965,0.14213393542231,-0.2702247763647102,-0.8837515497623797
1,0.29556916076835915,64,34,2,79,16.43385240957768,29.901907488011744,17008,0.9102015638207208,-0.8377130869357046,-0.9286058861490992,0.23966902458247416
1,0.4577604022167383,66,28,0,86,0.6208164828909012,30.078905845260966,32612,0.6644662591001761,0.9733115705842896,-0.2609878274094719,-0.868547188373227
1,0.39389439453416203,63,29,2,80,0.5803528424049417,29.829388774212003,135,-0.15122499247860216,-0.4312181289355189,-0.8701386749215184,0.29710567659214676
1,0.0551070524894573,69,32,3,78,6.425357806623596,29.924313729948132,21489,0.47933491375338033,-0.24058254221818448,-0.23882107005138914,-0.8924984959667102
0,0.6443158225248199,51,14,4,86,2.0693479704261266,30.151047019777423,0,0.99999073973619,1.0,0.8794037943266637,-0.28580578127644357
0,1.094243703004363,63,28,2,78,16.11669132444704,29.914469655957618,126,0.996954413412637,0.8429392509194901,-0.5221084387897701,0.8528089076305568
1,0.3543689860078009,64,28,3,83,18.211031031295523,29.82613298578851,6331,-0.9957531117615329,0.9635925170075872,-0.8697871521822316,0.3251472691079271
0,0.8614107562744049,51,23,2,77,5.107379710042014,30.05304760193421,0,-0.1289264478067696,0.9658836222534158,0.2200782217623732,0.8840362595275277
0,1.141361257,54,27,0,71,16.957361160438882,30.23129413381717,0,0.4455073972079696,0.41853151812959505,-0.5304373598737204,0.9267289857838009
1,0.0754128952297296,61,28,0,50,4.517288896016094,29.901147634092332,36580,0.5123501901535223,0.2576340368310443,0.47339761586547374,-0.885353108812762
0,0.6788162724147885,76,27,1,79,9.364074808819987,30.13014060831169,82,-0.8085150027691871,0.7879487814993373,0.23690330523037795,0.86541593487303
1,0.11988851468007633,75,22,0,79,6.583846390143764,29.937314704153806,36580,0.9179032666696071,-0.17252567286616594,-0.27593623745845547,-0.9659258262890684
0,1.0472136546088888,64,28,1,77,22.346649597708627,29.942416597547602,112,-0.3584589581508006,0.9020256564361001,-0.46635396737818097,0.9265898463273564
0,0.8257867562992192,60,28,2,74,21.760297207121642,29.74752010474442,21020,0.3438909454284166,0.5740697408434166,-0.8900073468898976,0.30367618783173145
0,0.753300822067464,64,2,3,84,9.001993601629207,29.79253757392871,170,0.8877620936156142,-0.38522712023642175,0.8680130909983478,0.4718817603727614
1,0.40817767843948993,56,29,3,40,10.37747437695056,30.03651935954481,9732,0.8329044089218656,-0.8847825008197732,-0.9366183204985737,0.2586687001068045
0,1.0051738075395849,78,34,0,68,17.312314312425297,29.833688294136646,407,0.11338910066734403,0.9916013891271546,0.20632994690952403,0.8932297392900772
1,0.050400916,68,30,3,83,0.2535268383636401,29.95280665062401,36580,-0.99999073973619,0.914154478974237,-0.28079357477793915,-0.8459933274550512
0,0.8038182881101807,57,27,4,89,14.307754968258779,29.87600717544961,371,0.27984432324387054,0.5190420826109802,0.9138906194492113,0.4500123876779331
1,0.3057784373108113,54,28,0,70,0.2675662611216523,29.730445159287527,7961,-0.9819176437729221,0.9109342939680387,-0.2776382433088808,-0.21684666832300226
0,0.7707009949672925,53,27,4,72,15.836746536417118,29.76478124365638,51,-0.49665638742928436,1.0,0.22388196781279351,0.48295539212179467
1,0.5744445636138299,56,18,3,83,6.271984550474559,29.897548704613907,0,0.8898177452627515,0.7914883916072897,-0.8955903507225751,-0.24717712426151833
1,0.26874213828741467,72,22,4,64,5.247517963827908,30.17373369990232,18359,0.8223863185050969,-0.0025873007517826715,-0.885254910944787,-0.5237024154081317
1,0.4865142249808292,64,26,2,66,10.849305941598743,30.138540763971776,6658,0.8864814071012049,-0.7933561646399682,-0.9469356292767332,0.25814517753387234
1,0.4548485971201504,62,24,2,78,20.93170085730114,29.869553715256817,8989,-0.7151472939340975,-0.5545963974703814,-0.24532367136443034,0.27288170458683714
0,1.062625066967368,56,27,2,71,8.26625135151076,29.948259185844158,110,-0.7307193252415314,-0.6216589227824368,0.21607904385062582,0.9419373824881535
1,0.17493557604202964,69,11,4,83,6.54211769181718,30.104761099519685,33398,0.8553756393911759,0.7492460473995357,-0.2246953506507357,-0.8958272776069949
1,0.10506787445988724,57,29,1,71,22.739927273587124,30.055471925506822,35669,0.8913494646960409,-0.8545530668215587,-0.25772487697858665,-0.4657200641977299
1,0.6160975955770829,52,23,4,82,0.0,30.14494093845878,0,0.5841350448515837,1.0,0.9064885570896408,0.4822334639550604
1,0.08509508786757994,58,28,1,82,6.415210805526409,29.804922089973672,34338,-0.9510695739392955,-0.5411351942532067,-0.29187081410583976,-0.8792723099620952
1,0.06060091646273606,57,28,1,73,13.360976680444342,29.810934810240585,11113,0.5063343153677385,0.028721965016107694,0.9034284902436814,-0.5359528509452635
1,0.15179088636505625,62,14,1,48,6.446402658853831,30.223373508336152,35327,0.8953516556751652,-0.7659013995548927,0.5065258156248205,-0.8656324652248413
0,0.4647017837421057,65,15,2,55,14.54661350328769,29.991174837570867,303,0.881931863126238,0.024314751888630262,-0.9099361250617137,0.2595405340658805
1,0.4778906158329901,48,11,4,92,0.0,30.20066649121816,33480,0.27010937788864964,1.0,0.8638364658018063,-0.22238191509798483
1,0.2300292332935153,66,27,4,65,6.551994954698851,29.871045184385736,3126,0.8831005727982398,0.633788213620664,-0.8509409126357426,-0.5069867330944987
1,0.08110739259215834,67,15,1,46,5.443098945673492,29.977189543392985,27796,-0.8971624230153898,-0.42717189873766637,0.45190707471932595,-0.8583981551508071
1,0.4905670636222077,68,30,2,61,17.51126364251217,29.56682515494294,201,-0.7404399812532982,-0.6363071009832744,-0.9659258262890684,0.2786205932735126
0,0.7974561688430473,50,30,2,69,5.171645279173738,30.177020423795536,0,0.5237751163248138,0.19949634543306238,-0.49226157505869156,0.9089798927092791
1,0.1264865457153909,78,29,1,49,6.239444264472496,30.03274431335634,27999,-0.9863484691119111,0.8656877625926609,-0.24215839493831992,-0.5085573970462466
0,0.8156891149959481,67,26,4,89,9.546158067481814,29.99650290525005,208,0.37355821107995574,0.16398070333555453,0.7901982140242403,0.4963876925181307
0,0.32357960333941066,72,29,3,88,5.72719495878033,29.837111175635773,139,-0.5074655953080098,0.025374050182989757,-0.9126773563863859,-0.482586667806631
0,0.8854675987764624,54,5,4,83,4.4132064914936215,30.18192906255011,0,-0.31422918178476966,0.9487563247979811,0.9399015072076936,0.5271942365397986
0,0.8058414107651642,57,29,0,64,8.158528248714218,30.022531396898753,359,0.954942154471271,0.7422115065769812,0.26550533379797275,0.9193203052376231
0,0.9793732965230116,64,22,0,58,14.458196777515804,29.688538517383602,321,-0.5171731437449606,0.018741510629777212,0.21415418187872498,0.9333872822397408
1,0.12228519662349074,50,29,0,74,6.714657159142889,29.856963326314087,21135,0.9099226157565534,0.3531064660153976,0.9609423145842577,-0.5184335354687216
1,0.1433405105578101,56,15,4,50,9.568767211054228,30.031073610163006,34563,0.21082102053639734,-0.33117565624417356,-0.23872901057634188,-0.8821755576681957
0,1.141361257,49,13,4,90,14.207453849564555,30.227996854681106,0,-0.02093504885935768,1.0,0.8000800152219983,0.4861762262339713
1,0.6564531058406372,57,28,3,83,3.501036607550773,30.133592761756958,2588,-0.9946067697259483,-0.5273845985449989,0.9446264037222047,-0.5220810820918041
1,0.0754028407936019,64,9,0,64,6.573152711786953,29.996126927845022,33578,-0.99999073973619,-0.435395642438153,-0.28369736616555974,-0.8971466458119444
0,0.8115367726378402,58,22,0,59,0.0,29.852267035551314,0,-0.5460499465725291,-0.024485292224839188,0.22277376259229986,0.4977094324215376
0,0.8223657850712197,50,13,4,89,7.690439223535241,30.246026280288866,47,-0.4957902556070627,-0.4348231357903755,0.837963082315364,0.5112548337967181
0,1.1122852402271601,51,28,0,68,6.522638623587756,29.814175239391616,394,-0.99999073973619,-0.7902808667391701,0.24846529511270418,0.964886407497435
0,1.141361257,66,30,0,64,4.6414121624772315,30.077756459598817,81,-0.9227691171418205,0.36490780968152875,0.21841676815545835,0.5094973708898193
0,0.4067566028992114,64,9,3,57,5.509664300970205,30.074552876405022,767,0.890183817305462,0.8993517724276885,0.8910594176075236,-0.5104901895342402
0,0.8650266380324912,54,29,3,90,8.682827740238618,30.183275733574686,0,0.009376367926384133,0.6037938720753993,0.21318594733365187,0.9320952051185225
1,0.6237542625244585,76,31,2,49,18.459997040253494,29.817034894640344,0,-0.20567865036465038,-0.3934940363710048,-0.9154456900435278,-0.465264639645775
0,0.6710098417960517,63,28,0,64,11.851065693875078,29.94976302722522,377,-0.9150460137608513,-0.24858818565030205,0.19945703097623463,0.8699138070171695
1,0.6514473574272551,53,28,3,82,18.53744289407184,29.908424741117305,359,-0.2232848770644768,0.8903002418362453,0.8596396352448497,0.5035585807637333
0,0.7919199504962394,51,27,3,87,24.814347382381037,29.870727687370874,691,-0.9475692143608611,1.0,-0.9239902702852035,0.2533911434759782
1,0.26659224895915823,59,27,3,70,11.972006439626751,29.70138327553039,10680,0.4649806165654632,-0.9325641107111888,-0.9085172229878796,-0.4798874206476716
0,1.141361257,44,28,4,82,7.3602643648848325,30.197275991919906,0,-0.009734742923336565,0.3894155816628735,0.852367340271367,0.9450390632028781
1,0.8097154996398918,78,27,1,85,0.49438224613044246,29.720341302012276,2920,0.6312312400208379,-0.4290510519465078,0.936747116827148,-0.9348327566437508
1,0.7043363000512367,58,8,4,78,5.207250999251674,30.098045547456426,404,0.14802480778710583,-0.8569320273510821,0.8624134540944799,0.46953638724789176
1,0.050400916,68,27,3,84,5.740562831935163,29.878313846609746,36580,0.8444441089926473,0.130214833494939,0.47347246840347107,-0.8944557251417896
0,1.0283302555729912,51,29,0,56,18.4456360681155,30.132595115427748,0,0.48804945136511546,-0.5401494398078694,0.8855759693666947,0.4853676490954465
1,0.14967142573254982,54,23,0,25,6.383174801474967,29.917898921912123,20544,0.7980635215960827,-0.007387564496672085,0.8876386685147768,-0.8889651865152569
1,0.20255010067980508,72,33,1,58,4.773632743462652,29.96951214264159,25886,-0.9420127896697561,-0.6265968727813378,-0.2642521047217355,-0.49876909161776856
1,0.2660514308763008,78,16,1,56,9.353082698115351,29.835359894105753,726,0.5161161017637217,-0.916249749233361,-0.9272936633778399,-0.25664007618809725
0,0.8544059279099094,54,16,4,87,0.0,29.91007047239643,225,0.8462412581389147,0.93177745529836,0.8822439294116029,0.5525457352780537
1,0.5629157441872913,78,28,2,81,0.1308477809576274,29.913166992878594,584,0.8844829340354541,0.13632560841506308,-0.9659258262890684,0.25462187775331163
1,0.6528325817534206,64,23,2,72,21.30677042490756,30.112693365378377,4216,-0.15470362983040853,-0.9437507091681552,-0.9204640019677996,0.23608290007913493
0,0.6840169465062748,53,27,2,84,4.272956995364472,30.135511710506087,60,0.9272145513829664,0.27243121919372165,0.23821447309312255,0.9481079104742034
1,0.29947673837679684,74,29,2,80,17.90632497418975,29.83234197406201,4159,0.6124307542788865,0.07409842175675195,-0.9556308170404682,-0.4998326834879789
1,0.44252348264701513,63,15,4,67,14.51946756412866,30.03619907358166,6411,-0.3756953676095593,0.9619453314699017,-0.8504913171368482,-0.5146001361879786
0,1.141361257,50,11,3,53,7.371993483010265,30.10271191713476,249,-0.2470466032114099,1.0,0.2411983250246428,0.9422252179004132
0,1.0009483412246576,49,29,1,53,0.23996580728446665,30.041968940175792,235,0.47563695845445525,-0.8173431476002697,-0.5017527359466357,0.9334538446197141
1,0.050400916,70,21,0,52,0.2452311413655456,30.11198429269302,36580,-0.40920224225516755,0.4899829367238627,-0.2738166548497886,-0.8292592559040735
0,0.8279813498537851,66,13,4,91,9.967862491179218,30.08588032695598,152,0.8492202385277262,0.7738869535447906,0.8371229250821776,0.5336539552280007
1,0.37980513513155506,63,32,1,78,14.67605492172089,29.9711087395435,765,0.028649875765617994,0.9360688001728111,-0.9175501033136804,0.27214661801289397
0,1.0950726005718414,62,27,2,54,8.532120239401303,29.865843370838675,0,-0.683263380944128,0.9551508647938504,0.21066018114229104,0.8974763266438075
1,0.1038018401671846,62,28,1,40,20.821580427319223,29.740493892068393,34720,0.9105783503949846,-0.9078738170571367,-0.9134409628618142,-0.8533296545245385
0,1.0859612179331457,48,30,1,52,5.197433410222254,30.097653200329834,0,-0.03612880604300321,-0.3175270687214056,0.8575348631576959,0.8904483335707752
1,0.26245098732558225,74,29,1,61,10.136374721239106,30.058944888402436,22626,0.368301051261663,-0.8981985086242616,-0.9442143707793142,0.26407680842378967
0,0.7747259224356449,64,23,0,70,5.0499288810558784,30.038054062391573,26,0.5834110933000847,0.8624841728527591,0.22846245677169377,0.9153601745403868
1,0.10106666252804775,75,29,0,53,5.402781954288096,29.992598499230688,35312,0.8437314087947806,0.5286658628780481,0.4976615552188184,-0.938770598951012
1,0.3798211124287877,58,29,2,62,19.597376182685142,29.920257715544487,4191,0.8773569659039333,1.0,-0.8932920104287249,0.2507249248359746
0,0.9513208355481146,54,27,2,77,17.337913599613792,30.023954225474768,392,0.1677313020921167,0.07598984407091848,-0.9612180803061684,0.29219314377136935
1,0.48442892057655157,49,21,3,85,8.95055827101125,30.05213811029324,3048,-0.06431487649348237,0.2506298532914083,-0.886946844340751,0.2599877452352419
1,0.4528646176567593,57,29,2,71,26.47569627637694,30.109968292010556,8064,0.8854407621546422,1.0,-0.9356334764955159,0.2643465630160232
1,0.12582816312559833,65,29,1,49,15.998452979905757,29.907066697761934,25022,-0.9292043644294076,-0.934779961496991,-0.9513562977094054,-0.8481587214667229
1,0.36177941585775464,67,13,0,52,9.512500940039594,29.933892962143545,16564,-0.13816331895753836,-0.6445641799012317,0.9100799922778035,-0.9616636026919324
1,0.5718857778711608,63,27,3,50,11.12028287771554,29.85949464527283,17861,0.3140950936929234,0.9023821331228895,-0.22970309987373533,-0.2755327224984787
1,0.41280665856495946,78,30,1,83,7.637535619903193,29.530454622330037,2400,0.5152316194502832,-0.45322900435614044,-0.9328055107760554,-0.9061183498015609
0,1.1181982139979367,56,28,2,69,8.291858798069065,30.24011103324634,0,-0.08354823179541605,0.9067696844581212,-0.5188837487325064,0.8802585480891079
1,0.5048366388017589,54,15,0,84,3.0127119427880666,29.94296177392032,22388,0.9507052365675107,0.6870280057457772,0.9181492956609231,-0.8653414404836055
0,1.110007241913918,70,27,0,71,4.178905905065365,30.388588642575456,98,-0.7483417402238102,-0.8954924392838375,0.9038931008238554,0.9659258262890684
1,0.3605058831441831,54,30,1,35,3.312975406841511,30.014995985507067,902,-0.6480356112896379,0.8904092074542099,-0.27631854234672765,-0.9574452802737184
1,0.13396060955080644,56,27,1,15,9.838814798497433,29.878696632318217,25379,0.8814100131474318,-0.9034048471385564,-0.25954746627638503,-0.9621536330796578
1,0.49399288457514995,65,27,2,89,2.5315652759557308,29.852804683849975,5867,-0.25074099941340494,0.10522899994004808,0.9488959210442869,0.25836572863371476
0,0.6816199045809881,78,30,0,73,9.260059141451919,30.00301967487983,254,0.7464341547588673,0.2184650964399939,0.22645914466719566,0.8463190589273688
0,1.141361257,56,28,0,62,8.19567682032548,29.892282343504277,204,0.8212052201162268,0.7788154783697104,0.2461218810670334,0.8979123514801854
1,0.5748658571175804,50,27,1,69,22.341877479212492,29.9199410165026,2534,0.9781874383684411,0.30590900462458437,0.9073895641535128,-0.2591840826124463
1,0.48717591672664,54,27,1,64,5.596692412807901,29.99911082289828,421,-0.9891693874914995,0.2685015177024267,-0.26056429590584756,-0.9261194274497353
1,0.28124146299694897,57,8,3,86,6.321608044328006,29.922025346946416,20205,-0.8590270441873916,0.017423834359253605,-0.9031806780024603,-0.2604372890219376
1,0.1300031340788384,63,7,3,67,13.891645594862812,29.880500107304243,19944,0.5377207831830964,0.1401937065212386,0.8351705164666058,0.28566754253889637
0,0.7437851949090629,51,27,2,68,14.748082597759135,29.94861268840588,192,0.39559782310730934,0.45895860643989295,0.23097305110307548,0.954401126903684
1,0.4381287231304819,78,30,1,18,20.28717372041629,29.66096921773962,587,0.8419375865715407,-0.6253433173557208,-0.9522890508450411,0.2497376087820583
1,0.050400916,75,29,1,80,3.478361715176719,29.779096231382965,36580,-0.3389307965201528,-0.996402667115655,-0.30767699664209636,-0.9515423723341205
0,0.7373356808137562,73,27,0,51,0.0,29.84553595825517,468,-0.8769763651868236,-0.8267981970730781,-0.592473571948488,0.5245901886660305
1,0.4243412348905795,69,29,1,64,6.237106234672403,29.89163679446989,9317,0.944314284319042,0.2518809927713312,-0.2600928708650256,0.2358667664159569
1,0.19413342059559774,67,29,3,51,3.234592586306702,29.870147081117853,19737,-0.8587453326896778,-0.7639718515379728,-0.21863714275825835,-0.4870794657001679
1,0.5892249661528987,56,20,3,64,2.63544515541798,29.851007641658217,216,0.8456758673458006,0.19329387014997518,-0.8679800318833972,0.2789989263451821
1,0.13810396729605576,59,28,4,85,14.717714414847235,30.22761467441795,34512,-0.9467555372957233,0.5632675802634494,-0.26008195302536496,-0.9431719072512547
1,0.5744861263369562,66,29,4,46,5.754708549619643,30.118925301262678,7,0.9012530929320766,0.8560268229346922,-0.8754211908407493,-0.2842305893506324
1,0.5418333614939995,51,28,2,65,21.18746674871241,30.0190544436419,391,-0.8885109346288622,-0.8305294912425953,-0.9120057302265914,0.26747330344387305
1,0.12534325202259383,63,27,4,84,9.353427556661114,30.057533879058717,2992,-0.043536043037845557,1.0,-0.8828243362196712,-0.237837318598491
1,0.39320249314853284,58,29,4,76,6.020331734925195,30.05275824275045,1896,-0.013629987545632674,0.9795668188551645,0.9659258262890684,0.3044508930821862
0,1.1274481608458418,54,6,4,80,16.828772122811486,30.16173588361283,97,-0.17946482021323576,1.0,0.9659258262890684,0.5151484793874515
1,0.5315569203881475,68,29,2,72,17.392614936412745,29.730787388256108,266,-0.41337896631240945,-0.671937723449514,-0.9657655285879833,0.22165181857623747
0,0.6764517327815909,54,27,4,93,0.0,30.09165971910845,118,-0.5154471405392801,0.9593976280167508,0.7808977893377047,0.5579742949121522
0,0.7710690279949355,62,11,1,66,20.687395933189933,29.83054147322216,280,-0.054383130910058766,-0.7546434220273011,-0.5681907724844703,0.9659258262890684
1,0.40341127796862475,61,29,3,60,6.095965941659502,29.993209870878008,14,0.11583976257330313,-0.3744218150157004,-0.9039336826726838,0.3237038870617487
1,0.7844226067927017,57,26,4,76,0.0,30.099640281608984,0,0.47470952680401257,0.3021910536985501,0.9012928024653687,0.5697081540794446
1,0.4906193702142164,61,30,4,78,5.322888244259489,30.225802569623937,19962,0.7295577328352193,-0.8246532473827525,0.8858692273960258,0.5412173343177037
1,0.7831278721775382,53,27,3,67,5.362978874669545,30.182555752071387,23807,0.4780059551061458,1.0,-0.25378848642885543,-0.4854910156269546
0,0.79045461269913,58,11,0,67,19.982908576653703,29.946804750492195,459,0.022934178815754575,0.7784326553059397,0.9008132721043643,0.897396670860349
1,0.503111884399708,68,34,2,45,11.792357523112425,29.663169996516938,426,0.6750852996802121,-0.360357317717934,-0.9303267852570265,0.2804607277138487
0,1.141361257,72,20,4,71,5.378247249766655,29.980897567935852,187,0.22689650048280155,0.8035896338867938,-0.5186447406065023,0.9522420713051931
1,0.12379044200638985,64,28,1,48,23.394776679750045,30.12608443496367,22341,-0.8765527706175881,-0.34985552632481165,-0.2628506273677809,-0.8652438639513044
0,0.8253347052754585,50,27,4,90,5.196704162672169,30.067360289862012,118,0.1818675277079751,1.0,0.864841747167838,0.5261142764782754
0,1.141361257,49,31,2,77,15.127172549044463,30.166947624073053,396,-0.18036230136218467,0.3974547777106656,0.25496249630232315,0.8635316134452993
0,0.842118193504148,52,28,4,89,6.9873467433404715,30.227955726841934,0,0.38409904598205746,1.0,0.8719937939806662,0.5168085500588182
1,0.13608944583538463,72,5,4,49,5.519207776160993,30.20141696513689,12729,0.9242395900567633,-0.37634347232888693,0.4715576508451737,-0.881990980587544
0,1.0698886064325743,51,28,1,65,6.17852797643268,29.77216670696125,357,0.8753664917033811,0.8143982426771001,-0.5494677253373741,0.9659258262890684
1,0.35696512602939034,51,34,4,53,6.418726429204153,29.809907738294935,22185,0.9559474464984419,0.016927742798425106,0.8534730211873077,0.2460377987088481
1,0.43321230146736656,76,30,1,51,20.80876232020233,29.828209507428877,24266,0.8710214836990199,-0.17529466220839918,-0.9115816323031014,0.2432891713206235
0,1.141361257,48,31,2,81,0.0,30.033567151809216,57,-0.4782864324440618,0.7910188644282443,0.9202324826779157,0.9627320743027752
1,0.5446371100429039,75,17,2,61,21.80415769212705,29.862261331674144,2900,0.8094429128338486,-0.8461820302243226,-0.9274891554835714,0.28757334627627906
1,0.09739491129670187,58,29,0,64,4.7012049489881464,30.077466989292834,34184,0.8503160176265772,-0.5498541111319027,-0.26283387501841776,-0.8837561607110985
0,1.0354943327577826,59,28,2,66,5.781199726160139,29.980347035475752,0,0.8403777947711317,0.02757585453654594,0.28572796991356597,0.955826626629406
1,0.14394048989286326,67,28,2,76,16.85135592730363,29.86408746891298,11090,0.21503707188777335,-0.05561313775437515,-0.23179528047759712,-0.4851955440635802
1,0.4898755169561256,56,27,3,62,6.494927699036682,29.885259627894555,23927,-0.5766692483763078,-0.35135182384309244,-0.2466497477502186,-0.9023443735179989
0,0.7528991145398326,63,26,3,77,9.356201587040456,29.91317826992882,0,-0.3024916380185206,0.5634208664857244,0.8217076777654272,-0.25530283151786126
1,0.3633751137522439,60,30,2,67,15.08345788430215,29.85498151298707,273,0.941226233783248,-0.4191892333939443,-0.9251861805582513,-0.24910062495437335
1,0.09008634471103485,63,4,0,64,3.038423812285976,30.030855196930755,33587,-0.9235409120510707,-0.3393077311215901,-0.2877582447430683,-0.8852796079778512
1,0.404996180313111,58,29,1,77,20.06819529151568,30.00555182353973,663,-0.4253557227112329,-0.9037839871654244,0.2514241580638652,-0.5159107625240087
0,1.025244106442952,66,16,3,81,4.853639392802852,30.07127352730975,112,0.10745690357148932,1.0,0.22751589932957916,0.8556051350355758
0,0.8058821414210278,51,31,0,84,0.0,29.862549290496382,0,0.1302421311728255,0.9379222676851198,0.8474794856041482,0.493492920372792
1,0.4610319451699071,50,21,2,82,0.0,30.10339928740303,520,0.3950610139511728,-0.8212657303211421,-0.9040713834416373,0.28734015924954354
0,0.7019914350458347,62,28,3,51,19.91474053240491,30.042052638092738,169,0.841050089139851,0.989367292364508,-0.563474832736374,0.9317869634351024
0,0.980464868214453,51,11,4,89,5.22123156300384,30.235028789837482,309,0.4776993723155871,0.24453457043539478,0.7901095205678895,0.5608576258222446
1,0.29559047417399387,53,27,4,88,0.495713018339602,30.1500150751986,1866,-0.010029351049303373,0.7324409166236994,0.9393846082988668,-0.2225150445738403
1,0.3944087989253794,58,29,2,58,11.887363098923288,29.975791925261433,2296,0.9681500243498633,0.3082517711677658,-0.8825528845515774,-0.49535111955566713
1,0.12818776364412432,55,6,4,80,14.1575244337349,30.162954717262718,18904,-0.840877698270789,-0.41973974242816037,-0.2494182217975866,-0.4448011864374258
0,1.1039089919420726,52,28,0,81,0.02483735747200255,30.01994372979777,41,-0.8564179909072597,-0.6216572227468453,0.9284013415157435,0.9176187374090213
0,0.8398773052580972,63,27,2,88,2.4399565721330485,30.11328517907016,309,-0.9392259027963091,-0.8374094249784649,0.24364410160310532,0.9116104776359798
0,0.9413726770020114,53,26,4,85,0.0,30.000085540661175,464,0.9192854010711604,1.0,0.7834577544018004,0.5228138800226041
0,1.1219451014824458,64,27,3,72,13.510523578234832,29.920639922897752,191,0.05811625197014793,1.0,0.24434454167239572,0.9659258262890684
0,0.7959725128252224,46,32,1,72,5.962040166058969,30.286633348635196,0,0.41877706385969476,0.5889935784547,0.25588487483931693,0.853842443919297
1,0.1032665637088358,60,33,4,69,18.97144435674624,30.122901412925142,21664,0.99999073973619,-0.7645777965665683,-0.9606307683642341,-0.25431105529315323
0,0.7232615962185864,55,27,4,65,10.190688103017589,30.144969118526678,453,0.53666074868664,-0.8728308538912826,0.8031748852524271,0.541771567199778
1,0.38476921220446897,65,27,4,57,18.208699932891342,29.79074594708529,1936,-0.2891023104474369,0.9292768363012441,0.9659258262890684,-0.2686411773215709
1,0.36190639878323283,56,29,1,57,19.829539276669642,30.339855360609615,165,-0.9080834280060802,-0.38029505683762954,0.9416255960346398,-0.8814720244819954
1,0.5311812539315273,54,28,2,80,26.68907219299983,29.946225889789876,1868,0.9422997190080351,-0.08317059218617351,-0.9659258262890684,-0.49446792208584595
0,0.8307883798731196,52,27,3,63,6.17435558722949,30.033749606835627,99,-0.5639612189581559,-0.24895733707727602,0.24965957042393153,0.9106620026664941
1,0.06387438587920803,74,23,4,70,9.445854510283278,30.14019357441879,2266,0.8513205331778317,-0.5002903266797776,0.49934669436422435,-0.8577217232909056
1,0.33354802853824433,68,27,2,39,14.705024918750128,29.959376982119032,1740,0.8607352687663029,-0.44267527954032015,-0.9239814820207952,0.3122458574176811
1,0.42270194859018684,57,28,0,75,3.1400148307714426,29.829309492468923,19095,-0.2547727652943347,0.2589859301029662,0.9157788521437273,0.27380843965807417
0,1.0789649805196369,74,27,0,58,5.451231954257204,30.042255950776784,0,-0.016766095427588765,-0.1107160253950839,0.2718932964223578,-0.24608318783436203
1,0.429284509660671,60,16,3,84,10.529491492943478,29.727677779068536,19,0.7477496620013101,-0.3722003827432264,0.9102173458010562,-0.2534754639930013
1,0.11862156803414572,50,29,3,66,4.969430301425586,30.07172724760547,19179,0.801732908308697,0.5762422645139429,0.4800416454300045,-0.9187382523882737
0,0.6768511961074513,65,27,1,44,20.67708335125213,29.760101610842394,746,0.99999073973619,0.0034087654089932085,-0.952485360942165,0.882895971438659
0,0.8140168496525998,51,26,4,85,0.0,30.212291704113873,3026,0.99999073973619,-0.8516493591023485,0.8222437431482683,0.4511495669004198
0,0.9735545247720283,53,8,3,76,4.915551979217694,30.07598860496489,0,0.8911603884481749,0.9691287948534303,0.21992781969985184,0.9533315631805717
0,0.8038000361869843,71,28,1,76,21.39620980774625,29.875173349062262,281,-0.7202193504374723,0.27882985230658286,-0.5357597182645807,0.9225355421289507
0,0.9693044749451459,59,30,0,72,20.22752504402836,29.914376624530572,391,0.029343470272732243,0.41710095910439365,0.2428838318378772,0.9420405268420362
1,0.4364826382178609,62,28,2,70,18.2276242101534,29.851197289597536,6594,0.7482636018134773,-0.2753324031380539,-0.9276997593680077,-0.5185583034411386
1,0.3978129508630107,78,28,1,74,8.906035821586565,29.797692143862072,4435,-0.8290374409556467,0.15575965591317553,0.9659258262890684,-0.47143193965431845
1,0.050400916,65,30,0,27,6.5878069836839925,30.087521586990416,34681,0.841239014163943,-0.580592155189699,-0.27660240764419336,-0.8500064479582465
0,0.8277441316442421,54,27,3,63,6.405214884014742,30.17348377416707,52,-0.07530326308609603,0.6035227385471951,0.22991157004842624,0.8482010916548196
1,0.36584440931634854,51,27,2,76,22.32487082242763,29.772386092144597,3549,0.5512688159805075,0.31634733199637527,-0.9659258262890684,0.28771232907696553
1,0.45539324935109315,52,14,4,84,28.031684163808706,30.080723237649995,19239,0.8715297787930083,0.9841649009293424,-0.2587895296534135,-0.23882289767794596
0,1.0257662890689665,64,33,0,53,5.209304234558286,29.92247968854964,18,-0.5412752742649136,0.15758762866581316,-0.4975991366979877,0.9120579192755199
1,0.054000983567249916,56,30,1,63,8.628511871570689,29.889358261634467,33411,0.44229288999064986,0.12262707410606152,-0.25472495434193587,-0.8922796316911019
1,0.9356160999449705,70,29,0,42,0.0,30.131602472407774,16715,-0.9589216434685754,0.003338344800477719,-0.2607938872570987,0.31229702689638766
0,0.8500772711476366,49,17,2,57,14.142786063903015,30.180424089455354,354,0.8585291669129533,-0.2621558810143431,-0.5326943916811824,0.9318740320209229
0,0.8239492369326222,66,28,0,59,15.402736754934077,29.916748171532607,0,0.5666361317137074,0.028018966441509204,0.21934029440904473,0.8703461244726145
0,0.6276246637656063,76,29,0,66,8.68528744107254,30.13597256902753,775,-0.33601234909757277,0.717851263376603,0.2088563701961353,0.5073002672159628
1,0.2534554483510061,78,28,1,34,21.739714691212072,29.591814456636676,27528,-0.99999073973619,-0.019011349454891115,-0.250892168128654,-0.8886296199702054
0,1.0966142885336168,62,26,1,92,13.628297805803019,29.900816247870512,290,0.962688641731895,0.7604307371697481,0.22392860045465657,0.8825805814858715
1,0.10660502775267466,56,30,1,71,0.0,30.01396963717468,32392,-0.45416145807291836,-0.7375338583639048,-0.2778589420585405,-0.26736994078319987
1,0.428873892946141,53,15,1,74,5.786216136885881,29.979882857041453,32732,0.5767868975528331,0.3322686345709167,-0.23194413576893946,-0.9659258262890684
1,0.4616405716427734,55,27,4,90,8.870413563650953,30.04270466557263,278,0.7916201092387907,0.9224281662555462,0.8655599665798462,0.4711853929039753
0,0.8035086800531823,78,28,4,86,5.567665838301827,30.075484524099625,514,-0.6633015918803843,0.760150030839764,0.8740483741335175,0.5149078645458435
0,0.6172955745817837,71,27,0,58,4.112896977432541,30.0352359184164,268,-0.07644263216930215,-0.16173650890864089,-0.5154293581582644,0.5290622329055742
1,0.050400916,65,22,0,67,22.17455386712652,29.920399981572142,34497,-0.9682756818197409,0.5047172785475091,-0.2943220900060613,-0.883073432642853
0,1.0488964453521739,64,11,4,76,0.0,30.073166448751408,332,0.5635121524504876,-0.46789769727025315,0.8589552404059227,0.5002729582349847
0,0.9142608757605915,63,27,3,63,0.0,29.98971455212508,178,0.837233835061208,0.9230672004207268,0.8483173612075787,-0.24534267289987863
1,0.3915544434496331,61,6,4,75,0.34055459943767386,30.043856073306323,2322,0.99999073973619,-0.25850350276970796,0.4565772379190443,0.5371999728983251
1,0.16962321808209402,52,18,4,84,0.0,30.317968868311542,16546,0.8125558716701067,0.13995701809180994,0.870974779712513,-0.8908601492663925
0,0.7894036103286535,50,33,2,81,5.670405469051676,29.904689139265386,275,0.35680381662420585,-0.5246335688860743,0.2293186096411904,0.9040472458920996
0,0.759358767091294,64,29,0,76,4.767599896159435,29.900985560651193,353,-0.4872253559029827,0.12000867581953079,0.2828712717799293,0.5031115346523299
1,0.914787674957066,64,29,3,63,5.616531246837097,30.077378149707194,329,-0.16724514471250457,-0.8390638157379263,0.9223935300653059,0.2541366777581345
1,0.050400916,63,6,3,73,3.4902869179366443,29.96376019611401,31390,0.3948791989469279,-0.9221163778264613,-0.2564898053296657,-0.9039486113473436
1,0.4256527069571144,55,30,2,81,6.474300908309459,29.91107480118169,2130,0.9962035001303455,0.4467739274134196,-0.891668553198421,-0.5349788015757228
1,0.24838346333058647,78,29,1,50,19.231613522669676,29.824916826663923,24440,0.9450697255901044,-0.8124185667457153,-0.2990533182788591,-0.9659258262890684
1,0.6465170878304934,67,14,4,77,6.041829168868682,29.924293554582526,3203,0.5110379044919777,-0.10737706404964734,-0.8460140809257801,0.30821975214464264
0,0.8848366614123163,51,11,4,92,0.0,30.174934331704712,30,0.540623931630574,1.0,0.845458126294168,0.5236234851471866
0,0.7042183517504773,47,24,2,61,5.289714543744314,30.239222548675695,211,0.8301768496898924,0.9878822359570594,0.27733631794160596,0.8602773990868327
0,0.4992584951777026,55,32,4,93,8.345776644419054,30.152956601047247,0,-0.11088986783220203,0.8774133432334844,0.8440825387709592,0.5006166462167039
1,0.4797496656213449,67,28,2,49,16.266693404823027,29.959220932363742,3013,0.390680581214476,-0.8143615617968205,-0.889077869638353,0.24218245238419844
1,0.09366792980987426,53,22,1,59,6.469331199608387,29.77448560343601,20709,-0.2105948315546915,0.600647697132789,-0.2546488255080169,-0.883518497952252
1,0.12895699815242564,63,15,3,57,9.74338311339947,29.98445895456533,7616,0.23884110240465803,0.37369965492965235,-0.2958623782799265,-0.516068537867981
1,0.09003093906787159,55,26,1,85,5.399955784107695,29.91293847653583,30676,0.08205157202570032,-0.3859967947131231,-0.29732611220286753,-0.9163810777908544
0,0.7554852863080483,65,30,0,77,0.0,29.80640164087585,0,0.40523073868127024,-0.8643075228243732,-0.5391495893884853,0.9540540204245858
1,0.4108185225036794,61,23,3,76,21.015380305171636,29.925933557684296,0,0.869369867078161,-0.8668701445806051,-0.8918867266870356,0.30023677834848966
0,1.0606931003701467,59,28,2,69,24.0152142809816,29.937470359757473,475,0.991997966975985,-0.831295856318393,0.24358964600760877,0.8583677412767222
1,0.1603495269644067,76,30,1,43,3.645081472348755,30.03302380257831,3155,-0.48745902592127643,0.9047547488932878,0.9659258262890684,0.2896523615859039
0,0.7930730775670622,55,26,2,80,7.481917740087001,29.9662767394921,3341,0.650036096315776,0.9893941528453012,-0.9659258262890684,0.30026789968082834
0,1.0400788077554837,71,27,0,56,5.095243040761426,29.93545958424618,0,0.08465082956671016,0.7005199775659121,-0.5203078048222195,0.5229025431455551
0,1.006242178978667,51,31,3,90,8.79068250711346,29.904855445036112,0,0.199104155932829,0.9560272637356617,-0.89710526686271,0.9018064770313028
0,1.0441416994337713,62,27,3,79,22.02974412733462,30.10404868662415,371,0.7613067523976392,-0.8850206034159261,0.23145379841568475,0.9016481354186998
0,0.5028650400695291,78,28,0,50,4.226306100024029,29.821147236338373,238,0.46775842303143067,-0.3134404122905304,0.8479318677073189,0.9273278199011364
1,0.34246621777256747,69,29,1,41,12.801279160077984,29.751282044029587,3106,-0.809265121458783,0.24959160702847263,-0.8889278216077117,-0.48745984853797747
1,0.050400916,69,32,1,41,6.241852028612633,29.91400567678978,32892,-0.99999073973619,0.24380733496986212,-0.3179456680287238,-0.5178725248361664
0,1.0381564809484003,60,34,0,47,5.332501591605222,30.028314344401732,366,0.9765924695916849,-0.548843393085642,0.24692011451035614,0.46690517194206155
0,0.8746302153327961,48,29,4,85,0.0,29.980858198422023,89,-0.189908868428126,0.8618192685908865,0.8460375269610658,0.5254956177403285
1,0.353573344046982,57,29,4,94,0.0,29.986876184404263,2850,-0.8854261431626012,0.7840725906049508,0.8477482709981686,0.4701469516074309
0,0.7942106813433015,61,26,4,52,0.41018136586713405,30.329920107097816,243,-0.26456926448554435,0.06135017793642899,-0.5311328602372934,0.9312526910444989
1,0.575395888186,60,21,3,72,20.566185906240015,29.94411774764908,21916,0.5297830696582501,0.3771174408351382,-0.9546213353325984,-0.49819084287985305
1,0.13040810170586062,52,21,4,77,9.736923019165749,30.08373592390596,19843,-0.15180859682886622,0.5505859341506185,0.5020924311507239,-0.8864967945805934
1,0.15163338316778247,53,21,3,80,5.532916086575696,29.937384398347234,9338,0.6433182630881775,-0.49751739318149674,0.4951756577014579,-0.9276318117708899
0,1.0383730059002565,53,29,3,55,14.577802044243157,29.90562344057974,0,-0.8898017080651569,0.11036743436787354,0.25837051647358444,0.9644894825971749
0,0.5539573028471754,65,27,3,59,24.88156548528346,29.878243117128722,331,-0.7033678437299697,0.8461401778315962,0.9046386331473911,0.2690270013425088
1,0.43558531077428836,56,15,4,83,6.511915383934622,29.864152341266593,532,0.5248012761602596,0.9289828818430954,-0.8743447298424859,-0.4891872617502254
0,0.9956152100181642,57,29,1,64,7.062169904950785,29.859304827640738,668,-0.8897414783881934,-0.38165700394639024,-0.888028087894676,0.269112817360279
1,0.050400916,56,16,3,50,14.726503201895813,30.128916427993623,32205,-0.10890364786216107,1.0,0.5147192591325107,-0.852020995556626
1,0.5861001950265208,73,23,2,69,0.0,30.04148337821949,28668,0.8955102806896208,0.35309927997716917,-0.9359398735395956,-0.5268601512026301
0,1.0598886443350828,55,8,0,83,0.0,29.901501840403636,79,-0.021854642926520354,0.9526897003439533,0.9352178976068829,0.4918447720462881
1,0.11749792830180508,51,29,0,82,4.844167925897978,29.972913501144504,36199,0.9893134948869979,-0.4377921723266047,-0.27730481275837426,-0.9023923975385054
0,0.7826235096290218,66,29,0,59,5.853518577955188,29.894101045330054,448,0.18574851414658403,-0.8420864900232549,-0.5685589125602685,0.9287101987892215
1,0.4431442705615989,58,10,3,83,15.01671969939907,29.82223999344429,0,0.7068559816910518,-0.7785284601304187,-0.9659258262890684,-0.24930070581032
0,1.141361257,47,27,4,85,0.13064958410085126,30.019168084288225,51,0.8865015663935362,1.0,-0.5495498620876698,0.9466954140147978
1,0.36879389307559585,59,28,3,64,17.464309568766915,29.813860056147195,5661,-0.6821462775834972,-0.37068655247354276,-0.8960772231178313,0.24594626537844008
1,0.3944184574542462,60,30,0,72,5.960477411907505,30.074182031737607,9933,0.3355325888630209,0.9797918111157382,-0.9614420825957226,-0.9435992832134015
1,0.3843911903240706,66,26,2,54,21.306127607477055,30.008101065747557,23012,-0.885390235926875,-0.427871902004859,-0.9416367496111334,-0.8780039247800175
1,0.31536023907756483,55,29,1,48,5.733024529104168,29.95353721900465,20359,-0.023764425398225694,-0.4905707331572158,0.4660679601500262,-0.8927326823876787
1,0.5539006669083655,54,28,3,82,18.542550877363837,29.81960355459419,1645,-0.2979978216409171,0.8932014596333565,-0.8988042761291255,0.26831661468572493
1,0.4309397626167707,59,27,2,67,24.75232896261351,29.83877899297177,3542,-0.8176135021833746,-0.40187336055288464,0.9180147182185482,0.30213484634594867
0,1.141361257,50,28,2,74,18.910527778096615,30.015525022070854,0,0.2662728772504931,0.5748100110836861,-0.5270217397659361,0.8823634645608571
1,0.34114454818734774,73,33,1,46,22.53627948344346,29.66526718695516,3214,0.8436858846225138,-0.09929489543954592,-0.8719661127550565,-0.5366594224133422
0,0.9040052697181348,62,27,1,82,5.898259453511735,30.084784986213492,329,0.2940768025079599,0.9832767155079323,-0.5172444605896279,-0.8769824810827462
0,0.40585027546425745,57,19,0,56,0.0,29.950511028933036,132,-0.8893620283932985,-0.4743719228486048,-0.9659258262890684,0.9319995519471485
0,0.783221371405922,65,32,3,75,7.867632182564782,29.76987513874027,0,-0.7451974269755722,-0.017536223384048616,0.23947288559433116,0.9659258262890684
1,0.12387681285065319,56,15,0,82,9.903703025886173,30.3059402430548,21670,-0.18496628811393653,-0.4001500205588796,0.90754636984454,-0.9121939948931411
0,0.7276406862635166,54,33,0,54,5.107968524207703,30.204824436684994,0,-0.9764719621564957,0.3922540890181809,0.20205211602298026,0.538108593855842
1,0.40541158535198374,54,27,4,84,3.0515817431705523,29.840048339841633,0,-0.13199089338573697,-0.9999629591162656,0.8676424280915009,0.5150024783859871
1,0.6155427600103227,62,29,2,70,16.410567143520794,29.785606396077622,4899,0.38733256510486913,0.9469363831810835,-0.9074280429581878,0.2521094292408723
1,0.07145224001282384,64,29,0,43,6.2313209029318735,30.03207496409887,34102,-0.99999073973619,1.0,0.4922957069091201,-0.8875954172898878
0,0.8753467627988551,71,27,1,86,3.7330598146390974,29.766933025301675,0,-0.426331051844095,0.8505282572496223,-0.5341526655731875,0.9467669652911006
0,1.141361257,75,19,0,73,6.47179109223493,30.086077031761516,15,-0.5205990646364895,-0.45449778683984754,0.24621534934625655,0.5170295899953105
1,0.3426866244857162,58,28,2,67,14.61434368894639,29.70080062105235,254,0.832559496574914,-0.5000308927785835,-0.9407942576622157,0.27491203355271876
1,0.554062700770087,59,28,2,83,19.885817161600055,29.70109034842944,178,0.4843304419371989,-0.952844878713188,0.9659258262890684,-0.47845554645990745
0,0.8157343937171593,60,21,1,85,11.434625125520583,29.938894288215106,221,-0.2859457655576455,0.9847550939584702,-0.4869636339704719,0.9659258262890684
1,0.47422352341468876,58,26,2,84,2.961329150682337,29.786707231686275,198,0.4924600121637821,0.37857632741912794,0.8268527371835414,0.24336630223354308
0,0.755422584044867,58,29,4,85,0.0,29.78528029632931,346,0.8171551101037229,1.0,0.8126672961458407,0.5126180444890484
0,0.3901690704042916,56,27,4,88,4.501753573455218,29.985529908042675,480,0.5163256065214281,1.0,0.856836492356433,0.4878173358239182
1,0.9703015296142884,48,20,4,86,14.989358649255443,30.338636676266177,0,0.965830007372465,-0.2205533844121227,0.804722465319705,0.2996201018724716
0,0.7840973765213305,56,26,4,76,8.930425629475486,30.038671298146102,418,0.45491121703152126,0.24836959712025486,0.8630460104621672,0.21546045247325357
0,1.141361257,60,27,3,50,5.756829555403956,29.968489650573485,61,-0.2612635791961537,0.5466670398373875,0.23023718655947967,0.9397381786190843
1,0.050400916,77,28,3,47,7.315919260855927,29.661791242035914,33467,0.7830017384011403,-0.45079993718060074,-0.29442416012789824,0.27868936296875063
1,0.05917862355073049,62,9,0,88,0.484137479327866,30.013218429512637,31888,0.8130674151670861,0.7290262537217702,0.4753563746508821,-0.9078039018977242
1,0.7365552151883876,53,12,4,86,7.111503102567962,30.012211644806772,434,0.816159731958196,0.9817994805431668,0.863747909556867,-0.27957778926502824
1,0.3161143736327424,57,28,4,78,0.0,29.754299329212056,10,0.8656114153789719,0.4496425129928749,0.908070284176817,0.5397229717610977
1,0.1230132043284056,48,29,0,78,6.837478143694449,29.89812663917103,8295,0.9052666865836293,0.7630277492777506,0.4840778366931874,-0.9092625234974275
1,0.050400916,65,27,1,52,18.41596618226367,29.82630108271097,934,0.9769013674152334,0.17883979121620816,-0.8995670859201229,-0.5187230731529225
0,0.863934652590819,54,29,0,48,0.0,30.015246267644226,0,0.9049029826834082,0.7412210795548843,0.21196282084739232,0.5229544658849138
1,0.3792951088832138,49,28,3,80,9.682770966790493,30.26535267849413,29203,0.3523326937266088,0.7843992214276856,0.9290989498135915,-0.3018575139149897
1,0.4750649270361973,55,27,4,54,6.1338867410497535,29.872372460430906,2891,-0.14427194438964108,-0.9200654987148461,-0.8670556526285063,-0.4970072859098203
0,0.8426986661593504,63,28,0,85,5.111281043174695,30.10665240471097,0,0.008191745132876509,-0.3478465561516365,0.22731715148400608,0.8756939783592421
0,0.8023911777161186,55,28,2,75,19.087845921587117,29.813467138190603,94,-0.940735261992758,-0.3502978017763505,0.18401823543871326,0.8660329159538009
0,1.141361257,48,27,2,84,18.65393521365603,30.17662982861745,0,-0.5906419227221695,0.8671840566065375,-0.519207428860178,0.9557427794676097
0,1.141361257,55,27,2,70,6.708447253547065,30.07518997958089,329,0.475711282672083,-0.43874768912821804,-0.47929553559635674,0.9297734303762425
1,0.20319701750785252,49,31,0,44,4.840785810405842,29.854521848996484,35421,-0.770426149249233,1.0,0.5183532228989658,-0.9543502578606833
1,0.4170364938190703,57,18,2,72,19.293071347876865,30.094484722502884,233,0.2024228182959521,0.45589716854814005,-0.9659258262890684,0.2602149424029809
1,0.07373623284122535,65,30,3,45,18.383369109432362,29.95531619453086,36580,-0.2090714939771436,-0.5580489806958592,-0.27573277288065356,-0.8493720260935145
1,0.050400916,65,7,0,79,0.09151496843630436,30.034045121233078,31678,-0.40163621264994814,0.814653959130256,0.4511688297246946,-0.9005163802409243
0,0.7171639857960647,64,26,3,84,6.672261505601595,29.91477923749734,310,-0.282108027653339,0.21450726548185128,-0.9517462258792865,0.3013655908491659
1,0.050400916,70,28,1,59,6.020421588087467,29.98390582699856,36580,-0.9920739056958077,0.9211360337648634,-0.2965975402855536,-0.9333325855558685
0,0.813580180306786,49,14,0,84,5.250768328274427,30.064965721006317,172,0.7724024592881463,0.9143902552836429,0.8696780260256619,0.5368077759813407
0,0.6793078719379685,56,27,3,83,5.476712964798233,29.96606114406387,451,-0.6168680279387302,-0.9069667067219862,-0.9240923154461236,-0.2932408701220536
1,0.36273450534550516,64,12,2,77,8.151236413731418,30.034527862248474,9676,0.826108965067647,-0.8654210977386917,-0.9056860200797294,0.2921745718933304
1,0.050400916,64,29,1,55,5.859227973685117,29.84702908733383,33721,-0.99999073973619,-0.6286783031903835,-0.3123276892966622,-0.8712732643430057
1,0.08176945073437296,54,27,0,53,0.0,30.01632754480534,34757,0.9528592650959204,-0.3218115940083421,-0.2778578253330022,-0.9031951053142445
0,0.5443911337655014,55,29,2,75,14.004965391747032,29.810878999039677,403,-0.4653212876256645,-0.41555621498522677,-0.9659258262890684,-0.5052108767342778
1,0.40041351742098036,57,29,1,60,18.407360411750425,29.931786542763952,3936,-0.8666309864357368,0.9849123289696013,-0.2675178025745735,0.26221769519282073
0,1.141361257,68,27,2,81,9.889461624679205,29.88152465703647,10,-0.4590379431256085,0.9858039963051883,-0.5207845129924029,0.9457849561107176
0,0.8000756938553744,48,31,1,51,14.310226278848274,30.053759788943328,679,0.5481416578218626,0.68629156526708,0.22745636415311982,0.9560210172309216
0,0.7438249634831803,56,29,0,46,5.539006333785292,30.0170693462415,307,-0.933710659026801,0.10599280061478569,0.2503149443195006,0.496908510962974
1,0.9492527050753445,66,27,4,93,2.3098770747229134,29.946254750208087,437,-0.39956857353011277,0.7325279370496264,0.8963166728366041,-0.22062778188837162
0,0.9779973380382846,49,30,3,68,9.476718606233407,29.809046169112097,0,-0.06378823063199239,0.8098366973286696,0.9272992418176412,0.9537036337363534
1,0.06940109456869327,73,28,3,84,5.439596379957644,29.688008315338585,35087,-0.99999073973619,-0.8953279376185468,-0.30561512246786404,-0.48896728321581745
0,0.5857479698943154,66,29,2,85,20.073605324770963,29.94240979081321,449,-0.3840987724818152,-0.8549433900184983,0.27404756794695584,0.9048482459214908
0,0.509828823743346,62,27,3,81,14.175422867739588,30.15100453763574,445,0.8910886938385614,0.8828659234026863,0.9432796521571902,0.2927691864897116
1,0.2607669637969992,64,28,1,54,14.606577948161746,29.68037092837995,360,0.48358597237094453,0.30105686694099737,-0.8734597238930344,-0.5257420561740805
0,0.6419390545007622,62,27,0,74,4.079045916677611,30.32156562839909,103,-0.8773753934699757,0.9238559333111199,0.8432879278857166,0.5101818551365713
1,0.5323232467964705,73,22,3,84,14.047176546296246,30.234053597739695,7195,0.39008256304989397,-0.29433483928474324,-0.8195038870370499,0.2939358092968718
1,0.31385849486754713,66,29,2,55,19.685919225148766,29.64629800497342,34900,-0.99999073973619,-0.9086917099648912,-0.9257815127343524,-0.496921587195587
1,0.5036308526820705,66,21,4,89,9.661987863921356,30.1013798930643,0,0.5354002898313799,-0.9751889075557697,-0.8453671094918759,-0.2410595203505654
0,0.7959065957085839,51,28,3,87,6.889031941962574,29.785768090966673,161,0.7390558653982381,-0.7299520717132254,-0.5397358419945395,0.9659258262890684
0,0.9371297841515107,66,20,3,76,6.374111633021112,29.841784500212743,419,-0.99999073973619,-0.3044390694474283,0.9271083111585499,0.9215389468931664
0,1.1411463761317913,56,27,0,56,8.678720875917392,29.736902376170697,0,0.8719941288399083,0.6727579920999192,-0.5126062654036795,0.8569905707493771
0,0.8031156969173027,65,34,0,44,5.05113627740593,29.84078912977691,195,0.45176916898213815,0.08533959166157079,0.8433454155467813,0.9482935264183101
0,0.7535984358068174,54,29,0,55,6.028464037207538,29.669400141840228,497,6.362565142273291e-05,-0.624611745456085,0.9410840911994169,0.4950631039837394
0,0.8110934945996948,69,29,0,51,3.514236265394736,29.850008657413877,606,0.8627182806552391,-0.9262197191613206,0.20729210332353049,0.9058364138218907
1,0.40516057235220715,78,27,2,78,21.192739609398167,30.070452904832923,9445,-0.883305180692039,-0.17343500905100856,-0.9359987865531931,0.243021421073625
0,1.0032580052590818,49,26,2,75,22.311093717733307,30.227704931187855,527,-0.13725344868895265,-0.8150221060715006,-0.5339957308161949,0.8304778042638051
1,0.2749472058674922,51,23,3,70,19.91122411582099,30.123142955317125,522,-0.06784144526880388,-0.32326730847058044,-0.8991066606070459,-0.25004875732897974
0,1.1311812868938722,63,29,2,59,17.678047950436603,30.104810597761123,0,-0.9480262632886736,-0.7743377246606312,0.24691924972607118,0.9384464738035623
1,0.6583322689541423,74,31,0,66,4.917389258574012,29.873066861617634,223,-0.9673573650154192,-0.056236011153592155,-0.26451105894578325,-0.8862348092142255
1,0.6568265274568785,75,27,2,84,10.870633002875893,29.75128142367496,2258,-0.022947679185474697,0.9373018780554578,0.9649285687482502,-0.5253713438862884
1,0.7098291513976442,57,6,4,72,14.11250142480558,30.010210556364203,125,-0.99999073973619,0.9622249823503951,0.8530820353102645,0.4817120632208704
1,0.16254564381868175,54,28,3,59,5.7102125453023636,29.962291164271377,27844,0.8433630276813673,0.8166626348954891,-0.9539019652928724,-0.2504407637117148
0,0.8396052841387351,54,30,2,82,18.21887250041924,29.814210855365527,0,0.8023698744772952,0.8195890456818359,-0.5402550857491751,0.9659258262890684
0,0.8319005401838819,52,30,1,83,13.082533991718382,29.905447985560297,270,-0.9532914073754452,-0.3721737266691473,-0.5093006556516324,0.8781974088887232
1,0.445173089542132,63,30,3,63,0.678407548910719,29.85421526959752,27370,-0.9117794945361096,-0.3528395546339796,-0.9659258262890684,-0.20327318267951724
0,0.8491055180127038,66,27,2,60,6.0249763468875965,30.103459531475785,0,0.6275488363526586,0.9621885851982602,0.23752851728056704,0.9044498406162124
1,0.5193804220986089,62,29,0,71,8.661270803092899,30.2895128249674,310,0.8041600731462586,-0.4583398793765783,-0.2599385625923225,-0.903187457958794
1,0.15540590136784727,55,16,3,80,5.824209310632878,29.879616060043222,2638,-0.9663357618829527,0.5408928844195412,0.5242895275314905,-0.8536806039626808
1,0.38580699092683574,58,27,3,90,0.0,30.022820900806963,2979,-0.41440211973208274,0.9052487365251872,0.8852848067516325,0.23492039627184313
0,0.8926329724709201,51,33,1,69,5.547009968630435,30.089185630743057,0,-0.39061428365297346,-0.8263043010066297,0.25552548788590884,0.9601642152928112
1,0.7997291737117206,53,26,4,89,12.736539546862353,29.83684771537955,182,0.7689781994753487,0.8792704610885895,0.8660113960437891,-0.22808214173153707
1,0.5604681572947057,57,27,3,69,0.7572357432495584,30.12392771778898,250,0.9076975675023333,0.9213703978520928,-0.9516503435732757,0.23555926840698088
0,0.8542872468101202,53,21,4,82,13.982806625487244,30.17137684235513,93,-0.568693165345469,1.0,0.846982458828023,0.526759444305507
0,0.8361672679917636,54,3,4,90,0.0,30.254320523199073,0,0.9439527518977002,1.0,0.8127528141380982,0.28894188222228545
1,0.3276357886262269,73,30,3,56,7.534948196029019,29.849415540437374,4237,-0.7862461241773967,-0.4896558478112346,-0.8803428030798871,-0.8737580464073268
1,0.1056520891406429,63,12,3,75,3.3956576130469394,30.136284728646515,20673,-0.781836500611222,-0.27665501872835835,-0.26522889117752385,-0.9163907441510232
0,1.141361257,56,29,0,77,5.438635603373421,29.778412698536034,0,-0.99999073973619,-0.13044707460329868,0.22389864160477363,0.957598703768237
1,0.09353593708816299,64,29,1,80,8.387015645737439,30.102253446252213,3724,-0.09977559294817037,-0.5166521256319946,0.9054740536466386,0.9043076208200076
1,0.12163337842360544,67,30,1,46,7.132218945321871,29.82997288737867,27960,0.7971731392800894,-0.8533735516144442,-0.31220422074281956,-0.8891917285201811
1,0.11648769862903362,50,29,3,63,6.768880914400821,29.840259507123907,28934,-0.99999073973619,-0.8027064477538052,0.5036894745104207,-0.8276687235466111
1,1.0702673625505414,61,29,3,41,20.95208535946118,30.067695070613023,226,-0.6894157044163394,0.5647992355137376,-0.8860292695986881,-0.5125340574132974
1,0.3166110011882799,53,21,2,87,3.1950666747669647,29.843744894550106,1781,-0.4669650831955655,-0.9201682126774968,-0.8638689815195929,-0.2370350231821506
0,0.8652964103607128,53,28,2,75,0.0882586850393825,29.747938049627596,673,0.9481451722059671,0.9620052844289475,0.22834571441337662,0.956040435912235
0,0.7535063523989782,65,6,1,71,10.85567679026801,30.088839204974065,0,-0.99999073973619,0.516286097761618,-0.51890533612823,0.9307219369427248
1,0.5337625593076496,54,29,4,64,6.240848581089603,30.12730395716356,20850,0.0072395505848773245,-0.9834486599510968,-0.85904631978891,0.2577388066222603
0,0.7416767035127823,56,28,1,60,10.583710932044255,29.990549363481577,0,-0.6116691167840755,0.8682288652741907,0.9036484920805297,0.894078159308145
1,0.1039584394433305,67,16,1,33,8.335045567559751,30.000621089445897,28341,0.8277735840249185,0.963554353169934,-0.2595814325628207,-0.8967753831165053
1,0.3316244325292025,64,28,1,33,7.122974735189197,29.92147929757158,6969,0.45474117951742987,-0.9999629591162656,-0.9345611769672343,-0.9306887179223317
1,0.1356054045035027,53,20,4,82,9.148364467625811,29.9918165045562,21202,0.6604123929324967,-0.8364706006753544,0.5153827433301162,-0.9659258262890684
1,0.0824391922061746,61,23,4,42,2.497650993994729,29.954815556575138,2786,0.3022302205751435,0.9990521537448349,0.4861564698983837,-0.8755459344245292
1,0.4166806026288409,50,28,4,66,5.726662855446515,30.119034586088983,3181,0.9254335221093752,0.9382601152497857,0.945664470774917,0.5561814494536391
1,0.7496257179357522,54,26,4,92,2.8466471954989805,30.174539711710636,246,0.9788698705463161,-0.43600784884945903,0.7802655191538184,0.25448025075420544
0,0.7128292705424141,67,31,0,48,15.687793643784037,29.753515930153778,185,-0.99999073973619,0.30799335247216514,-0.5902270047956247,0.4902285742549537
1,0.14501867597212953,66,30,3,52,19.980741103055717,29.918655355662537,2493,0.8420033340154277,0.895361201233654,0.8299080511242168,0.2557299623552914
0,1.1193308469353815,53,29,1,69,5.263875283367426,29.691673475691005,130,-0.05359787915383192,0.24150266546938393,-0.5087510738384263,0.9438109815118331
0,0.9944768560613899,58,7,0,58,14.049690147650319,29.670329280701914,0,-0.9003890112037292,-0.8566176819250628,0.9047676304956874,0.943336773787052
1,0.050400916,65,11,0,80,4.757806907089893,30.0641584649644,34824,0.7908946306320226,1.0,-0.29309028543183835,-0.9052616529700837
0,1.1158714796195983,63,30,3,69,4.800442703096655,30.105300356274718,458,-0.13080723639786246,0.9833965127948757,-0.5796900955328779,0.8813215200418935
1,0.06115449395108449,65,8,1,64,14.19780468564306,29.859158479616994,32926,-0.99999073973619,0.2132510022243253,-0.24732405407916402,0.30206557673790607
1,0.061721866355153254,75,27,1,46,5.9815214027946055,30.076443702409733,32109,-0.5955370471730307,-0.8362061790294189,-0.27400404655645016,-0.9256596994017946
1,0.3373955672035162,57,27,3,63,10.176632268793028,29.86823722946445,2369,0.8396172845954915,0.9364957148685006,-0.8595783296349381,-0.47119471671115276
1,0.39632662675647007,58,23,2,53,21.472472493654216,29.84003397283574,10701,0.9077895515326083,-0.9149683398633963,-0.8743815051680779,-0.4725482429158051
1,0.09755563724262376,62,30,1,59,16.876674305375452,29.911483672632556,36412,0.8463778597372098,0.3820446605343926,-0.2203612191874683,-0.4895498928717353
0,1.0279358298489434,51,16,4,79,0.0,29.937962809419304,396,0.4269039313940745,0.9874330175713797,0.9176343520147092,0.5019981485179066
1,0.38873550253252037,51,30,1,63,0.0,29.85634638908041,3557,0.5280216124350904,-0.8529666991678145,0.5373644292114076,0.24021798282304957
1,0.25197656932651274,60,29,1,48,10.689944868738237,29.79625322145998,11636,0.5949106939184711,-0.9999629591162656,-0.9487590584626336,0.2919752076056848
0,0.9164166116015261,66,29,3,75,14.732617736810703,30.053316691371784,366,-0.8874181968388917,-0.9163234848663107,0.2550716984926414,0.8551868515453747
1,0.09749334426012043,51,15,3,55,3.329845914243612,30.17697326606636,20100,0.8147682173204318,0.7712516209530922,0.886114728013526,-0.8663564174869659
0,1.03639328417846,69,29,2,75,5.723144475470746,29.774161212383774,0,0.8835452550300741,-0.793519278728918,-0.5047754369306725,0.9659258262890684
1,0.1544291015990274,65,29,3,67,7.876816232763636,29.81165255642227,25388,0.8911265303176259,-0.9265403492363414,-0.229310847682349,-0.9400685702375335
0,1.1362409837569507,55,29,0,77,0.0779456025569462,30.116252836370627,186,-0.9051036521040218,0.9701940661989801,0.23675383483505097,0.9049347580082706
1,0.539266409972256,53,15,4,89,6.3966767340750135,30.084077332179692,16220,0.325135754618709,0.5403753207727071,-0.8890943685737185,-0.9221471274619507
0,0.7646395056616275,60,35,0,80,6.230850385632065,29.984353531869083,344,0.8526108383967109,0.7898026243762131,0.9307526766287545,0.511647834755291
0,0.8614567876522427,58,14,4,85,0.0,29.748027032424453,444,-0.04393612516586963,-0.1673396863306201,0.8775261463286931,0.5212188058607874
1,0.40170766181888784,56,29,3,82,0.0,29.74872805564338,20950,0.9090946195180238,0.4543278758535279,-0.9467143131337633,-0.27699134945084597
0,1.1119301680276021,74,28,2,71,0.5431881933873848,29.932199742971115,19,-0.40409021898275244,-0.23437057190593852,-0.4933506627465731,0.9310243099126702
1,0.4929340827905065,58,31,2,82,3.8839511506154127,29.83716940262202,3222,0.9232352853463475,0.662846074484788,-0.9536730491771815,-0.4217379008084393
0,0.8354775591595625,49,31,2,85,12.219574931876647,30.27215448563865,128,0.22687463017790288,0.9713250479544399,0.24742766074872433,0.5148384552509981
1,0.5504660855082757,60,16,4,83,6.109269115024904,30.023117411669684,383,-0.1816572553059,0.9161315264733406,0.8709557974938227,-0.27674429921087085
0,0.64690506592741,52,31,3,65,15.003200700487065,30.00167839703434,2987,0.8389298794819722,1.0,-0.9273233138514598,0.4801080542143548
0,0.7814520867876493,56,27,0,67,0.08877701290612532,30.168866308038687,0,0.9244752810329583,0.8211693858271822,0.795196990396462,0.5014580217765363
0,0.6146331617320272,63,16,2,76,0.0,29.80243810810412,115,-0.9163134987095096,0.9286536465607972,0.9145452441361563,0.9522965180740101
0,0.7589594620986873,78,28,1,71,21.81232055921683,29.69348522516995,458,-0.5061319300941602,0.901360585814561,-0.9111853507401962,-0.4812056066756092
0,0.9825297984528211,54,29,3,74,0.0,30.06565532794402,0,0.9670098843385454,-0.3612606839615442,0.23954163887844682,0.960461746329202
0,0.8242511623847851,54,27,2,59,8.939267286223103,29.935856852390714,224,0.5328483440700181,0.9953023322863245,-0.48436057541274113,0.9500842972220988
1,0.1304183819114678,52,30,4,75,0.658310502530347,29.818014641379403,8360,0.956106091869944,0.989830409819751,0.48671613164795957,-0.9062668975991084
1,0.6328083066909052,57,30,3,67,10.517167409508387,30.128048694566296,23119,-0.7031729901043932,-0.3842737693164517,0.48811208992834615,0.29165688284662744
0,1.104062651893023,55,28,2,57,4.887174168359361,30.124686716698555,0,0.5379360731727825,-0.9152549352110059,-0.5617917009272183,0.5140150923812488
1,0.5051237921499954,69,30,2,48,25.91790072218282,29.725113450713653,3612,-0.7874415901123214,0.9840554793487032,-0.8686218739724746,-0.4827939811923801
1,0.11861820109658636,62,22,4,70,0.0,29.725908712693723,15427,0.9162661813447603,-0.2737023233341972,0.9659258262890684,-0.23102285976221332
1,0.6360865337408104,58,21,3,78,0.0,30.100908393208385,1979,-0.1623258188558318,-0.6884809547947637,0.9622648953790668,0.26705220553083525
0,0.8124605393234539,69,30,0,84,0.0,30.02534658140566,0,-0.2259623138081721,-0.40426740996235944,-0.5760367713353004,0.49430873456014474
1,0.5792036675618607,69,28,3,83,23.290323778061467,30.05175784520689,16092,0.8721631272236291,-0.8742688435747544,0.9470225011179514,-0.9066868216763251
1,0.3430405087233599,64,29,3,49,0.0,29.877292744604542,2891,0.019441173169281414,-0.9600541518106528,-0.8888498058011188,0.25855416488319466
0,0.7041179286633724,57,34,0,63,5.341182207699142,30.006268090369513,6,-0.8636641536088884,1.0,-0.5015255255050074,0.5213649134382342
1,0.09862305341809402,63,28,1,79,0.0,29.685303923064048,35957,0.9041309435125955,-0.836001431856602,-0.24300357787008908,-0.9121272106016786
0,1.0368600111554607,52,22,0,56,9.64863841403759,30.12251028697944,0,-0.9796400232531868,0.9125320233663958,0.8217125076071097,0.47778390050248076
0,1.113832005333536,48,27,0,80,5.143374688308596,30.187451753103435,348,0.02774121107114369,-0.4122897508698152,-0.5425896045480338,0.9066029216880307
0,0.5101569202827843,50,27,4,91,0.0,29.88921549752269,51,0.888495001090279,0.29806066594969105,0.854870570376998,0.509500186384442
1,0.4173860583317564,78,30,2,44,22.917348901252456,29.808812402016,10621,-0.8327756026450868,-0.37684704586090007,-0.9639915276340506,-0.5015281467815597
1,0.08058234258477873,74,28,0,74,6.10546046241333,29.852149806457653,27069,0.9151524153412542,0.6818366300812603,-0.2266189760801774,-0.462638467709625
0,0.5363411117157291,76,29,3,88,25.655724139114184,29.969188564501458,226,0.8190884827888504,-0.488553020808134,0.9500606224687742,0.23980168571584126
1,0.7172381162136714,67,31,4,74,0.0,29.72548736130181,8434,0.7944860556728517,-0.5762532469136801,0.5268749850831748,0.24515336142429345
1,0.09459215543473559,50,27,3,82,29.191532763822764,30.032481859798807,3309,0.99999073973619,0.5926051617563062,0.9622522288056284,-0.4833831635841765
0,1.141361257,50,27,3,56,5.223254754661976,30.155377129423794,201,-0.5534758076852438,0.11487361809127188,-0.49861717042626136,0.9659258262890684
1,0.5564544092889828,57,30,1,54,19.090783294423954,29.757612523551042,2737,0.8585529206780661,-0.6257919876030612,-0.8773816859950975,0.2509448712144154
0,0.7739068004821456,68,27,0,74,13.449051500242021,30.327795224888142,227,-0.25890150720022076,0.9102612255345365,0.7978926928294001,0.91305163257129
0,1.0729364479977572,51,29,2,50,13.372128036146206,30.16813841763225,236,-0.02643336690241876,0.6582245191634465,-0.9217696504393774,0.9432160840373591
1,0.10499664007846593,57,28,3,49,5.949900833149618,30.060822283491493,33548,0.7704366946123877,-0.6053671338368569,-0.9241644769813863,-0.8931158340018924
1,0.4088124052794951,61,27,2,18,24.626361760697314,29.819767381741517,610,0.8452762236252667,0.38764945491675507,-0.95529202557799,0.2731430005605376
1,0.24172842540109235,65,26,3,73,24.336880244517808,30.00461031546117,1811,0.7912790763632717,0.5437080068304287,-0.8679102077462929,-0.46353394107750445
0,0.772294931243717,56,14,3,74,5.880256736025628,30.230222055626648,28,0.0700962927574901,-0.8403816192944458,0.23694250096206718,0.8701394360261017
0,0.8312881622307006,65,27,0,81,8.568516647204351,30.15155911895193,389,-0.9526005675122001,0.6342873343416783,0.9057314887166888,0.9393955221728078
1,0.8380979363183112,59,27,3,75,3.29469921996456,30.207576537425634,0,0.4646732611796055,0.6634036900163753,0.8576929189426894,0.524193663954724
0,0.38471589522356975,54,19,4,81,9.093195394054636,29.894022920976287,173,-0.19636878493330845,-0.996064898010527,0.8588975841708383,0.4687458902526035
0,0.8361558771762309,55,6,4,92,7.9612290717726655,29.861782187990872,70,0.8845219046928235,1.0,0.8156632406689518,-0.27752164151761893
1,0.8295442969106182,63,28,2,76,0.032202505267021515,29.73107312142008,2593,0.9178978713252479,-0.5627563088235914,-0.957981495068604,0.26341201299332656
1,0.7212955961551047,54,5,4,65,0.22642350437204944,30.002910305759062,223,0.9425983219823549,-0.9149711519505215,-0.8697774851893456,-0.22463982776887934
1,0.13117749858478897,60,27,3,65,5.947095688355093,29.990002485073532,13538,0.8125499099636324,-0.2346731661413315,-0.2820935043021219,-0.8303334090355302
1,0.1643630278388934,55,31,0,57,5.9273040817698766,30.052230388821005,21740,0.9100329607635728,0.7384499908037915,0.4982966218494377,-0.9000821015729289
1,0.40434467996375006,58,31,1,17,6.148742851483138,29.582871729086346,3949,-0.99999073973619,0.23810741071521452,-0.9659258262890684,-0.45004726991878324
1,0.1201494080724019,52,9,3,89,6.745314290653372,30.13167340592142,7686,-0.20035111708725434,0.8803545000091986,-0.2462267422043813,-0.9492150405492974
0,1.141361257,60,19,3,85,6.915884707170031,29.969951905602972,0,0.4657376643773742,0.9180674871203935,-0.5217501214644997,0.9239598651727223
1,0.4695192968167765,54,26,4,63,21.442816603545214,30.253262195687384,928,-0.7106250436084718,-0.0988046698872069,-0.2433773313621699,-0.8579915921450321
0,1.1123263323061765,61,27,3,88,0.0,30.120970574201312,80,0.04652412391352295,-0.7392508725583117,0.2713279504430221,0.8738710129102487
0,1.0645852280301855,51,28,0,82,4.817971656019343,30.3034758844767,0,0.8643964893951224,0.8714466113679546,0.8904015712165461,0.5367564980941284
1,0.3759407019001526,58,29,1,51,9.141827895439695,29.78964718661575,28297,-0.6945429855980259,-0.7698486779150578,-0.8940542667285406,-0.9017581618361739
0,0.4575150305603146,54,29,4,59,0.41258856722731774,30.030124925675146,509,0.2763505215200338,0.9511899472856152,0.28393316586587886,-0.5220005227335297
0,0.6690134069775784,66,21,2,72,21.19665373322895,29.853065370147096,365,0.22804061739303233,-0.013299412806557151,0.2323202019710884,0.9640603238616369
1,0.5597725236026978,51,27,4,79,8.960844276491706,30.19405500343517,21769,-0.13657834425338794,0.9600963778676795,0.9605139680000442,-0.5173311858630814
0,1.141361257,60,30,2,85,10.35571449906858,30.034208399693636,0,0.8528178288454944,0.03563188137232143,0.26207725144900257,0.9659258262890684
0,1.069239116384544,68,11,0,76,4.448998304877798,30.201057199339992,0,0.17941811167968086,0.9289131992494838,0.9020970789144652,0.9659258262890684
0,0.8999406005710897,55,28,2,68,19.34872007345158,29.84909339053413,438,0.5801603282442458,0.7156935171120611,0.28259286521585186,0.912739198897187
1,0.44247199213567057,50,7,4,84,8.483143407798359,30.29010796909411,0,0.5501402701906215,0.6307818273167409,0.8596336567476371,-0.2260583673326861
0,0.8173187359162787,51,28,1,54,15.46352088268472,29.736874318728148,321,-0.46491137957959583,0.8679768638796734,0.26698774420313737,0.8854612125517275
0,0.8443975498468124,57,29,1,84,25.47300392788257,29.921940119143873,93,-0.9680016406131594,0.5375118816840775,0.26938233130151334,0.9164822867631413
0,0.764914474444767,62,32,3,51,8.730082342582008,29.92749440153589,145,-0.03619209217836869,0.3711687635347089,-0.5680547427629915,0.9371227702932018
0,1.0796704548503335,69,31,1,59,6.524802799889893,29.991055620340543,0,0.6005713967670583,-0.3170273913563709,-0.5431666331544159,0.9517638583549223
1,0.7656685721335049,55,26,4,92,8.292693449182426,29.851268617775084,0,-0.7919881747091096,-0.38804136278459184,0.8213856621844227,-0.2627490815710291
0,0.4006655970458062,52,28,3,88,6.841650558737934,30.01419198255713,6,0.901417504436999,0.15976904655315205,-0.527403880362874,0.27662358948092486
1,0.4482522647422343,69,31,2,83,14.830246824895376,30.00080497217891,3236,0.8735196335577171,0.2630653595034862,-0.9659258262890684,-0.5026954320898676
1,0.45816734101381995,65,30,2,44,21.26102055829301,30.015542125417195,8659,0.8740336955121633,0.981430786425578,-0.8461774127447812,0.25014600233823714
1,0.6282558545563287,50,19,3,84,10.159962148608718,30.067092573541206,84,0.9360074431802372,-0.7857274147583082,-0.9659258262890684,0.27379121496289816
1,0.28966004422646535,53,16,1,68,0.0,30.072622037334177,32226,0.5550088850698364,0.18179412975087905,-0.284839046765931,-0.9198163938042098
0,1.141361257,58,27,0,64,0.5642036476180933,30.04689903858082,125,0.8607188958846201,0.7944684653873051,-0.5198306408462045,0.4879568869548548
1,0.4899267514679214,55,28,0,59,3.1823124715812297,30.036336157394572,18128,0.908949249667228,-0.4906891367036984,0.9445327000891737,0.2524387027944516
1,0.8984725691242655,75,30,0,57,0.17439790183777945,29.915365106133926,566,0.863270369572542,-0.20764240663781752,0.8779683551857874,-0.46745318327060187
0,0.7422529436988613,55,20,4,96,4.116203845988583,29.931908722100136,446,0.9994318019920566,-0.4431769533884339,0.8402235344699303,0.5191754258999277
0,1.141361257,59,30,2,88,5.103436274456995,30.258012313434254,0,-0.9454087749968864,0.5998318692624395,-0.5302964322623575,0.5472634734392946
1,0.3727940618107673,75,27,3,90,6.818116321492284,29.760237788143645,3520,0.9859984836398068,0.5919583156899486,0.933664580142444,-0.25581817028710424
1,0.13657113967060608,52,29,1,63,0.0,29.910841445002458,17782,-0.8022636404671292,0.2957231969553048,-0.24899702037346974,0.22372623374925715
1,0.2676932899648691,64,25,1,81,5.889152222777494,30.161451602907857,22054,-0.9777624583392683,-0.4282967657039694,-0.25434629963296385,-0.9320206756045629
1,0.13413386775706693,57,28,3,55,19.98680551317215,29.773355491442384,14330,0.8272366756480035,-0.7571182209193806,0.8789848094810359,-0.9019180674997538
0,0.7307394491944453,53,32,2,51,19.839711147392855,30.07342871268957,0,0.9348223373613564,0.1924167582500893,-0.4904782650840922,0.8911818639699964
1,0.650870505161676,53,27,4,89,5.64196233393014,30.330877709978964,207,0.9141408460733884,0.7846980782510293,0.8774202622426527,0.5234831637012383
1,0.050400916,76,29,4,73,7.442635640709468,29.744858946650837,25739,-0.9819123455582799,-0.11718190780860645,0.45543951495856805,-0.885002080990451
0,1.141361257,47,28,4,78,5.2719514433043635,30.184299021528552,207,0.6072537228011965,0.8937769016960205,-0.5229613809606101,0.30456745021692266
0,1.0550637060445025,56,27,1,71,17.540798304528103,29.76919893043129,373,0.9940582745704711,0.09548304551392017,-0.5278593032098375,0.9249920944725184
0,1.0453631484787105,65,29,3,70,7.017855730168873,29.777083637725564,433,0.35345780584272823,0.09363767622063064,0.22582683833507047,0.9110460467694167
1,0.09289495582329221,57,30,0,85,0.42776807192397964,29.87378596664523,33964,0.7550899011338865,-0.5974053710659774,-0.27369017160620496,-0.8777751057149951
1,0.0631869201330518,65,5,0,57,15.074747668497562,30.037714278589558,4496,-0.9191604190297483,0.5526028626023793,-0.26157552827113295,-0.9285751975736476
1,0.7793922537646374,52,29,4,85,0.0,30.162034747615348,82,-0.46260723276530796,-0.8745214548892868,0.8611002860024952,0.4340187377598278
0,0.8100560905315645,64,30,2,47,19.85174506613737,29.86899148297762,386,0.8981662856301936,-0.9480174919325208,0.23353004105267638,0.8447389151724584
1,0.6551219673461398,50,3,4,92,4.848274672141006,30.256321305288765,481,0.04521390615759724,0.9253908514156731,0.8038761766965906,-0.2762885362405105
0,0.8264834593308046,50,14,4,87,0.0,29.935477075642147,246,0.1319803309453616,1.0,0.851908234809036,0.5442633892150507
1,0.10153980284095458,65,18,4,58,3.394362341719238,30.0945832408631,30862,0.7228478874247196,0.32783512501123874,0.5063560995494053,-0.9221140052517002
0,1.1051784137842673,55,13,0,83,8.252311096627986,30.2333902829337,281,-0.5320463018119281,-0.20590938672585363,-0.5577960368821648,0.8609954670426387
1,0.25613295494092503,59,27,1,46,5.6344441176210065,29.937416781843705,11002,-0.9938835287984317,-0.6856494482371683,-0.29305119065374996,-0.5024238586244604
0,0.3214499851832348,63,28,3,70,16.543816285816007,30.37641138408487,133,0.9202502632769506,-0.02573571335173146,0.8947578081108173,-0.2814253864602242
0,1.141361257,62,28,0,58,21.11453705042125,29.968869148582158,0,0.004520391644898203,-0.11804799966846508,-0.5096359156747987,0.8904010723018954
0,1.1044637010857785,55,27,3,71,22.00645289103688,30.168741512318594,123,0.2937193586357097,0.20419300686326602,0.9135630166072822,0.9416934497554929
1,0.34617943156369047,66,13,4,30,20.37694806632137,29.865549847033062,0,0.8648320720271723,0.16309994744944162,0.8703486801218152,-0.9319876837079926
0,1.141361257,69,28,0,66,15.732313508723937,29.95625348029356,159,0.3291146468487251,-0.5522616398271352,-0.5511867012856061,0.9414313622213822
0,1.0831237782155847,58,26,0,68,3.3832407668889566,30.08231156400787,176,0.9912554931435413,0.6384112184870768,0.8531318704948971,0.9232521414367604
0,0.8314087525082744,51,17,4,87,2.088524135937313,30.16984078331668,0,0.8832249136382447,1.0,0.8210137957374811,-0.2808930025300747
1,0.494216990813911,53,27,4,66,17.5960617284476,29.861944254929284,29147,0.9131995787750445,-0.5941329356511749,-0.2463209741328917,-0.4755422263120477
0,1.023809078094639,68,28,0,64,18.31435699474261,29.951986690376916,519,-0.9745077096783876,0.04915524303382772,0.21194715851274415,0.8516878207180948
0,0.8225283130088815,72,30,0,47,12.454337730814977,30.136302856423637,291,0.5584672418278555,1.0,0.2602080816730573,0.8839521360757148
1,0.30477623368722306,73,26,3,87,4.83287358129397,29.886434410550137,15666,0.8490679445547311,0.5679827626628361,-0.24272827100700084,-0.921016931609538
1,0.12171609268767189,60,8,4,58,5.902357896406961,30.21936100129637,32631,-0.3462884170293319,-0.5250070382707721,0.5434234212038039,-0.8524200571974647
0,0.9683127610395452,65,28,2,70,13.198688786603896,29.838240942337784,407,0.44079967621492805,0.9348197492232814,0.2243288489055484,0.926923034451927
1,0.3097767376976859,65,18,2,64,28.326452937527314,29.98661797211734,3658,0.87342221345763,0.43600090357288007,-0.9659258262890684,-0.46743782372523784
0,0.4103461390999294,62,12,4,90,0.0,30.12889344090553,41,0.8297542315883116,0.5860858417459076,0.8338688114079649,0.8837038336498826
1,0.48130408834593885,54,26,3,76,0.0,30.019327102449587,471,0.9640346670951865,0.8180202203502568,0.964102987287284,0.5105393770855207
0,0.7600405225458486,68,32,2,83,4.971785282458535,30.103957511064035,200,0.48986354714459646,0.3023933269997979,0.2490147129858306,0.8942148699597975
1,0.3053403827155611,68,30,2,57,17.947059927547254,29.856257741743402,2898,0.7775410362901547,-0.7653752213365785,-0.9047684982377087,-0.4903231213126853
0,0.8401545123651919,49,26,4,84,15.857666845535107,30.19986965502082,111,-0.4567987355560944,-0.7223009931500703,0.829054251156408,-0.23746543229830555
1,0.1912304239279571,65,17,4,79,9.568672449044385,29.853977480595223,3001,0.8876491643542458,0.9467406355691386,0.533896418116836,-0.28149270685441663
1,0.6513046961748766,72,30,2,56,4.136667153789171,29.798826539515233,533,0.9094463250295673,-0.1917474731537291,-0.8890735455497232,-0.5063424275556871
1,0.2823201450484983,48,27,3,81,16.282091023296246,29.944204161314826,103,-0.07716285452811732,-0.6968842793375039,-0.8702834956442919,0.25239473804500195
1,0.12591814459511316,69,29,1,78,6.283892533153347,29.966146576000824,36412,-0.8039917179482147,-0.7851019104072614,-0.29044336437864493,-0.9015905382713917
1,0.063173529958135,67,28,1,23,0.6242364606144836,29.680788220258258,2516,0.7782605706393456,-0.9999629591162656,-0.8998891413766764,-0.4550274729777469
1,0.5548447608998999,52,32,0,46,15.621597699751,29.881333480109877,14978,0.8657757200094003,0.2583277123388012,-0.9230610761468474,-0.8633620677808921
0,1.116369118944153,51,28,2,85,19.430592722664308,30.151890414949527,109,0.9210823546443738,0.8409733473098977,0.24727309903859074,0.9044552135752599
1,0.11122500573853118,72,28,1,55,10.406430413032584,29.999254056355852,3159,-0.99999073973619,-0.34780907066934097,-0.2922748083378125,-0.8786980832196515
1,0.48036432108286936,76,32,1,65,5.817837386991943,29.72424809954428,36580,0.886051328142083,0.5346053499469082,-0.28403765308242274,-0.9105054842845137
1,0.7418491893551313,53,27,2,78,6.193340356475205,29.998870450362624,504,0.99999073973619,0.21830117109920244,-0.9659258262890684,0.2321641070744617
1,0.5055873702856306,56,27,2,56,6.414074900656393,30.130841220496723,495,-0.4598072423266676,0.6951652864900278,0.9585104540142024,0.2865613021411018
1,0.11140065650158325,73,22,3,83,6.252476558342731,29.85778416819833,32720,0.9537444214672629,-0.06336478907285603,-0.267702449975146,-0.9226351399472353
0,0.7155788491125844,67,31,2,82,0.0,29.8100500607062,253,-0.007306541411613465,-0.46868400305599744,0.2607830272566445,0.9659258262890684
1,0.44139738613400564,58,27,4,85,24.92829381217968,29.899645416942008,448,-0.4177924694991061,1.0,0.8734557306052533,0.46085134046285725
0,0.7867894411107368,55,33,0,67,0.0,29.96736033223755,53,-0.8743770512718428,-0.958691088352774,0.8076935392944123,0.49065135847887753
1,0.7143547603833225,57,6,3,62,6.678238882407049,29.858059994710977,3526,-0.16710329434833565,0.39728946931058307,-0.8564283985849219,-0.2502252453741308
0,1.0820850046072195,69,18,0,77,8.806937899882309,29.829575303542676,0,0.02566254606916278,-0.9480171501078689,-0.5413792081162203,0.45162760470041713
0,0.7433799300111343,70,27,2,77,7.932752478286883,30.110150191778178,175,0.17348448950077344,1.0,-0.49583118977357316,0.8793676283960645
1,0.151814015615558,50,30,4,75,4.824992222719981,30.11335125346687,16240,0.22490268857408552,0.9427197307972843,0.5135085022638849,-0.8892961499500066
1,0.0833334130461342,55,22,4,86,5.402851550813238,29.788693607198176,429,-0.9474349294370261,0.8675911346827907,-0.34606174374156795,-0.8990151852598395
0,0.8938159801970817,49,29,4,81,5.594355278804667,30.227760387808985,248,0.4944986623551354,0.9542012799038923,0.8698654450527021,0.496011844221935
0,0.98497171277526,72,30,0,73,5.5264093971881785,29.81699450831257,2,-0.8692975611278857,-0.489435986624646,0.2229757630593627,0.9179994998331822
0,0.4207480514642548,54,28,3,66,18.556194536119037,30.152205662979544,469,0.016844186463797074,-0.6483808142537307,0.892829378169475,0.2624114307673983
0,0.33565508695624907,77,30,1,76,13.203443607974712,30.057182035872298,207,0.8463069997665026,-0.9236745116330088,-0.9659258262890684,0.9082580051909555
0,1.0785621786377653,49,14,2,68,3.9705953742339184,30.173571554483786,479,0.47254508716678195,-0.2686102567109305,0.22704331642545672,0.9186430586419041
0,0.36669971109761373,53,27,0,54,16.818579594950847,29.93049436552067,0,0.4769704660742774,-0.9216495568795761,-0.5234635144655618,0.9334675160767801
0,1.080652345216131,55,33,0,74,6.304371190088565,30.24287895329747,0,0.7903856346740047,-0.8802746650490182,0.23125687870296915,0.2719465930423635
1,0.42217270007149593,69,28,1,70,14.430454480331651,29.960236504807717,611,0.052736117771139956,-0.5084718840878099,0.8958020124339466,-0.9423773034187484
1,0.38851125416026555,60,30,1,82,0.0,29.943850244609866,18845,0.6409353414476326,0.8995529430366793,-0.260200010680335,-0.5002539239779795
0,0.572098595429194,54,15,4,90,4.6358382387952535,29.87965288798737,492,-0.3727046700061259,0.7668146291070852,0.8428933784323022,0.4584970527292347
0,1.0913288000817107,51,27,0,74,3.3327206504496942,29.949939490101393,439,0.8882439041921099,0.24576749582262886,0.23347045659407323,0.9136413944315976
1,0.45534368886799825,78,29,2,83,5.034977618046597,29.70862530631572,21640,-0.509308825180368,0.3769723136937551,-0.9118561027023036,0.4989428549415629
1,0.4971032465953393,56,23,3,72,6.622093987425374,29.91932205042427,981,0.5038371251593536,-0.4633847380193858,-0.893819077059704,-0.4440804697239502
1,0.32020862803165406,77,29,1,63,5.976576371574292,29.927866543999667,23650,0.8833200915550676,-0.33861464106795003,-0.2593684777241187,0.2534915904511868
0,0.4411776559021754,64,28,1,57,9.086133783579594,29.84728115761204,533,0.11738634328680378,-0.248443278713675,0.8922615307034198,0.28627741503735404
1,0.4281394153435269,72,28,3,70,18.60052788631221,29.931062691983534,24703,-0.12974660893098625,-0.589566001782764,-0.22691666085617945,-0.5056429725600278
0,1.057760721440857,48,32,3,81,20.84427729297179,30.281631704266427,19,-0.7438414433827386,1.0,0.8996322925060733,-0.29539862954537693
1,0.5265544180699455,53,23,4,84,3.1578866934259726,29.83585338486508,4881,0.40155651829848565,0.8234133165674713,-0.839479609098114,-0.8802106664406341
1,0.13023280698823417,56,28,1,54,0.6060040732420072,29.80937601467298,23388,0.3448015178403765,-0.011650867820782555,-0.2560368940909237,-0.8719569976882138
0,0.7458853642575453,51,12,4,82,17.831354890806193,29.82944961643046,216,0.9130638147238053,0.9313901781076128,0.8415525642010767,0.5199674041664646
1,0.1687893137403805,64,29,2,70,5.102561976723321,30.304817770871846,22151,0.873861911121222,-0.5552123979557811,0.4679882524857143,-0.46518052643626295
0,0.8641606440591656,51,13,4,86,0.0,30.09659586789982,0,0.5262767345934614,1.0,0.8836291766181766,0.4588678292228265
1,0.5468289555623191,65,29,3,80,0.0,29.95464330655739,9819,0.9664950953467244,0.5366996189625197,-0.9360616357217781,-0.5048711027858189
0,1.053158951359266,68,27,0,83,0.0,29.918892336350186,138,-0.927747105786476,-0.051851173802540514,-0.5090189116832884,0.8905379377543374
1,0.15759147111182387,74,27,1,52,25.276772002923586,29.865814909040765,3297,-0.048571761638285166,-0.9014023268005154,-0.9164499606074314,-0.4695473299144159
0,0.7745533819270263,50,27,4,88,8.85130559908111,30.067212970674763,210,0.9630460707542927,1.0,0.8195162939150505,0.5175081053636339
0,0.8148795318278425,56,30,4,86,8.179347222410955,30.117010373964813,160,-0.05323458095940384,-0.5882199214663324,0.19472027068616526,0.44962132127579957
1,0.06851946791340352,54,30,1,83,6.4508705145919185,29.792510126807002,28596,0.795455993326556,0.9068575513342282,-0.25602469544800976,-0.8711856700345778
1,0.3633765850765277,57,28,3,58,15.313684143470622,29.865418342213093,524,-0.6134170598043389,-0.9214427573104386,0.8688290441385573,-0.5138585753409534
1,0.07862072917922908,64,32,3,83,6.198103325597505,29.948883370037084,31052,0.9148402778391633,-0.44401326200038427,0.4787127666639739,-0.8834845086171361
0,0.8223536415990603,73,30,0,79,0.0,30.0526283155471,114,-0.9624678574210103,0.8349084245566253,0.8309148378954483,0.9198006530671361
1,0.40214768044355476,59,27,2,82,13.678649041721204,29.969080872427494,4268,0.7734981384884099,0.4494027937217547,-0.8864094739571192,-0.5178841389407425
0,0.4895246086839332,69,22,3,60,0.0,30.12101541083878,170,0.9034926036068774,-0.8287949223245429,0.9659258262890684,-0.4619492661279673
0,0.8117275251990017,56,8,4,84,10.181249176588576,30.094970783316622,0,-0.99999073973619,-0.2791128558223719,0.9280009419557944,0.47893906678285225
0,0.8192635639246109,52,22,4,74,5.250984115406854,30.044233681566826,179,0.9517205093637644,0.04019609065132204,-0.5340334359376612,0.9132385899181239
1,0.11843469245947576,64,28,1,88,9.207640144073483,30.119780426359572,9207,0.818895276968695,0.5125696998244236,0.5278328714550282,-0.9056060837848036
0,0.8535523456944354,53,27,1,59,19.306196977677825,29.919050265292036,135,0.9335666333052235,0.8100579110300046,-0.49278344576528066,0.8897091186514239
1,0.09280715742448642,57,28,4,82,5.47395532307749,29.9131205471624,28760,0.5115544449121828,0.7401557534055637,-0.2853301362056422,-0.8915062993623536
1,0.5500206855973305,68,27,3,62,20.573096279829358,29.95643881010922,13,-0.0890459418179977,0.9485485123037023,-0.8841637907570682,-0.48354581096946203
0,1.1109054781243595,47,27,0,92,12.056529432020128,30.446901844625582,326,-0.5453180610651885,1.0,0.2624262285762477,0.9659258262890684
1,0.06856902167911574,71,29,3,66,9.108661604532662,30.093633987437812,23775,0.9494564800805323,-0.37116222364203955,-0.275505833605927,-0.9659258262890684
1,0.10102478703266249,56,28,3,74,6.274548114360584,30.182557774746037,31264,0.8436746824306414,0.3431427887064042,0.47814164403861326,-0.8780315826339136
0,1.0710933483925529,55,28,4,83,0.0,29.89976566642826,325,0.408546067655119,0.6737239259859552,0.9137757255963577,0.5014437034956648
1,0.08244710826172365,71,27,1,50,5.260568483718836,30.11064394381512,21961,0.7530829128717533,0.3711373612230013,-0.24981708753790663,-0.9043340459004684
1,0.4809655166298996,56,27,2,65,25.094211298967352,29.820608191702185,3509,0.47432000323902856,0.08719915850887397,-0.9638438150423068,-0.5240809369939358
0,0.7283800843623915,66,30,0,43,16.08414267690267,29.79631141507725,455,-0.9695424341517095,-0.8388335070335173,-0.9316394155545366,-0.4727719169697802
0,1.141361257,48,4,4,92,0.019760395978986878,30.122758764626774,190,0.8801936621703275,1.0,0.7814119165760205,0.5189474382886357
1,0.1274918003437177,64,29,0,56,9.217616070932044,29.775771794476814,8597,-0.99999073973619,-0.8345879753339478,-0.24119464906846555,-0.906567992256506
0,0.8303714081019499,49,27,4,87,0.0,29.99153669680283,122,-0.9294461935875448,0.8945556035947119,0.8594791096544504,0.5388769122542933
1,0.39212094904621664,50,27,4,77,0.0,29.96849397766942,2998,0.29491115126283934,0.14401241299553125,-0.9125485138029612,0.2444513488937377
0,1.0911081308681707,68,34,0,39,5.318407192744604,29.839744651764608,400,0.0773149474137004,0.5936442026659637,-0.539812627746195,0.5069125559336791
0,0.7480709702869804,65,17,1,88,0.0,29.899566559701075,290,-0.16054564459240905,0.3889567921435431,-0.4712363005285476,0.9421158932719733
0,1.141361257,55,27,0,80,2.966926863177005,29.989041100849914,134,0.8836186421826965,-0.22005024798683143,0.24669809141230467,0.9502672678362586
1,0.0746564717691719,65,28,3,63,0.0,30.042165091600936,33950,0.99999073973619,0.455631816979498,-0.2768908418975116,-0.8538786925143975
0,0.5406298065526737,55,31,2,79,4.162243670056782,29.919682683310615,435,0.3982979950120082,0.993193430063467,-0.9659258262890684,-0.24961802914489967
1,0.15462582418016324,52,30,0,82,5.745856577922853,29.873566713088653,19689,0.7669382954577518,-0.016266391343676433,0.49138963664748003,-0.8136451922231925
1,0.3997007560223587,65,3,2,61,5.052052126332338,29.796881849905535,398,-0.8314122935255753,-0.41646478418473987,0.9166676613581431,-0.4770194829372561
0,0.685403064245389,70,33,3,66,16.405674512914157,30.02066190736557,122,0.7939592618398963,0.6500273238895817,0.9140083567635467,-0.30065755997158305
0,0.40291785740094593,57,21,0,68,21.857754976607787,30.02274549430967,60,0.9007194067848071,0.04048619644348958,-0.9225852143075846,0.47664908888567825
1,0.5226946087538575,56,27,4,90,4.98844007546245,29.96337862484318,219,0.03758329882683408,1.0,0.9166580375702635,-0.27607310721844147
0,1.1385434518717865,62,26,2,65,16.15160905201091,29.833392682941245,527,0.9078734872705031,0.2788242437721677,0.21948930249092763,0.8943198170570513
1,0.12033214179951575,50,30,3,86,5.444749210208783,30.462126362592645,28628,-0.3282337987515276,-0.2812509227762354,0.4964394125198718,-0.8665282042309037
1,0.10974582650658944,57,27,3,74,23.09750442313071,30.139116191063977,586,-0.4286526209518625,0.9901454287151842,0.8662886689436882,-0.5561975628559491
1,0.3076260819731361,67,27,2,51,20.9511329954847,29.980232714424595,9209,0.7847645306692194,-0.916682222596374,-0.2638404259635008,-0.8903684630131051
0,0.3550161033351118,52,28,4,83,0.0,29.84106930479221,597,0.8888065322431993,0.5451014103649523,0.8714484844690206,0.4993874318881279
1,0.3564257965514414,57,5,0,81,3.6831019527148836,29.930023999089336,32521,0.9025428703218216,-0.8423317347268581,0.5145437451626065,-0.9629712622616949
1,0.09320686595069277,58,27,4,84,5.53637496496784,29.964785428861433,19682,0.9794983216531795,-0.3108216902532927,0.4818132566808363,-0.8632556534335796
1,0.5301158815798779,56,29,0,81,10.390560161318053,30.095152811339947,21422,0.903044774393766,-0.4087557217221241,0.24046185618809343,-0.24724038902620935
0,0.8474824999260269,55,26,4,90,12.434665869057534,29.877945619201963,277,-0.034933198742938106,-0.09904242721817186,0.8922674307941115,0.5105610228024458
1,0.45857591083552496,78,21,2,46,19.59988607470482,29.72818907099778,4111,0.8279489628886414,-0.9190321244094667,-0.9659258262890684,-0.49346111393893766
1,0.15573789001194294,71,9,0,83,5.5747352603849665,30.248997319261257,29829,-0.059661876284312694,1.0,-0.2430901522520512,-0.8765478996558995
1,0.4835097404088921,52,14,4,91,0.0,30.293556589741108,126,0.9448160302603573,1.0,0.7720125114976027,0.5697017325392413
1,0.7652774063880164,66,30,2,59,8.741535693492237,29.839160364463076,515,0.5028350033653344,0.8476872420914874,-0.9386131321061847,0.23673439207882663
0,0.8538602426768416,52,16,3,47,0.0,29.940962960231467,0,0.0022381758492489153,-0.8195378588488106,0.2434173720603225,0.9366627885650238
0,0.7857180206345772,63,29,2,86,5.431262230525524,29.957684568342682,399,-0.014764622208489453,1.0,-0.8949159888224069,0.9659258262890684
1,0.07869712737873544,76,19,0,90,2.9752192535294277,29.759580952312454,28353,0.4204652557370434,-0.06568928042779332,0.4845014506293429,-0.9659258262890684
1,0.050400916,64,27,3,73,6.826086570677593,29.90200114000881,24486,0.5388469309195673,0.96151511210033,-0.23662260110611513,-0.8989676472211784
0,0.5478817479576,48,16,3,81,13.478105673237781,30.075480859877448,222,0.5909090105720022,1.0,0.921861910822236,-0.2464356186299414
1,0.1032830737607798,52,28,0,50,0.0,29.891277760170457,36070,0.8561972323389058,0.9295093183936268,-0.26456026173223657,-0.9313134916757092
1,0.0894147684142572,54,28,3,20,6.471822686301047,29.844048096770738,36217,0.5996992184142055,0.2386477980710034,0.49738712314842914,-0.893060577082227
1,0.09235490342346175,67,7,3,68,5.536105054483698,30.156488192802012,35846,-0.9046220188542644,-0.12985796524408036,0.4663481721545857,-0.8611788962397783
1,0.08169029355172253,65,29,3,71,0.0,29.96109684334361,20550,0.7781190833498911,0.5690543105220718,-0.25037394765430515,-0.8489352577483633
0,1.141361257,63,27,1,83,5.115831553399821,30.3031340999418,0,0.6975160242401561,1.0,0.21841865026399712,0.8707360265117415
1,0.9028905494855197,49,28,3,70,9.129763199395935,30.048549301016045,32,0.22600093960247616,0.42950884345952456,0.8834649953237441,-0.525734481640729
0,0.7599586229493178,62,28,0,61,5.0248037085899355,29.97115567083065,151,-0.256023713990852,-0.8055572190010849,-0.5175623271701378,0.9285885910120617
1,0.38923446128100886,66,27,2,79,21.215428150639408,29.759513812528475,3369,-0.041355309912716715,-0.37093188999420923,-0.9279912993372893,-0.4801180027192384
0,0.7654463502644835,57,27,4,83,0.09664982292000569,30.000990672962658,511,0.9778958149529203,0.7561309326379805,0.8495643306740357,0.5113780059529468
0,1.0828563574333343,62,34,0,77,2.9667727387588023,29.850667860661382,290,-0.10227638236171843,0.6034741847525124,0.2219756406204928,0.9563855436975957
1,0.19296660007878044,53,18,4,81,7.642875771381915,30.196406890036137,30223,0.3973780281126828,0.9280001773170975,0.9298098970207939,-0.8170702276629329
0,0.777419265383981,59,16,2,93,0.0,30.048548769964835,20,-0.5549338876927404,1.0,0.21808873212582203,0.9243687841949118
1,0.3702888344495869,52,27,2,61,0.07442165286873906,29.88757591359988,19488,0.529572844635624,0.41842140450266313,-0.9326914171407226,-0.5319003838550879
0,1.083084648017611,52,29,0,54,4.339538681726986,29.813978789314778,0,0.9432603563996397,0.5718554706225374,0.3043327559723412,0.9659258262890684
0,0.8670235737441105,70,30,0,55,15.193074721048546,30.11424304130191,0,-0.1262453023705118,-0.2581692068029998,-0.5553569039022309,0.9659258262890684
0,0.289122652508212,66,24,2,58,9.560660568037305,29.960057501102092,2238,-0.03971805616230058,0.417914678084889,-0.9086286339053347,0.24799350101984977
1,0.10939940379358785,68,28,1,81,5.249124334317144,29.969367193831655,2619,-0.8554365399308562,0.9448966847171706,-0.9079527197807817,0.27989830468566945
0,1.0309323256854697,55,30,3,71,17.825873988580753,30.20597426712107,391,0.8327477410920231,-0.8982519056904266,0.9164733636290233,0.25644476886909207
0,0.7535258778722596,69,24,0,20,2.540369165034063,30.213061859238802,55,-0.8238301270548393,-0.2336834429296311,-0.9659258262890684,0.2690131152668842
0,1.141361257,62,28,2,71,9.406728014276839,29.85801884882652,0,-0.99999073973619,0.7210207085880329,-0.5036515023475389,0.9506381195807612
0,0.8604433079682269,51,27,4,86,12.95672619517275,29.929335972850218,0,-0.20734238116891374,1.0,-0.4979550280034613,0.5450681970713637
0,0.8249937866493361,54,27,4,84,10.185840565150793,29.903434052307503,45,0.6801706106020148,0.9935957426627637,0.9129472294342351,0.4887661737005533
1,0.5914247888189917,55,26,2,63,17.128452121597004,29.966701514435865,3757,0.9063514391610136,-0.08707053129950222,-0.9034908338884233,0.23746376955466164
1,0.39324579047796004,64,29,2,62,27.32317248812098,30.001281604147263,7426,-0.15598819883644957,0.22957489369363165,-0.8747559786886105,0.275950133002448
0,1.141361257,48,30,2,71,8.712320397949071,29.812277376655793,0,0.09453686402504985,0.9754406419243905,-0.494624571270865,0.895765983667921
0,0.896211707870859,62,31,2,79,18.945229305549503,30.068176657604187,0,-0.9060009434225682,0.28431650181697543,-0.4717861345183529,0.9506611006397363
0,1.141361257,63,1,1,55,0.0,29.93346622102654,0,-0.8849037986450776,0.34687829962751915,0.22831310371480434,0.8790038739738342
1,0.1232171646026396,66,27,0,82,6.0635768945914394,30.024924611141138,169,0.5515352213125908,-0.8720933585144703,0.9311271471522686,-0.9102979367232492
0,1.0681917093688236,56,28,0,63,2.373410064247126,29.805633124493518,0,0.4048123732473502,-0.10355194012157098,0.30266285634468937,0.9237056714991235
1,0.30127505047996356,78,31,1,50,21.672092647601524,29.902208537924224,31491,0.8768697578019665,0.542351832146893,-0.2918997785879736,-0.4915455193115364
1,0.3565553413330106,54,28,1,72,23.63862563949472,29.84994596801021,25478,-0.952459244273816,-0.8003209404131534,0.8774759465537385,-0.23478884609983938
1,0.5373290596579953,67,26,2,78,13.54192292308706,30.029796566496977,20392,0.7667581431378951,0.04818722178353242,0.8650893000760205,0.2625820970089525
0,0.4710919076311893,55,7,3,87,19.54430018867911,29.9104252761746,0,-0.3653557846508834,1.0,0.21211889035644882,-0.5176067105256598
0,1.0308097622500503,53,26,4,79,6.993595511304325,29.972031910774195,335,-0.2059374562295554,0.5625762198820701,0.8509540548929483,0.4556994358902267
0,0.5723939123539779,49,29,2,70,19.232712627427183,29.840308065099418,221,0.490018310726145,0.4813168501826523,-0.9147216039405541,-0.25954426799257074
1,0.37270280586868026,60,31,1,73,1.1476768104904773,29.987798957236016,3041,0.8190203681112708,0.715871160948372,-0.9222622252632504,-0.5121407470031138
1,0.050400916,66,33,3,70,5.178701126489102,29.940162023605136,19655,0.7967670569165634,-0.8868272524348221,-0.26690896955895,-0.8941019989444741
0,0.7736699942975939,65,24,2,80,2.8661029767147284,29.85151263620378,396,0.8655386680192394,0.19330701275390488,-0.9182929955040889,0.25732564860221124
0,1.03237525003387,68,31,0,48,20.96440627818682,29.71908985083052,125,-0.9283563441984435,0.21450264350015058,-0.5516718513034424,0.9355025723238889
1,0.4400789109213638,56,19,2,71,18.154088421855388,29.920926626565212,10443,-0.0397170124186863,-0.39126275478200767,-0.9580056723471231,-0.5505971790254686
1,0.7566963911343136,50,26,4,67,15.626367524908233,30.107963250419235,19554,-0.3108257456962864,1.0,0.9217104019817309,0.27027301523174707
0,1.0330869492378467,76,14,0,69,5.175769321186875,30.11597618947897,55,-0.2924973159076772,0.256163370467116,0.8584065241309474,0.8941226263247994
0,1.141361257,49,29,0,90,5.53016503915266,30.140085754456084,657,0.6444771860407478,0.2917100058444442,0.225395248787501,0.8880270826654723
0,0.7697125915991796,48,30,3,59,0.11812450980006468,29.794713191101362,0,0.49209569781870627,0.015724858481044324,0.23249776084160328,0.9138061157594903
1,0.12866005321083435,54,28,0,61,24.77976201030193,29.739625928879544,31257,0.9330777123032014,0.94481392207568,-0.9459782443140681,-0.9297943369219904
0,1.1385017717938408,47,27,2,55,9.124661545788467,30.136385463728985,0,0.3658778799542068,-0.8398301634328095,0.22674742174064233,0.48254356498810863
1,0.09454265900730385,52,5,3,74,4.900299866278933,29.998448399698265,34461,0.99999073973619,0.5501853239306967,-0.2856367383635161,-0.8960473098067155
1,0.5285438137369906,58,22,4,79,11.070864563375936,30.075665474086207,2910,0.8645451103752994,0.9423664966073382,-0.9225020113579707,-0.23849284747008742
1,0.09751551731047382,54,27,0,81,6.597477524213755,29.999212236778803,31955,0.8327370042040706,-0.9251326443479773,-0.26453963222206944,-0.8564305008813018
0,1.0874158933610656,61,28,0,82,14.744097987635184,30.046510319206217,0,0.01179428306724211,0.2623194278571934,-0.537627238366595,0.4925340130894178
1,0.5487534316562577,66,27,3,83,5.710725767994703,29.862544089853465,453,0.9025791167701471,1.0,-0.9590467490949767,-0.43353710247772553
1,0.4710588751374794,65,28,2,65,21.33129626340384,29.835863916360978,8921,0.916804056681384,-0.8469565237744684,-0.9031840665440486,-0.4738122860066456
1,0.4114022386659527,64,29,0,84,0.4926821192378532,29.94128719385424,28207,0.5445632231766354,-0.8855286649276926,0.9265403343217353,0.26485454542243814
1,0.49768617126396886,55,31,2,63,22.17503060191484,29.96132431964189,7171,-0.24605934348862168,0.6097594509555431,-0.9465004950819516,-0.4365724638199647
0,0.9926162617653876,65,28,1,80,5.97372816823655,29.901211095291377,361,0.9679699808143432,-0.8551873427407902,0.23192924437768414,0.8959976381506211
1,0.08475951389453298,69,16,0,62,0.0,29.995264133625827,23451,0.9812718508092111,0.32409332760101467,-0.28147891111763723,-0.9659258262890684
0,1.1103773533168582,57,27,3,77,15.457740712466823,30.049348826645108,384,0.43699806856041323,0.973647015881265,-0.5040187941929579,0.8814370915680152
1,0.8058183076836059,57,16,3,81,17.889395914003735,29.83631258061002,9442,0.7575414827946467,0.34237422450642097,0.917640844074633,0.26137509773492035
1,0.13800467678805972,67,29,3,81,5.666567496319856,29.86787100796587,3176,0.3995982575284488,0.9159903974593134,0.47967786819341385,-0.8879513911532384
1,0.059361600122326455,78,29,1,41,6.8674200847747775,29.90464119732331,36580,-0.617624567747594,-0.06911944974855594,-0.2676488055067066,-0.927338156260995
1,0.31349755333094176,69,27,1,77,9.354505056446342,29.919072506162266,2962,0.6097879067661298,-0.47276716184959544,-0.2639222689248131,-0.9411449298833369
1,0.06937081995658921,73,28,3,85,0.9239580199958184,29.96901786577848,36087,-0.9988284945023146,0.5260664885484477,0.4474941451090564,-0.9075234962517316
1,0.13649757802956444,51,28,4,64,5.826761883780527,30.194368856262084,9587,0.3563205916244711,0.08869476036627748,0.9424525907731437,-0.5041624896072673
0,0.7448629894109016,75,29,2,79,5.169237721755953,29.74246714218242,3,-0.9910826836111368,-0.024188947618250682,0.9184378194065189,0.8943840280326276
0,0.8945340381302598,61,14,2,74,13.158020614887244,29.926552931522057,55,0.8228695831563424,-0.5898467980529034,0.9430178292622186,0.918815037175321
0,0.8164244788776737,53,27,0,68,5.220958482776969,29.949081455204414,581,0.8427334423961991,-0.9127263862029357,0.8220671089381667,0.5043505421669818
1,0.42980527858672274,68,23,2,81,20.77140232188847,29.85649060275042,2876,0.4616946603104681,-0.3610276641364803,0.9659258262890684,0.25253547758152967
1,0.14842957638927812,70,29,0,50,6.192539324588419,29.866561576965587,31216,-0.3936792081312088,0.5962509584972394,0.8981522047719166,-0.9126769296764778
1,0.09328344965640074,67,28,1,69,23.1860838149634,29.892377300820453,24521,0.8041486499350241,-0.6641965115593775,0.8780986785843672,-0.9330839333365821
0,0.7626068888892331,69,27,0,68,5.264768255020223,29.972175568376887,610,-0.5168005668801664,0.8871232152708359,-0.548970848433405,0.4850459542143924
0,1.007431283842121,74,30,0,68,14.537903637260182,30.16163464537027,0,-0.5821927592970824,-0.9052581704307293,-0.533184628384218,0.48264099702100116
1,0.055079084899933364,55,30,0,62,6.000373568265002,30.069885455351013,34210,-0.99999073973619,-0.6925397590390315,0.5179853969174393,-0.8869120503906679
1,0.3895596093512578,62,29,3,87,8.914102810107318,29.741381884098242,7016,-0.4250020383167513,0.7341836754334233,0.8715221513156562,0.28754513523444564
1,0.1077970653079719,50,8,0,79,10.53479749978662,29.963448139878327,35506,0.9531064956093298,-0.20702223849399026,0.4755449455196497,-0.8975226389919594
0,1.0651407186170676,51,27,0,75,9.591587452808092,30.219400479295796,251,0.7158469246453644,0.9125678773286148,0.27135326621093,0.9291386667997179
1,0.06770742969360073,71,29,3,88,6.071454898233925,29.800482668697903,34072,0.8233674176365807,-0.9335198394020608,0.9459995900457135,-0.8527358003862734
0,0.45172471029198685,56,14,4,71,4.788259590194338,30.1922553669674,243,0.13962436533308603,-0.509832705104308,0.8382216827023299,0.4896698267333225
0,0.7219219775680038,71,14,4,87,16.543930383752357,30.13419331906928,328,-0.6852358207759919,1.0,0.8806573224985872,0.5455069393623181
0,1.0876403845676457,55,27,3,64,5.644370993867136,29.871464488195347,316,-0.8534887015294829,-0.7923577933237786,-0.5089987099103225,0.9467521632004203
0,1.0300242233567736,50,17,3,74,5.900508411818449,30.237447354839265,24,0.791980161412037,0.8983617021829522,0.8133379620029721,0.5194054964645968
1,0.7050386709987083,74,28,3,53,22.57322709289822,30.26711086723571,447,-0.582915618401278,0.48563153615802107,-0.8848162265693995,-0.5053928058538218
0,0.7362896493043086,52,27,1,62,5.5355335016343945,30.073441466649957,50,0.8073552570014683,-0.8406051378549232,-0.5239753520497007,0.9659258262890684
1,0.08180269681854294,60,28,1,65,0.3916577535866527,29.826348410535434,36046,-0.9930235731558334,-0.37026228166940733,-0.2572263491658433,-0.9263597523309085
0,0.7803586189795721,64,30,0,79,4.744538915284757,29.846955627059778,0,0.8520619135460635,-0.3610399465301418,-0.5020224445507878,0.5297118958109482
1,0.1327189507729964,70,14,3,62,9.67500207481411,30.143547796805464,26203,-0.99999073973619,0.5931861340522009,-0.27840509122862583,-0.27118901520523087
1,0.20048558922815193,56,27,4,91,5.7084659826048085,29.88934219898521,3031,-0.4652440812948825,0.4678184346890808,0.8525869334142254,0.48105443005089094
0,0.5676067825168728,52,28,4,83,7.733705433011949,29.94306352840408,396,0.43883330208780397,1.0,0.9079292925909984,0.5260267897383196
1,0.16989103507179,68,27,4,84,4.932028439739362,29.88979895786111,2025,0.5255367827206376,1.0,0.9482731772526801,-0.22836293325769436
1,0.4952564777212786,60,23,3,88,17.81181948880668,29.888505376539374,79,-0.35147814115371123,0.9012622496115293,-0.9028267022686268,-0.5025364171480119
1,0.059279984139294584,57,28,4,50,0.025349021029278315,29.728531811486842,15871,-0.9901828182144528,0.05920307552891166,-0.2732504750018757,-0.908830664450737
1,0.3902947341089633,53,28,2,56,18.44785113803293,29.724747397950757,6354,0.8183515926034459,0.2716204829067283,-0.8750103573579185,-0.48885265060046074
0,0.44140555352427696,53,34,3,79,17.86359153798585,29.900323810096445,428,0.8506168540597128,0.6928216882656437,0.9183637600372384,0.27571324122283936
1,0.1013337459250373,52,30,3,80,7.5870835731805135,29.859891157992024,2803,0.40110963247932174,0.5828329776017063,-0.2686360266600011,-0.810832595808096
1,0.050400916,63,27,1,53,7.306705771656291,29.678989801314568,32193,0.3821846855761385,0.5806698432647955,-0.26207282216520694,-0.8902969315804308
0,0.8010433762194058,54,29,2,44,0.23573827790415897,30.001285598367307,322,0.9306754354090574,0.6794920058414348,0.2600393472397406,0.8933421050682042
0,0.7071952341269635,73,8,0,50,4.237717311664317,29.978362130502447,0,-0.5558231509756949,-0.013802012714884633,0.2113763727234422,0.9236132240757444
0,0.8456503926955847,53,34,1,90,19.452901508841258,30.062931865722852,0,0.3819139367675481,0.1827360227057353,0.2509303187150829,0.9423131173157875
0,0.8739922876133129,50,21,4,91,9.611206274256995,30.10471378359542,192,-0.050413667246906685,1.0,0.90025391998484,0.5132483712734698
1,0.3844921362687159,55,28,3,79,9.798031993348676,29.7407194185829,4374,0.18505825895641587,-0.8316433934974703,0.9392677002559993,-0.2684271221131464
0,0.7435407828288649,70,34,0,64,0.0,29.997023459344675,156,0.446578976290111,0.7664570269345141,0.8761908715181634,0.923666307030011
1,0.24972445363824017,66,23,2,61,21.975714553191935,30.029564794239906,3239,-0.26127455942096556,0.2535480709480556,-0.888816588493176,0.2866271263407075
0,0.5301180703331821,54,21,4,82,9.613580151095537,30.07534132233553,117,0.25637849106756333,0.4803747042874652,0.8348778327650397,-0.2625912666383251
1,0.10354469990260176,64,28,1,81,5.347058290552161,29.981679545006337,35156,-0.9303345448903169,0.6851739361910714,0.47475736546843267,-0.8955419024047121
0,1.1372834380124597,53,29,3,83,0.014058796625861429,29.927826982113995,0,0.08092093324027665,-0.3453522590918006,-0.493692870774463,0.9310003784944179
1,0.13635095055496554,66,20,3,71,6.643215912639145,29.968292787933073,24400,0.8562266802607387,-0.9025474944237577,0.5005525125667619,-0.9483058782543595
0,1.0049253688044986,74,30,0,50,5.335180988915768,29.80598445783169,459,-0.37189239444062117,-0.9413894916555179,0.8978430674619566,0.890105091232903
0,0.8606929803652033,69,27,1,72,20.083434276019496,29.836512132989238,381,0.99999073973619,0.20742356012719387,-0.5004938760946156,0.9206305694921018
0,0.8388784105909078,67,30,1,77,12.301937974783282,30.115469942646392,154,0.7753500713549507,-0.8737274541594331,-0.529452064095891,0.9108152848406358
1,0.0569527380103558,65,29,3,73,16.02377350705455,30.07328292811699,3111,0.18042420401182782,0.15514591213956097,-0.9192777630959748,0.29722865748907107
1,0.12509026056204967,52,29,1,47,0.0,29.983599153900332,22138,0.7566787278988997,-0.5279516420890783,0.5149145095534866,-0.4657421482664683
1,0.3326577979150864,64,29,2,44,22.53399033501039,29.939330919874106,32710,0.8612159160829986,-0.6199970442175216,-0.9110418108841839,0.30386961418794284
1,0.6832807423938463,73,31,1,51,20.620184634138283,30.0206067529452,289,0.4282560194677727,-0.6180561964669817,-0.8791919959705469,0.28550899507558736
0,0.9158781665885184,45,26,4,84,0.0,30.16705547778443,0,0.6575071253418933,1.0,0.821119244667331,0.4978072372174191
1,0.08489232958921145,56,29,2,65,9.450829948354478,30.078201828561447,36580,0.99999073973619,-0.5754278040096386,-0.9460365675901588,-0.46802020738643957
0,0.6576057706317796,56,31,4,89,8.022931228572276,30.215685052492645,330,-0.053446481258266454,0.9907179663239863,0.8051176106626777,0.5179312174098831
1,0.8501542470581552,60,28,0,24,0.06336298875886585,29.81510970024299,373,-0.8634286774025676,-0.3907849177318675,0.8649237799902451,0.502297435798668
0,0.6347225126855556,63,14,4,84,5.130524551284118,30.13407491953781,181,0.9873605387231401,-0.4398579152186084,0.9229848387225532,-0.3096505511396358
0,0.8661839302046352,47,29,0,62,5.46797505215911,30.1336905384994,170,0.092249475935562,-0.3290555364130361,0.23405000756466238,0.9394158735778654
1,0.050400916,64,28,4,72,7.244037615045221,30.076008363823252,19469,0.5329745929665941,-0.9780055600678847,-0.8914293450856425,0.23745129285762448
1,0.31322306049279075,72,33,3,80,14.036293825215115,29.913649728218186,3054,0.8889591664696858,-0.4613682598598438,-0.9324204396137473,-0.2505701719036479
0,0.8269608088494154,70,30,0,63,4.692860394530981,30.13494399044887,136,-0.8710141307286835,-0.008371591183529016,-0.5260649439894324,0.504465651647785
0,0.7765266054460228,65,27,3,83,2.6920932803185966,29.909661204089755,71,-0.9687306472448455,-0.6043280944681307,-0.5518516114140094,0.9212745270598194
0,0.5024343682713307,54,27,0,75,0.0,29.98153829777573,0,0.45106976247034797,-0.4844916418299435,0.8954416678252396,0.5048665034788818
1,0.07657207963672027,55,29,1,70,21.78235105572206,29.64779229778265,34667,0.27019495567971896,-0.062180381393436276,-0.2177314173490919,-0.9198738449906955
0,1.0660793006001923,50,18,0,69,5.606661391506369,29.857647471353086,97,0.3286592024249092,-0.6059414221945337,0.854859852205602,0.500096516131291
1,0.3653420115832061,72,30,4,81,5.6237815509781575,30.07543405896864,32793,0.99999073973619,1.0,-0.23287345083207123,0.4571957357013982
1,0.6465550155950877,62,15,4,90,3.321846775962839,30.29122768090051,25294,0.827726704654985,0.9936083152888311,0.8977610189582453,-0.27989047348124896
1,0.08534400683459106,60,13,1,68,8.879394140725024,29.962959447383167,26878,0.8175906229401848,-0.2924562798795566,-0.2609847564142416,-0.9085814591331608
1,0.5368838210305125,57,27,4,68,14.997431708046205,29.89921738028535,3242,0.8850802795752698,1.0,-0.8615177470613843,-0.2536487014234898
0,1.0393711651787352,61,32,2,86,16.05530088556951,30.049771375155913,229,0.4824269534754319,1.0,0.2717024841753183,0.5040977263989873
0,1.141361257,65,27,2,79,7.827057911928746,29.96577274135762,6,-0.5235217790993072,0.15679066946254905,0.21767601529255293,0.9405104640817785
0,1.1036992911700974,64,31,2,52,6.287401989614259,30.048409724461113,193,-0.0034476000152019043,0.22453979516154188,-0.5203366311697325,0.9410219494042695
0,1.0042308996652993,74,28,0,39,0.0,29.865867562385546,188,-0.9356516452437147,0.24313109199394634,-0.5464637329576428,0.9123422875909837
0,0.8596330180371913,64,29,2,75,17.960820669359233,29.926321484295574,192,-0.8354221128021555,-0.35587365231878954,-0.48504214403061063,0.9201877784895709
1,0.3406267375864261,77,27,1,62,22.974517495364978,29.612426729470528,23319,0.7496106566616916,-0.36345199958926877,-0.9009329199452009,-0.48338223127164603
0,0.9687890995375046,60,29,1,56,13.970879555337703,29.595566774983432,617,0.8978614148666648,-0.8579848009296585,0.954444185995714,0.8991338913682472
1,0.1261551981217033,64,29,0,55,24.607329944074486,30.111625719007147,30792,0.42408747804074204,0.5589812096839124,-0.2749506732114875,-0.9473075657252467
1,0.050995810083758086,70,29,0,64,6.299159685143209,29.88675660002217,32169,0.3542172531715444,-0.8888844907885302,-0.2514460270451684,-0.837719243545915
1,0.13897667194625768,53,11,3,77,6.6495669745494,30.121621334508546,36248,-0.008268169517683388,1.0,-0.2923145600132763,-0.8774897481491502
1,0.05890661749371799,58,7,2,68,6.981483552517508,29.727806682229733,25710,0.5046421465151301,-0.4811881580782881,-0.23040505806309472,-0.4656442621968828
0,0.7222759418829087,55,29,2,65,0.20435325987419659,30.31621314006633,534,-0.2329304624120921,-0.8645342394731187,0.8644454884522697,0.5477037590583987
0,0.77487133453858,65,28,1,87,15.515198915297784,29.9245634007395,0,0.04457842589789962,-0.4091886560528327,0.2754994410237402,0.9519959341309101
0,1.0193246081455951,64,27,0,83,5.632053614797254,30.24796665548948,192,-0.3037030426626293,-0.5053717572626232,-0.5101575227422159,0.9364943829416009
1,0.15645580407146475,61,29,3,59,4.7651308043882326,29.907127652454342,11095,0.07618511724899288,0.1886690312185817,-0.2816507437407485,-0.876776863731634
0,0.5998932211439612,54,27,0,58,8.53555026360406,29.827347615523035,350,-0.18415541090059248,0.38937747132045897,-0.5714694350766568,0.8685677259749625
1,0.0689167479947887,67,27,0,51,5.449825828819518,29.84081306177819,35100,0.891581377986036,-0.5123230727224475,0.46089073380746753,-0.8840801891065299
1,0.7307463863330252,52,2,1,84,0.5055812302637587,30.07715618667274,17236,0.9210538431466798,-0.2238987156591039,0.5011377577365728,-0.9247400777193571
0,1.101547294242788,64,17,1,79,21.585523712955798,29.876495011967585,0,-0.12201606734008273,0.5372570197466892,-0.5272807049052657,0.9020836870349428
0,0.5679701570080674,62,27,2,82,5.23274799632125,29.93610230315832,0,0.08701363239963174,0.9311407967248716,0.21476013165100094,0.924917184606935
1,0.45070007250552174,55,9,4,83,0.43708891583324844,30.21988974844101,0,0.8000479962842172,0.19679755636950916,-0.8137784096760613,-0.2241078575105886
0,1.0180207205200096,63,29,2,56,4.54039824992112,30.05900337934234,282,-0.99999073973619,0.4316779069190693,-0.9235467896393286,0.9217074441233857
0,1.141361257,53,15,0,86,13.947160295202476,30.10835388898094,486,0.8090679942003602,0.6759426485867889,-0.5344922651915212,0.8923222617910703
0,0.5443948060210986,65,28,3,84,19.37554809701616,30.074193665662914,108,-0.250797577235095,0.949062552039104,0.23746044690615808,0.3060304626419609
1,0.24709192416470954,59,27,1,58,8.767456456012123,29.947844459514656,4346,-0.8889847354874258,-0.8747166860114145,-0.931720603404397,-0.5778107476546623
0,0.7708704941574903,63,28,2,91,5.497538587974268,29.99829943647236,0,0.99999073973619,-0.5030997474188144,0.20978212822680445,0.9469925649074779
0,0.8634437001804923,58,29,3,75,14.816111059987925,29.77392457430256,0,0.92311508571123,0.28554200806544267,-0.9496115837862106,0.9324764441919495
1,0.5449060867412601,57,23,3,53,3.1585032180908006,29.979006226819852,1918,0.6809567580697619,-0.7800260952573799,0.8434040087397895,0.2696535798472702
1,0.13866941802451774,53,6,0,80,14.911238224340083,30.22762747089291,32288,-0.5687159166627214,1.0,0.4730320011111881,-0.2442130972318474
1,0.08817081104596712,73,36,3,80,8.811617888032751,29.79305816658526,15150,-0.4051432820652078,0.029829354039033126,-0.8957323520690286,0.25060562463508645
1,0.3766738651262059,64,26,3,85,5.812246064178679,29.968790798041386,19564,0.7168949858607674,-0.19818722797501148,-0.21102478605729347,-0.5153538224947883
0,1.0433623011992303,57,30,2,76,6.347399190077486,29.8216608464349,520,0.8408151048439845,-0.3503448821644488,-0.5111912215931781,0.893509466276174
0,0.9015756346443634,68,30,0,45,20.495875982804282,29.960118908562418,132,0.798489518967382,-0.482180500917786,-0.5380333640597559,0.9014794005986613
1,0.4019981354603674,59,34,2,80,6.64358022633066,29.912625804157415,3298,0.5771511651723047,0.6116311596245527,0.9132339362312213,0.48273470294170007
0,0.7697425473081823,64,28,3,75,5.4672414289859095,30.207857023159992,292,-0.9618456577176127,-0.06829614420045761,0.8384001281030624,0.23516663266568302
1,0.056273643653152586,78,29,2,55,9.56542473496944,29.7542117073492,25004,0.7968518236581776,0.4407281928146974,-0.957222179619279,-0.4353240717064804
1,0.1137016894711747,78,29,1,40,0.0,29.772231772083348,4988,-0.6496078875512749,-0.9999629591162656,-0.9208496143759094,-0.48426077055187045
1,0.5379099234879459,51,16,3,72,0.36362011769727387,30.091431118491414,724,0.9286859834230543,1.0,-0.9401436420031862,-0.2619336870354972
1,0.13672295625959024,62,34,0,67,4.910452552240798,29.91976608050172,256,-0.99999073973619,0.8459602145466849,0.45928183461361216,-0.8783901510132454
0,0.9879148643820476,54,29,0,51,13.106958546178351,29.948793214334835,446,-0.9443496284153483,0.2628511680167166,0.24035675145601548,0.9165011520071384
1,0.6017714278371589,50,6,4,81,6.166637031121062,29.997200589958638,315,0.9716094659338026,1.0,0.8844967251694112,0.5060744255450565
0,1.1234851046011356,51,30,0,66,0.0,30.180989701420224,718,-0.07505186641316551,-0.4840534561437422,0.911555483919718,0.9419131199137818
0,1.0394190390338633,51,8,2,76,7.7957229675255935,30.03974512750938,211,-0.11788458578077148,-0.17903123964777584,-0.5587034518955123,0.8458000177587481
0,0.8050567203381744,66,29,3,87,10.609339499342479,30.2515534758521,574,-0.07254803875166954,0.9947801080515071,-0.5134226689383918,0.8912239580277134
1,0.5923071961082949,73,27,4,62,10.921208454951937,29.831828915855628,22602,0.923157505433906,0.558806584987516,0.9659258262890684,0.27108302653064614
1,0.48512294343430573,54,18,4,87,0.0,30.29052733088869,0,0.7014939405482372,0.9783254278309526,0.8970375188670598,0.5108987782793236
1,0.5296803446253577,50,32,3,56,0.19112780384025457,30.037389820837753,234,0.7785228740916115,1.0,0.9139372543001826,0.20336923749557595
1,0.4434371867044322,67,28,2,64,9.542061911541463,30.06482729144301,275,0.8132083382755377,0.10634918737988207,0.8927643125181732,0.26252079168078357
1,0.050400916,73,28,0,84,21.83083184378958,29.879781328611315,20285,-0.99999073973619,-0.14677064515645766,-0.2663636268476961,0.2514019288177569
0,0.8013624246098252,75,27,0,52,6.236345651459142,30.18130717358948,0,0.3451102629045181,-0.038176371055161445,0.2589357988151519,0.9315649026823429
0,0.8610434047681587,61,26,2,80,14.110533842506333,30.144252564987777,0,0.1841447140493723,-0.7777363770947983,0.22547543787574323,0.8929033114531485
0,0.773523904780811,63,28,0,72,5.550000345265702,29.879534199778895,335,-0.8276967040773833,1.0,0.23127964001309093,0.9188803050581861
1,0.41650974014726855,54,29,2,81,18.367504742198925,29.905717524325784,258,0.9426163408766545,0.09760465477895856,-0.9508785437140056,-0.5019826069769572
0,0.7925149321953274,65,29,0,88,6.256508960977456,29.93372196311301,183,-0.5566214728374352,-0.017023347652879217,0.2563073317896165,0.8816971764893808
1,0.2938029335318043,65,29,1,75,0.0,29.742297730952497,36580,-0.9332053273766103,-0.4370634439028692,-0.28531085157554814,-0.9072899711971858
1,0.623916885128125,49,27,4,51,0.3500226260562355,30.010781211694308,1077,-0.3266403138510887,0.9158402795750974,0.9659258262890684,-0.28020878927572834
1,0.4939018025956766,60,22,3,79,20.902617103364125,29.852373405090127,3157,-0.27417821972670975,0.7207104820819488,-0.8720121749769355,0.2609949392774118
1,0.1346754817302267,62,27,1,66,19.254108671573334,29.802413642188352,9839,0.8806737860201133,-0.40185250032968334,0.9659258262890684,0.9510139092744978
0,0.8254493825556886,50,26,4,85,20.080087266769418,29.896648079639405,630,0.83848902146673,1.0,0.905906935068,0.4671581347579304
0,0.7873351860056104,62,7,2,64,0.33728019586918445,29.94683897096225,0,0.14615923226014388,-0.7989765266765335,0.8589841606511269,0.9436598508727148
1,0.47649467860598627,64,29,2,51,0.0,30.10720482071605,309,0.7745617185560013,-0.5376897923168645,-0.9518217318727689,0.24418440249714088
0,0.8967943008148513,65,31,0,72,16.545924001958053,30.04710437266875,34,0.08108672340262302,0.7274591105782986,0.24448690135840534,0.8811003234302499
0,0.8508377113452651,64,27,2,75,14.027721617714782,30.020683446643513,140,0.6158304090471034,0.279782371680696,0.2580739168231039,0.9374949329456558
1,0.4884853423297528,54,30,1,51,9.940719516877895,29.785548452778887,6289,-0.99999073973619,0.34028787940817484,-0.24331697891579912,-0.2596425444391237
1,0.111205149829278,63,29,1,61,6.403369197949447,29.810452893968357,285,0.35102888876195804,0.0576975171549995,0.5010459906255864,-0.9272836439909313
1,0.5380705836323678,68,29,1,75,15.439287011691896,29.886368125470035,7368,0.03171673320455537,-0.25938212472303585,-0.8774035552643706,-0.48759206151841616
0,0.47772376301573155,54,28,4,85,9.121544072383335,29.900790829655975,0,0.17737642925974784,0.9998852860437337,0.8704265809205751,-0.24406374641319048
0,1.0425419578854054,67,26,1,88,0.0,30.31437590189895,64,-0.5197615804961291,1.0,-0.5246487876351108,0.9318526185648792
1,0.47217254049167334,65,13,4,62,8.599846769462378,30.2038903757286,2520,0.2392800990403693,0.21584695038631413,0.8879514203653466,-0.22786292855212398
1,0.44999923170500467,62,7,1,66,16.582420462477337,30.032446379982435,23572,0.9591881952400113,-0.2854319213406022,-0.2630699698003149,-0.46345654969292244
1,0.22832132234859934,67,34,1,45,14.252118410138301,29.84083441880164,4320,0.9673643121506595,-0.5635204949569649,-0.9105867412105584,0.24333884810194187
1,0.21144298617629423,58,30,1,51,8.363701839319901,29.788010021138213,25430,-0.99999073973619,-0.5766021089812443,-0.9659258262890684,-0.5005512217135826
0,0.7815936458952671,78,30,0,64,13.317028772851442,30.11945360047374,337,-0.5260595207733818,-0.12181411174243817,0.21315219610546632,0.4921819319118215
0,0.7529378373464634,62,27,0,69,20.660499238315552,29.83012457720819,63,0.9516886767593418,-0.5093512441348821,0.225912608039404,0.9156823275976027
1,0.11028204736014648,62,35,1,65,18.67471122462302,29.70474165780633,21967,0.8844674539556677,0.886221127921148,-0.8860014559320869,-0.9386191568180383
1,0.8125586875833182,54,27,4,77,0.0,29.85480731918312,148,0.8700130479622399,1.0,0.8607165292066716,-0.24310599146705197
0,1.1339782055698386,63,29,2,74,4.079214067281221,29.931338642015064,0,0.9107793053430003,0.976002196352349,-0.566471543011101,0.917213250947376
0,1.0730234096470899,52,26,4,88,4.856951773954943,29.97124396177171,49,0.9085710846755413,-0.1830647319434297,0.8430598354760015,0.8830637558994203
1,0.5288115452399873,55,30,3,60,19.968259789154462,30.07893098464606,1620,-0.4660237862058455,-0.18750868547914806,-0.9187381488688889,0.3199296392678405
1,0.3414453172316164,58,29,4,76,23.264175776461904,29.877888412011096,29913,-0.9649003958900119,-0.8826796679821015,-0.9292688559272294,-0.8431799628751022
0,1.141361257,53,28,4,76,6.024063711847753,30.072632757053356,0,0.3875253277470545,1.0,0.18876102223093677,0.9155323861322707
0,1.141361257,66,33,2,75,17.270471105468975,30.029951014165942,275,-0.503856724440897,-0.5200300751775226,-0.5071808180281809,0.9461189143202282
1,0.06877196546368586,53,29,1,79,5.864538636451939,30.11106604116568,32445,-0.06694129952405505,-0.6773219116163682,-0.3208671721848614,-0.8731135286616771
0,0.8101943235534296,50,27,4,86,17.190703159637863,30.227923495428904,51,-0.47894725917395464,0.6941345108141765,0.8474923207516063,0.5170294429474361
1,0.14657431874837615,59,29,3,35,8.77921595780938,30.08265151760772,25423,0.11576076309819285,0.5814866171734322,-0.9477454348773903,-0.9422126555129672
1,0.3789882355545088,75,29,1,47,14.656875007088669,29.887270910929267,26261,-0.8919193591515677,0.7159928272910651,-0.9456798077467001,-0.46223469408139006
1,1.0564591179649583,52,3,4,93,0.0,30.00526756710387,163,0.04241616677468569,0.8413627158848073,0.9147077955473804,0.46018879940143664
1,0.06798149992871123,76,29,1,57,6.119193829299769,29.616338156269784,34507,-0.9277201529952133,-0.9423195356999867,-0.25337889449281886,0.2692170914261773
0,1.141361257,47,30,2,81,9.014264210655906,29.980119663227153,489,0.9380976116537851,1.0,-0.5461651882290774,0.9244401228650669
0,1.1343918175858707,53,29,0,68,7.596967133621603,29.857867568183693,168,0.9362972199208257,0.2340406021553762,0.21224884502283747,0.9037304862462507
0,0.7736252977250354,63,28,2,95,12.45860626098705,30.002874324309452,301,0.08966552849531811,0.7495933774872805,0.24060610384956374,0.8483845482258882
0,1.0396679406767606,61,30,3,69,15.825963654069371,29.943012900500275,54,0.5357038050243302,-0.24273721168210077,0.2935496328242152,0.9101681759011501
1,0.13610914743720648,59,34,4,66,14.048827958439015,30.038596979478342,30822,0.467524517936458,0.5914002617157162,-0.24456055954850828,-0.8975512433346914
1,0.06850669834105214,66,26,1,26,0.3793427009309572,29.962183329721462,36549,-0.8963087294238666,-0.8602906660232497,-0.26974473218515505,-0.9018001845687708
0,0.7516216534077673,52,20,4,94,0.0,29.97724361276177,52,0.7898960535220462,1.0,0.8629949325341795,0.48560645754160653
0,0.49225367812020776,58,29,2,83,16.877534175559312,30.016702006800557,272,0.8808551236821608,0.9107952976219781,-0.9351579188314953,0.25259217250493143
1,0.050692207261349986,53,13,3,82,3.217124000584326,29.904662399662012,36580,-0.9115711934130432,1.0,-0.2659272100381201,-0.933281931746505
0,0.8352438317407666,52,27,0,79,16.235905377307173,30.079307221124004,0,-0.3520556578466348,-0.8307836523553374,0.22644526822356742,0.8143979369200295
0,0.38868858537524775,58,14,4,87,8.961944769014424,29.894528401083868,551,-0.99999073973619,1.0,0.8493288053261469,0.544537729284294
0,0.8712395523021287,56,30,0,79,13.391652298044068,30.14944596349818,224,0.5965438574303958,0.02624694274555428,0.8682226637878455,0.9031309672823845
1,0.5443991800791649,50,27,3,74,0.4137102656893969,30.159175079587033,425,-0.8664338884461347,0.4838561463059606,-0.9065974716419145,-0.4602827851388558
0,1.0524244785044532,64,29,2,76,0.0,29.851276592856426,305,0.6189284899085135,0.47526170449197064,-0.9659258262890684,0.9659258262890684
1,0.050400916,65,22,4,80,24.13668082126831,29.963150286488663,23741,-0.99999073973619,-0.62779041271561,-0.2247193672879951,-0.4975584809509732
1,0.189018711061386,57,14,1,76,7.053753135485352,29.788160178403867,36580,0.014719796525132334,0.11760837400669931,-0.28142612472139455,-0.9141452315372923
0,0.6453718344330299,62,27,4,81,4.98210906562033,30.061722290788495,234,0.47859770497762855,0.9302305563216267,0.8154943451824551,-0.2800389276191439
0,1.0228846646241747,63,32,3,66,5.95430496672273,29.984903159165988,165,0.8634673501707478,-0.8533090742152851,-0.48815490745969053,0.8812944083491938
0,0.6699926952056658,62,29,1,82,2.7641336354170076,29.890383743395116,450,-0.10611862608098706,-0.8764717180594723,-0.5119447158318818,0.9232052309190364
1,0.5765248980306088,59,29,3,77,6.507347888022914,29.991843323074107,17229,0.3556236899837679,-0.7894056334085788,-0.48673031802321276,-0.9490505121793734
0,0.797286931246921,56,33,0,66,5.550783995248064,29.84829702388749,196,0.2978455157059993,-0.3281613539915894,0.9585054516781741,0.49380306322679535
1,0.5569715951836642,51,27,2,86,32.75342041954133,30.051837116685135,229,0.005617438331685903,0.7657870149904429,-0.9159197425054233,-0.2530592243132122
1,0.07417762967019532,60,4,4,66,0.0,29.90781218959942,18909,-0.9309168391682352,0.5451731965880972,-0.9204995263053581,-0.8755200598104693
1,0.3203451767516636,55,23,4,55,0.07220485932460746,29.895689068927727,7542,0.872595263698522,-0.2779064365208447,-0.9396972342216462,-0.2228952113624253
1,0.17637707727800275,55,30,0,76,5.212123238363821,30.056345218805728,31700,-0.9535299828641873,-0.8540533133869236,0.5225557284013906,-0.4760904760011688
1,0.36567879304089734,48,26,4,81,10.059403609660372,29.988163591721584,3256,0.99999073973619,0.9091458873791215,0.9659258262890684,-0.5140347432817637
1,0.7168729037163598,69,4,4,84,20.02336547157136,30.01728716042996,18369,0.2036807391015613,-0.869984740729089,-0.2824216456557249,-0.9265591802721065
0,1.110911595574758,62,28,2,68,17.494580901104936,30.2028417635203,183,0.8499011526515623,0.49547008421711974,-0.5487318119881037,0.5162418208055456
1,0.13202197867721724,49,28,1,22,5.696009238216014,29.90569402677695,30178,-0.9098564452439892,-0.35432094507860373,-0.29055567506135294,-0.8972695365114998
0,1.141361257,48,29,2,82,15.139945956139906,29.84479282290338,0,0.06167122320870429,-0.9975185797629739,0.2747532823790155,0.5518340019809239
0,0.8291173811958015,64,26,0,70,19.982229185356342,29.958244036775298,48,-0.9490116561829428,0.24941353715118003,0.24240474838431283,0.4965114375202647
0,0.7667452290804634,57,30,0,88,18.066917377363378,29.914383845601826,108,-0.4145920309262329,-0.9126733809315519,0.23387965327421492,0.5073755671946942
0,0.4388792795114615,58,10,4,89,4.649585413012115,30.21081038776405,4,0.9348948317120824,-0.10609718174148806,0.8433620534104992,0.47110555535161486
1,0.4672573774741893,60,22,4,71,0.24913925784044014,29.817544494198632,1864,0.48515300628970087,-0.8347292242324558,-0.22552174162544247,0.5248883127171615
0,0.7982841186685914,78,30,0,58,13.599142404314145,30.13286098943728,204,0.8755673983034115,0.38326592188073016,-0.5442039231619755,0.2770536435782918
0,0.7787722391003172,68,29,1,52,7.085262273507851,29.8347036283083,61,-0.9529174013249524,-0.3906547228353213,-0.5137861673465189,0.8827857082079639
0,0.8710494330739822,50,28,4,87,0.0,29.680082670263815,110,0.4468215764852361,0.9448699014216669,0.8115290137985434,0.4917269968168626
1,0.4775938777775671,72,5,4,84,5.904800045364966,30.001230676396005,2750,-0.2859435171463143,-0.48621270704322817,0.9169987542090753,0.2539155649164831
1,0.0644890994659297,69,28,1,49,10.068193550086685,29.89325698113695,18034,-0.17588106270737525,-0.9023924052478738,0.9214100231701872,-0.9261805298687753
0,0.812217523020436,66,31,0,68,0.2554371496716859,29.90810520657869,0,0.995380011069142,-0.5959345892064412,0.8340294506878194,0.47765449027862583
0,1.141361257,64,29,3,76,18.64114852061333,30.319517096960194,0,0.5255130505911217,0.469879651479246,0.2610530320952451,0.921717885828537
1,0.09306912590957137,78,29,1,71,5.698284493328577,29.75773988448954,3510,-0.3555335204950739,-0.7415688217981367,0.427043927692496,-0.5272679536083121
1,0.41549912142895973,64,25,1,59,10.158452127723848,29.89862232495732,20622,0.7879461974455549,-0.8367319285185087,-0.8734280112974014,-0.8716004594588491
0,0.8531066986384948,58,31,0,51,4.968737850454141,30.005853400052022,87,-0.99999073973619,-0.183583657147263,-0.5162360036722712,0.4904948833517537
1,0.13532000152589335,53,27,3,65,23.30415373044336,29.89324074518931,3184,0.882425038750978,-0.3249027306097244,-0.2933760756732204,-0.9258715424154992
1,0.0977261950172314,61,5,3,79,10.445187589161739,30.06933420669781,34763,-0.9952604297430874,1.0,0.4891159479708723,-0.9146733459143793
1,0.7344734467968729,63,27,3,81,19.549924618535115,29.9873860803873,9202,0.5455166363077639,0.6061274338405962,-0.9151807915212216,0.3029545061966761
0,0.7716203030802672,54,13,4,83,9.566759056728388,30.160955492433157,14,-0.7306736476371566,1.0,-0.9525696914463808,0.4810136492234103
1,0.4467257323141889,57,28,2,80,22.850499893272687,29.902622509918796,391,0.1917246373984667,-0.88928192422791,-0.8919623913806444,-0.49238713510281096
1,0.050400916,58,28,0,42,5.957467207153316,29.81284310947158,35981,0.8440001683389355,0.12760538255708487,0.43405814556857075,-0.9192715601451947
1,1.0245410156581336,55,30,3,82,21.437176199334445,30.082030039166103,368,0.9414684215654251,-0.44704506070467903,0.8820988655871091,-0.4769349568657551
0,0.9738351275370591,49,26,4,53,7.726958933078799,30.022474970803,338,0.11496122296491351,1.0,0.9246214533145474,0.5426033536193237
0,1.1335180624846946,63,29,1,61,8.705545519984808,30.189176480329653,434,0.6416464805649607,-0.8712396977955934,0.2138512187264308,0.9659258262890684
1,0.5344510269315602,64,29,3,80,5.199312654216009,30.05572584671021,2967,-0.9770675207283154,0.1584054955614264,0.9465022542506856,-0.47725758017639824
0,0.9510832985504496,50,27,4,85,0.1615038654173857,30.006328756965264,0,0.7880550320324279,0.1714740342664839,0.9046549769866559,-0.24608372020183933
1,0.07353470902230763,67,27,1,66,9.463437440235708,30.12779264466237,34664,-0.9011774012697623,0.7066245069732925,0.5145093652335162,-0.8849357817010317
0,0.6913760646548696,58,30,0,57,9.43463135207853,29.92231176999871,334,-0.44146311994799253,0.031215798359055774,0.245240094442463,0.8777896910422801
1,0.3552501940550975,67,29,1,50,14.778050100129583,29.85786409109753,36580,-0.9655342193453587,1.0,-0.9460293183251247,0.2276886318243317
1,0.3926975908140047,74,29,1,60,5.990903363227818,29.85859546203296,34688,-0.9741869714623616,0.3381448606345485,-0.2264899332828915,-0.8856150647850667
1,0.29236296999390415,56,20,4,72,0.6832344370755905,29.863844508381607,143,-0.46730394678157283,-0.9370313316299846,0.9268587628044124,-0.5083226809579023
1,0.1175987079186741,49,19,1,79,5.934230529506377,29.70514648817505,35465,0.529864182247278,-0.4731403105870108,-0.253175529915912,-0.9659258262890684
0,1.090414846207584,64,27,0,87,3.525132273335694,29.961165535911345,43,0.052623762930520075,0.5430372223921734,-0.46853192901067675,0.9352898623226156
1,0.4754462693162935,54,28,1,25,2.483307565617195,29.908690570812972,33198,0.35231449842443807,0.8870771442290667,-0.9659258262890684,0.2531783713156842
1,0.10383396646846482,72,28,1,53,10.979880681278889,30.029268578045485,30685,0.3492192267934674,-0.14047356513007314,-0.2514519883888507,-0.8839518526668598
1,0.45677294013255526,55,29,2,63,0.08865776925132869,29.829959231957872,88,-0.50751718898765,0.822544137178894,-0.9434406802333528,-0.516808201708613
1,0.33060095766930614,55,31,1,32,8.480095613862368,29.950158207251462,31891,-0.9151796858261162,-0.10908891493239171,0.8755469422846313,-0.24655127987139852
1,0.6668029799470199,64,28,4,87,6.9648172086915405,30.018173767258194,335,-0.43370936455100595,-0.3365988786801967,0.8510744716276224,-0.19296270305119498
0,0.5745018115772679,65,27,3,79,20.877156957203596,29.894069310376214,0,-0.1190946353766354,-0.00671009338741747,-0.9648328499042587,0.9191064229632826
0,0.8652290659501054,50,29,2,93,4.8288861827554435,29.96539632614686,120,0.6228118297502544,-0.632898299724227,0.2528784007903965,0.88939315848307
1,0.11116144962743683,59,27,3,83,20.311407796008638,30.09034557811622,29263,0.7357783984084029,0.9658734738171859,-0.2487345928045492,-0.9590588340615032
1,0.43345502067287006,61,26,0,51,6.701922579913129,29.93380764849503,19353,0.33250901552466033,0.9778872841049784,-0.23521646300663007,-0.8543088530741343
1,0.4112131972147498,67,25,2,77,23.631076159372846,29.91677737677664,93,-0.9924179722163913,0.8385848148684,-0.9570230795347475,0.2957778002209093
1,0.8001894184359148,60,23,3,82,5.100697410016551,29.87199244968872,382,-0.18845805231425772,0.83677647458331,-0.9659258262890684,0.28183612161861027
1,0.07369577225223245,65,29,1,81,7.0846827959631025,30.012403516804536,30590,-0.8668901776354834,-0.8519815605211981,0.4810003291388314,-0.8735845430500963
1,0.0880951751083074,67,29,1,71,0.22176472927052449,29.858334238199532,34824,-0.8024492626668275,0.21315987545374598,-0.291297591379637,-0.9220525143411245
1,0.13389120367028606,64,15,1,28,5.360579448330935,29.872854216133444,35699,0.8928552463439434,-0.780090876883981,-0.26548178376373643,-0.8444197495932605
1,0.050400916,57,28,4,56,5.924757305461512,30.002002787828197,35729,0.8397975200688786,-0.42152793787248954,-0.27343418456414154,-0.8871857032405343
0,0.9592834749244266,63,27,2,48,20.56497571630659,29.990512402867974,266,-0.5751604330883627,0.2747398471695082,0.23981111481404005,0.8780641508825272
0,0.7948694624132644,63,26,2,67,20.526355831332186,29.904514029173438,0,0.4365430824930471,-0.9131155108409794,-0.5443174862409783,0.9659258262890684
0,0.9105099074500411,52,27,4,89,0.017243257000599924,30.25260410246898,454,-0.34368796661685985,1.0,0.8793907514019254,0.5202313685916525
1,0.09223093131534044,57,29,0,33,6.306516003397073,29.832632476439244,34383,-0.862824008556442,0.9086384393031887,-0.23210573017724168,-0.8228401803757253
0,1.1048363454071832,62,28,3,84,4.825931706901958,29.757482336146936,124,0.4877358009303191,-0.7071052404907571,0.853943444630919,0.9346801627574614
0,1.0852758825657753,78,29,0,65,5.416373948926124,30.112948193318815,0,-0.5721052340886151,-0.5124042146347374,0.8460888205069859,0.8820093019090637
1,0.44668562736225914,55,9,0,66,7.076058546163804,29.917154979978864,31355,0.6054890350866253,0.6438159457113485,0.5170945570062093,-0.9120870602709095
1,0.3865253007839287,57,28,2,65,7.997764950413452,29.90254224811079,19084,-0.99999073973619,0.977861172607366,-0.9316822449960623,-0.4774041407855616
0,0.8488200775764126,70,27,1,57,14.81570426313427,29.88958203712588,262,0.8171750716418881,-0.24231076660961615,0.20755704882204878,0.9270810527464254
1,0.12048323913036366,65,29,4,62,19.70930296217476,29.949228491371432,19554,0.2625171439497659,0.6700217878738347,-0.8774308281749854,-0.47247116724921456
1,0.050400916,53,31,3,80,23.64869721469802,30.133619313322555,33310,0.7908987020413221,1.0,-0.24770210086480596,-0.8820664018345858
1,0.30557466076998074,56,28,2,86,9.349272018661013,29.763465558562316,2297,0.011617184458803526,0.9129771259179736,-0.8399878491918734,-0.4481619423926778
1,0.12012825783578743,54,28,4,79,3.2595553976361376,29.87517834728789,20163,-0.6005192620093932,1.0,-0.2613219999021034,-0.89799763333654
0,1.141361257,65,3,0,86,6.986734309843318,30.061770395593307,0,0.7074319693606468,0.5480771399836584,0.8952890377714868,0.513496635302673
0,0.7199716228112408,72,17,2,62,9.446065042712219,29.890015375586085,350,0.9437546429374886,-0.8685413137161976,-0.5168237774291484,0.8948360287023808
0,0.7687999587243969,67,28,1,84,18.616512542842884,30.116427802137377,0,0.6335843284966706,-0.3942328319094174,-0.5391068002788958,0.9466005387663786
0,0.7125867154710487,56,26,0,78,15.060323703508933,30.096774720318045,0,0.5398487709279334,-0.9502610609317227,-0.5302111992688969,0.868743693323026
1,0.3601271515437023,63,27,2,74,5.961941290402255,30.071550311551427,9749,-0.9984323808143633,-0.359519750716649,-0.9646566300675834,0.29261545508778714
0,0.8832576887757164,54,27,3,79,15.302674831522502,30.04478979814757,349,-0.5115323257838271,1.0,0.208147312791989,0.8815950118873304
1,0.5512567497990222,73,7,2,45,16.0832294511718,29.81913059405078,8065,0.04509977104626739,0.1241065649177514,-0.959630577471173,-0.48719512912127466
0,1.1343512456597533,53,30,3,59,6.196277174794465,29.93081990647212,0,0.9012672127249345,0.6172032287742788,0.20636483397378533,0.9525583626296662
0,0.8289589836908469,55,31,2,85,2.8071536635830743,30.02282752189169,159,0.038120171425315805,0.08754567467044735,0.9047196613862503,0.9393255149853924
1,0.33930037164654897,55,7,3,85,6.222549570179191,30.06137365850427,30554,0.8573329403303862,-0.15150402718752834,0.961545107836642,-0.25070486263820885
1,0.12255165646667987,69,30,1,23,16.245326047282248,29.78615118715666,10848,-0.49799967778635335,-0.6579550093586022,-0.24815294478299066,-0.489725802436497
1,0.16229371965120443,51,29,3,80,20.044047345508073,30.37251179912412,15989,-0.19341128772007177,0.8694736410162889,0.9519192764870764,-0.23419191055646107
1,0.07472581398733671,51,7,3,84,0.0,29.987070291057645,24198,0.9420490365211696,0.6378164218261501,-0.24727691465428828,-0.4882135496862312
1,0.6914910720323626,45,15,3,75,4.192413281354012,30.27983885713797,69,-0.16261181419762988,1.0,0.9454152419273519,-0.2434573481260436
0,1.0549832971909292,51,32,3,78,20.253005810879873,29.787742538256296,142,-0.4256886858875959,0.9771759959325556,-0.5270104525031796,0.890171959295448
0,1.0260514120112882,65,20,4,62,4.478563597832948,30.176180017483006,73,0.02550842112996056,-0.8083110279200041,-0.5384045976816431,0.8890072361958852
1,0.22188456183456853,58,29,1,87,6.908242098865888,29.835576833315148,27212,0.8360416566227442,-0.9307997610445492,-0.2620443471302693,-0.8167155549767813
0,0.6188494197468941,66,29,1,60,14.798897630584927,29.841188729324795,153,0.9282264841695197,0.12258341130231287,-0.5132005094457068,0.9554356037541829
1,0.6747889964853973,57,14,3,82,7.421584827984754,29.946898659462146,81,-0.20519524784250265,1.0,-0.8491767432526048,-0.23351501882393264
1,0.3288967193760325,75,28,1,57,6.697371311706046,29.68523934088247,7030,0.3266671920275266,1.0,-0.9659258262890684,-0.47575040319999573
1,0.377344226487223,78,30,1,44,10.316293609986982,29.768338942209475,36580,-0.8118001151634368,-0.5306035524130788,-0.912647244384389,-0.2383718625538574
1,0.33670427210659926,57,28,1,46,22.14459188171283,30.153153297385767,169,-0.04269144363041216,1.0,-0.9614640459095152,-0.922204392486036
0,0.6621278589327055,66,28,2,82,18.340270317139947,29.982809239838694,6704,-0.9522405284327686,-0.5975082413691104,-0.9451449177872666,0.2348692502632213
0,0.7627097091274263,51,29,0,68,19.931223814607037,30.079097255104582,63,0.7146379416003062,0.8401583849999219,-0.546087690449377,0.9252441101577944
1,0.6252218198746193,58,29,1,62,15.838772058514245,29.65911359556938,5320,-0.8098043273424038,-0.6642253698147922,-0.2900572072564781,-0.5082173957538494
1,0.3915036794555724,53,27,4,90,0.0,30.186544340441333,2449,0.9238709544802688,1.0,0.8661902256364735,0.49878126982702653
1,0.979660704496109,49,31,3,78,0.0,30.12536320308657,644,0.8830334556159386,0.5322117455676835,-0.9143441996413558,-0.25199525500412917
0,0.9912017964180903,57,28,3,78,5.283844731469303,29.90299692581749,152,-0.7731498471215796,0.2802372241984256,0.21618446070294775,0.8992272891509034
1,0.20687873548148533,49,22,4,81,0.004446057577671057,29.96002494352274,7840,0.8796519000918976,0.9718937205813314,0.9659258262890684,-0.2312535852414223
0,0.7907577956385837,53,27,1,75,13.27664090005531,29.575826569974918,351,0.2184404737497953,0.7250317489304934,0.2160196659076728,0.5354086869567185
1,0.5228522228819695,67,27,2,67,9.746164031978124,29.875610598705645,3148,0.8489036980872928,0.2717545688244935,-0.9659258262890684,-0.23757242288358726
1,0.4549583126877895,71,30,1,48,17.08992328279564,29.879900129798926,3772,-0.8580442311427359,-0.5764830179162791,-0.8562332718813334,0.2892244526542804
0,1.1155503982812192,43,28,2,85,4.877196645137014,29.91844568505017,152,-0.38043451341999746,0.5248814760212898,-0.500772837017737,0.9659258262890684
0,1.078594976539578,54,22,2,72,4.87384278169964,29.86599668141729,183,0.9505066972011731,0.7956399364131642,0.2308528190996247,0.9229469448220347
0,1.0153294324593793,48,27,3,70,2.9347739183062655,30.307469662363797,538,0.923989074788494,1.0,0.25844967857548584,0.9659258262890684
1,0.3637356816191899,64,29,1,66,8.081356556316733,29.722256206141235,474,-0.38126133151813235,-0.9190588004922011,-0.8870227402271366,-0.4809202488817401
0,0.9906388400946913,62,30,2,77,0.0,30.02471111546765,213,0.9042971558890956,0.9548913163932354,0.22502491459788582,0.9153615294759362
0,0.8607013223313417,47,27,2,80,17.616111566200836,30.10242360921109,69,0.8964941629201757,0.8158345467493366,-0.5431074053670484,0.9577791544606845
1,0.07017577521233022,50,16,1,73,5.566171683595952,29.90303635287111,36580,-0.9227327770454211,0.9897041404033359,-0.27750617291851265,-0.9027769718253796
0,1.037401043670226,61,30,1,85,7.873091988266044,29.79144557650225,168,0.5269451112484587,0.6476842386729185,0.238998339618148,0.9373513875452221
1,0.5285540614766808,60,29,2,14,26.171716577858266,29.601421181304932,3193,-0.11260400989389063,-0.5513332388957041,-0.9459571626676446,0.30873394414872235
0,1.1352071007166027,63,27,1,55,0.0,29.804355406584264,38,0.6977173917182887,1.0,0.22295105627794584,0.9168319998719889
1,0.35996893964936105,63,29,2,58,19.254630929448176,29.898265078606805,259,-0.05487301142679896,-0.7797108837438931,-0.9313960498902979,0.2752568853750309
1,0.30075213895149605,64,31,1,60,8.756288521777202,29.83993903927504,716,0.8590711529188947,0.2877369745784993,0.8795171858370724,0.5297210559491796
0,0.7663018680177284,61,28,4,94,5.3322770222235985,30.20386925439107,0,0.99999073973619,1.0,0.8525894502635437,0.5069724786170308
0,0.6922182094008177,52,27,2,87,16.992203928312012,29.873995852175728,0,-0.8782449788196878,-0.21886849801190877,0.26827431382251987,0.49167475232596214
1,0.1586575012895685,59,17,1,82,5.765132059089371,30.002087347769447,22410,-0.99999073973619,-0.48778911193256697,-0.29502552386845343,-0.8288709485711689
0,1.009061134136221,53,22,0,87,17.638836331599684,30.069673281659835,199,0.7468355984268065,0.087528846102903,-0.516667909365685,0.9586084634395142
0,0.9084146399037705,50,30,2,82,5.965489843227972,30.123909627004906,0,-0.9331985603214165,0.9524578385926021,-0.5359256558610193,0.49614738458837065
0,1.0675979661423536,58,31,0,66,15.465515919423815,29.930418840429294,169,0.07487566611019794,0.2755401753208207,-0.5078148958588502,0.8892701839521043
1,0.49235402199641415,72,27,2,85,17.54799576155953,30.03804963906443,21369,0.6412367067180961,0.527910366548609,-0.9471059458605577,0.28051021673448934
1,0.4498727667046262,72,29,2,55,16.722276838536015,29.862630641640603,7411,0.25233948726198807,-0.7020452690760364,-0.8892357253233621,0.2483631126080373
0,1.085825412795835,61,26,2,87,0.0,29.92175943568753,194,-0.8891929717715705,-0.8350423761690128,-0.48542628316081077,0.9659258262890684
1,0.19431236325051848,61,18,0,43,0.5943668346870313,29.936340837833004,9503,0.44485770300504796,0.707860187477125,0.4953370540175151,-0.9252576052734327
1,0.33798829879729353,58,29,1,47,10.415249381586815,29.856268068062107,4800,-0.5637689257156647,-0.5724426511662515,-0.9017023001173582,-0.5392831306697808
1,0.09679875507582206,74,27,1,43,0.0,29.875671138323103,23360,0.9895789856711154,-0.4885417800034043,-0.26397776912833815,-0.9004638853834004
0,0.8474871099249714,69,27,4,87,5.50289472965851,29.992565939272737,67,-0.2676892557246631,0.6261599498742725,0.9450555441724416,0.45518621722354374
0,0.8530198923744363,54,26,4,91,12.090229034445871,30.11413690332413,85,0.903504176587811,-0.17760898498306488,0.23383343601042086,0.5401484716489773
1,0.4908594776464362,56,29,2,68,23.322558877400905,30.08441798555423,4361,-0.21439090204312808,-0.3913752717283816,-0.9405020593812987,0.2641172491400186
1,0.3525511064692809,51,33,3,71,6.355412540873169,29.876676757658984,3749,-0.8798411785244311,0.931478483796385,0.9121444810547233,-0.43981435330064067
1,0.3802349833687174,66,29,1,84,6.1309691823629455,30.051497779554392,2343,0.3621114839935051,1.0,-0.2342435041510848,-0.5040323868103274
1,0.2509135027026187,75,28,2,50,19.208135909825227,29.80869196492161,7407,-0.8855988856580814,-0.06567821480284117,-0.921088220505801,0.3088570494370957
0,0.7536295815641152,67,30,1,82,5.321654387448394,29.94204099596967,0,-0.1722979918869877,-0.8864729424927278,-0.48447859675825206,0.9132151471510978
1,0.14710460846274145,63,31,3,85,9.81767143582648,29.916894647957417,21921,-0.2234427084145187,0.4456865617621704,0.4696370428126129,-0.2648309862676654
1,0.05245833423163457,55,29,3,84,0.30695150006274724,30.08566301007313,8388,0.8995225542230602,0.8858182521551085,-0.2291513271929036,-0.8528261577366449
1,0.11387745773026649,56,29,2,77,0.4852237512986373,30.033139107037425,21373,0.32447182161421506,0.9424559972387424,-0.2855310529600521,-0.8669376909661682
1,0.422299261736435,65,28,1,85,10.227449276362089,29.931761924180265,31874,0.9626603628861609,0.5702086401094354,0.8503788097716538,-0.9300753608231129
0,0.8498951466014637,59,29,3,80,3.220116789076827,29.97552261013493,0,-0.5526943931614159,0.644968304217008,0.8515247445953831,0.9659258262890684
1,0.050400916,64,28,3,68,0.0,29.734725649739396,36580,-0.4764134052448057,0.09079145951295324,-0.2721996268860968,-0.8982171815140195
1,0.12036435073537669,54,27,4,84,7.302712998336616,29.831446488995635,19793,0.5038137599530579,0.969793091478037,-0.20093361303364066,0.2531556557941879
0,0.7946610958512911,54,22,1,91,14.884613917151784,29.819663024337114,44,-0.7358180848389252,-0.8383358219277077,0.2365025921192733,0.941746838392331
0,0.7664316122090541,58,27,3,71,9.63516617278031,30.14078521114999,45,0.8359113366273682,1.0,0.8898375264667506,0.26905742561333135
0,1.1204066248994378,54,28,1,66,18.424621483664016,30.035404514650672,0,0.12389937412478629,1.0,0.23482194194397032,0.9515316963607733
1,0.3510417820703857,64,29,2,54,0.23332077413731384,29.97165801375068,9001,0.7746385867635748,0.5578346879149879,-0.24341251173571912,0.29594501753351393
0,0.8042243050559368,62,28,2,63,5.5757235310419935,29.852301252466845,370,0.9301023278412461,0.29293023290336256,-0.5167168006095605,0.85416656933942
1,0.4418708569097347,50,19,4,80,15.03546351376308,30.17130843259482,20381,0.3577056650423772,1.0,0.9309601569442278,-0.2969607132441645
0,1.141361257,61,28,1,65,6.411249660726576,29.936603592773125,0,-0.6790598930852269,1.0,0.28831712702244505,0.9067883696046982
1,0.11662572704797754,65,13,0,28,6.991658495585929,29.978731649445663,36580,0.9378346276945364,-0.5400751252627148,-0.2657019910133955,-0.9259085916725974
0,1.141361257,52,26,2,62,5.4494634445366215,30.038604692050825,91,-0.9138846792351268,0.7657333758575984,-0.5317353923936459,0.9659258262890684
0,1.1183508110277458,64,33,0,72,3.557270293749864,30.14429840434207,257,-0.3165116911414896,0.182511262864627,-0.5037732281268362,0.9429546039493845
0,0.5365041032881719,52,28,4,92,5.532119275270262,30.284583285757588,156,0.8705942881701267,1.0,0.8171706922788744,0.5166299583917586
0,0.7231441244177065,53,28,0,75,7.479548438767248,30.196886363142273,0,0.9997233381630924,-0.03535420491261042,0.23193142452585438,0.25296158107688616
0,1.1036037187287526,70,27,1,92,5.487586119274538,29.948163768518615,394,0.9518230507151202,0.9671634744215818,0.27890064465681397,0.9151849985868656
1,0.15939110748732715,55,8,4,86,5.93601458647051,30.31684624510012,0,0.3116954760799656,1.0,0.8788834808138551,-0.8522243280092232
1,0.08501052402236237,65,34,1,47,20.41851122475756,29.94544749191323,21691,0.11501903040268292,-0.1200252004040846,-0.9353176005475887,-0.5300973534854323
0,0.7683464922855736,60,27,4,82,12.956168867879603,30.065278940950552,592,0.48598191608963687,-0.3720196465750376,0.865912717517012,0.46139188575104434
0,0.7534615780518517,49,27,4,84,8.237982286354367,30.232534500547043,35,0.6262454713186701,1.0,0.7967617885357118,0.5229924797840421
0,1.0480922776627386,71,31,0,60,9.634353644378372,29.95192107924694,0,-0.17920645872175184,0.3228745585060222,0.25918039951533384,0.962224915564375
0,0.7391218480020488,69,28,2,67,6.284895205467557,30.027889942209693,497,0.6029417229141386,-0.9440647967772761,-0.5017783450197016,0.8951676276694795
0,1.024684306020056,61,28,1,58,5.697326059597676,29.953556812928316,126,-0.9537001692522727,0.03137935293245525,0.25086234103803967,0.9517263730498238
0,1.0713051071607806,46,27,0,76,14.726657601973873,30.16372292440106,0,-0.5692720464310316,0.19367625557849674,-0.5426371432083317,0.9260449975157248
1,0.5119442027166152,60,27,2,32,13.586490575885648,30.060368259090406,22845,0.9698775872949043,0.4233082493901373,-0.8867765179606223,0.27162970347898674
0,0.8716108506662952,58,14,0,75,0.0,30.127074775203052,0,-0.31751031809631663,0.6615602146676228,0.8759947376063341,0.9659258262890684
1,0.6475310386955638,58,29,0,40,4.946713168729582,29.89138635822698,2457,-0.9799898093061348,-0.4941565861656789,0.9117594790653408,0.5058034291286271
1,0.5359409298927774,78,28,2,87,20.107032067601168,29.87253090024682,10190,0.7702075905948094,-0.7740922087494386,0.9130674424344654,-0.49313215737935406
0,0.8047247207465329,51,3,4,93,0.0,30.24548918797029,0,0.6930535286204073,1.0,0.8988021203433133,0.5169086761706575
0,0.7524480024476524,52,28,3,95,21.62918939121329,30.214056796055253,208,0.25446958128284825,0.4043990454811351,0.9145613174652674,0.9659258262890684
0,0.652124203600074,55,27,4,91,5.120610285101455,29.94339509882119,239,-0.597794568382748,-0.32072821759039005,0.7643926678596107,0.5051644771094809
0,1.141361257,51,34,3,82,11.72260094088849,29.91513571113252,0,0.5014851868290437,0.755665134052596,0.9127898708547261,0.9316804938035014
0,1.0700936540976385,55,28,3,89,19.485379715835535,30.302133146241463,125,0.4561324616533345,-0.8610436362076056,-0.5197886338886338,0.8695712936146603
1,0.4616782973439219,52,28,3,88,0.31094883384737315,30.125971407699605,488,0.33865351764886625,-0.42833878864780817,0.5225201275078996,-0.8591252231836343
0,0.7665541093697278,50,29,1,82,6.3775021678699515,29.912743410205874,459,-0.8813182463146456,-0.8714856898785202,-0.5131649889557418,0.9470206700685352
1,0.6013045211471147,56,31,3,70,16.550804443517805,29.96109941136279,3198,0.9690481888739175,-0.9999629591162656,-0.9140287775990564,0.2848894106560725
1,0.45692159097035145,59,29,2,79,10.504558484248784,29.840490025568666,411,-0.953099797269765,0.045901930274752575,-0.9214593133217885,-0.5162434537306029
1,0.3010877435989049,68,15,1,81,0.04663698127675276,29.672679989397224,36580,-0.9830276197404668,-0.3314395308077312,0.9209701336759868,-0.5171915818435083
0,1.0632681851423862,56,28,2,72,14.47080971022845,29.89120247198305,0,-0.3270710673216912,0.4997431497223008,-0.49643574743394714,0.8936763434867389
1,0.07832097139445451,70,27,1,18,5.874536280649872,29.959115040095163,36118,-0.9823615221933125,-0.607773488842037,-0.2672301689149316,-0.8909750918112502
0,1.141361257,52,17,2,86,0.0,29.823424226225644,0,-0.6450389427023714,-0.8195135603303387,0.24816717569111327,0.5219813705052541
1,0.07481607118652396,57,13,3,20,5.417442841300396,29.891371157884787,33910,-0.9039514184739552,-0.3776324744040794,-0.2894040049287505,-0.9324715217463974
1,0.9627791087703215,54,34,2,52,6.55779148390011,29.91821096655417,34379,-0.18478767798475887,-0.9507158151787158,-0.2629123141369456,-0.5313174470127899
1,0.3111707202465017,51,29,2,75,20.363777162193916,29.805704939666555,3264,-0.9587779972112441,-0.7852302394926574,-0.8838994825539243,0.8879457808989357
0,0.48852575605660087,47,30,4,86,0.0,30.009309750330882,209,0.46109010931931654,1.0,0.8154484930490801,0.5229712239463437
1,0.554499518198745,60,23,3,70,6.928802428356973,30.13055638049003,55,0.9445634981904101,0.9463607381496949,-0.9444996900954922,0.30584682800509466
0,0.840314029676347,61,28,2,90,13.095640585843134,30.098413876644784,0,0.99999073973619,-0.34941646944599414,-0.526628489913253,0.8577341631999146
0,0.7598956338505318,53,22,4,79,7.5251551366181655,30.138198054324924,165,0.5639042255577563,0.570280372131141,0.9215231691701776,0.3047652279268412
0,0.8092455252383484,49,26,3,76,6.260055361527837,30.289084043295052,5,0.2298508353874381,0.9712864438747643,0.2646236287236165,0.9086326858056181
1,0.3659009985381251,66,17,0,72,8.758482777105813,30.175450066012033,19916,-0.11529535571198223,0.8963782231970383,-0.24932318106418266,-0.9225924450703925
0,1.072241540686279,44,22,0,72,4.656746413097151,30.184253779825802,0,0.17738409336268554,1.0,0.2149164780787701,0.9502479196970771
0,1.141361257,63,33,2,75,21.39347466351429,29.85869293759053,0,0.904473442458981,-0.7737377818411766,0.23494434470851636,0.8983594827833327
1,0.6424581388631918,66,29,1,47,8.934458266449118,29.646233727527452,36580,-0.926527799312917,0.05488730129621204,-0.9026345291507245,-0.5560248516223791
0,0.8909449288746301,48,22,3,78,17.616488883345138,29.991074818827663,0,0.5254841175571485,1.0,-0.5348648500484479,0.9328971535476871
0,0.801222999559106,52,27,4,75,2.536239256841029,30.24412465904032,306,0.43320051807321835,1.0,0.8617758875501123,0.5179817560105342
1,0.4627719261708167,53,30,4,73,13.760776734330628,29.933731405121872,83,-0.16796845309468267,-0.991382271073097,0.8691502991763099,0.2578669786068526
1,0.8048254574108938,69,27,4,76,0.0,29.95496227946102,156,0.860854145193398,0.45119581535769604,0.9094051880264951,-0.24926893357868132
0,1.0298296500156303,74,27,1,81,15.401098104899575,29.85502128711196,475,-0.4587345663074485,0.5240783659006762,-0.5087169747074751,0.8521042975459174
0,1.141361257,66,22,0,78,5.812850141344684,30.1258041041465,470,-0.9702187818396096,-0.8946706261939639,-0.549241586309158,0.9175629260908402
1,0.08696521636017164,62,22,3,89,22.167352795846774,29.70329704778424,27964,-0.99999073973619,-0.5513956214294872,-0.257903884977508,-0.8682287566074348
0,1.1158966731121818,50,27,0,76,6.0960489449905095,29.819248031534812,102,-0.27049574478557414,-0.39600486189075534,0.20279345088453607,0.8742288653074421
1,0.5217771436289869,54,29,2,80,23.491014308901338,29.800278055063817,3449,0.36297979785740137,0.17570777275332528,-0.8794458848246498,0.30034851472782464
1,0.37753288204511415,78,22,2,81,20.410985625599107,29.773621064089912,0,-0.8745100087562794,-0.5820875709279532,-0.9659258262890684,-0.489340647399816
0,1.141361257,47,16,2,68,24.204393463762234,30.137902223625943,0,0.6565928514066958,0.7632867108030001,-0.5047813455497606,0.92454718720603
0,0.7660837935360145,51,17,4,93,5.574284881287607,29.94898172914273,124,-0.27866615823121976,0.8485732167548675,0.8821928162006808,0.4974034967893445
1,0.649330555480099,57,30,3,79,5.738731960971754,29.78049139805304,479,-0.14032255995217785,0.7690169608269972,0.894473633476923,-0.47544659344351253
0,0.7613811783939779,71,29,0,69,0.0,29.77268876258742,418,-0.1096261612635567,-0.5647916753957029,-0.5030764598004428,0.9423703504988151
0,0.7669269956558018,66,27,0,65,0.0,30.076400438597464,0,-0.8647073738033838,0.9274494516994035,-0.5229636087453262,0.4779210853767962
0,0.4336942758091108,53,33,4,77,4.978846297832697,30.102519408924792,116,-0.2865822008061134,0.7689163620867727,0.809588993413261,0.4665408520643129
1,0.6709456961761077,63,20,4,93,5.08600620372597,30.166406417556836,598,0.99999073973619,0.5862138998068883,0.7993372388876694,-0.2804899780208864
0,0.8328699802764988,58,29,4,78,0.0,30.107595496223002,46,-0.36304244967521265,1.0,-0.529740392300843,0.95784261102735
0,1.141361257,50,26,2,81,7.295023665722081,30.200754776247745,238,-0.6037846215074117,-0.7906851236359008,0.22161649347751652,0.907384878770936
0,0.8113729688554088,52,29,4,87,4.8616901258905045,30.320734259211033,69,0.7744667864782963,-0.2719034132001136,0.8529293190093389,0.473725767699063
1,0.6711325708614609,53,8,2,76,4.787220190208939,30.015991501555526,2302,-0.8808309750546175,-0.535989177442755,-0.853412163574743,0.260929815953211
1,0.1209232109344212,49,24,3,80,2.681463953507559,30.033484396793177,30974,0.9220760140735464,1.0,0.8650340470007992,-0.8973084248571541
0,1.141361257,49,32,2,62,2.656946175760883,29.78186019420981,94,0.9014179406594239,1.0,-0.5444437903066626,0.9626781409239183
1,0.7970061935058166,48,27,3,83,2.9774292303359484,30.268347237704738,90,-0.9831568834804905,0.39331976321477935,0.8872586615108113,0.24838490516845194
0,1.0731108837410643,46,32,3,72,5.833607218834198,30.059932653326,0,0.6757728278521352,0.9453421810566612,0.9025363622282515,0.9659258262890684
1,0.5372532457702965,58,29,2,57,0.0,30.006394252450125,3559,0.8691079882157221,-0.1549105102434149,0.9130718026945943,0.29330521975463175
1,0.05725345368169872,68,32,4,72,2.498166001682874,29.905159495285115,30701,-0.9020669833397158,0.14858929188344772,-0.2659126005231866,-0.8650055604018795
1,0.11214404730826727,61,22,4,81,0.0,29.921389292797272,32652,0.8842961086953008,0.4821281706420574,-0.22909285863436313,-0.903927380995274
0,0.41029048762550846,76,30,1,78,0.35500274815810445,29.981637687044863,27894,-0.7922970069980907,-0.8406465449869017,-0.9659258262890684,-0.4918590016418702
0,0.8315837829315292,62,29,3,87,16.15911735985165,30.080107827619816,482,0.8404077894250706,-0.7796111897738696,0.9299999524670967,-0.2500261728433399
1,0.09534246056347992,67,29,1,29,20.370371901298974,29.669927334438036,33047,-0.9250201326017008,-0.925837746045389,0.48697797387209707,-0.5439910579931897
0,1.1276323062797386,49,20,4,95,0.0,30.1200008286464,0,0.5221892151677847,1.0,0.8379937549463085,-0.22516571752092834
0,0.8960716586658641,69,28,0,66,8.001166591908502,30.017035053772126,0,-0.4971534886397705,0.734873336766239,0.8217787140732894,0.9352987290766966
0,0.14457126467678,62,31,1,41,15.031909196304039,29.748420141355766,441,0.9301521909725663,0.10020891860444187,-0.8676514991105726,-0.247624458667757
1,0.07096562689041949,56,29,3,77,0.18911810686199926,30.145221895585433,30720,0.9611618574283063,0.5145677843663066,0.5015781103526412,-0.8671218624087473
1,0.3355626939045394,77,8,1,74,3.437769543379998,29.800870927840066,3064,-0.9870649631843985,-0.04645242321824039,-0.8873097856520968,-0.529734123983883
1,0.16609875877483285,50,13,3,81,0.0,29.894339062569042,3348,0.8565505201564161,-0.26256033218645786,0.8512161169278084,-0.9073297741881078
1,0.35432628257204013,75,29,2,83,13.78220599945323,30.044690450307286,96,0.9146421659708021,-0.36649198805876615,-0.9659258262890684,-0.5215799377968586
1,0.0704142552394503,62,29,0,76,6.20881335224698,29.909617529149216,24399,0.8006688047741957,-0.8794700677549574,-0.2672556201691378,-0.8226539160758441
0,0.9889746783871939,56,34,2,81,2.7717844687078523,29.90069118259524,329,-0.21313334818460383,0.5212118994699738,0.2362376959028988,0.8676812700312665
0,0.8879704849585056,59,21,4,81,7.025120136311695,30.31553674862839,518,0.6673904580860848,0.9256838825090606,0.8618277848262426,-0.22892183919496858
0,0.8486086177792785,56,21,0,88,10.30178305492347,29.953037585908728,391,0.9075804359990178,0.24337090554964425,-0.551016834049541,0.9191938903080988
0,1.1351288403206554,61,27,2,84,8.725729239861039,29.951511766847712,152,-0.4581107762885644,-0.21727327161238913,-0.5465906303800311,0.9110832741548454
0,0.7439542184907002,52,30,2,87,21.383940520548002,29.87889106572345,364,-0.006910216043335804,0.2825228172181656,0.9251412052406505,0.5090125999160499
1,0.2899121082898486,63,29,4,70,0.01582713986051395,29.703790360312745,33552,0.7617922551226229,0.4695764703915109,-0.2737153284296232,-0.8806905774321911
0,1.0320191318746785,61,27,1,87,15.242589146813447,30.103122673890233,290,0.24553131311521642,-0.034660444557949255,-0.5148718240166862,0.9380926619029247
0,0.779659061360049,50,27,3,70,25.364318087990764,30.32756097970329,379,0.8808908561150623,1.0,0.8869688592488854,-0.2582304527522104
0,1.141361257,53,29,0,75,5.216194014917617,30.070351835127095,201,0.4436795859431292,0.33217004638858405,0.255770187663734,0.4815325245115371
0,1.089780519747325,65,28,3,70,14.847287315690707,29.86127828590007,141,-0.33566766680065896,0.6763968189519172,-0.51209378591547,0.9659258262890684
0,0.8220016185875278,50,27,2,85,5.49603158202885,30.102567994105705,58,-0.961703188841313,0.29046606402110353,0.25913083091908945,0.9385487305022849
1,0.12956298636009309,73,32,4,80,6.486188029257567,30.237278194416813,21278,-0.36998522322126226,0.8000280135695221,-0.2527663925293987,-0.882711123379074
0,0.974379326915242,69,34,1,74,16.832849441354455,30.02512663252417,0,0.31271851514502,-0.21090186404067957,-0.5349015114015303,0.9383863777856811
0,0.7670977821641933,78,19,2,56,5.77899148354332,29.618019825010165,309,0.8722339610209908,-0.40295690636940096,-0.4847371209256674,0.9037752373909366
1,0.43380057315002696,54,28,2,61,20.799140282023448,29.83863200173631,2130,-0.99999073973619,-0.21718319997578228,-0.9516093048961394,-0.2163525701934603
1,0.5271966172037807,58,30,2,80,24.461604246930484,30.031075440994968,3585,0.3033698450239262,0.9239610496701032,-0.9072231684422044,-0.5337490206330705
1,0.1138402551569555,57,30,1,51,7.115296309057333,29.84821191221249,36580,0.6714963050806674,-0.6606383915158663,-0.9602220665571756,-0.9659258262890684
0,1.0088591586746147,63,29,2,70,23.736780379320745,29.844857666286902,0,0.1491211064553764,0.8441743584893827,-0.5505549975560219,0.9231877139360293
1,0.458650883256141,68,27,2,51,22.513740055253457,29.854328318970992,4078,0.782444630017801,-0.6974192362835124,-0.931474575104704,-0.5326073412007118
1,0.4262267766765697,53,30,3,68,0.0,29.934572797959184,26788,-0.6809787483436769,0.5141387115099506,-0.9659258262890684,-0.4998050900390971
0,0.9347002363584587,53,34,2,83,17.719677555442317,29.926374469568227,0,0.9055942187386151,0.19342120695650084,0.23050306607196108,0.9134770001571135
1,0.5574993723007641,55,29,2,81,18.239746231410543,29.985165399983394,3230,-0.9093385051838946,0.6024885507734804,-0.9626161226198668,0.27930527901402374
0,1.1296444612309346,78,32,0,86,9.788825034140551,29.927667249572217,156,-0.9569491637519353,0.551665023521609,-0.5263785437958249,0.8892828874143602
1,0.677014375735607,55,27,4,92,7.262970212737372,29.910803215276733,176,0.8408898966328151,-0.49474346749162523,0.910872446738703,0.4657209212110084
0,0.9953518177706452,62,28,1,82,14.26675014481788,29.876045401882923,119,-0.19234225031429739,0.06590913978362925,0.8880630300875698,0.9659258262890684
1,0.050400916,76,14,0,68,9.637103800318718,29.925299259697244,33061,-0.004134195151426803,0.9140834221383132,0.49512454583811427,-0.47667821742367067
1,0.45456595370685426,57,30,3,79,18.635938158746665,29.838701521850613,383,0.7297969170981417,0.12364459930022192,0.9099651644579415,-0.49488996485708886
1,0.10311898509334858,60,27,1,77,10.231455237762127,29.91780289108112,30879,0.6547432221374977,-0.15236143477937808,0.4801996584604526,-0.9470876040712778
1,0.4181795201420724,58,24,3,84,10.241535095685816,29.961698502268714,541,0.8815017100093037,0.1909139556968391,0.9373599813971315,-0.48731671023088863
0,0.7348291383382604,58,20,0,49,0.14781680220170287,29.633046838362812,0,0.9377092631859076,-0.2869222415095434,-0.558932989239397,0.912938041123621
0,1.1387484373446564,65,29,2,72,15.19632243634288,30.145517026024436,358,-0.6976479979215988,0.40744744750770756,-0.5028868108609877,0.45476408459708173
0,0.8755903848986699,54,26,3,79,0.0,29.929334705791252,159,0.09641576940289763,-0.21282791448856675,-0.5347269566475032,0.9659258262890684
1,0.36113483683263353,66,27,4,83,0.0,29.70401634353118,2598,0.978921321527263,0.5267625266865359,-0.9280366464289689,0.2536631726127972
1,0.05740759921672321,73,29,3,26,6.474423563571592,30.02143854047245,33136,-0.9593804065246546,1.0,-0.3011088346249218,-0.8835910581771393
1,0.08204519727097809,65,29,1,75,0.8076040179226299,29.739628573549265,16026,-0.4133645194744635,-0.9320588431814284,0.4804142621790309,-0.4946987325132677
1,0.388238964438307,66,30,2,74,18.608539396740294,29.680673813805157,3135,0.8106785797399293,-0.9651904871151826,-0.9294235023430154,-0.439442577825766
1,0.0907048055230292,58,27,1,62,17.787539072047185,29.827739127678278,24847,-0.99999073973619,0.42352650108898615,-0.2358022981624417,-0.4809940904627511
1,0.5694151218019019,60,27,3,82,6.068325164893176,30.05615733832443,278,0.8825897796038312,0.8311048759705603,-0.9049832430198882,-0.2559304913045827
1,0.34630794496319495,53,23,1,77,4.9959297640870215,30.013513735181903,475,0.4080559676449417,-0.4204996764874156,0.8934371619969095,-0.21877946311783117
1,0.29890996859307783,68,29,1,57,19.019345810330737,29.91307045685273,10944,0.851754748380812,-0.9382685514732412,-0.9659258262890684,0.23601793019061304
1,0.1848183379850694,49,15,4,53,0.7776338190587729,30.244015957757732,30905,-0.7457227912083927,1.0,0.5033553818865049,-0.9025005000848495
1,0.5776997518199702,57,22,4,85,9.213155169387143,30.029444279345178,5940,0.46048530529614995,0.9569655967256195,0.9659258262890684,-0.2394697617693877
0,0.7375199267960615,52,30,0,83,0.0,29.96051890361441,151,0.89961373925062,0.9628268618041165,0.8821493201832563,0.5126975434265788
1,0.21417609724862047,57,29,4,68,2.9473352149434873,30.05785032794888,10414,0.8258527454641342,-0.3986036487036852,-0.3093929158135403,-0.8555129162074461
1,0.46293892448712926,71,33,3,65,0.2361690448890072,29.938502751937186,180,0.8201486894030223,0.509068735303897,0.954354512457853,0.9036763461397573
0,0.8068261747631251,77,30,0,34,4.777217998119264,29.874107607425287,0,0.17917657648301788,0.46304907349211427,0.8403799711602689,0.8946053814045642
1,0.12040050505086203,65,31,1,68,4.8110938655564235,29.91505986840913,31187,0.20650985171007546,-0.5304894685299852,-0.28464073648646443,-0.9416442272393968
1,0.2968023619346347,54,27,2,63,6.916200909414392,30.080712934004676,23067,-0.99999073973619,0.29430047928413644,0.9401469000162276,-0.9080526790417793
1,0.09211168792894037,66,21,3,64,16.285339506635644,29.896152499084295,25088,0.6137677926984187,-0.23884218320271378,-0.22133228946305905,-0.8590844320622868
1,0.3604455669770745,63,28,1,68,19.50095470051312,30.042651154701712,211,0.03433070972353382,-0.4437022583362646,-0.8866220361227453,-0.27770770218812607
0,1.141361257,60,26,3,66,0.0,30.132032642642546,0,0.8033069965720462,0.9502634608082592,-0.5278540115468678,0.9057727691428735
1,0.12101999457906536,56,30,4,64,9.53306652134992,29.95251125081497,23399,-0.9138562976429248,-0.902780411351649,-0.28157179406046584,-0.8965208266097179
1,0.14675625527665848,64,27,4,60,19.88558404580665,29.851804100781013,29210,0.4379790046739025,-0.8493505072077584,0.5211551108938678,-0.49013364127117803
0,0.8024505549809706,53,27,1,71,12.539463253546856,30.11725615595899,0,0.19741514093752707,-0.21299404647754766,0.2196679009799995,0.9306844575161373
0,0.7714011583836127,66,33,1,88,18.14062796104644,29.702907693630923,933,0.06013823646686006,-0.6979302754522513,-0.5270836996912183,0.9141722411811545
0,1.141361257,55,8,2,80,16.66946044686139,30.08811752147679,185,0.21273687259654314,-0.269624606482083,0.26464097427815175,0.8530043014979486
1,0.06307615606648569,66,27,3,82,9.815909452386247,29.84578578610298,35465,0.9516504840319635,-0.8606176039218246,-0.2777395228078052,-0.8925866487623394
1,0.4871017421872215,73,30,0,36,6.268988712923829,30.012256433797177,20132,0.8767853138649466,0.7719288865877261,0.9659258262890684,-0.9181211372580709
1,0.15842865746641244,64,7,4,81,10.87171772978775,30.10527637899577,33347,0.424081682332634,0.2998293055339102,-0.26891875529040105,-0.9544542344603518
1,0.060671496513191675,57,21,1,83,7.397317828909037,29.908065050412933,33259,0.9222213081306959,-0.7539788517181751,-0.27449787619664184,-0.9284584796273706
1,0.31622782413441275,61,29,2,79,13.06522858835122,29.81089313603287,137,-0.9867241229187005,-0.23666881734696443,-0.8687945710581955,0.23732017957634466
1,0.13750276783612195,53,24,4,87,2.8707222825699894,30.143675911912567,22041,0.9951992695777419,1.0,-0.9180956129565736,-0.22483332513121054
1,0.6315052334675625,55,15,4,86,9.946254718335407,30.155308517989027,1402,0.7831252890001603,0.9462457520791387,0.9089933631663404,-0.26567120787214515
1,0.050400916,67,28,3,81,6.312909029944766,29.859347525418066,20664,-0.99999073973619,0.3273073141051821,-0.22736522792113953,-0.9408510049278623
1,0.3619416666718908,65,30,1,52,16.088373366468947,29.77368902103127,31021,0.9648152842164669,-0.46058127042989366,-0.881019586626429,-0.4552085224044257
1,0.6286890244127223,66,29,1,73,0.0,29.88289947449621,533,-0.8107445468967986,-0.9004134251859094,-0.9055463120480658,0.2623684265311659
0,0.7414736289992188,68,24,0,72,5.718334976592403,29.83861337621229,0,-0.9778010060251021,-0.5300577532639447,-0.5553506358977754,0.943572339439066
1,0.1539149357464227,58,27,3,83,3.3975084880566526,29.991823853742147,564,0.8408118302676478,0.19900183046854053,0.8642398712717473,0.5046471323334046
1,0.12881438156432856,49,10,3,47,5.472183402438101,30.028510567215477,33945,0.9473263856225044,1.0,0.45448495824432916,-0.9225328809406615
0,1.0517319118810204,61,29,2,82,19.83037555639502,29.89860692561282,233,0.9175488192274838,0.1295630024158182,-0.4983904995473149,0.8913845805025816
0,0.7295076445899332,66,30,0,60,6.206347740302034,29.736002829313005,0,0.4730047410932102,0.22928423515306612,0.9024483117053715,0.281880698350519
0,1.1211832244852291,61,29,1,87,19.550239258520204,30.239789780656864,451,-0.3285713048172121,-0.4113071060981222,0.27002057965211756,0.8984947737745804
0,0.8159126312263992,73,19,0,90,5.331944405959376,30.13035652877706,0,0.3425879937730085,1.0,0.9169225087679861,0.9418587299705712
0,0.8804613979372358,73,22,0,61,0.3470718674226614,29.972403369125537,0,-0.8776924119699486,0.8940394731871463,0.8570801014166183,0.5255801527302916
0,0.8220045466053804,52,27,4,86,19.81433816273679,29.987263293218376,194,0.8694503879215059,0.2384222834266815,0.8765237738445837,-0.24302621978495248
0,1.0562133570278802,64,29,2,83,8.37893448443173,29.885504429079717,57,0.09322057374443998,-0.39831495011183476,-0.5358393332488842,0.8765235420735482
0,0.794495382891075,54,21,4,86,8.380348267543589,29.80081562499734,448,-0.013882335958253514,0.2214862047255382,0.8706373807721237,-0.26804775093776695
0,0.6576570936741966,56,29,4,68,0.0,30.061439728541536,193,0.4364014190690033,0.9207626387984091,0.8899482227530062,0.5138942932269565
1,0.4526625154935136,57,27,2,51,10.366601827841468,29.958218895579083,8356,0.9891967850312801,1.0,-0.8750458238972827,-0.47380454147129863
1,0.08659748573028421,70,14,3,88,6.892841076926302,30.086029225222017,2679,0.9660362940490697,0.18145080546372905,0.46834707031331324,-0.8921271176546224
0,0.8881196761878926,65,30,2,84,15.797594720478337,29.884175951297394,237,-0.392344557972162,0.7704831353874689,0.2423550790236852,0.9659258262890684
1,0.153745170589222,64,27,1,50,16.073969190735202,29.897070531170506,4804,-0.918912178483604,-0.24564077938642748,-0.9465193999896041,-0.9336678013317655
0,1.0525570886374123,50,28,3,74,8.805320458974627,30.263183987054372,495,0.3107957632432968,1.0,0.8661354233987469,-0.2934978684651088
0,0.7937559161128602,63,35,0,78,0.0,29.93876061656385,136,0.8436487417371049,0.8965404480942087,0.9171868911458217,0.5045841837015916
1,0.46759540002,51,18,3,80,5.408543306235805,30.21299732825771,30840,0.8954252245871313,0.8973972634128108,0.4755542599265264,-0.27739152408998485
0,1.0069241729290452,48,27,0,55,5.915220488453141,29.965825621384067,317,-0.270592012865601,-0.8486929176885435,0.8624300370736332,0.5090895922944001
0,0.436457914581942,65,29,2,52,14.386876434788206,29.870769894418768,255,0.5034384272138737,-0.0013577129739624771,-0.9323860251974434,0.25058126679441195
0,0.7479949886826451,61,28,0,64,7.645723813672085,29.93955142516688,214,-0.9667012982929362,0.10347065205957995,0.922938934644858,0.9659258262890684
1,0.25858044373711586,61,30,4,66,6.717131871943557,30.113989246832222,19795,0.562105347641224,0.8731645872510938,0.9145992191774315,-0.9414072287863793
1,0.050400916,66,30,3,82,26.32727112091949,30.006365454844854,9963,-0.47152122506465205,-0.950012774568082,-0.27529663407943106,-0.9579239880682873
0,0.8939284046702742,51,34,1,92,0.0,30.200071724419864,0,-0.6349619762526026,0.6883806162186952,0.9320464851706673,0.9325165865840169
0,0.749738851634947,64,17,0,86,20.00813025061396,29.80952822274832,4,-0.8939175392492555,-0.49344254096749723,0.879944858125207,0.5323420291681981
1,0.11540857448261124,60,17,3,79,9.915029743293472,30.01035947502655,34218,0.8614079295618592,-0.9474622991742669,-0.27796985214220155,-0.8625963681105627
1,0.08949887692607082,72,19,0,63,9.855763277694082,30.142466700726906,32039,0.6536840013689988,-0.5529937819344384,-0.2703025283803136,-0.8997171899547519
0,0.6935231553635076,50,27,0,77,5.709327394645213,30.037869788928255,67,-0.5399379080435683,-0.7935425923289015,0.8702125899236293,0.9659258262890684
1,0.6168717635781104,64,30,2,30,3.6202549922997846,29.862670038092585,9224,0.8543636964260994,-0.31591003842638343,0.899907134803827,0.29342156331159724
0,0.5487588848978492,53,27,2,64,5.818896201651559,29.958520878764272,66,0.2399336385785214,-0.9420685002550357,-0.5157039717321252,0.9365091438827042
0,1.141361257,62,30,2,58,17.292407318212533,30.106106511381498,0,-0.9430390619260197,0.31881390049490366,-0.47678077795595397,0.9012986961504892
0,0.8308471880561319,64,16,4,86,5.812918755938655,30.086433778158245,55,0.8414144337417588,-0.0010122991634409773,0.8717466527067179,0.4776750203203937
1,0.2432040155314258,61,29,1,50,7.482429081724909,29.792318484909732,4033,-0.9754302569743571,-0.6118587439428678,-0.9151609501481239,-0.8894771742682157
0,0.5224165914203065,65,30,0,50,5.059473825295651,30.034478072194457,24203,-0.9386423777512094,0.03690328584743795,0.811197644319605,-0.8835168871575869
0,0.7239729462234888,63,27,3,78,13.866154830117226,30.133466119146135,83,0.9098902271502983,-0.7853053773133553,0.22719449996197238,0.9068157375025019
1,0.1687453352792369,57,27,1,79,7.808514004748091,29.894297153852094,8435,-0.870730494443842,-0.4414475029462173,-0.24617948899549585,0.2670113775582085
1,0.18761770891774937,66,28,2,83,20.299689667009883,29.87793449746229,3781,-0.6384763323929081,0.44690903933056003,-0.9659258262890684,0.2626710002229916
0,0.7819650544043059,62,32,0,66,9.641470440195494,29.960678772048702,213,0.8820397903704671,-0.736521941521681,0.2539749387566954,0.9427721447656809
0,1.0581923974624556,65,23,2,69,8.947899844752596,29.80184881474324,460,0.8412984974538078,-0.019617515911711382,0.27834316269956483,0.89865452525007
1,0.3785700979675855,64,26,1,83,15.688169759259521,29.72954421935278,4226,-0.06271813233805726,0.6790488506836263,-0.9444678462293842,-0.4765629074987767
0,1.0350245979401054,66,28,0,60,0.07308276129076088,30.037494966734094,0,-0.9124676825866542,-0.9093790211359105,-0.5285675904103827,0.5115317384348536
0,0.7278759997575761,70,16,2,46,10.166703133841212,29.71940583988677,129,0.803474982919741,-0.7542222411553524,-0.5332472922463173,0.49004788951654416
0,0.7539267315873893,61,14,0,71,0.0,30.21124714321815,159,-0.2376580058334578,0.6939508301893381,0.22355274197140013,0.5081880991116027
0,0.5804682352479765,55,29,4,84,5.50113090564457,30.25939521734198,216,0.9327791733081705,0.9493854381166511,0.9659258262890684,-0.2382274628702597
0,0.49676951288080734,59,26,3,81,15.055695231330704,29.8310738166939,9971,-0.9940827370517986,-0.08949567269618304,0.898847793121772,-0.22637000561721857
1,0.8336616331387796,45,18,3,79,0.0,30.334344010142782,2949,0.05815774552433728,0.9896620887140566,-0.9185023192564871,-0.2699869999537554
1,0.11985054493344514,65,30,1,44,8.3228834199437,29.85066897940241,2446,0.5594489959823478,-0.34765765255267,-0.26812467897444303,-0.9504367440397561
0,0.6534326618493128,58,26,4,85,5.317048957985111,29.908508312120667,0,0.7996259307310414,0.4072719141547005,0.8731548338206313,0.5000703841051335
1,0.1072765231012916,67,31,1,51,14.09793385542398,29.758365949685817,35778,0.8881404874877546,-0.7793128305025836,-0.9213850896645129,-0.8917030612620165
1,0.1548434684880016,71,32,0,90,19.95578893190528,30.059678212998495,29850,-0.99999073973619,1.0,-0.23893299597992007,-0.8615312134816631
1,0.5649336508839373,48,12,3,80,5.442255863014956,30.040263165224697,15083,-0.005508061960131996,-0.8499686941938005,0.924293327905408,-0.22188773470415274
0,0.5234010662764421,67,28,0,61,0.0,30.02624745065186,398,0.9885746504251297,-0.6176301348780239,0.9022308267178416,0.4914995589487707
1,0.4881071195287065,73,31,3,29,3.3055318290555222,29.813856387997355,6253,0.7302243272022672,-0.35444069824650887,-0.2073407601198407,-0.48539178843051634
1,0.09985322598918386,52,30,3,85,6.893393370143153,29.832008377918832,18206,0.31456527172195403,-0.8060267470254036,-0.28788849107018855,0.29025956553572896
1,0.050400916,57,27,3,90,6.540605311090612,29.882485852207118,18043,-0.09324578125265301,-0.8337941426196009,-0.22814472580748635,-0.9369035997520301
1,1.1170440512535444,57,27,4,84,16.01671278659966,29.962153335684697,72,-0.5111118118717872,1.0,0.9194255075743807,0.464309455881801
1,0.5902661667503447,55,24,2,74,8.393070109663693,29.946316914010932,20,0.06667047551802618,0.9212209818935364,-0.9659258262890684,0.2904379522616518
0,0.46922125794315306,52,26,4,92,5.060793152371721,29.937667939468604,697,0.9341339580177548,0.9366523123863137,0.9108874870695592,-0.27709906631228876
0,0.4356407143026976,78,31,0,73,0.0,29.824074234622536,420,-0.017995215343895962,1.0,0.19436659855468644,0.5565212082891728
0,0.6436024840692416,52,27,4,95,0.0,30.201055060635746,279,-0.0666759787873309,0.9312660227105194,0.8174489727025661,0.5072454122880258
0,1.0373071984757358,67,29,0,59,0.0,29.845864482027558,61,0.567874906731658,0.17782858216823777,0.21515298074001898,0.5098659423398264
1,0.10084601133332317,59,5,3,78,5.557897862636865,30.136250778322587,21341,0.4671843508966334,1.0,0.48956856352166067,-0.8230195703840187
1,0.050400916,64,30,0,22,11.170873800826792,29.890615533073174,36580,0.8216763054373678,-0.42325227005808536,-0.2585527200190767,-0.8656698623116877
1,0.08767664276189686,59,17,3,73,13.950512138910234,30.242534531636853,3842,0.9385007887759611,0.9979481639710321,0.9101121178795869,-0.9416607800162042
1,0.16521005927400143,55,29,3,81,5.22923647263682,30.22390921774367,28029,-0.7151580014919591,0.027515869584858993,0.47280774840101336,-0.9500440511126176
1,0.5471010392697266,58,30,4,85,13.87133379859396,30.052189531578534,19,-0.23622078839353866,0.9627828147321644,0.853158179802958,-0.9297276270954881
0,1.0344043212619536,47,28,3,68,5.418973000149228,30.162361722472827,172,0.5485726247184033,1.0,0.2261029873076089,0.9428339220377061
0,1.131627894695972,65,29,0,73,5.647474240906545,29.7766656275419,284,0.9293163233730177,0.5509580287912996,0.2557324730364731,0.8687661884250925
1,0.30341613275575446,65,28,3,53,10.332201741813492,29.896716586116337,2341,0.8577758282339791,-0.9228569147091217,-0.9519042598570302,-0.5331654442594566
0,1.141361257,59,27,0,71,13.935890689098992,29.916917697749547,226,0.8261425949084603,0.4380344922188034,0.8895037832303945,0.5179131075872592
1,0.4762113350027219,55,27,3,88,5.28541981797595,30.03431619054703,76,0.16140698788474034,0.8619347736785611,0.8925708561890299,-0.23077276221789245
1,0.4774628306603056,67,29,4,78,9.349155726717239,30.007699104369266,30397,0.2859781761842429,0.7858221994807906,0.8468746263399403,-0.9659258262890684
1,0.07923189116539978,54,24,0,44,6.060757132803948,29.98491146699471,36580,-0.22071594024689994,-0.3532995201355882,-0.31662509315845505,-0.8853394542905891
1,0.34427508836914344,53,14,3,59,6.223573913886626,30.044329365481627,13953,0.8399877479439464,0.39340999338510074,-0.8721362510461464,-0.46706343075932255
1,0.09820459190132409,67,30,0,67,6.351185344406429,29.822635334020863,33354,0.14267058843135333,-0.8899139232473419,-0.24615209872100105,-0.9323609001288344
0,0.8440681432490371,55,21,4,87,8.006873888978372,30.249633399422017,293,0.786493925748445,0.9519240400996553,0.8771164565761084,0.5145597792930544
1,0.3463533047270697,67,28,2,67,9.00181309292718,29.885161911104788,24708,0.591946196708807,-0.4061511582968397,-0.9523615591694689,-0.47100292477743
0,1.1014976083332673,59,28,3,62,4.931095639580097,30.214894952619538,17,0.8722190044081144,1.0,-0.5363145148740925,0.937085537764076
1,0.3115683902969883,55,28,3,75,14.433870684564466,29.929077766954986,7713,0.8494809483140663,0.7907934212410854,0.47846563807271547,-0.510107791633096
1,0.2729288806570052,61,29,3,44,11.998637533808516,29.947865106401302,10382,0.23929972716742887,0.9280287369895976,-0.9620952335382532,-0.23953779903810804
0,0.9728967681823292,57,30,0,61,0.0,30.087016961158618,550,-0.8573802170982894,0.2068041155816005,-0.5720415819756102,0.9659258262890684
1,0.2573642492460285,60,13,4,93,5.136152911852099,30.030135294967472,563,0.8499456415226072,-0.6138062587369019,0.9011674010361335,0.523431589020151
1,0.3333807193646831,65,18,2,66,21.20869522763583,29.856836931779927,2321,0.8013017344312885,0.9787660757907684,0.9002871565090151,-0.4977699445441661
1,0.11104342046344735,64,21,4,68,0.6423235419242336,30.032732825524644,23396,-0.11137729610007227,0.3437389752603417,-0.23188261498366514,-0.9169446643723097
0,0.7766096776265056,57,29,0,76,14.869758550817687,30.099313049633103,0,0.8867715560849295,0.18476071449949266,-0.5500861432709394,0.8924656798237659
1,0.3815046161620143,56,29,1,78,0.6091144042821046,30.12167229900745,35888,0.9068209199106683,-0.5164320617721238,-0.9659258262890684,-0.2788530220660762
1,0.4663513811584957,58,22,1,25,23.501670525468423,29.871254510962245,26664,-0.99999073973619,-0.4613644181424039,0.9659258262890684,0.23982944730555233
0,1.1146701864994932,48,27,3,56,7.114121255768291,29.914547839686445,173,-0.629383954739952,0.8510475619662579,-0.5392343854556455,0.9528664201197419
0,1.141361257,58,17,0,57,6.578182611146157,29.965690320436533,120,-0.17025256892509286,-0.5470354595331981,-0.5531300847393087,0.457727199097012
1,0.08202274090206221,69,29,1,48,6.708525912000164,29.732110952942264,36580,-0.9408909446625473,-0.7336907643586816,0.46143396447921153,-0.9334427172723776
1,0.5403536413200397,67,29,2,60,6.224260180414376,29.857737179445696,22301,-0.6985356963414527,-0.24661858661308095,-0.9379999990659033,-0.4687920461285381
1,0.6001122086107553,54,26,2,61,22.08236671471568,30.095769330106783,236,0.875345186600147,-0.879166310202688,-0.9407414066015954,-0.20830728715131788
1,0.42006325620631224,65,26,2,79,17.938232152522193,29.86080141114214,7639,-0.9574535503229891,0.9750922789838348,-0.9368313313349276,0.2429335936695943
1,0.4011673831231928,64,30,1,59,17.3903411591269,29.845147205918153,2904,0.8370621553636486,-0.09305025902281008,-0.9326119064181241,-0.4728185703745236
1,0.3821703782025557,71,23,2,62,5.964495405354112,30.082107239909007,20283,0.7245586587145498,-0.9999629591162656,-0.2559781303684509,-0.4754095168178446
0,0.3955794129673654,65,27,3,76,15.73497829296798,30.200277875180227,600,0.9294601459065204,0.7614306965911204,0.9544999526336466,-0.28180761690728634
1,0.4352526257130746,65,29,0,73,3.0041331023523274,29.870276399149112,30901,-0.99999073973619,0.7577515961047834,-0.28826092138327025,-0.4601287849185595
0,0.8011296058862248,55,27,3,79,7.051021368512323,29.978658699922715,350,0.9973985983509068,0.13581629902709352,-0.5083445314470346,0.9362795880284288
0,0.6935156838696771,74,29,0,77,12.836129615526394,29.88419578958148,146,0.7351629325362399,-0.5973459998941717,0.8643108370137408,0.48362302319817063
0,0.5841954431109286,76,32,0,69,0.08494861561140074,30.365140297243403,69,0.5268268146926529,0.45256122716280756,0.22633678414448716,0.4710984754686343
1,0.49571572357124255,63,25,3,75,25.810517436938998,30.0953269429205,0,-0.5164879749821819,-0.003343385252613299,0.8806063504194026,-0.24157623410865703
0,1.1169667972403798,63,6,2,50,15.21104249258341,30.09310097474139,84,-0.9266877254601742,0.9072360076042594,-0.44359054136422965,0.9445492793834696
1,0.5190283407650954,78,29,1,57,0.2448994345101759,29.978009149245647,592,0.42741726434381244,0.9440811935450251,-0.9003368060240325,0.2758617329283501
0,0.8689558911307094,52,28,3,67,7.578694752049608,30.002253003161037,0,0.786262343987493,1.0,-0.5379992649288047,0.903734722693173
0,1.0461478839343015,54,27,2,74,21.64181025926192,29.67515944888593,282,-0.15350563341561818,0.9370580125622111,-0.5453190022334358,0.8992749628953046
1,0.12027803891581385,55,28,0,73,0.0,30.068101284463925,21046,-0.9026987369996093,0.8992062721982893,0.8584692924711893,-0.2822727133489594
0,1.0682302402601962,51,29,2,82,0.29957424921389886,29.90446547242268,80,0.3022952497907898,0.26580426640385796,0.2237752649311957,0.8788237485589949
1,0.10867969201033037,65,5,0,68,22.74539037674461,30.002302585708957,31637,-0.25920369012503036,-0.6158731148194708,0.8892088316202137,-0.9300457482640121
0,0.7190991813413847,78,31,0,55,14.194945696919474,30.00227530452348,0,0.6087670099317162,-0.4335983599708399,0.8375176783925462,0.9412727384402516
1,0.07409818916898242,65,29,1,61,5.835095171869514,30.19436136829041,31539,-0.6963244719874002,0.5514718716408572,-0.2932899681576073,-0.8893801777787624
1,0.5265963612351728,62,17,4,56,23.792701186983518,30.29447291412153,15451,0.518333093519841,0.9268553222205044,-0.8571982509389369,0.25563079919371695
1,0.13718058235157177,68,28,1,67,5.869010506049026,29.908427284150072,4127,0.976940121415465,0.39068199728254754,-0.30258143900849355,-0.9237511301387896
1,0.44341124734805554,58,10,4,84,13.833263770008191,29.9968695052103,20173,0.3453164977757746,0.7121479656588782,0.8852825192413876,-0.926586407013075
0,1.0892718667505188,62,32,3,82,8.754596277616814,29.978347871267076,0,0.9167518277704458,0.46229724278179585,-0.511747873790928,0.9180300328192796
1,0.7513316170107499,56,26,0,58,24.826692424436626,29.959714527621234,0,0.46219301836549914,-0.9362266387408941,0.9500469366105653,0.5047125268165599
0,1.098426603002574,49,5,1,81,6.544804668947295,30.004447449936833,19,0.8436885135896615,-0.05771954283164086,0.8485868365789824,0.8439943743221473
1,0.8865806430729595,52,22,3,76,0.0,29.997071207853555,337,0.6344239347283177,1.0,-0.8819133739828758,-0.5215587334209854
0,0.8357642020107084,65,27,1,79,22.21720593115876,30.004125685529996,0,-0.8533795167532285,1.0,0.2056766768921408,0.801306978895593
1,0.4328197720343978,53,28,2,55,16.628118740136934,29.920835864116675,34198,0.83201589945415,-0.7090046944921256,-0.9659258262890684,0.2736662790079166
1,0.4125821564469404,67,30,1,58,16.77540148636323,29.77161792497435,312,0.06360452434491429,0.02908294441644401,-0.9333924857251287,0.25214952259984735
1,0.09667813894353001,64,27,3,83,5.258170711159042,29.845985567251553,3691,-0.9793725788432677,-0.490603663028122,-0.950498823292997,0.27584176223326184
1,0.47707361867853293,54,29,3,80,0.1605727519038152,30.135396815993776,225,0.013935234231791278,0.26443046137732346,0.8484130720475428,-0.2363300370193526
0,1.141361257,53,8,0,85,1.948490414456692,30.091489688485964,0,0.591016227137638,1.0,0.9179347563083722,0.9331829765496837
0,1.086923037181647,54,29,0,38,13.156748361323453,30.185249367691746,0,-0.5780968477351545,1.0,0.23790840751253872,-0.4638140126188493
1,0.12634549017252059,70,32,1,78,5.547504655218553,30.250526872750527,33164,0.9347330920695127,-0.5945310011024111,-0.25767603614551976,-0.8779764119368335
1,0.09450726442403515,68,30,0,66,0.0,29.876261949294904,21791,0.2985024213459099,-0.4920781807309953,0.5032671375276413,-0.49505079247895123
1,0.4155011497669721,56,7,3,67,12.572319365570946,29.869204741818717,2362,0.5148200200262565,-0.9999629591162656,0.9291233773651527,0.2739571531558855
0,1.141361257,58,15,0,76,5.890150853721977,29.98803759246781,115,-0.8967519426816889,0.9751068298402883,0.8582835239014123,0.4902102296953559
1,0.4598035499541153,69,9,2,58,13.375786481501093,29.71656674884972,4120,0.8402275306864874,1.0,-0.9353100495563883,-0.46697577988923905
1,0.4002680463456319,52,32,3,69,5.929943891750031,30.125678767341153,34608,0.12873188623359988,-0.9022314934656323,0.9061529051445435,-0.8469759122007313
1,0.3436512410342235,78,30,1,68,5.029251408898713,29.818505167484854,36580,-0.9653944226622827,-0.8877001494808224,-0.332718478265451,0.2914270637770492
0,0.5963427266623557,54,29,0,48,19.816721449718322,30.19332476200351,0,-0.4694830409564663,1.0,-0.5535365178991254,0.4779237497763554
1,0.07630627285968185,53,26,3,69,9.66330717815763,29.853509109407234,21764,-0.5348710243673783,-0.8010708689374717,-0.2631781995080778,-0.863619257995745
1,0.13124192193737588,74,10,0,85,6.44999249585591,29.988696521477138,36580,0.99999073973619,0.33272289939193095,-0.28520253858258227,-0.938370933752075
0,1.141361257,62,14,4,76,5.683459572130037,30.267440408258462,0,0.14271591305588188,0.9678959113633648,0.8428032422959684,0.507942367273778
0,0.9315805968200266,55,34,0,67,5.272704395017467,29.95808445100296,675,-0.6310956924563288,0.8004291617462931,-0.5579711148689218,0.5199854074131063
1,0.6864430292107584,77,30,0,53,4.904457810757783,30.04888166061453,519,-0.989074925749616,-0.5294691719024068,0.21851351135047437,0.5044897985276381
1,0.7147055352003343,49,17,3,85,5.668875654740098,30.20122095100449,2664,0.7943628664600486,1.0,-0.9347425810080393,0.5115427090157221
1,0.28656513747362344,64,29,4,84,17.413182416160158,29.923962699524523,2730,0.8730253964584097,0.49406643039473275,-0.9106136418616174,-0.5058076977474796
1,0.09566823980908144,55,28,2,84,6.599304467452477,29.88221161148968,35030,-0.05850770911803296,-0.77168437755677,-0.9209543672352828,0.26521895075908264
0,0.5015113107952524,57,30,3,77,21.59658833822141,29.99074477666048,471,0.8280788931919845,-0.9642341632561934,-0.9659258262890684,0.2855224176170387
1,0.09847747826958428,62,19,3,82,3.308010300855518,30.257480792255443,20673,0.11382439141458682,-0.37936078745593577,-0.2551335873251073,-0.8902670397777293
1,0.11505169596551847,74,33,1,27,17.367453466886992,29.839331488313857,29570,-0.13336761557609944,-0.5746392189057123,-0.24968375848524582,-0.9098903841173454
1,0.1414890810903415,67,12,3,79,0.0,30.01752618343955,36580,0.8967059380019233,1.0,0.5082155892070633,-0.9299299973824154
1,0.0667238016101413,56,34,1,78,14.471789561403636,29.763081482865026,2960,0.9290522255925107,-0.5367835009230462,-0.2502725391219678,-0.5125896008430235
1,0.418888889828184,52,13,3,79,5.092236401967809,30.022941729762838,11342,-0.9398390643688463,-0.07235799833056332,0.9351083734981135,-0.49105620499671665
0,0.8829812985764238,70,28,3,72,2.7931798099050207,30.045960048712203,0,0.9648076706810769,0.8896578115183208,0.24706269713939719,0.8742616242897023
1,0.1583701791659824,64,31,1,62,2.865176761839776,29.9679180428668,31910,0.9707480546031243,-0.804550956749712,-0.2789401505633761,-0.9264509866041664
1,0.2750233574837029,58,28,1,75,4.938262841335689,29.88829301991786,4199,-0.5066885915016911,-0.8561003100367622,-0.9289874570919524,0.2679892633320843
0,0.8456084917504543,53,27,2,92,18.3968755632079,30.10503339966805,0,0.349718820105966,-0.7168254257185711,-0.5638596892887708,0.9251942672428368
0,0.9787447072926896,78,28,0,52,4.752822831185362,29.838182411077874,155,-0.8504686383827595,-0.17191879744956623,-0.5453203130123365,0.9464886119170725
0,1.0777882193933197,64,28,0,84,3.132609171371214,29.92698003162273,112,-0.9825473233087557,0.07537569404977518,0.8594618131759577,0.5167541612321713
0,0.324087900305025,54,30,3,93,15.176882244289182,30.201871666754244,592,-0.18435909868361453,0.8371030710601247,0.9128109762974982,-0.5096687574322553
0,1.0380931862559695,63,29,3,73,10.352718567432321,30.007577775207107,0,0.3459418181175055,-0.789180295645717,0.2950121367634443,0.9161790099721306
1,0.5364051440924541,47,22,4,82,6.52489930477451,29.910057405448246,17645,0.004585594356581249,1.0,0.5249056167242324,-0.9096173245376552
0,1.1176098758385473,53,26,2,69,6.3575583877934365,30.033637480642106,86,0.4482712659079994,-0.7870321884225904,0.22332369734124385,0.933509680676629
1,0.0892766843434528,54,29,0,81,5.349536960459003,29.692298715322448,22424,-0.2278811583910209,-0.8634846726732677,-0.28402887881033617,-0.9159631305868653
0,1.0715609997717164,73,29,0,58,5.2471635039018345,29.99792534369594,448,-0.952942859304023,-0.020728890451459252,-0.5527659579124905,0.9659258262890684
1,0.34056427423786434,70,32,1,80,6.220982924835247,29.8636722792317,26847,-0.5315319952132795,-0.4595859631155208,-0.863857821569962,-0.4892319614812436
0,0.7264585677704868,50,27,3,49,5.844441072172466,29.867355259408278,0,-0.603473187102414,0.9888833520333499,-0.546322611156813,0.5284074570511726
1,0.10631056195390626,54,28,3,83,5.638192441759548,29.860317576973806,16753,-0.026413496478402035,-0.9701827754503785,-0.23747045854862725,0.2502652250878457
0,0.8063881607319967,57,23,3,84,26.38743863557429,30.0440638891789,0,0.9260335242437588,-0.6001955741428915,0.9301555188450541,0.26280726929513226
0,0.32030471273829303,75,20,4,66,7.354502181917985,29.95016589233128,539,0.6563584980111792,0.10887498803436245,0.8280753849472402,0.4920013665654935
1,0.4068910388729234,68,30,1,48,0.6191671020534285,29.672678204517247,29780,-0.6029256031915619,0.7330549630045649,-0.9175137122481167,-0.9556786892351289
0,0.8308274721240091,64,13,2,83,8.167678812568749,29.85267622455566,352,0.24763826397343824,-0.7729883052206352,0.2426539494112766,0.9087208326083299
0,0.5509277095801054,49,15,4,90,8.36630662839257,30.00730146213515,212,0.48915890473932283,1.0,0.8271237258007968,0.4988025445305288
0,0.9015399844207299,49,29,2,73,13.244883952096444,30.248729837289066,178,0.6482495005157453,0.9649084747390161,0.24345397343915684,0.8447193828399323
1,0.42963511152365497,52,17,3,76,21.256132147192478,30.114180606877753,2976,-0.7947647700820039,-0.5816785611194747,-0.940199525999556,-0.5021613235984765
1,0.1314298213797973,78,27,1,48,0.2606265561646376,29.695615762390165,453,0.8527351676041178,-0.6422388579092646,0.5107445410659294,0.5111793968880851
0,0.8838792546469867,50,27,4,91,0.0,29.842945654425343,246,0.6387052191702212,0.9396913113472691,0.811677805853102,0.5411563701576636
1,0.15758215556718905,53,22,0,66,6.7238963390316675,29.862317954362837,2604,0.8704311758809933,-0.38408251833738016,-0.2377108923722955,0.28750402972806705
1,0.12395522421405211,47,19,3,89,7.087424734665383,30.19399835268282,25019,0.99999073973619,1.0,-0.27789691072684236,-0.9330476297088878
0,1.1161491394985874,56,30,0,57,0.0,30.188613776689497,129,-0.6599122763658032,0.6171167452168967,0.26136405317139405,0.9316151953033914
1,0.3187814875352599,67,31,2,60,24.191471269440033,29.700239167465732,1410,0.8713149915954165,-0.9134009912753444,-0.9410723473059678,0.25605879452458985
1,0.50513652757404,76,21,2,78,23.81677922456754,29.674080663075028,2013,0.5114693873355852,-0.46813029964885505,-0.9493242190017366,0.2700778427012325
0,0.8605486064660445,55,13,4,90,1.7117172169626387,30.129701863308867,391,0.48243038090908985,0.5861560079476558,0.8435425687433813,0.4977744206680764
1,0.07556953666637586,67,12,0,68,5.112366404429669,29.99352682352115,24704,-0.9468793498770002,-0.3047219166501853,-0.30328386406420194,-0.8844911671006023
1,0.5458556447159637,55,29,4,57,2.5367645862765507,29.915139927363995,2316,0.6172986445664219,-0.1724201399980073,0.8973626334657998,-0.8779839328978122
1,0.5329936802284556,57,28,3,73,34.094215537204306,29.91672976838987,1563,-0.6396564208578946,0.6442995270705901,0.9176562921193974,-0.2591234482484309
0,0.8301346016535301,49,27,4,90,0.0,30.318800961727955,261,0.9546813458078478,0.4386762687904887,0.8823574894960313,0.5093846809536283
1,0.10757495030067454,56,27,1,74,9.740062562720333,29.720744717537112,36348,-0.9931023191695355,0.7441450974259916,-0.241824354411679,-0.8731500243305845
1,0.30480589503039657,57,29,3,53,3.007591746069655,30.06572266971318,1100,0.8715672619319087,-0.5172029038889289,0.8949595990531236,0.2686782663946797
1,0.3681756887363914,56,17,3,72,17.34752519750412,29.967656915268623,8577,0.8159674102154885,-0.5501889568877012,-0.8872915997931653,0.24047568904729213
1,0.059369391382794415,66,29,0,70,3.7412595575916887,29.88940323087746,2699,-0.3015987016201255,-0.09948019136420436,-0.25301206335008974,-0.9259341645076082
1,1.1059840175480105,47,5,4,82,5.326073491165156,30.049192163992384,77,-0.1361295454617189,0.9633366391963015,0.8904859131109913,0.4847531184904876
0,1.0365815371241078,75,32,0,77,6.468061924367665,29.986847175569494,0,-0.964272134658876,0.5485755344408355,0.8930852558900055,0.8707726222021764
0,0.7367239123862348,63,29,2,72,12.805150773400484,30.048397267892874,378,0.45556217183833514,0.21540927864016618,-0.5389265627858896,0.8856721648782139
1,0.5968725451483882,51,28,4,83,8.80926353938878,30.27480906255667,0,0.7972634068334099,-0.08761114828897267,0.9125843926007577,-0.23562405193303204
0,1.0126600756280424,74,28,0,65,2.949915111947308,29.903676886880667,41,-0.24259063995871782,-0.021138623799895444,0.21869027466638247,0.8886502146282454
0,0.6540998416751953,44,27,3,83,6.031753097494305,30.244401142233727,0,-0.08984135942881698,1.0,-0.8920670374603031,0.2846231683620173
0,0.9119238371743974,48,28,0,72,6.8336920510474455,30.22912717569296,93,-0.8501574288730235,-0.3745432495864939,-0.5574163263506378,0.9365251334326051
0,0.5896031111933404,58,26,0,69,3.2621660439459506,30.06751149507531,0,0.4147475488009822,-0.03649837426145816,0.24356156222595837,0.9195323857483442
0,1.1077147471655358,60,34,0,61,19.667827290829234,30.098172249218234,328,0.058273083251216884,-0.9895340077996579,0.2769704050643188,0.9422972845261798
1,0.21185579266841637,68,9,0,86,6.880727009289523,30.039593996027286,30046,0.9235827248752141,-0.5624706642757931,-0.2804875943265098,-0.8798181106857905
1,0.06733721328061162,50,28,3,55,7.515553229343096,30.06074850050993,36115,-0.42835045959692003,0.6091177439142016,-0.27213059166405956,-0.8837367351545113
0,0.578552459388501,56,21,4,69,8.079208155860517,29.89312960375523,2718,0.7866980429455229,0.8363580386225589,0.9320252624856447,0.2786183706564896
1,0.060130668360154446,67,23,1,51,5.468962013574575,29.814511599996656,24608,-0.7946187553705576,0.10270645534933373,-0.2692949686285468,-0.9175526026759717
1,0.1437989250511485,65,29,4,83,7.752491895413546,29.95432157138884,6734,0.8835275080477528,0.9609150850935598,-0.2850310672530275,-0.8981602942036467
0,0.7763448067450966,75,31,1,75,7.936887232067648,29.709387569783058,79,-0.99999073973619,-0.44376926334302047,-0.5086608107983611,0.4372567481429853
0,0.8779609503742505,47,23,4,97,2.5079316703180186,30.00885353674455,0,0.4948844901722153,1.0,0.903842136585323,-0.239834756672472
1,0.130360107457057,63,14,2,92,8.115744704205651,29.81461228466722,20285,0.854707183779796,-0.5536273439084975,-0.8495628351898002,-0.4767920755854927
1,0.4144539138631696,69,27,2,54,15.639400141651214,30.065624283699677,36580,0.7044664632085826,0.017311821608996733,-0.9324765352102856,0.286551939924307
1,0.088267675638772,56,28,0,78,6.286375079104287,30.072040569389,26648,0.32815231029009895,-0.8161269620881105,-0.2770818946340104,-0.8902523995746361
1,0.31040616087326184,52,31,3,71,0.0,29.972492720193205,18612,0.8370574499777582,-0.9999629591162656,0.9548019157469517,-0.2583032272045667
1,0.10813151949812908,68,31,4,71,6.700331300155583,29.998215118493093,32254,0.5239885718323909,0.5684072094431554,-0.23088610166508539,-0.937818648698031
0,0.8756453207958643,62,31,2,93,9.129220477075787,30.187557687758687,0,0.9023498502597155,0.9722601906190929,-0.4944031575196739,0.9659258262890684
0,0.7601871181940514,48,33,3,88,14.104230906776454,29.943903351074663,234,-0.5057898146476698,0.2186187749813664,0.24466005886412662,0.8901038116770102
1,0.29741439144604587,55,28,1,77,13.670881663544588,29.85184771207098,24283,0.99999073973619,0.8303216921372181,-0.9169241065015774,-0.5333692577628555
1,0.49680875403363045,53,33,3,81,7.78477362147369,30.05291173441649,98,0.3394400060502233,0.9754171661614836,-0.9659258262890684,0.2784015469728208
1,0.11570166247622762,67,30,1,84,22.500176552509746,29.86736538019604,36580,-0.99999073973619,-0.4561231297644169,-0.24847857526367909,-0.8434556478345399
0,0.888615401542681,49,29,3,66,5.639214890512092,30.277555261743203,0,0.4090994371705058,0.9819402264894602,-0.509670271027963,0.9185400590463546
0,0.5177016230880727,52,14,3,58,0.31394599160983316,29.883910323201047,387,0.8561461943151878,0.9392718896376875,0.9659258262890684,0.2371306210900951
0,1.0356952955264394,55,23,3,94,18.07482606697673,29.92089378096797,0,-0.9750294337622794,-0.5100332730044149,-0.9458959534003659,0.9637610488669847
1,0.050400916,76,30,0,37,0.19068897493495196,29.85615942593969,34202,-0.7997203235703443,0.8062880219634175,0.4633903487924149,-0.8755607372747723
1,0.050400916,55,2,0,59,5.701778617881723,29.9531505173187,32961,0.9765296942765865,-0.3866636442613067,0.4981890547170819,-0.8546462734047736
1,0.3787178323244148,57,16,4,31,8.594909914278917,29.952317493574967,3033,-0.9403609904543857,-0.7561858854910168,0.5461517923013239,-0.5040225098293156
1,0.42282503844124486,65,34,2,70,17.032491555845414,30.063512144783658,681,0.9278980275865116,-0.8153400087913544,-0.9433776527720332,-0.23948811140689416
0,0.8109224120769593,72,10,4,61,7.34641059896614,30.030253674618592,287,0.4901039218081349,0.40952160080884015,0.8461724881053521,0.9466403617593486
1,0.12921457177425164,56,6,4,20,15.822499657076728,30.08639039268728,36361,0.4036805380412691,-0.7724718834889941,-0.29417823886508276,-0.9434218488901148
0,1.0279902847690103,62,29,0,78,5.8344173292776045,29.997866293280936,0,0.43440352236765634,0.8776291559264885,0.2453137630337289,0.9552167467899146
1,0.8012512491925444,68,20,2,82,5.8138497989579285,29.91434474188293,667,0.925663734131913,0.8604507292560211,-0.9614349469678161,0.2542464942845393
1,0.10157587873790924,62,15,4,84,6.5790646265143025,30.23300344860075,23754,0.8349800831783075,0.9708914267146954,-0.2885593381306335,-0.857701010274349
0,0.40781494644127525,74,29,3,59,23.497030362293177,29.870442897835744,2654,0.9514025817360197,-0.4884190628434813,0.9503418901809091,0.28973634693706596
1,0.4537006194352672,62,15,0,71,5.62241273892499,30.094167717839877,8336,-0.8818069835294877,0.6204931293915726,-0.23229818233975635,-0.9145568053275932
0,0.3319764871928602,75,29,3,61,13.364021948772487,29.809793788945246,510,0.9506266467354336,0.4177125769037535,-0.9079316200111957,0.24190916085019756
1,0.307267361930325,65,28,3,87,9.54032543238189,29.970843906085886,25067,-0.9271619964713117,0.4197007198570368,0.9416222931599503,-0.28490738471642096
1,0.36349558229871737,65,27,3,85,0.26347570779124996,30.225172169206704,3678,-0.09472557040625579,0.5002368361405992,-0.9052354331948602,0.2548956958973384
0,0.8825902659226559,54,33,2,68,0.0,29.899452380313686,343,-0.033178723445868995,-0.5910738244533644,-0.5436949255987884,0.8863089212699652
1,0.07654172070361548,63,30,0,73,8.975775221050576,29.959735109570314,33252,0.8655619681130302,0.9573003636203418,0.5093822948943254,-0.919497564728663
0,0.5418341788963794,54,19,3,83,5.558191201654224,30.27211207305001,257,0.9189960721855948,0.5199362878768107,-0.9631491160148266,-0.44426938781441705
1,0.26208300394761397,78,29,1,78,16.770552766308384,29.632063500096972,4498,0.991381136834522,-0.3964110212964044,-0.277304417446918,-0.9203588387056862
1,0.07217205804054226,74,29,3,64,5.7906646651895475,29.96651600329712,20941,0.7191739872640819,-0.6374217737859771,0.5211025810928609,-0.9144073395932555
1,0.0587135021649936,65,9,1,42,6.989684503847548,29.70807735904648,36214,0.9100290465761056,0.969151247196571,-0.2782325360184016,-0.8814006596156793
1,0.0505000093451136,73,29,1,78,7.038755153224539,29.92252363657469,31122,0.7935887170632554,-0.5318939611013497,0.47008947150862834,-0.4667339021295321
0,0.6315249261244108,67,31,1,54,9.058648537226315,29.892040306371022,26135,-0.8373634063501473,-0.5847450698920877,-0.9456913654262774,-0.49673017945288167
0,0.7775878558789832,67,28,0,77,18.76138602048392,29.87154130036681,494,-0.7076868713195597,0.5671009105930943,0.8749221560031573,0.8700478723388752
0,0.8753445689622755,52,27,0,59,18.769440704598193,30.307180273621213,0,-0.9661343316114623,-0.14052015776728133,-0.5170423349769323,0.8444168589882047
1,0.5874533541550523,53,31,2,65,21.777756179374673,30.251407439510228,312,0.7298919606122569,0.994352718809222,-0.8572742193179728,0.2938993109681237
1,0.07215587178124108,69,29,1,85,0.8678824418257846,29.952179962464804,2299,-0.99999073973619,-0.36560482544320955,-0.21792665194120409,-0.5141011870775295
0,0.8550286411235984,46,27,0,73,15.760485085241054,30.252521370687667,90,-0.21355077350363277,1.0,-0.5312983986664948,0.9214556567202866
1,0.08459599186422671,55,22,3,83,19.744394966873607,30.023788824905033,1937,0.8526607306095261,0.6489507354312298,0.9086683705877484,0.2629235682589368
1,0.37141817669015526,67,28,2,53,20.528167080791746,29.83742615762236,571,-0.08819177385987047,-0.12489651608068515,-0.9247032737068949,0.30023437031779737
1,0.36295320475901366,74,28,2,45,22.469302247407455,29.738075608252526,8981,0.7003785064173113,0.749417952707622,-0.9004588807083158,0.21681297712746392
1,0.13542796697844506,57,15,0,83,6.777786306598717,29.792486961459264,33565,0.9396467450862781,0.12094812445657009,0.539564380407562,-0.5202886363701968
0,1.0916135272555225,66,27,2,82,21.14307192715043,30.051396170322132,161,-0.8104712328961484,-0.33219826697713906,0.21025744276975375,0.8696482668376023
0,0.7694330393241812,50,29,4,84,18.31873870929053,29.96644720835097,41,-0.99999073973619,0.40583400352041593,0.9396998730784288,-0.2695004266563483
1,0.3296898273894737,51,28,2,76,18.18455881549531,29.93858922765872,2216,0.9366815231527492,-0.8395306555141355,-0.8727337315517367,-0.479855275429093
1,0.09301230704643577,63,28,4,74,0.05271153062343936,29.83069139710913,446,0.7301555669154987,-0.6149604498046715,-0.9292726853025022,-0.8645872476092289
1,0.06947833935104702,62,28,1,80,0.0,29.96114101591168,11143,-0.9691426671196748,0.1608801268838436,0.8500076215411174,-0.23615529826557
0,1.0625284598740614,63,33,1,49,17.409468262987904,29.97511376302878,365,-0.7991229016604287,0.06524622854494806,-0.5134580424377188,0.8517868148432164
1,0.32180549683260234,69,30,2,68,5.437074918523957,29.850532621729492,2622,0.5216634491449452,-0.4613854780139131,-0.8594228505333036,-0.5281324569301369
0,1.1192208798279424,53,27,1,84,8.073313372455823,29.91414110930977,18,0.2623179968785087,-0.3198020430400894,0.25404143503596427,0.8726023361817898
1,0.09922463316574114,55,28,4,87,15.343797572769779,29.908149746233583,6800,0.8831505958777824,-0.9337321414790473,-0.8656730963123295,0.29940158130167754
1,0.11712369905239096,64,28,3,82,0.0,29.886312214344247,34245,0.45880746150602797,0.9456831699426872,-0.2126601649183813,-0.9155646357003084
0,0.6869949927015414,62,24,2,79,6.186839868758245,30.013578493997215,195,-0.9177418357665491,-0.8351881325180146,-0.9432548110371389,0.9371148382223686
0,0.8789137425842191,50,2,4,88,9.167685597541588,30.18540823347617,305,0.37609292900363833,0.9812755925365506,0.8099204334580681,0.4964928312424317
0,0.7934562853455347,60,26,2,64,8.725872945043745,29.892068963856662,234,-0.17515921723550165,0.20060188068299545,0.22163732809049325,0.9062214935224999
1,0.4406606055661807,67,29,1,22,6.025039361674525,29.81564014906519,3732,-0.9485646005652097,0.06878128408075371,-0.9133904817720633,-0.4829882840285908
0,1.141361257,54,30,0,76,5.496679518787184,30.036304277699433,0,0.9072847269969687,0.8930624589322231,-0.5637759019280075,0.9594917528252886
1,0.21503876425593685,58,28,1,56,16.28979522189516,29.822475864734578,36580,0.4084775778478239,-0.18435094127355137,-0.2736829562923541,0.24167894161567482
1,0.4322405183782422,54,17,3,82,25.08296667042658,29.91728595823182,5968,-0.8962330884640617,-0.5438791288347649,-0.8806961361761716,-0.4801140724350109
0,0.7582615497681926,54,27,4,83,1.9130398332512135,29.96881923023345,203,0.45548559970560965,0.23757421280122804,-0.9659258262890684,0.5274915835306025
1,0.12462747254920563,49,11,4,20,7.599788728928852,29.801102620637394,35144,0.8661434002587841,1.0,-0.2799377899917424,-0.9611463612400722
1,0.091777786884548,53,18,3,81,22.686818730618633,29.940761125743975,7543,-0.9498979037828423,0.8766290975745374,0.5286613949621976,0.28029118920986534
1,0.11909845894516528,69,6,1,90,5.717407861297816,30.159070758624214,36503,0.6921184488089123,0.7710851439825159,0.47983020137841714,-0.8808151886642477
0,0.424995300895589,50,28,3,60,6.431144372690622,29.953452273165897,96,0.5453196307565267,0.36352012992614585,-0.5571867836126011,0.9204487799687755
1,0.10614987985490475,66,27,3,53,0.0,29.793866254669304,35788,0.1701504592961047,1.0,-0.23399413183098614,-0.5173710378387857
0,0.8502560913476439,50,28,2,80,8.318813819955539,30.09491110622064,32,-0.8147867441517479,0.8548803183598724,0.26116990587261235,0.9053614438501845
1,0.08564976490177797,51,29,0,72,3.1004911150323045,30.346271687022625,21785,0.965315113687262,0.009476127502560883,0.5087947310726434,-0.9072866658347755
1,0.1308849030258169,50,30,1,79,5.02332722864515,30.017998701395648,0,-0.9428015455030584,0.2013841736305539,0.48321046223369646,-0.9071352653433914
